Message ID,Message Type,Event Time,Ingestion Timestamp,Latitude,Longitude,Sequence Number,Trip Number,Fix Quality,Packet Status,Config Version,Firmware Version,Address,Odometer,Vehicle Speed,Trip Type,Ignition Status,Altitude,Heading,Number of Satellites,GSM Strength
45a88e36-7ede-4ded-a225-bb1859b7bd0a-28,EDC_BS6_PERIODIC,2025-12-06 00:00:01,2025-12-07 13:51:26,17.20832,79.178944,10614,8252,FixOK,A,ObV5CS1912,T417F6b453,"Hyderabad - Suryapet Hwy, Narketpalle, Telangana 508254, India",331598,42.31,IgnitionOn,1,293.73,101.09,6,-113
45a88e36-7ede-4ded-a225-bb1859b7bd0a-29,EDC_BS6_PERIODIC,2025-12-06 00:00:07,2025-12-07 13:51:26,17.2082368,79.1795904,10615,8252,FixOK,A,ObV5CS1912,T417F6b453,"655H+8V Narketpalle, Telangana, India",331598.125,43.63,IgnitionOn,1,292.799,96.59,6,-113
45a88e36-7ede-4ded-a225-bb1859b7bd0a-30,EDC_BS6_PERIODIC,2025-12-06 00:00:13,2025-12-07 13:51:26,17.2081088,79.1802304,10616,8252,FixOK,A,ObV5CS1912,T417F6b453,"655H+8V Narketpalle, Telangana, India",331598.125,42.14,IgnitionOn,1,291.239,101.4,6,-113
45a88e36-7ede-4ded-a225-bb1859b7bd0a-31,EDC_BS6_PERIODIC,2025-12-06 00:00:19,2025-12-07 13:51:26,17.20796,79.1808704,10617,8252,FixOK,A,ObV5CS1912,T417F6b453,"655J+6H Narketpalle, Telangana, India",331598.25,42.86,IgnitionOn,1,289.649,103.69,6,-113
45a88e36-7ede-4ded-a225-bb1859b7bd0a-32,EDC_BS6_PERIODIC,2025-12-06 00:00:25,2025-12-07 13:51:26,17.2078528,79.181536,10618,8252,FixOK,A,ObV5CS1912,T417F6b453,"655J+4V Narketpalle, Telangana, India",331598.375,43.44,IgnitionOn,1,288.475,96.69,6,-113
45a88e36-7ede-4ded-a225-bb1859b7bd0a-33,EDC_BS6_PERIODIC,2025-12-06 00:00:31,2025-12-07 13:51:26,17.207752,79.182176,10619,8252,FixOK,A,ObV5CS1912,T417F6b453,"655J+4V Narketpalle, Telangana, India",331598.375,43.48,IgnitionOn,1,286.79,101.4,6,-113
45a88e36-7ede-4ded-a225-bb1859b7bd0a-34,EDC_BS6_PERIODIC,2025-12-06 00:00:37,2025-12-07 13:51:26,17.207648,79.1827968,10620,8252,FixOK,A,ObV5CS1912,T417F6b453,"655M+36 Narketpalle, Telangana, India",331598.5,42.83,IgnitionOn,1,285.959,103.69,6,-113
45a88e36-7ede-4ded-a225-bb1859b7bd0a-35,EDC_BS6_PERIODIC,2025-12-06 00:00:43,2025-12-07 13:51:26,17.207464,79.183392,10621,8252,FixOK,A,ObV5CS1912,T417F6b453,"NH65, Narketpalle, Telangana 508254, India",331598.5,40.88,IgnitionOn,1,284.29,108.8,4,-113
45a88e36-7ede-4ded-a225-bb1859b7bd0a-36,EDC_BS6_PERIODIC,2025-12-06 00:00:49,2025-12-07 13:51:26,17.2072672,79.1838976,10622,8252,FixOK,A,ObV5CS1912,T417F6b453,"Hyderabad - Suryapet Hwy, Narketpalle, Telangana 508254, India",331598.625,38.73,IgnitionOn,1,283.45,112.19,5,-113
45a88e36-7ede-4ded-a225-bb1859b7bd0a-37,EDC_BS6_PERIODIC,2025-12-06 00:00:55,2025-12-07 13:51:26,17.207008,79.1843776,10623,8252,FixOK,A,ObV5CS1912,T417F6b453,"Hyderabad - Suryapet Hwy, Narketpalle, Telangana 508254, India",331598.625,37.52,IgnitionOn,1,283.299,122.69,6,-113
45a88e36-7ede-4ded-a225-bb1859b7bd0a-38,EDC_BS6_PERIODIC,2025-12-06 00:01:01,2025-12-07 13:51:26,17.2067008,79.1848256,10624,8252,FixOK,A,ObV5CS1912,T417F6b453,"654P+X5G, Narketpalle, Telangana 508254, India",331598.75,37.22,IgnitionOn,1,283.313,126.3,6,-113
45a88e36-7ede-4ded-a225-bb1859b7bd0a-39,EDC_BS6_PERIODIC,2025-12-06 00:01:07,2025-12-07 13:51:26,17.2063552,79.1852416,10625,8252,FixOK,A,ObV5CS1912,T417F6b453,"654P+X5G, Narketpalle, Telangana 508254, India",331598.875,37.27,IgnitionOn,1,283.16,130.1,5,-113
45a88e36-7ede-4ded-a225-bb1859b7bd0a-40,EDC_BS6_PERIODIC,2025-12-06 00:01:13,2025-12-07 13:51:26,17.20592,79.185632,10626,8252,FixOK,A,ObV5CS1912,T417F6b453,"Hyderabad - Suryapet Hwy, Narketpalle, Telangana 508254, India",331598.875,38.3,IgnitionOn,1,282.869,137.69,4,-113
45a88e36-7ede-4ded-a225-bb1859b7bd0a-41,EDC_BS6_PERIODIC,2025-12-06 00:01:19,2025-12-07 13:51:26,17.2054416,79.1859776,10627,8252,FixOK,A,ObV5CS1912,T417F6b453,"654P+3V8, Narketpalle, Telangana 508254, India",331599,39.35,IgnitionOn,1,282.929,143.5,4,-113
45a88e36-7ede-4ded-a225-bb1859b7bd0a-42,EDC_BS6_PERIODIC,2025-12-06 00:01:25,2025-12-07 13:51:26,17.204928,79.1862784,10628,8252,FixOK,A,ObV5CS1912,T417F6b453,"654P+3V8, Narketpalle, Telangana 508254, India",331599,40.68,IgnitionOn,1,282.85,152.6,4,-113
45a88e36-7ede-4ded-a225-bb1859b7bd0a-43,EDC_BS6_PERIODIC,2025-12-06 00:01:31,2025-12-07 13:51:26,17.2043696,79.1865536,10629,8252,FixOK,A,ObV5CS1912,T417F6b453,"654P+3V8, Narketpalle, Telangana 508254, India",331599.125,42.78,IgnitionOn,1,283.07,154.69,4,-113
45a88e36-7ede-4ded-a225-bb1859b7bd0a-44,EDC_BS6_PERIODIC,2025-12-06 00:01:37,2025-12-07 13:51:26,17.203712,79.1868416,10630,8252,FixOK,A,ObV5CS1912,T417F6b453,"654P+3V8, Narketpalle, Telangana 508254, India",331599.125,45.68,IgnitionOn,1,283.333,157.39,4,-113
45a88e36-7ede-4ded-a225-bb1859b7bd0a-45,EDC_BS6_PERIODIC,2025-12-06 00:01:43,2025-12-07 13:51:26,17.203048,79.1871616,10631,8252,FixOK,A,ObV5CS1912,T417F6b453,"652P+WRC, Narketpalle, Telangana 508254, India",331599.25,47.45,IgnitionOn,1,285.709,155.8,4,-113
45a88e36-7ede-4ded-a225-bb1859b7bd0a-46,EDC_BS6_PERIODIC,2025-12-06 00:01:49,2025-12-07 13:51:26,17.2023904,79.1874688,10632,8252,FixOK,A,ObV5CS1912,T417F6b453,"652P+WRC, Narketpalle, Telangana 508254, India",331599.375,48.41,IgnitionOn,1,285.899,156.69,3,-113
45a88e36-7ede-4ded-a225-bb1859b7bd0a-47,EDC_BS6_PERIODIC,2025-12-06 00:01:55,2025-12-07 13:51:26,17.201752,79.1877824,10633,8252,FixOK,A,ObV5CS1912,T417F6b453,"652P+WRC, Narketpalle, Telangana 508254, India",331599.375,49.15,IgnitionOn,1,285.63,153.8,3,-113
45a88e36-7ede-4ded-a225-bb1859b7bd0a-48,EDC_BS6_PERIODIC,2025-12-06 00:02:01,2025-12-07 13:51:26,17.2011392,79.188128,10634,8252,FixOK,A,ObV5CS1912,T417F6b453,"652P+WRC, Narketpalle, Telangana 508254, India",331599.5,47.39,IgnitionOn,1,285.459,150.39,4,-113
45a88e36-7ede-4ded-a225-bb1859b7bd0a-49,EDC_BS6_PERIODIC,2025-12-06 00:02:07,2025-12-07 13:51:26,17.2006432,79.1884928,10635,8252,FixOK,A,ObV5CS1912,T417F6b453,"652P+WRC, Narketpalle, Telangana 508254, India",331599.625,42.29,IgnitionOn,1,284.959,147.8,4,-113
45a88e36-7ede-4ded-a225-bb1859b7bd0a-50,EDC_BS6_PERIODIC,2025-12-06 00:02:13,2025-12-07 13:51:26,17.2002272,79.188832,10636,8252,FixOK,A,ObV5CS1912,T417F6b453,"55XQ+V8Q, Shapally, Telangana 508254, India",331599.625,35.72,IgnitionOn,1,285.017,143.89,4,-113
93b976c2-36c1-4284-be63-7b2cfb4463b9-1,EDC_BS6_PERIODIC,2025-12-06 00:02:19,2025-12-07 13:51:47,17.1998864,79.1891968,10637,8252,FixOK,A,ObV5CS1912,T417F6b453,"55XQ+V8Q, Shapally, Telangana 508254, India",331599.75,35.03,IgnitionOn,1,285.429,137.1,4,-113
93b976c2-36c1-4284-be63-7b2cfb4463b9-2,EDC_BS6_PERIODIC,2025-12-06 00:02:25,2025-12-07 13:51:47,17.1995296,79.1896064,10638,8252,FixOK,A,ObV5CS1912,T417F6b453,"55XQ+V8Q, Shapally, Telangana 508254, India",331599.75,37.28,IgnitionOn,1,285.79,131.3,5,-113
93b976c2-36c1-4284-be63-7b2cfb4463b9-3,EDC_BS6_PERIODIC,2025-12-06 00:02:31,2025-12-07 13:51:47,17.1991648,79.19008,10639,8252,FixOK,A,ObV5CS1912,T417F6b453,"55XR+XG4, Narketpalle, Telangana 508254, India",331599.875,40.43,IgnitionOn,1,287.209,127.4,4,-113
93b976c2-36c1-4284-be63-7b2cfb4463b9-4,EDC_BS6_PERIODIC,2025-12-06 00:02:37,2025-12-07 13:51:47,17.198816,79.1906048,10640,8252,FixOK,A,ObV5CS1912,T417F6b453,"55XR+XG4, Narketpalle, Telangana 508254, India",331599.875,42.44,IgnitionOn,1,288.6,123.69,5,-113
93b976c2-36c1-4284-be63-7b2cfb4463b9-5,EDC_BS6_PERIODIC,2025-12-06 00:02:43,2025-12-07 13:51:47,17.1984736,79.1911616,10641,8252,FixOK,A,ObV5CS1912,T417F6b453,"55XR+QVW, Narketpalle, Telangana 508254, India",331600,43.14,IgnitionOn,1,289.549,121.4,5,-113
93b976c2-36c1-4284-be63-7b2cfb4463b9-6,EDC_BS6_PERIODIC,2025-12-06 00:02:49,2025-12-07 13:51:47,17.19812,79.191712,10642,8252,FixOK,A,ObV5CS1912,T417F6b453,"55XV+898, Narketpalle, Telangana 508254, India",331600.125,43.28,IgnitionOn,1,289.727,122.4,5,-113
93b976c2-36c1-4284-be63-7b2cfb4463b9-7,EDC_BS6_PERIODIC,2025-12-06 00:02:55,2025-12-07 13:51:47,17.197768,79.192288,10643,8252,FixOK,A,ObV5CS1912,T417F6b453,"55XV+898, Narketpalle, Telangana 508254, India",331600.125,44.51,IgnitionOn,1,290.45,122.4,5,-113
93b976c2-36c1-4284-be63-7b2cfb4463b9-8,EDC_BS6_PERIODIC,2025-12-06 00:03:01,2025-12-07 13:51:47,17.197384,79.192896,10644,8252,FixOK,A,ObV5CS1912,T417F6b453,"Hyderabad - Suryapet Hwy, Narketpalle, Telangana 508254, India",331600.125,47.41,IgnitionOn,1,290.239,123.19,4,-113
93b976c2-36c1-4284-be63-7b2cfb4463b9-9,EDC_BS6_PERIODIC,2025-12-06 00:03:07,2025-12-07 13:51:47,17.196992,79.1935296,10645,8252,FixOK,A,ObV5CS1912,T417F6b453,"55XV+2V, Narketpalle, Telangana 508254, India",331600.25,48.75,IgnitionOn,1,290.019,122.9,5,-113
93b976c2-36c1-4284-be63-7b2cfb4463b9-10,EDC_BS6_PERIODIC,2025-12-06 00:03:13,2025-12-07 13:51:47,17.1965888,79.1942016,10646,8252,FixOK,A,ObV5CS1912,T417F6b453,"55XV+2V, Narketpalle, Telangana 508254, India",331600.375,50.32,IgnitionOn,1,289.119,123.4,5,-113
93b976c2-36c1-4284-be63-7b2cfb4463b9-11,EDC_BS6_PERIODIC,2025-12-06 00:03:19,2025-12-07 13:51:47,17.196208,79.1949312,10647,8252,FixOK,A,ObV5CS1912,T417F6b453,"55WW+95 Narketpalle, Telangana, India",331600.5,53.45,IgnitionOn,1,288.519,119.3,5,-113
93b976c2-36c1-4284-be63-7b2cfb4463b9-12,EDC_BS6_PERIODIC,2025-12-06 00:03:25,2025-12-07 13:51:47,17.1959216,79.1957696,10648,8252,FixOK,A,ObV5CS1912,T417F6b453,"55WW+97 Narketpalle, Telangana, India",331600.5,56.98,IgnitionOn,1,287.975,104.9,6,-113
93b976c2-36c1-4284-be63-7b2cfb4463b9-13,EDC_BS6_PERIODIC,2025-12-06 00:03:31,2025-12-07 13:51:47,17.1957728,79.1966592,10649,8252,FixOK,A,ObV5CS1912,T417F6b453,"55WW+6V Narketpalle, Telangana, India",331600.625,58.64,IgnitionOn,1,285.619,99,6,-113
93b976c2-36c1-4284-be63-7b2cfb4463b9-14,EDC_BS6_PERIODIC,2025-12-06 00:03:37,2025-12-07 13:51:47,17.1957664,79.1975104,10650,8252,FixOK,A,ObV5CS1912,T417F6b453,"55WX+599, Narketpally, Telangana 508254, India",331600.75,57.02,IgnitionOn,1,284.149,89.59,5,-113
93b976c2-36c1-4284-be63-7b2cfb4463b9-15,EDC_BS6_PERIODIC,2025-12-06 00:03:43,2025-12-07 13:51:47,17.19584,79.1983232,10651,8252,FixOK,A,ObV5CS1912,T417F6b453,"55WX+599, Narketpally, Telangana 508254, India",331600.875,54.55,IgnitionOn,1,282.679,85,5,-113
93b976c2-36c1-4284-be63-7b2cfb4463b9-16,EDC_BS6_PERIODIC,2025-12-06 00:03:49,2025-12-07 13:51:47,17.195928,79.199136,10652,8252,FixOK,A,ObV5CS1912,T417F6b453,"Narketpally, Telangana 508254, India",331601,52.98,IgnitionOn,1,281.079,85.4,5,-113
93b976c2-36c1-4284-be63-7b2cfb4463b9-17,EDC_BS6_PERIODIC,2025-12-06 00:03:55,2025-12-07 13:51:47,17.1960256,79.1999616,10653,8252,FixOK,A,ObV5CS1912,T417F6b453,"Narketpally, Telangana 508254, India",331601,54.23,IgnitionOn,1,279.41,85.8,6,-113
93b976c2-36c1-4284-be63-7b2cfb4463b9-18,EDC_BS6_PERIODIC,2025-12-06 00:04:01,2025-12-07 13:51:47,17.1961792,79.2008192,10654,8252,FixOK,A,ObV5CS1912,T417F6b453,"NH65, Narketpalle, Telangana 508254, India",331601.125,56.41,IgnitionOn,1,278.785,83.4,6,-113
93b976c2-36c1-4284-be63-7b2cfb4463b9-19,EDC_BS6_PERIODIC,2025-12-06 00:04:07,2025-12-07 13:51:47,17.196344,79.2016768,10655,8252,FixOK,A,ObV5CS1912,T417F6b453,"56W2+FJ Cherughat, Telangana, India",331601.25,57.73,IgnitionOn,1,276.91,78.4,6,-113
93b976c2-36c1-4284-be63-7b2cfb4463b9-20,EDC_BS6_PERIODIC,2025-12-06 00:04:13,2025-12-07 13:51:47,17.1965824,79.2024896,10656,8252,FixOK,A,ObV5CS1912,T417F6b453,"NH65, Narketpalle, Telangana 508254, India",331601.375,56.59,IgnitionOn,1,275.91,73.8,6,-113
93b976c2-36c1-4284-be63-7b2cfb4463b9-21,EDC_BS6_PERIODIC,2025-12-06 00:04:19,2025-12-07 13:51:47,17.196904,79.2032384,10657,8252,FixOK,A,ObV5CS1912,T417F6b453,"NH65, Narketpalle, Telangana 508254, India",331601.375,54.59,IgnitionOn,1,275.6,67,5,-113
93b976c2-36c1-4284-be63-7b2cfb4463b9-22,EDC_BS6_PERIODIC,2025-12-06 00:04:25,2025-12-07 13:51:47,17.1972928,79.2039168,10658,8252,FixOK,A,ObV5CS1912,T417F6b453,"Hyderabad - Suryapet Hwy, Narketpalle, Telangana 508254, India",331601.5,52.77,IgnitionOn,1,275.67,57.5,5,-113
93b976c2-36c1-4284-be63-7b2cfb4463b9-23,EDC_BS6_PERIODIC,2025-12-06 00:04:31,2025-12-07 13:51:47,17.197712,79.2045568,10659,8252,FixOK,A,ObV5CS1912,T417F6b453,"Hyderabad - Suryapet Hwy, Narketpalle, Telangana 508254, India",331601.625,50.53,IgnitionOn,1,275.519,54.59,5,-113
93b976c2-36c1-4284-be63-7b2cfb4463b9-24,EDC_BS6_PERIODIC,2025-12-06 00:04:37,2025-12-07 13:51:47,17.19812,79.2051776,10660,8252,FixOK,A,ObV5CS1912,T417F6b453,"Hyderabad - Suryapet Hwy, Narketpalle, Telangana 508254, India",331601.75,49.27,IgnitionOn,1,275.635,55.79,6,-113
93b976c2-36c1-4284-be63-7b2cfb4463b9-25,EDC_BS6_PERIODIC,2025-12-06 00:04:43,2025-12-07 13:51:47,17.1984736,79.2057856,10661,8252,FixOK,A,ObV5CS1912,T417F6b453,"56X4+QCX, Narketpalle, Telangana 508254, India",331601.75,47.53,IgnitionOn,1,275.92,57.59,6,-113
93b976c2-36c1-4284-be63-7b2cfb4463b9-26,EDC_BS6_PERIODIC,2025-12-06 00:04:49,2025-12-07 13:51:47,17.1987872,79.2064,10662,8252,FixOK,A,ObV5CS1912,T417F6b453,"56X4+QCX, Narketpalle, Telangana 508254, India",331601.875,46.73,IgnitionOn,1,276.029,62.09,6,-113
93b976c2-36c1-4284-be63-7b2cfb4463b9-27,EDC_BS6_PERIODIC,2025-12-06 00:04:55,2025-12-07 13:51:47,17.1990368,79.2070464,10663,8252,FixOK,A,ObV5CS1912,T417F6b453,"NH65, Narketpalle, Telangana 508254, India",331602,45.81,IgnitionOn,1,276.089,71.9,5,-113
93b976c2-36c1-4284-be63-7b2cfb4463b9-29,EDC_BS6_PERIODIC,2025-12-06 00:05:01,2025-12-07 13:51:47,17.199224,79.207712,10664,8252,FixOK,A,ObV5CS1912,T417F6b453,"Hyderabad - Suryapet Hwy, Narketpalle, Telangana 508254, India",331602,46.59,IgnitionOn,1,276.179,74.59,5,-113
93b976c2-36c1-4284-be63-7b2cfb4463b9-30,EDC_BS6_PERIODIC,2025-12-06 00:05:07,2025-12-07 13:51:47,17.199376,79.2084224,10665,8252,FixOK,A,ObV5CS1912,T417F6b453,"Hyderabad - Suryapet Hwy, Narketpalle, Telangana 508254, India",331602.125,48.94,IgnitionOn,1,276.22,78.19,6,-113
93b976c2-36c1-4284-be63-7b2cfb4463b9-31,EDC_BS6_PERIODIC,2025-12-06 00:05:13,2025-12-07 13:51:47,17.1995072,79.209184,10666,8252,FixOK,A,ObV5CS1912,T417F6b453,"6626+72, Akkinepallivari Lingotam, Telangana 508254, India",331602.25,50.15,IgnitionOn,1,276.259,79.69,6,-113
93b976c2-36c1-4284-be63-7b2cfb4463b9-32,EDC_BS6_PERIODIC,2025-12-06 00:05:19,2025-12-07 13:51:47,17.1996192,79.2099904,10667,8252,FixOK,A,ObV5CS1912,T417F6b453,"6626+72, Akkinepallivari Lingotam, Telangana 508254, India",331602.25,53.09,IgnitionOn,1,276.29,83.19,6,-113
93b976c2-36c1-4284-be63-7b2cfb4463b9-33,EDC_BS6_PERIODIC,2025-12-06 00:05:25,2025-12-07 13:51:47,17.1997088,79.2108224,10668,8252,FixOK,A,ObV5CS1912,T417F6b453,"6626+4W3, Akkinepallivari Lingotam, Telangana 508254, India",331602.375,54.5,IgnitionOn,1,275.7,85.09,5,-113
93b976c2-36c1-4284-be63-7b2cfb4463b9-34,EDC_BS6_PERIODIC,2025-12-06 00:05:31,2025-12-07 13:51:47,17.1997792,79.2115968,10669,8252,FixOK,A,ObV5CS1912,T417F6b453,"NH65, Akkinepallivari Lingotam, Telangana 508254, India",331602.5,51.77,IgnitionOn,1,275.35,84.09,6,-113
93b976c2-36c1-4284-be63-7b2cfb4463b9-35,EDC_BS6_PERIODIC,2025-12-06 00:05:37,2025-12-07 13:51:47,17.199832,79.212288,10670,8252,FixOK,A,ObV5CS1912,T417F6b453,"NH65, Akkinepallivari Lingotam, Telangana 508254, India",331602.625,45.75,IgnitionOn,1,275.149,85.3,6,-113
93b976c2-36c1-4284-be63-7b2cfb4463b9-36,EDC_BS6_PERIODIC,2025-12-06 00:05:43,2025-12-07 13:51:47,17.19988,79.2129152,10671,8252,FixOK,A,ObV5CS1912,T417F6b453,"6627+33C, Akkinepallivari Lingotam, Telangana 508254, India",331602.625,42.27,IgnitionOn,1,275.19,85.5,6,-113
93b976c2-36c1-4284-be63-7b2cfb4463b9-37,EDC_BS6_PERIODIC,2025-12-06 00:05:49,2025-12-07 13:51:47,17.1999296,79.2135424,10672,8252,FixOK,A,ObV5CS1912,T417F6b453,"plot No 8, 9, NH 65, Akkinepallivari Lingotam, Telangana 508254, India",331602.75,42.04,IgnitionOn,1,275.185,85.3,6,-113
93b976c2-36c1-4284-be63-7b2cfb4463b9-38,EDC_BS6_PERIODIC,2025-12-06 00:05:55,2025-12-07 13:51:47,17.199984,79.2141504,10673,8252,FixOK,A,ObV5CS1912,T417F6b453,"plot No 8, 9, NH 65, Akkinepallivari Lingotam, Telangana 508254, India",331602.75,40.95,IgnitionOn,1,276.04,84.3,6,-113
93b976c2-36c1-4284-be63-7b2cfb4463b9-39,EDC_BS6_PERIODIC,2025-12-06 00:06:01,2025-12-07 13:51:47,17.2000448,79.2147712,10674,8252,FixOK,A,ObV5CS1912,T417F6b453,"56X7+VQ, Akkinepallivari Lingotam, Telangana 508254, India",331602.875,40.93,IgnitionOn,1,276.579,83.69,6,-113
93b976c2-36c1-4284-be63-7b2cfb4463b9-40,EDC_BS6_PERIODIC,2025-12-06 00:06:07,2025-12-07 13:51:47,17.2000832,79.2154176,10675,8252,FixOK,A,ObV5CS1912,T417F6b453,"56X7+VQ, Akkinepallivari Lingotam, Telangana 508254, India",331602.875,43.19,IgnitionOn,1,277.14,86.9,5,-113
93b976c2-36c1-4284-be63-7b2cfb4463b9-41,EDC_BS6_PERIODIC,2025-12-06 00:06:13,2025-12-07 13:51:47,17.2000672,79.2160896,10676,8252,FixOK,A,ObV5CS1912,T417F6b453,"NH 65, Akkinepallivari Lingotam, Telangana 508254, India",331603,44.06,IgnitionOn,1,277.85,91.19,5,-113
93b976c2-36c1-4284-be63-7b2cfb4463b9-42,EDC_BS6_PERIODIC,2025-12-06 00:06:19,2025-12-07 13:51:47,17.1999552,79.2167808,10677,8252,FixOK,A,ObV5CS1912,T417F6b453,"NH 65, Akkinepallivari Lingotam, Telangana 508254, India",331603.125,47.14,IgnitionOn,1,278.29,96.69,5,-113
93b976c2-36c1-4284-be63-7b2cfb4463b9-43,EDC_BS6_PERIODIC,2025-12-06 00:06:25,2025-12-07 13:51:47,17.19976,79.2175296,10678,8252,FixOK,A,ObV5CS1912,T417F6b453,"NH65, Akkinepallivari Lingotam, Telangana 508254, India",331603.125,49.6,IgnitionOn,1,278.045,104.4,5,-113
93b976c2-36c1-4284-be63-7b2cfb4463b9-44,EDC_BS6_PERIODIC,2025-12-06 00:06:31,2025-12-07 13:51:47,17.1995584,79.218304,10679,8252,FixOK,A,ObV5CS1912,T417F6b453,"NH65, Akkinepallivari Lingotam, Telangana 508254, India",331603.25,52.06,IgnitionOn,1,276.79,104,7,-113
93b976c2-36c1-4284-be63-7b2cfb4463b9-45,EDC_BS6_PERIODIC,2025-12-06 00:06:37,2025-12-07 13:51:47,17.1993472,79.2190848,10680,8252,FixOK,A,ObV5CS1912,T417F6b453,"56X9+WQ2, Akkinepallivari Lingotam, Telangana 508254, India",331603.375,53.16,IgnitionOn,1,276.29,104.3,6,-113
93b976c2-36c1-4284-be63-7b2cfb4463b9-46,EDC_BS6_PERIODIC,2025-12-06 00:06:43,2025-12-07 13:51:47,17.1991328,79.2198656,10681,8252,FixOK,A,ObV5CS1912,T417F6b453,"56X9+WQ2, Akkinepallivari Lingotam, Telangana 508254, India",331603.375,52.41,IgnitionOn,1,275.609,105.19,6,-113
93b976c2-36c1-4284-be63-7b2cfb4463b9-47,EDC_BS6_PERIODIC,2025-12-06 00:06:49,2025-12-07 13:51:47,17.1989632,79.2206336,10682,8252,FixOK,A,ObV5CS1912,T417F6b453,"56XC+489, Akkinepallivari Lingotam, Telangana 508254, India",331603.5,51.87,IgnitionOn,1,274.859,102.8,6,-113
93b976c2-36c1-4284-be63-7b2cfb4463b9-48,EDC_BS6_PERIODIC,2025-12-06 00:06:55,2025-12-07 13:51:47,17.1987872,79.221376,10683,8252,FixOK,A,ObV5CS1912,T417F6b453,"56XC+489, Akkinepallivari Lingotam, Telangana 508254, India",331603.625,50.63,IgnitionOn,1,274.079,104.4,5,-113
93b976c2-36c1-4284-be63-7b2cfb4463b9-49,EDC_BS6_PERIODIC,2025-12-06 00:07:01,2025-12-07 13:51:47,17.1985904,79.2221312,10684,8252,FixOK,A,ObV5CS1912,T417F6b453,"56XC+489, Akkinepallivari Lingotam, Telangana 508254, India",331603.75,50.8,IgnitionOn,1,273.683,104.59,6,-113
93b976c2-36c1-4284-be63-7b2cfb4463b9-50,EDC_BS6_PERIODIC,2025-12-06 00:07:07,2025-12-07 13:51:47,17.1984128,79.2228992,10685,8252,FixOK,A,ObV5CS1912,T417F6b453,"NH 65, Akkinepallivari Lingotam, Telangana 508254, India",331603.75,51.38,IgnitionOn,1,272.45,103.4,7,-113
9b4c9893-9c37-404b-ab70-1a24e6a05096-1,EDC_BS6_PERIODIC,2025-12-06 00:07:13,2025-12-07 13:52:06,17.1982272,79.22368,10686,8252,FixOK,A,ObV5CS1912,T417F6b453,"NH 65, Akkinepallivari Lingotam, Telangana 508254, India",331603.875,53.37,IgnitionOn,1,271.6,104.59,7,-113
9b4c9893-9c37-404b-ab70-1a24e6a05096-2,EDC_BS6_PERIODIC,2025-12-06 00:07:19,2025-12-07 13:52:06,17.1980304,79.2244992,10687,8252,FixOK,A,ObV5CS1912,T417F6b453,"NH 65, Akkinepallivari Lingotam, Telangana 508254, India",331604,54.99,IgnitionOn,1,270.29,103.59,7,-113
9b4c9893-9c37-404b-ab70-1a24e6a05096-3,EDC_BS6_PERIODIC,2025-12-06 00:07:25,2025-12-07 13:52:06,17.1978208,79.2253312,10688,8252,FixOK,A,ObV5CS1912,T417F6b453,"NH 65, Akkinepallivari Lingotam, Telangana 508254, India",331604.125,56.2,IgnitionOn,1,269.529,104.09,6,-113
9b4c9893-9c37-404b-ab70-1a24e6a05096-4,EDC_BS6_PERIODIC,2025-12-06 00:07:31,2025-12-07 13:52:06,17.1976192,79.2261248,10689,8252,FixOK,A,ObV5CS1912,T417F6b453,"NH 65, Akkinepallivari Lingotam, Telangana 508254, India",331604.125,55.67,IgnitionOn,1,268.97,104.8,6,-113
9b4c9893-9c37-404b-ab70-1a24e6a05096-5,EDC_BS6_PERIODIC,2025-12-06 00:07:37,2025-12-07 13:52:06,17.197424,79.2269056,10690,8252,FixOK,A,ObV5CS1912,T417F6b453,"56WH+PMW, Akkinepallivari Lingotam, Telangana 508254, India",331604.25,53.6,IgnitionOn,1,268.565,105.19,6,-113
9b4c9893-9c37-404b-ab70-1a24e6a05096-6,EDC_BS6_PERIODIC,2025-12-06 00:07:43,2025-12-07 13:52:06,17.197216,79.2276608,10691,8252,FixOK,A,ObV5CS1912,T417F6b453,"56WH+PMW, Akkinepallivari Lingotam, Telangana 508254, India",331604.375,52.16,IgnitionOn,1,266.6,106.09,6,-113
9b4c9893-9c37-404b-ab70-1a24e6a05096-7,EDC_BS6_PERIODIC,2025-12-06 00:07:49,2025-12-07 13:52:06,17.1970112,79.228384,10692,8252,FixOK,A,ObV5CS1912,T417F6b453,"56WH+PMW, Akkinepallivari Lingotam, Telangana 508254, India",331604.5,50.56,IgnitionOn,1,264.579,107.19,6,-113
9b4c9893-9c37-404b-ab70-1a24e6a05096-8,EDC_BS6_PERIODIC,2025-12-06 00:07:55,2025-12-07 13:52:06,17.1967968,79.2291264,10693,8252,FixOK,A,ObV5CS1912,T417F6b453,"56WH+PMW, Akkinepallivari Lingotam, Telangana 508254, India",331604.5,51.12,IgnitionOn,1,262.779,106.9,6,-113
9b4c9893-9c37-404b-ab70-1a24e6a05096-9,EDC_BS6_PERIODIC,2025-12-06 00:08:01,2025-12-07 13:52:06,17.1965632,79.2298816,10694,8252,FixOK,A,ObV5CS1912,T417F6b453,"56WH+PMW, Akkinepallivari Lingotam, Telangana 508254, India",331604.625,52.49,IgnitionOn,1,261.1,106.9,6,-113
9b4c9893-9c37-404b-ab70-1a24e6a05096-10,EDC_BS6_PERIODIC,2025-12-06 00:08:07,2025-12-07 13:52:06,17.1963232,79.230688,10695,8252,FixOK,A,ObV5CS1912,T417F6b453,"NH 65, Akkinepallivari Lingotam, Telangana 508254, India",331604.75,55.03,IgnitionOn,1,259.23,107.4,6,-113
9b4c9893-9c37-404b-ab70-1a24e6a05096-11,EDC_BS6_PERIODIC,2025-12-06 00:08:13,2025-12-07 13:52:06,17.19608,79.2315264,10696,8252,FixOK,A,ObV5CS1912,T417F6b453,"NH 65, Akkinepallivari Lingotam, Telangana 508254, India",331604.875,57.68,IgnitionOn,1,258.311,106.8,6,-113
9b4c9893-9c37-404b-ab70-1a24e6a05096-12,EDC_BS6_PERIODIC,2025-12-06 00:08:19,2025-12-07 13:52:06,17.19584,79.2323328,10697,8252,FixOK,A,ObV5CS1912,T417F6b453,"NH 65, Akkinepallivari Lingotam, Telangana 508254, India",331604.875,56.2,IgnitionOn,1,255.289,106.69,6,-113
9b4c9893-9c37-404b-ab70-1a24e6a05096-13,EDC_BS6_PERIODIC,2025-12-06 00:08:25,2025-12-07 13:52:06,17.195624,79.2330496,10698,8252,FixOK,A,ObV5CS1912,T417F6b453,"NH 65, Akkinepallivari Lingotam, Telangana 508254, India",331605,50.05,IgnitionOn,1,253.089,107.59,6,-113
9b4c9893-9c37-404b-ab70-1a24e6a05096-14,EDC_BS6_PERIODIC,2025-12-06 00:08:31,2025-12-07 13:52:06,17.1954416,79.2336896,10699,8252,FixOK,A,ObV5CS1912,T417F6b453,"Hyderabad - Suryapet Hwy, Lingotom, Telangana 508254, India",331605.125,44.76,IgnitionOn,1,251.13,106.3,7,-113
9b4c9893-9c37-404b-ab70-1a24e6a05096-15,EDC_BS6_PERIODIC,2025-12-06 00:08:37,2025-12-07 13:52:06,17.195256,79.2343168,10700,8252,FixOK,A,ObV5CS1912,T417F6b453,"Hyderabad - Suryapet Hwy, Lingotom, Telangana 508254, India",331605.125,43.92,IgnitionOn,1,249.509,107.5,5,-113
9b4c9893-9c37-404b-ab70-1a24e6a05096-16,EDC_BS6_PERIODIC,2025-12-06 00:08:43,2025-12-07 13:52:06,17.1950752,79.2349504,10701,8252,FixOK,A,ObV5CS1912,T417F6b453,"AP LINGOTAM Ap, Lingotom, Telangana 508254, India",331605.25,44.25,IgnitionOn,1,247.869,106.69,6,-113
9b4c9893-9c37-404b-ab70-1a24e6a05096-17,EDC_BS6_PERIODIC,2025-12-06 00:08:49,2025-12-07 13:52:06,17.194888,79.2355904,10702,8252,FixOK,A,ObV5CS1912,T417F6b453,"56WP+2C6, Akkinepallivari Lingotam, Telangana 508254, India",331605.375,45.62,IgnitionOn,1,247.239,105.59,7,-113
9b4c9893-9c37-404b-ab70-1a24e6a05096-18,EDC_BS6_PERIODIC,2025-12-06 00:08:55,2025-12-07 13:52:06,17.1946912,79.236256,10703,8252,FixOK,A,ObV5CS1912,T417F6b453,"56WP+2C6, Akkinepallivari Lingotam, Telangana 508254, India",331605.375,46.89,IgnitionOn,1,245.36,107.5,7,-113
9b4c9893-9c37-404b-ab70-1a24e6a05096-19,EDC_BS6_PERIODIC,2025-12-06 00:09:01,2025-12-07 13:52:06,17.194464,79.236928,10704,8252,FixOK,A,ObV5CS1912,T417F6b453,"56WP+2C6, Akkinepallivari Lingotam, Telangana 508254, India",331605.5,46.61,IgnitionOn,1,244.16,108.8,7,-113
9b4c9893-9c37-404b-ab70-1a24e6a05096-20,EDC_BS6_PERIODIC,2025-12-06 00:09:07,2025-12-07 13:52:06,17.1942432,79.2376256,10705,8252,FixOK,A,ObV5CS1912,T417F6b453,"56VQ+J8 Akkinepallivari Lingotam, Telangana, India",331605.625,48.29,IgnitionOn,1,242.83,107.19,7,-113
9b4c9893-9c37-404b-ab70-1a24e6a05096-21,EDC_BS6_PERIODIC,2025-12-06 00:09:13,2025-12-07 13:52:06,17.1940176,79.2383232,10706,8252,FixOK,A,ObV5CS1912,T417F6b453,"56VQ+J8 Akkinepallivari Lingotam, Telangana, India",331605.625,48.96,IgnitionOn,1,241.559,108.09,7,-113
9b4c9893-9c37-404b-ab70-1a24e6a05096-22,EDC_BS6_PERIODIC,2025-12-06 00:09:19,2025-12-07 13:52:06,17.193792,79.2390464,10707,8252,FixOK,A,ObV5CS1912,T417F6b453,"Hyderabad - Suryapet Hwy, Lingotom, Telangana 508254, India",331605.75,50.48,IgnitionOn,1,240.369,108.3,5,-113
9b4c9893-9c37-404b-ab70-1a24e6a05096-23,EDC_BS6_PERIODIC,2025-12-06 00:09:25,2025-12-07 13:52:06,17.1935536,79.2398016,10708,8252,FixOK,A,ObV5CS1912,T417F6b453,"Hyderabad - Suryapet Hwy, Lingotom, Telangana 508254, India",331605.875,51.91,IgnitionOn,1,239.993,109.19,6,-113
9b4c9893-9c37-404b-ab70-1a24e6a05096-24,EDC_BS6_PERIODIC,2025-12-06 00:09:31,2025-12-07 13:52:06,17.1933024,79.2405888,10709,8252,FixOK,A,ObV5CS1912,T417F6b453,"56VR+79 Akkinepallivari Lingotam, Telangana, India",331606,53.76,IgnitionOn,1,238.97,108.09,6,-113
9b4c9893-9c37-404b-ab70-1a24e6a05096-25,EDC_BS6_PERIODIC,2025-12-06 00:09:37,2025-12-07 13:52:06,17.1930544,79.241408,10710,8252,FixOK,A,ObV5CS1912,T417F6b453,"56VR+79 Akkinepallivari Lingotam, Telangana, India",331606,55.95,IgnitionOn,1,238.66,108.09,7,-113
9b4c9893-9c37-404b-ab70-1a24e6a05096-26,EDC_BS6_PERIODIC,2025-12-06 00:09:43,2025-12-07 13:52:06,17.1928032,79.24224,10711,8252,FixOK,A,ObV5CS1912,T417F6b453,"Hyderabad - Suryapet Hwy, Lingotom, Telangana 508254, India",331606.125,57.26,IgnitionOn,1,238.91,106.59,7,-113
9b4c9893-9c37-404b-ab70-1a24e6a05096-27,EDC_BS6_PERIODIC,2025-12-06 00:09:49,2025-12-07 13:52:06,17.192536,79.243072,10712,8252,FixOK,A,ObV5CS1912,T417F6b453,"NH 65, Akkinepallivari Lingotam, Telangana 508254, India",331606.25,56.25,IgnitionOn,1,239.889,108.3,7,-113
9b4c9893-9c37-404b-ab70-1a24e6a05096-28,EDC_BS6_PERIODIC,2025-12-06 00:09:55,2025-12-07 13:52:06,17.19228,79.2438464,10713,8252,FixOK,A,ObV5CS1912,T417F6b453,"NH 65, Akkinepallivari Lingotam, Telangana 508254, India",331606.375,53.7,IgnitionOn,1,240.25,111.4,7,-113
9b4c9893-9c37-404b-ab70-1a24e6a05096-29,EDC_BS6_PERIODIC,2025-12-06 00:10:01,2025-12-07 13:52:06,17.19196,79.2445696,10714,8252,FixOK,A,ObV5CS1912,T417F6b453,"NH 65, Akkinepallivari Lingotam, Telangana 508254, India",331606.375,53,IgnitionOn,1,240.559,116.09,5,-113
9b4c9893-9c37-404b-ab70-1a24e6a05096-30,EDC_BS6_PERIODIC,2025-12-06 00:10:07,2025-12-07 13:52:06,17.191576,79.245248,10715,8252,FixOK,A,ObV5CS1912,T417F6b453,"NH 65, Akkinepallivari Lingotam, Telangana 508254, India",331606.5,50.81,IgnitionOn,1,241.35,121.3,7,-113
9b4c9893-9c37-404b-ab70-1a24e6a05096-31,EDC_BS6_PERIODIC,2025-12-06 00:10:13,2025-12-07 13:52:06,17.1911856,79.2458816,10716,8252,FixOK,A,ObV5CS1912,T417F6b453,"56RW+CH2, NH 65, Akkinepallivari Lingotam, Telangana 508254, India",331606.625,47.53,IgnitionOn,1,242.88,121.59,6,-113
9b4c9893-9c37-404b-ab70-1a24e6a05096-32,EDC_BS6_PERIODIC,2025-12-06 00:10:19,2025-12-07 13:52:06,17.1908256,79.246464,10717,8252,FixOK,A,ObV5CS1912,T417F6b453,"56RW+CH2, NH 65, Akkinepallivari Lingotam, Telangana 508254, India",331606.625,44.68,IgnitionOn,1,242.88,121.19,7,-113
9b4c9893-9c37-404b-ab70-1a24e6a05096-33,EDC_BS6_PERIODIC,2025-12-06 00:10:25,2025-12-07 13:52:06,17.1904816,79.2470272,10718,8252,FixOK,A,ObV5CS1912,T417F6b453,"56RW+CH2, NH 65, Akkinepallivari Lingotam, Telangana 508254, India",331606.75,44.6,IgnitionOn,1,244,123.09,5,-113
648c6eeb-9165-49b3-b89b-38a7e4eca1be-1,EDC_BS6_PERIODIC,2025-12-06 00:10:31,2025-12-07 13:52:27,17.1900928,79.247552,10719,8252,FixOK,A,ObV5CS1912,T417F6b453,"NH 65, Akkinepallivari Lingotam, Telangana 508254, India",331606.875,44.26,IgnitionOn,1,244.309,129.3,5,-113
648c6eeb-9165-49b3-b89b-38a7e4eca1be-2,EDC_BS6_PERIODIC,2025-12-06 00:10:37,2025-12-07 13:52:27,17.1896448,79.248032,10720,8252,FixOK,A,ObV5CS1912,T417F6b453,"NH 65, Akkinepallivari Lingotam, Telangana 508254, India",331606.875,44,IgnitionOn,1,244.481,135.3,5,-113
648c6eeb-9165-49b3-b89b-38a7e4eca1be-3,EDC_BS6_PERIODIC,2025-12-06 00:10:43,2025-12-07 13:52:27,17.1891488,79.24848,10721,8252,FixOK,A,ObV5CS1912,T417F6b453,"NH 65, Akkinepallivari Lingotam, Telangana 508254, India",331607,45.29,IgnitionOn,1,244.289,137.89,6,-113
648c6eeb-9165-49b3-b89b-38a7e4eca1be-4,EDC_BS6_PERIODIC,2025-12-06 00:10:49,2025-12-07 13:52:27,17.188624,79.2489472,10722,8252,FixOK,A,ObV5CS1912,T417F6b453,"NH 65, Akkinepallivari Lingotam, Telangana 508254, India",331607,47.57,IgnitionOn,1,244.279,138.39,6,-113
648c6eeb-9165-49b3-b89b-38a7e4eca1be-5,EDC_BS6_PERIODIC,2025-12-06 00:10:55,2025-12-07 13:52:27,17.188096,79.2494144,10723,8252,FixOK,A,ObV5CS1912,T417F6b453,"56QX+8M Akkinepallivari Lingotam, Telangana, India",331607.125,46.84,IgnitionOn,1,244.33,138.89,6,-113
648c6eeb-9165-49b3-b89b-38a7e4eca1be-6,EDC_BS6_PERIODIC,2025-12-06 00:11:01,2025-12-07 13:52:27,17.187592,79.2498816,10724,8252,FixOK,A,ObV5CS1912,T417F6b453,"56PX+QV, Akkinepallivari Lingotam, Telangana 508254, India",331607.125,46.13,IgnitionOn,1,244.82,138.39,6,-113
648c6eeb-9165-49b3-b89b-38a7e4eca1be-7,EDC_BS6_PERIODIC,2025-12-06 00:11:07,2025-12-07 13:52:27,17.187088,79.2503424,10725,8252,FixOK,A,ObV5CS1912,T417F6b453,"56PX+QV, Akkinepallivari Lingotam, Telangana 508254, India",331607.25,46.43,IgnitionOn,1,244.91,138.3,6,-113
648c6eeb-9165-49b3-b89b-38a7e4eca1be-8,EDC_BS6_PERIODIC,2025-12-06 00:11:13,2025-12-07 13:52:27,17.1865728,79.2508224,10726,8252,FixOK,A,ObV5CS1912,T417F6b453,"56PX+QV, Akkinepallivari Lingotam, Telangana 508254, India",331607.375,47.35,IgnitionOn,1,244.491,137.69,5,-113
648c6eeb-9165-49b3-b89b-38a7e4eca1be-9,EDC_BS6_PERIODIC,2025-12-06 00:11:19,2025-12-07 13:52:27,17.1860448,79.2513024,10727,8252,FixOK,A,ObV5CS1912,T417F6b453,"57P2+FF Akkinepallivari Lingotam, Telangana, India",331607.5,48.46,IgnitionOn,1,242.97,138.6,5,-113
648c6eeb-9165-49b3-b89b-38a7e4eca1be-10,EDC_BS6_PERIODIC,2025-12-06 00:11:25,2025-12-07 13:52:27,17.1855184,79.2517888,10728,8252,FixOK,A,ObV5CS1912,T417F6b453,"NH 65, Akkinepallivari Lingotam, Telangana 508254, India",331607.5,48.27,IgnitionOn,1,242.009,138.69,5,-113
648c6eeb-9165-49b3-b89b-38a7e4eca1be-11,EDC_BS6_PERIODIC,2025-12-06 00:11:31,2025-12-07 13:52:27,17.1849792,79.2522816,10729,8252,FixOK,A,ObV5CS1912,T417F6b453,"NH 65, Akkinepallivari Lingotam, Telangana 508254, India",331607.625,48.15,IgnitionOn,1,241.36,138.6,5,-113
648c6eeb-9165-49b3-b89b-38a7e4eca1be-12,EDC_BS6_PERIODIC,2025-12-06 00:11:37,2025-12-07 13:52:27,17.1844416,79.252768,10730,8252,FixOK,A,ObV5CS1912,T417F6b453,"57M3+765, Akkinepallivari Lingotam, Telangana 508254, India",331607.75,48.75,IgnitionOn,1,240.419,138.3,5,-113
648c6eeb-9165-49b3-b89b-38a7e4eca1be-13,EDC_BS6_PERIODIC,2025-12-06 00:11:43,2025-12-07 13:52:27,17.1839232,79.2532608,10731,8252,FixOK,A,ObV5CS1912,T417F6b453,"57M3+765, Akkinepallivari Lingotam, Telangana 508254, India",331607.75,48.72,IgnitionOn,1,240.02,137.6,5,-113
648c6eeb-9165-49b3-b89b-38a7e4eca1be-14,EDC_BS6_PERIODIC,2025-12-06 00:11:49,2025-12-07 13:52:27,17.1833904,79.2537536,10732,8252,FixOK,A,ObV5CS1912,T417F6b453,"Pamanagundla, NH 65, Vijayawada, to, Vijayawada - Hyderabad Hwy, Pamanagundla, Telangana 508254, India",331607.875,48.72,IgnitionOn,1,239.861,138.19,5,-113
648c6eeb-9165-49b3-b89b-38a7e4eca1be-15,EDC_BS6_PERIODIC,2025-12-06 00:11:55,2025-12-07 13:52:27,17.182864,79.2542208,10733,8252,FixOK,A,ObV5CS1912,T417F6b453,"Pamanagundla, NH 65, Vijayawada, to, Vijayawada - Hyderabad Hwy, Pamanagundla, Telangana 508254, India",331608,48.31,IgnitionOn,1,239.089,138.5,5,-113
648c6eeb-9165-49b3-b89b-38a7e4eca1be-16,EDC_BS6_PERIODIC,2025-12-06 00:12:01,2025-12-07 13:52:27,17.182368,79.254688,10734,8252,FixOK,A,ObV5CS1912,T417F6b453,"Pamanagundla, NH 65, Vijayawada, to, Vijayawada - Hyderabad Hwy, Pamanagundla, Telangana 508254, India",331608,46.32,IgnitionOn,1,238.13,137.89,5,-113
648c6eeb-9165-49b3-b89b-38a7e4eca1be-17,EDC_BS6_PERIODIC,2025-12-06 00:12:07,2025-12-07 13:52:27,17.1818816,79.2551424,10735,8252,FixOK,A,ObV5CS1912,T417F6b453,"Pamanagundla, NH 65, Vijayawada, to, Vijayawada - Hyderabad Hwy, Pamanagundla, Telangana 508254, India",331608.125,44.91,IgnitionOn,1,238.08,137.89,5,-113
648c6eeb-9165-49b3-b89b-38a7e4eca1be-18,EDC_BS6_PERIODIC,2025-12-06 00:12:13,2025-12-07 13:52:27,17.1814176,79.2556032,10736,8252,FixOK,A,ObV5CS1912,T417F6b453,"57J4+6FM, Pamanagundla, Telangana 508254, India",331608.125,43.9,IgnitionOn,1,238.539,136.8,4,-113
648c6eeb-9165-49b3-b89b-38a7e4eca1be-19,EDC_BS6_PERIODIC,2025-12-06 00:12:19,2025-12-07 13:52:27,17.1810048,79.256096,10737,8252,FixOK,A,ObV5CS1912,T417F6b453,"57J4+6FM, Pamanagundla, Telangana 508254, India",331608.25,43.24,IgnitionOn,1,239.72,133.6,4,-113
648c6eeb-9165-49b3-b89b-38a7e4eca1be-20,EDC_BS6_PERIODIC,2025-12-06 00:12:25,2025-12-07 13:52:27,17.180608,79.2566272,10738,8252,FixOK,A,ObV5CS1912,T417F6b453,"PamanaGundla Bus Stop, Pamana Gundla, NH65, Pamanagundla, Telangana 508205, India",331608.375,43.26,IgnitionOn,1,240.287,126.09,4,-113
648c6eeb-9165-49b3-b89b-38a7e4eca1be-21,EDC_BS6_PERIODIC,2025-12-06 00:12:31,2025-12-07 13:52:27,17.1802592,79.2571584,10739,8252,FixOK,A,ObV5CS1912,T417F6b453,"PamanaGundla Bus Stop, Pamana Gundla, NH 65, Pamanagundla, Telangana 508205, India",331608.375,43.19,IgnitionOn,1,241.27,123.3,4,-113
648c6eeb-9165-49b3-b89b-38a7e4eca1be-22,EDC_BS6_PERIODIC,2025-12-06 00:12:37,2025-12-07 13:52:27,17.1799232,79.2577152,10740,8252,FixOK,A,ObV5CS1912,T417F6b453,"2-85, Pamanagundla, Telangana 508254, India",331608.5,43.37,IgnitionOn,1,241.699,121.8,5,-113
648c6eeb-9165-49b3-b89b-38a7e4eca1be-23,EDC_BS6_PERIODIC,2025-12-06 00:12:43,2025-12-07 13:52:27,17.1795872,79.2582912,10741,8252,FixOK,A,ObV5CS1912,T417F6b453,"2-85, Pamanagundla, Telangana 508254, India",331608.5,43.67,IgnitionOn,1,241.94,120.3,5,-113
648c6eeb-9165-49b3-b89b-38a7e4eca1be-24,EDC_BS6_PERIODIC,2025-12-06 00:12:49,2025-12-07 13:52:27,17.179256,79.2588544,10742,8252,FixOK,A,ObV5CS1912,T417F6b453,"57H5+RGJ, Telangana 508254, India",331608.625,45.05,IgnitionOn,1,242.169,120.69,6,-113
648c6eeb-9165-49b3-b89b-38a7e4eca1be-25,EDC_BS6_PERIODIC,2025-12-06 00:12:55,2025-12-07 13:52:27,17.1789344,79.259456,10743,8252,FixOK,A,ObV5CS1912,T417F6b453,"57H5+RGJ, Telangana 508254, India",331608.75,45.63,IgnitionOn,1,243.179,116.5,5,-113
648c6eeb-9165-49b3-b89b-38a7e4eca1be-26,EDC_BS6_PERIODIC,2025-12-06 00:13:01,2025-12-07 13:52:27,17.1786576,79.260096,10744,8252,FixOK,A,ObV5CS1912,T417F6b453,"Hyderabad tu, 57H6+F4F, Pamanagundla, Telangana 508254, India",331608.75,46.38,IgnitionOn,1,243.463,112.9,6,-113
648c6eeb-9165-49b3-b89b-38a7e4eca1be-27,EDC_BS6_PERIODIC,2025-12-06 00:13:07,2025-12-07 13:52:27,17.1784224,79.260768,10745,8252,FixOK,A,ObV5CS1912,T417F6b453,"Hyderabad - Vijayawada Hwy, Telangana 508254, India",331608.875,46.27,IgnitionOn,1,243.85,109.8,6,-113
648c6eeb-9165-49b3-b89b-38a7e4eca1be-28,EDC_BS6_PERIODIC,2025-12-06 00:13:13,2025-12-07 13:52:27,17.178216,79.2614272,10746,8252,FixOK,A,ObV5CS1912,T417F6b453,"Hyderabad - Vijayawada Hwy, Telangana 508254, India",331609,45.08,IgnitionOn,1,243.869,108.19,6,-113
648c6eeb-9165-49b3-b89b-38a7e4eca1be-29,EDC_BS6_PERIODIC,2025-12-06 00:13:19,2025-12-07 13:52:27,17.1780672,79.2620288,10747,8252,FixOK,A,ObV5CS1912,T417F6b453,"57H6+7J Pamanagundla, Telangana, India",331609,41.45,IgnitionOn,1,243.949,104.5,4,-113
648c6eeb-9165-49b3-b89b-38a7e4eca1be-30,EDC_BS6_PERIODIC,2025-12-06 00:13:25,2025-12-07 13:52:27,17.177936,79.262688,10748,8252,FixOK,A,ObV5CS1912,T417F6b453,"Hyderabad - Vijayawada Hwy, Telangana 508254, India",331609.125,43.22,IgnitionOn,1,244.22,101.8,7,-113
648c6eeb-9165-49b3-b89b-38a7e4eca1be-31,EDC_BS6_PERIODIC,2025-12-06 00:13:31,2025-12-07 13:52:27,17.1778112,79.2633536,10749,8252,FixOK,A,ObV5CS1912,T417F6b453,"Hyderabad - Vijayawada Hwy, Telangana 508254, India",331609.25,44.33,IgnitionOn,1,244.589,101.59,7,-113
648c6eeb-9165-49b3-b89b-38a7e4eca1be-32,EDC_BS6_PERIODIC,2025-12-06 00:13:37,2025-12-07 13:52:27,17.177672,79.264032,10750,8252,FixOK,A,ObV5CS1912,T417F6b453,"Hyderabad - Vijayawada Hwy, Telangana 508254, India",331609.25,46.06,IgnitionOn,1,244.683,103.19,7,-113
648c6eeb-9165-49b3-b89b-38a7e4eca1be-33,EDC_BS6_PERIODIC,2025-12-06 00:13:43,2025-12-07 13:52:27,17.1775296,79.264736,10751,8252,FixOK,A,ObV5CS1912,T417F6b453,"NH65, Telangana 508254, India",331609.375,47,IgnitionOn,1,244.559,102.4,7,-113
648c6eeb-9165-49b3-b89b-38a7e4eca1be-34,EDC_BS6_PERIODIC,2025-12-06 00:13:49,2025-12-07 13:52:27,17.17736,79.265472,10752,8252,FixOK,A,ObV5CS1912,T417F6b453,"NH65, Telangana 508254, India",331609.375,49.57,IgnitionOn,1,244.47,102.59,7,-113
648c6eeb-9165-49b3-b89b-38a7e4eca1be-35,EDC_BS6_PERIODIC,2025-12-06 00:13:55,2025-12-07 13:52:27,17.1771712,79.26624,10753,8252,FixOK,A,ObV5CS1912,T417F6b453,"NH65, Telangana 508254, India",331609.5,51.82,IgnitionOn,1,243.869,103.5,7,-113
648c6eeb-9165-49b3-b89b-38a7e4eca1be-36,EDC_BS6_PERIODIC,2025-12-06 00:14:01,2025-12-07 13:52:27,17.177,79.2670336,10754,8252,FixOK,A,ObV5CS1912,T417F6b453,"Hyderabad - Vijayawada Hwy, Telangana 508254, India",331609.625,52.95,IgnitionOn,1,242.699,103.4,7,-113
648c6eeb-9165-49b3-b89b-38a7e4eca1be-37,EDC_BS6_PERIODIC,2025-12-06 00:14:07,2025-12-07 13:52:27,17.176824,79.2678016,10755,8252,FixOK,A,ObV5CS1912,T417F6b453,"Hyderabad - Vijayawada Hwy, Telangana 508254, India",331609.75,51.54,IgnitionOn,1,241.949,103.09,6,-113
648c6eeb-9165-49b3-b89b-38a7e4eca1be-38,EDC_BS6_PERIODIC,2025-12-06 00:14:13,2025-12-07 13:52:27,17.1766656,79.2685376,10756,8252,FixOK,A,ObV5CS1912,T417F6b453,"Hyderabad - Vijayawada Hwy, Telangana 508254, India",331609.75,49.88,IgnitionOn,1,241.659,102.59,7,-113
648c6eeb-9165-49b3-b89b-38a7e4eca1be-39,EDC_BS6_PERIODIC,2025-12-06 00:14:19,2025-12-07 13:52:27,17.17652,79.2692544,10757,8252,FixOK,A,ObV5CS1912,T417F6b453,"Hyderabad - Vijayawada Hwy, Telangana 508254, India",331609.875,48.23,IgnitionOn,1,240.97,102.3,7,-113
648c6eeb-9165-49b3-b89b-38a7e4eca1be-40,EDC_BS6_PERIODIC,2025-12-06 00:14:25,2025-12-07 13:52:27,17.1763648,79.269952,10758,8252,FixOK,A,ObV5CS1912,T417F6b453,"Hyderabad - Vijayawada Hwy, Telangana 508254, India",331610,46.61,IgnitionOn,1,240.669,103,7,-113
648c6eeb-9165-49b3-b89b-38a7e4eca1be-41,EDC_BS6_PERIODIC,2025-12-06 00:14:31,2025-12-07 13:52:27,17.1762176,79.2706176,10759,8252,FixOK,A,ObV5CS1912,T417F6b453,"Hyderabad - Vijayawada Hwy, Telangana 508254, India",331610,45.66,IgnitionOn,1,240.38,103.9,6,-113
648c6eeb-9165-49b3-b89b-38a7e4eca1be-42,EDC_BS6_PERIODIC,2025-12-06 00:14:37,2025-12-07 13:52:27,17.1760768,79.2712576,10760,8252,FixOK,A,ObV5CS1912,T417F6b453,"Hyderabad - Vijayawada Hwy, Telangana 508254, India",331610.125,42.92,IgnitionOn,1,240.419,103.8,7,-113
648c6eeb-9165-49b3-b89b-38a7e4eca1be-43,EDC_BS6_PERIODIC,2025-12-06 00:14:43,2025-12-07 13:52:27,17.17592,79.2718464,10761,8252,FixOK,A,ObV5CS1912,T417F6b453,"NH65, Telangana 508254, India",331610.25,41.88,IgnitionOn,1,240.699,104.69,7,-113
648c6eeb-9165-49b3-b89b-38a7e4eca1be-44,DEVICE_METRICS,2025-12-06 00:15:02,2025-12-07 13:52:27,17.1758432,79.27216,,8252,FixOK,,ObV5CS1912,T417F6b453,"NH65, Telangana 508254, India",287061,,IgnitionOn,1,,,,
648c6eeb-9165-49b3-b89b-38a7e4eca1be-46,EDC_BS6_PERIODIC,2025-12-06 00:15:02,2025-12-07 13:52:27,17.1753696,79.2737856,10762,8252,FixOK,A,ObV5CS1912,T417F6b453,"57GF+5F Yersaniguda, Telangana, India",331610.375,46.52,IgnitionOn,1,241.369,103.19,7,-113
648c6eeb-9165-49b3-b89b-38a7e4eca1be-47,EDC_BS6_PERIODIC,2025-12-06 00:15:08,2025-12-07 13:52:27,17.175056,79.2745856,10763,8252,FixOK,A,ObV5CS1912,T417F6b453,"57FG+X2 Muthyalamma Gudem, Telangana, India",331610.5,50.21,IgnitionOn,1,241.22,112.59,6,-113
648c6eeb-9165-49b3-b89b-38a7e4eca1be-48,EDC_BS6_PERIODIC,2025-12-06 00:15:14,2025-12-07 13:52:27,17.1747776,79.275264,10764,8252,FixOK,A,ObV5CS1912,T417F6b453,"57FG+X2 Muthyalamma Gudem, Telangana, India",331610.625,50.45,IgnitionOn,1,240.139,112.19,7,-113
648c6eeb-9165-49b3-b89b-38a7e4eca1be-49,EDC_BS6_PERIODIC,2025-12-06 00:15:20,2025-12-07 13:52:27,17.174472,79.2759424,10765,8252,FixOK,A,ObV5CS1912,T417F6b453,"Hyderabad - Vijayawada Hwy, Telangana 508254, India",331610.625,49.87,IgnitionOn,1,239.179,115.4,5,-113
648c6eeb-9165-49b3-b89b-38a7e4eca1be-50,EDC_BS6_PERIODIC,2025-12-06 00:15:26,2025-12-07 13:52:27,17.17416,79.2766208,10766,8252,FixOK,A,ObV5CS1912,T417F6b453,"Hyderabad - Vijayawada Hwy, Telangana 508254, India",331610.75,48.73,IgnitionOn,1,238.36,114,6,-113
648c6eeb-9165-49b3-b89b-38a7e4eca1be-51,EDC_BS6_PERIODIC,2025-12-06 00:15:32,2025-12-07 13:52:27,17.1738576,79.2772864,10767,8252,FixOK,A,ObV5CS1912,T417F6b453,"Hyderabad - Vijayawada Hwy, Telangana 508254, India",331610.875,48.29,IgnitionOn,1,237.74,113,6,-113
c785374e-af12-426c-8694-411907bf547c-1,EDC_BS6_PERIODIC,2025-12-06 00:15:38,2025-12-07 13:52:48,17.173568,79.2779456,10768,8252,FixOK,A,ObV5CS1912,T417F6b453,"NH65, Telangana 508254, India",331611,47.57,IgnitionOn,1,237.609,112.59,7,-113
c785374e-af12-426c-8694-411907bf547c-2,EDC_BS6_PERIODIC,2025-12-06 00:15:44,2025-12-07 13:52:48,17.173272,79.2785984,10769,8252,FixOK,A,ObV5CS1912,T417F6b453,"57FH+2M8, Shapally, Telangana 508254, India",331611,46.91,IgnitionOn,1,237.729,113.9,7,-113
c785374e-af12-426c-8694-411907bf547c-3,EDC_BS6_PERIODIC,2025-12-06 00:15:50,2025-12-07 13:52:48,17.1729888,79.2792448,10770,8252,FixOK,A,ObV5CS1912,T417F6b453,"57FH+2M8, Shapally, Telangana 508254, India",331611.125,47.18,IgnitionOn,1,237.19,115,7,-113
c785374e-af12-426c-8694-411907bf547c-4,EDC_BS6_PERIODIC,2025-12-06 00:15:56,2025-12-07 13:52:48,17.172704,79.2798976,10771,8252,FixOK,A,ObV5CS1912,T417F6b453,"57FH+2M8, Shapally, Telangana 508254, India",331611.25,47.54,IgnitionOn,1,236.589,113.59,7,-113
c785374e-af12-426c-8694-411907bf547c-5,EDC_BS6_PERIODIC,2025-12-06 00:16:02,2025-12-07 13:52:48,17.1724176,79.2805504,10772,8252,FixOK,A,ObV5CS1912,T417F6b453,"NH 65, Muthyalamma Gudem, Telangana 508254, India",331611.25,47.41,IgnitionOn,1,236.46,114,7,-113
c785374e-af12-426c-8694-411907bf547c-6,EDC_BS6_PERIODIC,2025-12-06 00:16:08,2025-12-07 13:52:48,17.172144,79.2812032,10773,8252,FixOK,A,ObV5CS1912,T417F6b453,"NH 65, Muthyalamma Gudem, Telangana 508254, India",331611.375,47.36,IgnitionOn,1,236.059,114,7,-113
c785374e-af12-426c-8694-411907bf547c-7,EDC_BS6_PERIODIC,2025-12-06 00:16:14,2025-12-07 13:52:48,17.1718656,79.2818432,10774,8252,FixOK,A,ObV5CS1912,T417F6b453,"57CM+92H, Muthyalamma Gudem, Telangana 508254, India",331611.375,46.12,IgnitionOn,1,236.343,114.59,7,-113
c785374e-af12-426c-8694-411907bf547c-8,EDC_BS6_PERIODIC,2025-12-06 00:16:20,2025-12-07 13:52:48,17.171576,79.2824704,10775,8252,FixOK,A,ObV5CS1912,T417F6b453,"57CM+92H, Muthyalamma Gudem, Telangana 508254, India",331611.5,45.77,IgnitionOn,1,236.32,114.5,6,-113
c785374e-af12-426c-8694-411907bf547c-9,EDC_BS6_PERIODIC,2025-12-06 00:16:26,2025-12-07 13:52:48,17.17132,79.2830784,10776,8252,FixOK,A,ObV5CS1912,T417F6b453,"NH65, Muthyalamma Gudem, Telangana 508254, India",331611.625,44.54,IgnitionOn,1,236.539,113.19,6,-113
c785374e-af12-426c-8694-411907bf547c-10,EDC_BS6_PERIODIC,2025-12-06 00:16:32,2025-12-07 13:52:48,17.1710528,79.2836544,10777,8252,FixOK,A,ObV5CS1912,T417F6b453,"57CM+5FF, Muthyalamma Gudem, Telangana 508254, India",331611.625,42.84,IgnitionOn,1,236.979,115.5,7,-113
c785374e-af12-426c-8694-411907bf547c-11,EDC_BS6_PERIODIC,2025-12-06 00:16:38,2025-12-07 13:52:48,17.170784,79.284224,10778,8252,FixOK,A,ObV5CS1912,T417F6b453,"57CM+5FF, Muthyalamma Gudem, Telangana 508254, India",331611.75,42.09,IgnitionOn,1,237.3,115.8,7,-113
c785374e-af12-426c-8694-411907bf547c-12,EDC_BS6_PERIODIC,2025-12-06 00:16:44,2025-12-07 13:52:48,17.1704832,79.284768,10779,8252,FixOK,A,ObV5CS1912,T417F6b453,"6-90, Hyderabad - Vijayawada Highway, Muthyalamma Gudem, Telangana 508205, India",331611.75,42.74,IgnitionOn,1,237.77,118.69,7,-113
c785374e-af12-426c-8694-411907bf547c-13,EDC_BS6_PERIODIC,2025-12-06 00:16:50,2025-12-07 13:52:48,17.170168,79.2853504,10780,8252,FixOK,A,ObV5CS1912,T417F6b453,"6-90, Hyderabad - Vijayawada Highway, Muthyalamma Gudem, Telangana 508205, India",331611.875,44.51,IgnitionOn,1,237.285,119.8,7,-113
c785374e-af12-426c-8694-411907bf547c-14,EDC_BS6_PERIODIC,2025-12-06 00:16:56,2025-12-07 13:52:48,17.169792,79.285952,10781,8252,FixOK,A,ObV5CS1912,T417F6b453,"57CP+66, Muthyalamma Gudem, Telangana 508205, India",331612,45.92,IgnitionOn,1,234.77,121.3,7,-113
c785374e-af12-426c-8694-411907bf547c-15,EDC_BS6_PERIODIC,2025-12-06 00:17:02,2025-12-07 13:52:48,17.169424,79.2865408,10782,8252,FixOK,A,ObV5CS1912,T417F6b453,"57CP+66, Muthyalamma Gudem, Telangana 508205, India",331612,46.5,IgnitionOn,1,232.789,121.59,7,-113
c785374e-af12-426c-8694-411907bf547c-16,EDC_BS6_PERIODIC,2025-12-06 00:17:08,2025-12-07 13:52:48,17.1690592,79.2871808,10783,8252,FixOK,A,ObV5CS1912,T417F6b453,"57CP+66, Muthyalamma Gudem, Telangana 508205, India",331612.125,47.18,IgnitionOn,1,232.059,120.9,7,-113
c785374e-af12-426c-8694-411907bf547c-17,EDC_BS6_PERIODIC,2025-12-06 00:17:14,2025-12-07 13:52:48,17.1686576,79.2878336,10784,8252,FixOK,A,ObV5CS1912,T417F6b453,"57CQ+332, Muthyalamma Gudem, Telangana 508254, India",331612.25,49.64,IgnitionOn,1,230.99,122.5,7,-113
c785374e-af12-426c-8694-411907bf547c-18,EDC_BS6_PERIODIC,2025-12-06 00:17:20,2025-12-07 13:52:48,17.168248,79.2884992,10785,8252,FixOK,A,ObV5CS1912,T417F6b453,"NH 65, Muthyalamma Gudem, Telangana 508205, India",331612.25,52.38,IgnitionOn,1,229.8,122.9,7,-113
c785374e-af12-426c-8694-411907bf547c-19,EDC_BS6_PERIODIC,2025-12-06 00:17:26,2025-12-07 13:52:48,17.1678256,79.2891584,10786,8252,FixOK,A,ObV5CS1912,T417F6b453,"NH 65, Muthyalamma Gudem, Telangana 508205, India",331612.375,52.52,IgnitionOn,1,229.285,123,7,-113
c785374e-af12-426c-8694-411907bf547c-20,EDC_BS6_PERIODIC,2025-12-06 00:17:32,2025-12-07 13:52:48,17.16744,79.289792,10787,8252,FixOK,A,ObV5CS1912,T417F6b453,"578R+P4J, Manikyala Gudem, Telangana 508205, India",331612.5,49.48,IgnitionOn,1,228.279,122.5,7,-113
c785374e-af12-426c-8694-411907bf547c-21,EDC_BS6_PERIODIC,2025-12-06 00:17:38,2025-12-07 13:52:48,17.16708,79.2903808,10788,8252,FixOK,A,ObV5CS1912,T417F6b453,"578R+P4J, Manikyala Gudem, Telangana 508205, India",331612.625,46.89,IgnitionOn,1,227.8,122.69,7,-113
c785374e-af12-426c-8694-411907bf547c-22,EDC_BS6_PERIODIC,2025-12-06 00:17:44,2025-12-07 13:52:48,17.166728,79.2909504,10789,8252,FixOK,A,ObV5CS1912,T417F6b453,"578R+M66, Manikyala Gudem, Telangana 508205, India",331612.625,44.84,IgnitionOn,1,227.46,120.8,7,-113
c785374e-af12-426c-8694-411907bf547c-23,EDC_BS6_PERIODIC,2025-12-06 00:17:50,2025-12-07 13:52:48,17.1664,79.2915264,10790,8252,FixOK,A,ObV5CS1912,T417F6b453,"NH 65, Muthyalamma Gudem, Telangana 508205, India",331612.75,44.17,IgnitionOn,1,227.789,120.8,7,-113
c785374e-af12-426c-8694-411907bf547c-24,EDC_BS6_PERIODIC,2025-12-06 00:17:56,2025-12-07 13:52:48,17.1660656,79.2921024,10791,8252,FixOK,A,ObV5CS1912,T417F6b453,"NH 65, Muthyalamma Gudem, Telangana 508205, India",331612.75,43.99,IgnitionOn,1,227.41,119.3,5,-113
c785374e-af12-426c-8694-411907bf547c-25,EDC_BS6_PERIODIC,2025-12-06 00:18:02,2025-12-07 13:52:48,17.1657408,79.292704,10792,8252,FixOK,A,ObV5CS1912,T417F6b453,"NH 65, Muthyalamma Gudem, Telangana 508205, India",331612.875,45.22,IgnitionOn,1,227.033,118.8,6,-113
c785374e-af12-426c-8694-411907bf547c-26,EDC_BS6_PERIODIC,2025-12-06 00:18:08,2025-12-07 13:52:48,17.1654112,79.2933056,10793,8252,FixOK,A,ObV5CS1912,T417F6b453,"Hyderabad - Suryapet Hwy, Manikyala Gudem, Telangana 508205, India",331613,45.39,IgnitionOn,1,225.72,118.8,6,-113
c785374e-af12-426c-8694-411907bf547c-27,EDC_BS6_PERIODIC,2025-12-06 00:18:14,2025-12-07 13:52:48,17.165088,79.293888,10794,8252,FixOK,A,ObV5CS1912,T417F6b453,"577V+QHH, NH 65, Manikyala Gudem, Telangana 508205, India",331613,44.22,IgnitionOn,1,224.929,118.8,6,-113
c785374e-af12-426c-8694-411907bf547c-28,EDC_BS6_PERIODIC,2025-12-06 00:18:20,2025-12-07 13:52:48,17.1647536,79.294432,10795,8252,FixOK,A,ObV5CS1912,T417F6b453,"577V+QHH, NH 65, Manikyala Gudem, Telangana 508205, India",331613.125,42.38,IgnitionOn,1,225.05,121.09,7,-113
c785374e-af12-426c-8694-411907bf547c-29,EDC_BS6_PERIODIC,2025-12-06 00:18:26,2025-12-07 13:52:48,17.164472,79.2949824,10796,8252,FixOK,A,ObV5CS1912,T417F6b453,"577V+QHH, NH 65, Manikyala Gudem, Telangana 508205, India",331613.25,42.09,IgnitionOn,1,225.38,117.3,6,-113
c785374e-af12-426c-8694-411907bf547c-30,EDC_BS6_PERIODIC,2025-12-06 00:18:32,2025-12-07 13:52:48,17.1641584,79.295584,10797,8252,FixOK,A,ObV5CS1912,T417F6b453,"NH 65, Muthyalamma Gudem, Telangana 508205, India",331613.25,45.11,IgnitionOn,1,225.479,118.8,6,-113
c785374e-af12-426c-8694-411907bf547c-31,EDC_BS6_PERIODIC,2025-12-06 00:18:38,2025-12-07 13:52:48,17.1638464,79.2961536,10798,8252,FixOK,A,ObV5CS1912,T417F6b453,"NH 65, Muthyalamma Gudem, Telangana 508205, India",331613.375,43.65,IgnitionOn,1,225.455,118.19,6,-113
c785374e-af12-426c-8694-411907bf547c-32,EDC_BS6_PERIODIC,2025-12-06 00:18:44,2025-12-07 13:52:48,17.16352,79.2967296,10799,8252,FixOK,A,ObV5CS1912,T417F6b453,"NH65, Telangana 508205, India",331613.375,43.55,IgnitionOn,1,225.74,120,6,-113
c785374e-af12-426c-8694-411907bf547c-33,EDC_BS6_PERIODIC,2025-12-06 00:18:50,2025-12-07 13:52:48,17.163192,79.2972928,10800,8252,FixOK,A,ObV5CS1912,T417F6b453,"Kattangur, Besides, NH 65, Telangana 508205, India",331613.5,43.58,IgnitionOn,1,226.07,120.4,6,-113
c785374e-af12-426c-8694-411907bf547c-34,EDC_BS6_PERIODIC,2025-12-06 00:18:56,2025-12-07 13:52:48,17.162864,79.297856,10801,8252,FixOK,A,ObV5CS1912,T417F6b453,"Kattangur, Besides, NH 65, Telangana 508205, India",331613.625,43.78,IgnitionOn,1,225.759,120.59,6,-113
c785374e-af12-426c-8694-411907bf547c-35,EDC_BS6_PERIODIC,2025-12-06 00:19:02,2025-12-07 13:52:48,17.1625248,79.2984448,10802,8252,FixOK,A,ObV5CS1912,T417F6b453,"Kattangur, Besides, NH 65, Telangana 508205, India",331613.625,44.25,IgnitionOn,1,225.11,121,6,-113
c785374e-af12-426c-8694-411907bf547c-36,EDC_BS6_PERIODIC,2025-12-06 00:19:08,2025-12-07 13:52:48,17.1621984,79.2990336,10803,8252,FixOK,A,ObV5CS1912,T417F6b453,"NH 65, Muthyalamma Gudem, Telangana 508205, India",331613.75,44.62,IgnitionOn,1,224.71,120.19,6,-113
c785374e-af12-426c-8694-411907bf547c-37,EDC_BS6_PERIODIC,2025-12-06 00:19:14,2025-12-07 13:52:48,17.161872,79.2996352,10804,8252,FixOK,A,ObV5CS1912,T417F6b453,"NH 65, Muthyalamma Gudem, Telangana 508205, India",331613.75,45.42,IgnitionOn,1,224.709,119.5,6,-113
c785374e-af12-426c-8694-411907bf547c-38,EDC_BS6_PERIODIC,2025-12-06 00:19:20,2025-12-07 13:52:48,17.1615392,79.300224,10805,8252,FixOK,A,ObV5CS1912,T417F6b453,"NH 65, Muthyalamma Gudem, Telangana 508205, India",331613.875,45.14,IgnitionOn,1,224.32,119.09,6,-113
c785374e-af12-426c-8694-411907bf547c-39,EDC_BS6_PERIODIC,2025-12-06 00:19:26,2025-12-07 13:52:48,17.1612288,79.3008128,10806,8252,FixOK,A,ObV5CS1912,T417F6b453,"NH65, Telangana 508205, India",331614,44.35,IgnitionOn,1,223.669,119.19,6,-113
c785374e-af12-426c-8694-411907bf547c-40,EDC_BS6_PERIODIC,2025-12-06 00:19:32,2025-12-07 13:52:48,17.160912,79.3013888,10807,8252,FixOK,A,ObV5CS1912,T417F6b453,"NH65, Telangana 508205, India",331614,44.1,IgnitionOn,1,223.559,118.59,5,-113
c785374e-af12-426c-8694-411907bf547c-41,EDC_BS6_PERIODIC,2025-12-06 00:19:38,2025-12-07 13:52:48,17.160584,79.3019648,10808,8252,FixOK,A,ObV5CS1912,T417F6b453,"NH65, Telangana 508205, India",331614.125,43.94,IgnitionOn,1,223.759,120.4,6,-113
c785374e-af12-426c-8694-411907bf547c-42,EDC_BS6_PERIODIC,2025-12-06 00:19:44,2025-12-07 13:52:48,17.1602752,79.3025408,10809,8252,FixOK,A,ObV5CS1912,T417F6b453,"NH65, Telangana 508205, India",331614.25,43.09,IgnitionOn,1,224,119.69,6,-113
c785374e-af12-426c-8694-411907bf547c-43,EDC_BS6_PERIODIC,2025-12-06 00:19:50,2025-12-07 13:52:48,17.1599552,79.3031168,10810,8252,FixOK,A,ObV5CS1912,T417F6b453,"NH65, Telangana 508205, India",331614.25,43.5,IgnitionOn,1,224.305,119,6,-113
c785374e-af12-426c-8694-411907bf547c-44,EDC_BS6_PERIODIC,2025-12-06 00:19:56,2025-12-07 13:52:48,17.1596448,79.3036864,10811,8252,FixOK,A,ObV5CS1912,T417F6b453,"5853+RG Katangur, Telangana, India",331614.375,43.13,IgnitionOn,1,224.559,119.69,7,-113
c785374e-af12-426c-8694-411907bf547c-45,EDC_BS6_PERIODIC,2025-12-06 00:20:02,2025-12-07 13:52:48,17.1593264,79.304256,10812,8252,FixOK,A,ObV5CS1912,T417F6b453,"Vijayawada - Hyderabad Hwy, Katangur, Telangana 508205, India",331614.375,43.05,IgnitionOn,1,224.19,119.5,7,-113
c785374e-af12-426c-8694-411907bf547c-46,EDC_BS6_PERIODIC,2025-12-06 00:20:08,2025-12-07 13:52:48,17.1590432,79.3048256,10813,8252,FixOK,A,ObV5CS1912,T417F6b453,"5854+VCP, kattangur, Telangana 508205, India",331614.5,41.84,IgnitionOn,1,223.839,118.59,7,-113
c785374e-af12-426c-8694-411907bf547c-47,EDC_BS6_PERIODIC,2025-12-06 00:20:14,2025-12-07 13:52:48,17.1588128,79.3054144,10814,8252,FixOK,A,ObV5CS1912,T417F6b453,"5854+VCP, kattangur, Telangana 508205, India",331614.625,41.86,IgnitionOn,1,223.279,109.3,6,-113
c785374e-af12-426c-8694-411907bf547c-48,EDC_BS6_PERIODIC,2025-12-06 00:20:20,2025-12-07 13:52:48,17.158632,79.3060544,10815,8252,FixOK,A,ObV5CS1912,T417F6b453,"5854+VCP, kattangur, Telangana 508205, India",331614.625,42.66,IgnitionOn,1,223.039,103.69,7,-113
c785374e-af12-426c-8694-411907bf547c-49,EDC_BS6_PERIODIC,2025-12-06 00:20:26,2025-12-07 13:52:48,17.15856,79.306688,10816,8252,FixOK,A,ObV5CS1912,T417F6b453,"5854+6R2, Katangur, Telangana 508205, India",331614.75,42.46,IgnitionOn,1,222.823,97.3,7,-113
c785374e-af12-426c-8694-411907bf547c-50,EDC_BS6_PERIODIC,2025-12-06 00:20:32,2025-12-07 13:52:48,17.1585312,79.307328,10817,8252,FixOK,A,ObV5CS1912,T417F6b453,"5854+6R2, Katangur, Telangana 508205, India",331614.75,42.93,IgnitionOn,1,221.88,92.8,5,-113
9ceb31b6-64d0-4650-9e4f-1464b144ee44-1,EDC_BS6_PERIODIC,2025-12-06 00:20:38,2025-12-07 13:53:07,17.158576,79.3079552,10818,8252,FixOK,A,ObV5CS1912,T417F6b453,"5855+947, Katangur, Telangana 508205, India",331614.875,41.58,IgnitionOn,1,221.369,89.5,5,-113
9ceb31b6-64d0-4650-9e4f-1464b144ee44-2,EDC_BS6_PERIODIC,2025-12-06 00:20:44,2025-12-07 13:53:07,17.1587008,79.3085696,10819,8252,FixOK,A,ObV5CS1912,T417F6b453,"5855+6C5, Katangur, Telangana 508205, India",331615,41.46,IgnitionOn,1,221.19,78.5,6,-113
9ceb31b6-64d0-4650-9e4f-1464b144ee44-3,EDC_BS6_PERIODIC,2025-12-06 00:20:50,2025-12-07 13:53:07,17.1588288,79.3091904,10820,8252,FixOK,A,ObV5CS1912,T417F6b453,"5855+6C5, Katangur, Telangana 508205, India",331615,41,IgnitionOn,1,221.22,80,6,-113
9ceb31b6-64d0-4650-9e4f-1464b144ee44-4,EDC_BS6_PERIODIC,2025-12-06 00:20:56,2025-12-07 13:53:07,17.15892,79.3097984,10821,8252,FixOK,A,ObV5CS1912,T417F6b453,"5856+J48, NH 65, Katangur, Telangana 508205, India",331615.125,40.61,IgnitionOn,1,221.369,82.59,6,-113
9ceb31b6-64d0-4650-9e4f-1464b144ee44-5,EDC_BS6_PERIODIC,2025-12-06 00:21:02,2025-12-07 13:53:07,17.158984,79.3104,10822,8252,FixOK,A,ObV5CS1912,T417F6b453,"5856+J48, NH 65, Katangur, Telangana 508205, India",331615.125,40.71,IgnitionOn,1,221.377,84.5,6,-113
9ceb31b6-64d0-4650-9e4f-1464b144ee44-6,EDC_BS6_PERIODIC,2025-12-06 00:21:08,2025-12-07 13:53:07,17.1590688,79.3110016,10823,8252,FixOK,A,ObV5CS1912,T417F6b453,"5856+P64, Katangur, Telangana 508205, India",331615.25,40.52,IgnitionOn,1,221.82,83.4,5,-113
9ceb31b6-64d0-4650-9e4f-1464b144ee44-7,EDC_BS6_PERIODIC,2025-12-06 00:21:14,2025-12-07 13:53:07,17.1591552,79.311584,10824,8252,FixOK,A,ObV5CS1912,T417F6b453,"5856+QX8, Hyderabad - Vijayawada Hwy, Katangur, Telangana 508205, India",331615.25,37.96,IgnitionOn,1,222.63,85.3,5,-113
9ceb31b6-64d0-4650-9e4f-1464b144ee44-8,EDC_BS6_PERIODIC,2025-12-06 00:21:20,2025-12-07 13:53:07,17.1591872,79.3121536,10825,8252,FixOK,A,ObV5CS1912,T417F6b453,"5856+QX8, Hyderabad - Vijayawada Hwy, Katangur, Telangana 508205, India",331615.375,36.96,IgnitionOn,1,223.399,87.3,6,-113
9ceb31b6-64d0-4650-9e4f-1464b144ee44-9,EDC_BS6_PERIODIC,2025-12-06 00:21:26,2025-12-07 13:53:07,17.1592288,79.3127104,10826,8252,FixOK,A,ObV5CS1912,T417F6b453,"5857+R69, Katangur, Telangana 508205, India",331615.375,37.35,IgnitionOn,1,224.33,83.9,5,-113
9ceb31b6-64d0-4650-9e4f-1464b144ee44-10,EDC_BS6_PERIODIC,2025-12-06 00:21:32,2025-12-07 13:53:07,17.159288,79.3132864,10827,8252,FixOK,A,ObV5CS1912,T417F6b453,"5857+R69, Katangur, Telangana 508205, India",331615.5,38.27,IgnitionOn,1,225.399,84.19,4,-113
9ceb31b6-64d0-4650-9e4f-1464b144ee44-11,EDC_BS6_PERIODIC,2025-12-06 00:21:38,2025-12-07 13:53:07,17.1593696,79.3138688,10828,8252,FixOK,A,ObV5CS1912,T417F6b453,"5857+MRW, Katangur, Telangana 508205, India",331615.5,39.09,IgnitionOn,1,225.965,82,6,-113
9ceb31b6-64d0-4650-9e4f-1464b144ee44-12,EDC_BS6_PERIODIC,2025-12-06 00:21:44,2025-12-07 13:53:07,17.159424,79.3144896,10829,8252,FixOK,A,ObV5CS1912,T417F6b453,"5857+MRW, Katangur, Telangana 508205, India",331615.625,41.48,IgnitionOn,1,227.05,83.9,5,-113
9ceb31b6-64d0-4650-9e4f-1464b144ee44-13,EDC_BS6_PERIODIC,2025-12-06 00:21:50,2025-12-07 13:53:07,17.159544,79.3151424,10830,8252,FixOK,A,ObV5CS1912,T417F6b453,"5858+J6V, Katangur, Telangana 508205, India",331615.625,44.39,IgnitionOn,1,227.77,78.59,6,-113
9ceb31b6-64d0-4650-9e4f-1464b144ee44-14,EDC_BS6_PERIODIC,2025-12-06 00:21:56,2025-12-07 13:53:07,17.1596976,79.31584,10831,8252,FixOK,A,ObV5CS1912,T417F6b453,"5858+J6V, Katangur, Telangana 508205, India",331615.75,46.24,IgnitionOn,1,227.72,76.3,5,-113
9ceb31b6-64d0-4650-9e4f-1464b144ee44-15,EDC_BS6_PERIODIC,2025-12-06 00:22:02,2025-12-07 13:53:07,17.159904,79.3165696,10832,8252,FixOK,A,ObV5CS1912,T417F6b453,"5869+3H, Katangur, Telangana 508205, India",331615.875,49.34,IgnitionOn,1,227.429,74.3,6,-113
9ceb31b6-64d0-4650-9e4f-1464b144ee44-16,EDC_BS6_PERIODIC,2025-12-06 00:22:08,2025-12-07 13:53:07,17.1601248,79.317344,10833,8252,FixOK,A,ObV5CS1912,T417F6b453,"5869+3H, Katangur, Telangana 508205, India",331615.875,52.07,IgnitionOn,1,227.52,73.59,5,-113
9ceb31b6-64d0-4650-9e4f-1464b144ee44-17,EDC_BS6_PERIODIC,2025-12-06 00:22:14,2025-12-07 13:53:07,17.160344,79.3181056,10834,8252,FixOK,A,ObV5CS1912,T417F6b453,"5869+3H, Katangur, Telangana 508205, India",331616,52.91,IgnitionOn,1,227.641,73.09,7,-113
9ceb31b6-64d0-4650-9e4f-1464b144ee44-18,EDC_BS6_PERIODIC,2025-12-06 00:22:20,2025-12-07 13:53:07,17.160584,79.3188096,10835,8252,FixOK,A,ObV5CS1912,T417F6b453,"5869+3H, Katangur, Telangana 508205, India",331616.125,49.55,IgnitionOn,1,227.399,69.4,7,-113
9ceb31b6-64d0-4650-9e4f-1464b144ee44-19,EDC_BS6_PERIODIC,2025-12-06 00:22:26,2025-12-07 13:53:07,17.160824,79.3194368,10836,8252,FixOK,A,ObV5CS1912,T417F6b453,"5869+3H, Katangur, Telangana 508205, India",331616.125,45.79,IgnitionOn,1,226.94,67.3,6,-113
9ceb31b6-64d0-4650-9e4f-1464b144ee44-20,EDC_BS6_PERIODIC,2025-12-06 00:22:32,2025-12-07 13:53:07,17.1610272,79.3200256,10837,8252,FixOK,A,ObV5CS1912,T417F6b453,"Hyderabad - Vijayawada Hwy, Telangana 508205, India",331616.25,41.98,IgnitionOn,1,226.389,70.09,6,-113
9ceb31b6-64d0-4650-9e4f-1464b144ee44-21,EDC_BS6_PERIODIC,2025-12-06 00:22:38,2025-12-07 13:53:07,17.161224,79.3205888,10838,8252,FixOK,A,ObV5CS1912,T417F6b453,"4-129, Padmashali Colony, kattangore, Telangana 508205, India",331616.375,39.12,IgnitionOn,1,226,70.3,6,-113
9ceb31b6-64d0-4650-9e4f-1464b144ee44-22,EDC_BS6_PERIODIC,2025-12-06 00:22:44,2025-12-07 13:53:07,17.1614208,79.3211584,10839,8252,FixOK,A,ObV5CS1912,T417F6b453,"4-129, Padmashali Colony, kattangore, Telangana 508205, India",331616.375,39.89,IgnitionOn,1,225.66,71.4,6,-113
9ceb31b6-64d0-4650-9e4f-1464b144ee44-23,EDC_BS6_PERIODIC,2025-12-06 00:22:50,2025-12-07 13:53:07,17.161624,79.3217536,10840,8252,FixOK,A,ObV5CS1912,T417F6b453,"4-129, Padmashali Colony, kattangore, Telangana 508205, India",331616.5,41.37,IgnitionOn,1,225.273,71.59,6,-113
9ceb31b6-64d0-4650-9e4f-1464b144ee44-24,EDC_BS6_PERIODIC,2025-12-06 00:22:56,2025-12-07 13:53:07,17.1617888,79.322336,10841,8252,FixOK,A,ObV5CS1912,T417F6b453,"4-129, Padmashali Colony, kattangore, Telangana 508205, India",331616.5,41.05,IgnitionOn,1,224.309,72.69,6,-113
9ceb31b6-64d0-4650-9e4f-1464b144ee44-25,EDC_BS6_PERIODIC,2025-12-06 00:23:02,2025-12-07 13:53:07,17.1619664,79.322912,10842,8252,FixOK,A,ObV5CS1912,T417F6b453,"586F+89C, Nalgonda, Telangana 508205, India",331616.625,40.57,IgnitionOn,1,223.91,71.9,6,-113
9ceb31b6-64d0-4650-9e4f-1464b144ee44-26,EDC_BS6_PERIODIC,2025-12-06 00:23:08,2025-12-07 13:53:07,17.1621504,79.323488,10843,8252,FixOK,A,ObV5CS1912,T417F6b453,"586F+89C, Nalgonda, Telangana 508205, India",331616.625,40.11,IgnitionOn,1,223.72,71,6,-113
9ceb31b6-64d0-4650-9e4f-1464b144ee44-27,EDC_BS6_PERIODIC,2025-12-06 00:23:14,2025-12-07 13:53:07,17.1623104,79.3240704,10844,8252,FixOK,A,ObV5CS1912,T417F6b453,"586F+RXJ, Nalgonda, Telangana 508205, India",331616.75,40.38,IgnitionOn,1,223.27,74.59,6,-113
9ceb31b6-64d0-4650-9e4f-1464b144ee44-28,EDC_BS6_PERIODIC,2025-12-06 00:23:20,2025-12-07 13:53:07,17.16248,79.3246592,10845,8252,FixOK,A,ObV5CS1912,T417F6b453,"586F+RXJ, Nalgonda, Telangana 508205, India",331616.875,40.59,IgnitionOn,1,222.759,72.59,6,-113
9ceb31b6-64d0-4650-9e4f-1464b144ee44-29,EDC_BS6_PERIODIC,2025-12-06 00:23:26,2025-12-07 13:53:07,17.1626848,79.3252352,10846,8252,FixOK,A,ObV5CS1912,T417F6b453,"586F+RXJ, Nalgonda, Telangana 508205, India",331616.875,40.64,IgnitionOn,1,222.7,69.69,6,-113
9ceb31b6-64d0-4650-9e4f-1464b144ee44-30,EDC_BS6_PERIODIC,2025-12-06 00:23:32,2025-12-07 13:53:07,17.16288,79.3258304,10847,8252,FixOK,A,ObV5CS1912,T417F6b453,"587G+2H, Mallaram, Telangana 508205, India",331617,41.21,IgnitionOn,1,222.41,70.9,6,-113
9ceb31b6-64d0-4650-9e4f-1464b144ee44-31,EDC_BS6_PERIODIC,2025-12-06 00:23:38,2025-12-07 13:53:07,17.1630752,79.3264512,10848,8252,FixOK,A,ObV5CS1912,T417F6b453,"587G+2H, Mallaram, Telangana 508205, India",331617,42.58,IgnitionOn,1,222.399,72.19,6,-113
9ceb31b6-64d0-4650-9e4f-1464b144ee44-32,EDC_BS6_PERIODIC,2025-12-06 00:23:44,2025-12-07 13:53:07,17.1632544,79.3270976,10849,8252,FixOK,A,ObV5CS1912,T417F6b453,"587G+2H, Mallaram, Telangana 508205, India",331617.125,44.24,IgnitionOn,1,222.63,74.9,5,-113
9ceb31b6-64d0-4650-9e4f-1464b144ee44-33,EDC_BS6_PERIODIC,2025-12-06 00:23:50,2025-12-07 13:53:07,17.1634208,79.3277568,10850,8252,FixOK,A,ObV5CS1912,T417F6b453,"Hyderabad - Suryapet Hwy, Mallaram, Telangana 508205, India",331617.25,44.66,IgnitionOn,1,222.839,75,6,-113
d0e37d06-939f-4c17-949f-272b1cad9ea6-1,EDC_BS6_PERIODIC,2025-12-06 00:23:56,2025-12-07 13:53:28,17.1636128,79.3284352,10851,8252,FixOK,A,ObV5CS1912,T417F6b453,"Hyderabad - Suryapet Hwy, Mallaram, Telangana 508205, India",331617.25,45.95,IgnitionOn,1,223.02,72,6,-113
d0e37d06-939f-4c17-949f-272b1cad9ea6-2,EDC_BS6_PERIODIC,2025-12-06 00:24:02,2025-12-07 13:53:28,17.163824,79.32912,10852,8252,FixOK,A,ObV5CS1912,T417F6b453,"Hyderabad - Suryapet Hwy, Mallaram, Telangana 508205, India",331617.375,47.3,IgnitionOn,1,223.019,72.5,5,-113
d0e37d06-939f-4c17-949f-272b1cad9ea6-3,EDC_BS6_PERIODIC,2025-12-06 00:24:08,2025-12-07 13:53:28,17.1640288,79.3298048,10853,8252,FixOK,A,ObV5CS1912,T417F6b453,"Hyderabad - Suryapet Hwy, Mallaram, Telangana 508205, India",331617.5,47.64,IgnitionOn,1,222.63,71.8,5,-113
d0e37d06-939f-4c17-949f-272b1cad9ea6-4,EDC_BS6_PERIODIC,2025-12-06 00:24:14,2025-12-07 13:53:28,17.1642064,79.3305024,10854,8252,FixOK,A,ObV5CS1912,T417F6b453,"Hyderabad - Vijayawada Hwy, Telangana 508205, India",331617.5,47.46,IgnitionOn,1,222.21,74.8,5,-113
d0e37d06-939f-4c17-949f-272b1cad9ea6-5,EDC_BS6_PERIODIC,2025-12-06 00:24:20,2025-12-07 13:53:28,17.1644176,79.331168,10855,8252,FixOK,A,ObV5CS1912,T417F6b453,"Hyderabad - Vijayawada Hwy, Telangana 508205, India",331617.625,45.81,IgnitionOn,1,221.96,71.09,6,-113
d0e37d06-939f-4c17-949f-272b1cad9ea6-6,EDC_BS6_PERIODIC,2025-12-06 00:24:26,2025-12-07 13:53:28,17.164632,79.331808,10856,8252,FixOK,A,ObV5CS1912,T417F6b453,"587M+Q3F, Vijayawada - Hyderabad Hwy, Telangana 508205, India",331617.625,44.79,IgnitionOn,1,221.58,71.9,5,-113
d0e37d06-939f-4c17-949f-272b1cad9ea6-7,EDC_BS6_PERIODIC,2025-12-06 00:24:32,2025-12-07 13:53:28,17.164824,79.3324416,10857,8252,FixOK,A,ObV5CS1912,T417F6b453,"587M+Q3F, Vijayawada - Hyderabad Hwy, Telangana 508205, India",331617.75,43.03,IgnitionOn,1,221.85,71.59,6,-113
d0e37d06-939f-4c17-949f-272b1cad9ea6-8,EDC_BS6_PERIODIC,2025-12-06 00:24:38,2025-12-07 13:53:28,17.1650048,79.3330304,10858,8252,FixOK,A,ObV5CS1912,T417F6b453,"587M+Q3F, Vijayawada - Hyderabad Hwy, Telangana 508205, India",331617.875,41.49,IgnitionOn,1,221.855,73.09,6,-113
d0e37d06-939f-4c17-949f-272b1cad9ea6-9,EDC_BS6_PERIODIC,2025-12-06 00:24:44,2025-12-07 13:53:28,17.1651872,79.3336064,10859,8252,FixOK,A,ObV5CS1912,T417F6b453,"NH65, Telangana 508205, India",331617.875,40.14,IgnitionOn,1,222.949,71.5,6,-113
d0e37d06-939f-4c17-949f-272b1cad9ea6-10,EDC_BS6_PERIODIC,2025-12-06 00:24:50,2025-12-07 13:53:28,17.1653776,79.334208,10860,8252,FixOK,A,ObV5CS1912,T417F6b453,"NH65, Telangana 508205, India",331618,41.19,IgnitionOn,1,223.479,70.8,6,-113
d0e37d06-939f-4c17-949f-272b1cad9ea6-11,EDC_BS6_PERIODIC,2025-12-06 00:24:56,2025-12-07 13:53:28,17.1655744,79.3348416,10861,8252,FixOK,A,ObV5CS1912,T417F6b453,"NH65, Telangana 508205, India",331618,44.39,IgnitionOn,1,224.46,71.4,5,-113
d0e37d06-939f-4c17-949f-272b1cad9ea6-13,EDC_BS6_PERIODIC,2025-12-06 00:25:02,2025-12-07 13:53:28,17.1657632,79.3354816,10862,8252,FixOK,A,ObV5CS1912,T417F6b453,"NH65, Telangana 508205, India",331618.125,45.12,IgnitionOn,1,225.179,72.59,6,-113
d0e37d06-939f-4c17-949f-272b1cad9ea6-14,EDC_BS6_PERIODIC,2025-12-06 00:25:08,2025-12-07 13:53:28,17.1659456,79.3361536,10863,8252,FixOK,A,ObV5CS1912,T417F6b453,"Hyderabad - Vijayawada Hwy, Telangana 508205, India",331618.25,45.76,IgnitionOn,1,225.71,71.69,6,-113
d0e37d06-939f-4c17-949f-272b1cad9ea6-15,EDC_BS6_PERIODIC,2025-12-06 00:25:14,2025-12-07 13:53:28,17.1661152,79.3368256,10864,8252,FixOK,A,ObV5CS1912,T417F6b453,"Hyderabad - Vijayawada Hwy, Telangana 508205, India",331618.25,46.48,IgnitionOn,1,226.035,73.4,5,-113
d0e37d06-939f-4c17-949f-272b1cad9ea6-16,EDC_BS6_PERIODIC,2025-12-06 00:25:20,2025-12-07 13:53:28,17.166328,79.337504,10865,8252,FixOK,A,ObV5CS1912,T417F6b453,"Hyderabad - Vijayawada Hwy, Telangana 508205, India",331618.375,47.09,IgnitionOn,1,227.33,70.9,6,-113
d0e37d06-939f-4c17-949f-272b1cad9ea6-17,EDC_BS6_PERIODIC,2025-12-06 00:25:26,2025-12-07 13:53:28,17.166528,79.3381888,10866,8252,FixOK,A,ObV5CS1912,T417F6b453,"NH65, Telangana 508205, India",331618.5,46.8,IgnitionOn,1,228.05,73.5,4,-113
d0e37d06-939f-4c17-949f-272b1cad9ea6-18,EDC_BS6_PERIODIC,2025-12-06 00:25:32,2025-12-07 13:53:28,17.166704,79.338848,10867,8252,FixOK,A,ObV5CS1912,T417F6b453,"Hyderabad - Vijayawada Hwy, Telangana 508205, India",331618.5,44.66,IgnitionOn,1,227.85,74.59,5,-113
d0e37d06-939f-4c17-949f-272b1cad9ea6-19,EDC_BS6_PERIODIC,2025-12-06 00:25:38,2025-12-07 13:53:28,17.1668736,79.3394816,10868,8252,FixOK,A,ObV5CS1912,T417F6b453,"Hyderabad - Vijayawada Hwy, Telangana 508205, India",331618.625,43.3,IgnitionOn,1,227.36,74.59,6,-113
d0e37d06-939f-4c17-949f-272b1cad9ea6-20,EDC_BS6_PERIODIC,2025-12-06 00:25:44,2025-12-07 13:53:28,17.1670384,79.3400704,10869,8252,FixOK,A,ObV5CS1912,T417F6b453,"589R+35V, NH 65, Telangana 508205, India",331618.625,41.14,IgnitionOn,1,226.88,74.5,6,-113
d0e37d06-939f-4c17-949f-272b1cad9ea6-21,EDC_BS6_PERIODIC,2025-12-06 00:25:50,2025-12-07 13:53:28,17.167208,79.340672,10870,8252,FixOK,A,ObV5CS1912,T417F6b453,"589R+35V, NH 65, Telangana 508205, India",331618.75,41.62,IgnitionOn,1,226.579,73.9,6,-113
d0e37d06-939f-4c17-949f-272b1cad9ea6-22,EDC_BS6_PERIODIC,2025-12-06 00:25:56,2025-12-07 13:53:28,17.167408,79.3412992,10871,8252,FixOK,A,ObV5CS1912,T417F6b453,"589R+35V, NH 65, Telangana 508205, India",331618.875,43.63,IgnitionOn,1,225.949,71.69,6,-113
d0e37d06-939f-4c17-949f-272b1cad9ea6-23,EDC_BS6_PERIODIC,2025-12-06 00:26:02,2025-12-07 13:53:28,17.1676096,79.3419264,10872,8252,FixOK,A,ObV5CS1912,T417F6b453,"Hyderabad - Vijayawada Hwy, Telangana 508205, India",331618.875,43.84,IgnitionOn,1,225.029,71.19,6,-113
d0e37d06-939f-4c17-949f-272b1cad9ea6-24,EDC_BS6_PERIODIC,2025-12-06 00:26:08,2025-12-07 13:53:28,17.1678208,79.3425664,10873,8252,FixOK,A,ObV5CS1912,T417F6b453,"Hyderabad - Vijayawada Hwy, Telangana 508205, India",331619,44.69,IgnitionOn,1,224.369,71.9,5,-113
d0e37d06-939f-4c17-949f-272b1cad9ea6-25,EDC_BS6_PERIODIC,2025-12-06 00:26:14,2025-12-07 13:53:28,17.168016,79.3432256,10874,8252,FixOK,A,ObV5CS1912,T417F6b453,"Hyderabad - Vijayawada Hwy, Telangana 508205, India",331619,45.26,IgnitionOn,1,223.82,74.3,5,-113
d0e37d06-939f-4c17-949f-272b1cad9ea6-26,EDC_BS6_PERIODIC,2025-12-06 00:26:20,2025-12-07 13:53:28,17.168216,79.343872,10875,8252,FixOK,A,ObV5CS1912,T417F6b453,"589V+JRR, Nalgonda, Telangana 508205, India",331619.125,45.09,IgnitionOn,1,224.199,72.19,6,-113
d0e37d06-939f-4c17-949f-272b1cad9ea6-27,EDC_BS6_PERIODIC,2025-12-06 00:26:26,2025-12-07 13:53:28,17.1684096,79.3444992,10876,8252,FixOK,A,ObV5CS1912,T417F6b453,"589V+JRR, Nalgonda, Telangana 508205, India",331619.25,42.91,IgnitionOn,1,224.66,71.09,6,-113
d0e37d06-939f-4c17-949f-272b1cad9ea6-28,EDC_BS6_PERIODIC,2025-12-06 00:26:32,2025-12-07 13:53:28,17.168584,79.3451008,10877,8252,FixOK,A,ObV5CS1912,T417F6b453,"589V+JRR, Nalgonda, Telangana 508205, India",331619.25,42.06,IgnitionOn,1,225.479,72.9,6,-113
d0e37d06-939f-4c17-949f-272b1cad9ea6-29,EDC_BS6_PERIODIC,2025-12-06 00:26:38,2025-12-07 13:53:28,17.1687648,79.3456896,10878,8252,FixOK,A,ObV5CS1912,T417F6b453,"Hyderabad - Vijayawada Hwy, Telangana 508205, India",331619.375,39.79,IgnitionOn,1,226.039,72,6,-113
d0e37d06-939f-4c17-949f-272b1cad9ea6-30,EDC_BS6_PERIODIC,2025-12-06 00:26:44,2025-12-07 13:53:28,17.168944,79.3462464,10879,8252,FixOK,A,ObV5CS1912,T417F6b453,"Hyderabad - Vijayawada Hwy, Telangana 508205, India",331619.375,38.63,IgnitionOn,1,226.869,72.3,6,-113
d0e37d06-939f-4c17-949f-272b1cad9ea6-31,EDC_BS6_PERIODIC,2025-12-06 00:26:50,2025-12-07 13:53:28,17.169104,79.3468096,10880,8252,FixOK,A,ObV5CS1912,T417F6b453,"Hyderabad - Vijayawada Hwy, Telangana 508205, India",331619.5,38.36,IgnitionOn,1,227.63,74.59,5,-113
d0e37d06-939f-4c17-949f-272b1cad9ea6-32,EDC_BS6_PERIODIC,2025-12-06 00:26:56,2025-12-07 13:53:28,17.1692544,79.3473664,10881,8252,FixOK,A,ObV5CS1912,T417F6b453,"Hyderabad - Vijayawada Hwy, Telangana 508205, India",331619.5,39.84,IgnitionOn,1,228.169,74.59,6,-113
d0e37d06-939f-4c17-949f-272b1cad9ea6-33,EDC_BS6_PERIODIC,2025-12-06 00:27:02,2025-12-07 13:53:28,17.169416,79.3479744,10882,8252,FixOK,A,ObV5CS1912,T417F6b453,"589X+Q5 Aiti Pamula, Telangana, India",331619.625,42.01,IgnitionOn,1,228.067,75.3,6,-113
d0e37d06-939f-4c17-949f-272b1cad9ea6-34,EDC_BS6_PERIODIC,2025-12-06 00:27:08,2025-12-07 13:53:28,17.1695712,79.3486336,10883,8252,FixOK,A,ObV5CS1912,T417F6b453,"NH65, Telangana 508205, India",331619.75,44.74,IgnitionOn,1,228.119,75.69,7,-113
d0e37d06-939f-4c17-949f-272b1cad9ea6-35,EDC_BS6_PERIODIC,2025-12-06 00:27:14,2025-12-07 13:53:28,17.16972,79.349344,10884,8252,FixOK,A,ObV5CS1912,T417F6b453,"NH65, Telangana 508205, India",331619.75,47.74,IgnitionOn,1,228.309,78.69,7,-113
d0e37d06-939f-4c17-949f-272b1cad9ea6-36,EDC_BS6_PERIODIC,2025-12-06 00:27:20,2025-12-07 13:53:28,17.1698528,79.3500544,10885,8252,FixOK,A,ObV5CS1912,T417F6b453,"NH65, Telangana 508205, India",331619.875,48.53,IgnitionOn,1,227.86,78.8,6,-113
d0e37d06-939f-4c17-949f-272b1cad9ea6-37,EDC_BS6_PERIODIC,2025-12-06 00:27:26,2025-12-07 13:53:28,17.1699664,79.3507968,10886,8252,FixOK,A,ObV5CS1912,T417F6b453,"Hyderabad - Vijayawada Hwy, Telangana 508205, India",331620,50.71,IgnitionOn,1,227.32,81.5,7,-113
d0e37d06-939f-4c17-949f-272b1cad9ea6-38,EDC_BS6_PERIODIC,2025-12-06 00:27:32,2025-12-07 13:53:28,17.170056,79.3515584,10887,8252,FixOK,A,ObV5CS1912,T417F6b453,"59C2+2R Aiti Pamula, Telangana, India",331620,51.16,IgnitionOn,1,225.809,82.8,7,-113
d0e37d06-939f-4c17-949f-272b1cad9ea6-39,EDC_BS6_PERIODIC,2025-12-06 00:27:38,2025-12-07 13:53:28,17.170136,79.3523328,10888,8252,FixOK,A,ObV5CS1912,T417F6b453,"59C2+2R Aiti Pamula, Telangana, India",331620.125,49.2,IgnitionOn,1,224.675,84,7,-113
d0e37d06-939f-4c17-949f-272b1cad9ea6-40,EDC_BS6_PERIODIC,2025-12-06 00:27:44,2025-12-07 13:53:28,17.1701984,79.3530752,10889,8252,FixOK,A,ObV5CS1912,T417F6b453,"Aitipamula 11/95, near saibaba temple, Telangana 508205, India",331620.25,47.8,IgnitionOn,1,222.05,87.09,5,-113
d0e37d06-939f-4c17-949f-272b1cad9ea6-41,EDC_BS6_PERIODIC,2025-12-06 00:27:50,2025-12-07 13:53:28,17.17024,79.3537664,10890,8252,FixOK,A,ObV5CS1912,T417F6b453,"Aitipamula 11/95, near saibaba temple, Telangana 508205, India",331620.25,46.84,IgnitionOn,1,220.66,86.3,7,-113
d0e37d06-939f-4c17-949f-272b1cad9ea6-42,EDC_BS6_PERIODIC,2025-12-06 00:27:56,2025-12-07 13:53:28,17.1702864,79.3544384,10891,8252,FixOK,A,ObV5CS1912,T417F6b453,"Aitipamula 11/95, near saibaba temple, Telangana 508205, India",331620.375,44.44,IgnitionOn,1,219.809,85,6,-113
d0e37d06-939f-4c17-949f-272b1cad9ea6-43,EDC_BS6_PERIODIC,2025-12-06 00:28:02,2025-12-07 13:53:28,17.1703552,79.3550784,10892,8252,FixOK,A,ObV5CS1912,T417F6b453,"59C3+5QW, Shapally, Telangana 508001, India",331620.5,42.15,IgnitionOn,1,219.139,83.8,5,-113
d0e37d06-939f-4c17-949f-272b1cad9ea6-44,EDC_BS6_PERIODIC,2025-12-06 00:28:08,2025-12-07 13:53:28,17.1704304,79.35568,10893,8252,FixOK,A,ObV5CS1912,T417F6b453,"Sbi,Kattanguru, 59C4+6CM, NH 65, Aiti Pamula, Telangana 508205, India",331620.5,39.52,IgnitionOn,1,219.059,82.4,6,-113
d0e37d06-939f-4c17-949f-272b1cad9ea6-45,EDC_BS6_PERIODIC,2025-12-06 00:28:14,2025-12-07 13:53:28,17.170472,79.3562944,10894,8252,FixOK,A,ObV5CS1912,T417F6b453,"Sbi,Kattanguru, 59C4+6CM, NH 65, Aiti Pamula, Telangana 508205, India",331620.625,41.19,IgnitionOn,1,218.977,86.3,6,-113
d0e37d06-939f-4c17-949f-272b1cad9ea6-46,EDC_BS6_PERIODIC,2025-12-06 00:28:20,2025-12-07 13:53:28,17.170504,79.3569536,10895,8252,FixOK,A,ObV5CS1912,T417F6b453,"Hyderabad - Suryapet Hwy, Aiti Pamula, Telangana 508205, India",331620.625,43.38,IgnitionOn,1,218.919,85.59,6,-113
d0e37d06-939f-4c17-949f-272b1cad9ea6-47,EDC_BS6_PERIODIC,2025-12-06 00:28:26,2025-12-07 13:53:28,17.1705344,79.357632,10896,8252,FixOK,A,ObV5CS1912,T417F6b453,"59C5+73R, Aiti Pamula, Telangana 508205, India",331620.75,45.79,IgnitionOn,1,218.66,87.4,6,-113
d0e37d06-939f-4c17-949f-272b1cad9ea6-48,EDC_BS6_PERIODIC,2025-12-06 00:28:32,2025-12-07 13:53:28,17.1705744,79.3583424,10897,8252,FixOK,A,ObV5CS1912,T417F6b453,"59C5+73R, Aiti Pamula, Telangana 508205, India",331620.875,47.09,IgnitionOn,1,217.91,85.9,6,-113
d0e37d06-939f-4c17-949f-272b1cad9ea6-49,EDC_BS6_PERIODIC,2025-12-06 00:28:38,2025-12-07 13:53:28,17.17064,79.359072,10898,8252,FixOK,A,ObV5CS1912,T417F6b453,"59C5+3F3, NH 65, Aiti Pamula, Telangana 508205, India",331620.875,48.2,IgnitionOn,1,216.419,86.19,6,-113
d0e37d06-939f-4c17-949f-272b1cad9ea6-50,EDC_BS6_PERIODIC,2025-12-06 00:28:44,2025-12-07 13:53:28,17.170728,79.35984,10899,8252,FixOK,A,ObV5CS1912,T417F6b453,"59C6+53G, Aiti Pamula, Telangana 508205, India",331621,51.87,IgnitionOn,1,214.179,82.4,5,-113
eabc8dd3-af6f-4a2a-9ebd-abe2e70c0935-1,EDC_BS6_PERIODIC,2025-12-06 00:28:50,2025-12-07 13:53:49,17.1708096,79.3606528,10900,8252,FixOK,A,ObV5CS1912,T417F6b453,"59C6+27Q, Hyderabad - Suryapet Hwy, Aiti Pamula, Telangana 508205, India",331621.125,54.59,IgnitionOn,1,212.977,83.9,6,-113
eabc8dd3-af6f-4a2a-9ebd-abe2e70c0935-2,EDC_BS6_PERIODIC,2025-12-06 00:28:56,2025-12-07 13:53:49,17.1709104,79.3614848,10901,8252,FixOK,A,ObV5CS1912,T417F6b453,"59C6+27Q, Hyderabad - Suryapet Hwy, Aiti Pamula, Telangana 508205, India",331621.25,55.07,IgnitionOn,1,210.559,81.8,6,-113
eabc8dd3-af6f-4a2a-9ebd-abe2e70c0935-3,EDC_BS6_PERIODIC,2025-12-06 00:29:02,2025-12-07 13:53:49,17.1710224,79.3623104,10902,8252,FixOK,A,ObV5CS1912,T417F6b453,"59C6+27Q, Hyderabad - Suryapet Hwy, Aiti Pamula, Telangana 508205, India",331621.25,54.43,IgnitionOn,1,208.589,81,5,-113
eabc8dd3-af6f-4a2a-9ebd-abe2e70c0935-4,EDC_BS6_PERIODIC,2025-12-06 00:29:08,2025-12-07 13:53:49,17.1710912,79.3631296,10903,8252,FixOK,A,ObV5CS1912,T417F6b453,"59C7+96 Aiti Pamula, Telangana, India",331621.375,54.11,IgnitionOn,1,206.66,83.8,6,-113
eabc8dd3-af6f-4a2a-9ebd-abe2e70c0935-5,EDC_BS6_PERIODIC,2025-12-06 00:29:14,2025-12-07 13:53:49,17.171136,79.363936,10904,8252,FixOK,A,ObV5CS1912,T417F6b453,"Hyderabad - Vijayawada Hwy, Aiti Pamula, Telangana 508205, India",331621.5,52.86,IgnitionOn,1,205.25,86.69,6,-113
eabc8dd3-af6f-4a2a-9ebd-abe2e70c0935-6,EDC_BS6_PERIODIC,2025-12-06 00:29:20,2025-12-07 13:53:49,17.1712032,79.364704,10905,8252,FixOK,A,ObV5CS1912,T417F6b453,"Hyderabad - Vijayawada Hwy, Telangana 508205, India",331621.625,49.65,IgnitionOn,1,204.35,83.59,6,-113
eabc8dd3-af6f-4a2a-9ebd-abe2e70c0935-7,EDC_BS6_PERIODIC,2025-12-06 00:29:26,2025-12-07 13:53:49,17.171304,79.3654336,10906,8252,FixOK,A,ObV5CS1912,T417F6b453,"Hyderabad - Vijayawada Hwy, Telangana 508205, India",331621.625,48.69,IgnitionOn,1,204.035,81.19,7,-113
eabc8dd3-af6f-4a2a-9ebd-abe2e70c0935-8,EDC_BS6_PERIODIC,2025-12-06 00:29:32,2025-12-07 13:53:49,17.1713632,79.3661056,10907,8252,FixOK,A,ObV5CS1912,T417F6b453,"59C8+FC Aiti Pamula, Telangana, India",331621.75,45.37,IgnitionOn,1,203.19,84.5,6,-113
eabc8dd3-af6f-4a2a-9ebd-abe2e70c0935-9,EDC_BS6_PERIODIC,2025-12-06 00:29:38,2025-12-07 13:53:49,17.171424,79.3667712,10908,8252,FixOK,A,ObV5CS1912,T417F6b453,"Hyderabad - Suryapet Hwy, Telangana 508205, India",331621.75,44.44,IgnitionOn,1,202.36,84.5,4,-113
eabc8dd3-af6f-4a2a-9ebd-abe2e70c0935-10,EDC_BS6_PERIODIC,2025-12-06 00:29:44,2025-12-07 13:53:49,17.1714368,79.3674368,10909,8252,FixOK,A,ObV5CS1912,T417F6b453,"Hyderabad - Suryapet Hwy, Telangana 508205, India",331621.875,43.89,IgnitionOn,1,201.35,88.59,5,-113
eabc8dd3-af6f-4a2a-9ebd-abe2e70c0935-11,EDC_BS6_PERIODIC,2025-12-06 00:29:50,2025-12-07 13:53:49,17.171448,79.3680768,10910,8252,FixOK,A,ObV5CS1912,T417F6b453,"59C9+854, Vijayawada - Hyderabad Hwy, Telangana 508205, India",331621.875,42.15,IgnitionOn,1,201.059,88.19,4,-113
eabc8dd3-af6f-4a2a-9ebd-abe2e70c0935-12,EDC_BS6_PERIODIC,2025-12-06 00:29:56,2025-12-07 13:53:49,17.1714688,79.368704,10911,8252,FixOK,A,ObV5CS1912,T417F6b453,"59C9+854, Vijayawada - Hyderabad Hwy, Telangana 508205, India",331622,41.26,IgnitionOn,1,200.899,87.4,4,-113
eabc8dd3-af6f-4a2a-9ebd-abe2e70c0935-13,EDC_BS6_PERIODIC,2025-12-06 00:30:02,2025-12-07 13:53:49,17.1715024,79.369312,10912,8252,FixOK,A,ObV5CS1912,T417F6b453,"NH65, Telangana 508205, India",331622.125,40.36,IgnitionOn,1,200.551,86.59,4,-113
eabc8dd3-af6f-4a2a-9ebd-abe2e70c0935-14,EDC_BS6_PERIODIC,2025-12-06 00:30:08,2025-12-07 13:53:49,17.171512,79.3699072,10913,8252,FixOK,A,ObV5CS1912,T417F6b453,"Hyderabad - Vijayawada Hwy, Telangana 508205, India",331622.125,39.36,IgnitionOn,1,199.949,87.9,4,-113
eabc8dd3-af6f-4a2a-9ebd-abe2e70c0935-15,EDC_BS6_PERIODIC,2025-12-06 00:30:14,2025-12-07 13:53:49,17.1715328,79.3704896,10914,8252,FixOK,A,ObV5CS1912,T417F6b453,"Hyderabad - Vijayawada Hwy, Telangana 508205, India",331622.25,39.01,IgnitionOn,1,199.059,90,4,-113
eabc8dd3-af6f-4a2a-9ebd-abe2e70c0935-16,EDC_BS6_PERIODIC,2025-12-06 00:30:20,2025-12-07 13:53:49,17.171544,79.3710848,10915,8252,FixOK,A,ObV5CS1912,T417F6b453,"Hyderabad - Vijayawada Hwy, Telangana 508205, India",331622.25,39.18,IgnitionOn,1,198.21,88.4,5,-113
eabc8dd3-af6f-4a2a-9ebd-abe2e70c0935-17,EDC_BS6_PERIODIC,2025-12-06 00:30:26,2025-12-07 13:53:49,17.171568,79.37168,10916,8252,FixOK,A,ObV5CS1912,T417F6b453,"Hyderabad - Vijayawada Hwy, Telangana 508205, India",331622.375,39.12,IgnitionOn,1,197.419,87.4,4,-113
eabc8dd3-af6f-4a2a-9ebd-abe2e70c0935-18,EDC_BS6_PERIODIC,2025-12-06 00:30:32,2025-12-07 13:53:49,17.1715904,79.3722816,10917,8252,FixOK,A,ObV5CS1912,T417F6b453,"Hyderabad - Vijayawada Hwy, Telangana 508205, India",331622.375,39.39,IgnitionOn,1,197.089,87.19,5,-113
eabc8dd3-af6f-4a2a-9ebd-abe2e70c0935-19,EDC_BS6_PERIODIC,2025-12-06 00:30:38,2025-12-07 13:53:49,17.1716016,79.372896,10918,8252,FixOK,A,ObV5CS1912,T417F6b453,"Hyderabad - Vijayawada Hwy, Telangana 508205, India",331622.5,40.22,IgnitionOn,1,197.205,89.4,5,-113
eabc8dd3-af6f-4a2a-9ebd-abe2e70c0935-20,EDC_BS6_PERIODIC,2025-12-06 00:30:44,2025-12-07 13:53:49,17.1715392,79.373536,10919,8252,FixOK,A,ObV5CS1912,T417F6b453,"59CF+JF Aiti Pamula, Telangana, India",331622.5,42.1,IgnitionOn,1,197.52,94,5,-113
eabc8dd3-af6f-4a2a-9ebd-abe2e70c0935-21,EDC_BS6_PERIODIC,2025-12-06 00:30:50,2025-12-07 13:53:49,17.1714688,79.3741952,10920,8252,FixOK,A,ObV5CS1912,T417F6b453,"Hyderabad - Suryapet Hwy, Telangana 508205, India",331622.625,44.44,IgnitionOn,1,198.009,95.19,6,-113
eabc8dd3-af6f-4a2a-9ebd-abe2e70c0935-22,EDC_BS6_PERIODIC,2025-12-06 00:30:56,2025-12-07 13:53:49,17.1713632,79.3748608,10921,8252,FixOK,A,ObV5CS1912,T417F6b453,"Hyderabad - Vijayawada Hwy, Telangana 508205, India",331622.75,44.08,IgnitionOn,1,197.669,97.8,5,-113
eabc8dd3-af6f-4a2a-9ebd-abe2e70c0935-23,EDC_BS6_PERIODIC,2025-12-06 00:31:02,2025-12-07 13:53:49,17.171232,79.3755392,10922,8252,FixOK,A,ObV5CS1912,T417F6b453,"Hyderabad - Vijayawada Hwy, Telangana 508205, India",331622.75,45.09,IgnitionOn,1,196.979,100.09,6,-113
eabc8dd3-af6f-4a2a-9ebd-abe2e70c0935-24,EDC_BS6_PERIODIC,2025-12-06 00:31:08,2025-12-07 13:53:49,17.171096,79.3762432,10923,8252,FixOK,A,ObV5CS1912,T417F6b453,"Hyderabad - Vijayawada Hwy, Telangana 508205, India",331622.875,46.39,IgnitionOn,1,196.49,100.4,6,-113
eabc8dd3-af6f-4a2a-9ebd-abe2e70c0935-25,EDC_BS6_PERIODIC,2025-12-06 00:31:14,2025-12-07 13:53:49,17.170984,79.3769088,10924,8252,FixOK,A,ObV5CS1912,T417F6b453,"Hyderabad - Vijayawada Hwy, Telangana 508205, India",331623,45.23,IgnitionOn,1,196.739,99.59,5,-113
eabc8dd3-af6f-4a2a-9ebd-abe2e70c0935-26,EDC_BS6_PERIODIC,2025-12-06 00:31:20,2025-12-07 13:53:49,17.1708672,79.3775488,10925,8252,FixOK,A,ObV5CS1912,T417F6b453,"Hyderabad - Vijayawada Hwy, Telangana 508205, India",331623,42.82,IgnitionOn,1,196.679,100.09,6,-113
eabc8dd3-af6f-4a2a-9ebd-abe2e70c0935-27,EDC_BS6_PERIODIC,2025-12-06 00:31:26,2025-12-07 13:53:49,17.1707696,79.3781504,10926,8252,FixOK,A,ObV5CS1912,T417F6b453,"Hyderabad - Vijayawada Hwy, Telangana 508205, India",331623.125,39.77,IgnitionOn,1,196.35,98.8,6,-113
eabc8dd3-af6f-4a2a-9ebd-abe2e70c0935-28,EDC_BS6_PERIODIC,2025-12-06 00:31:32,2025-12-07 13:53:49,17.1706704,79.3787584,10927,8252,FixOK,A,ObV5CS1912,T417F6b453,"Hyderabad - Vijayawada Hwy, Telangana 508205, India",331623.125,40.98,IgnitionOn,1,195.99,99.09,6,-113
eabc8dd3-af6f-4a2a-9ebd-abe2e70c0935-29,EDC_BS6_PERIODIC,2025-12-06 00:31:38,2025-12-07 13:53:49,17.1705792,79.3793984,10928,8252,FixOK,A,ObV5CS1912,T417F6b453,"Hyderabad - Vijayawada Hwy, Telangana 508205, India",331623.25,44.38,IgnitionOn,1,195.889,97.9,7,-113
eabc8dd3-af6f-4a2a-9ebd-abe2e70c0935-30,EDC_BS6_PERIODIC,2025-12-06 00:31:44,2025-12-07 13:53:49,17.17048,79.380032,10929,8252,FixOK,A,ObV5CS1912,T417F6b453,"Hyderabad - Suryapet Hwy, Telangana 508205, India",331623.25,42.06,IgnitionOn,1,195.949,98.8,6,-113
eabc8dd3-af6f-4a2a-9ebd-abe2e70c0935-31,EDC_BS6_PERIODIC,2025-12-06 00:31:50,2025-12-07 13:53:49,17.1703872,79.3806592,10930,8252,FixOK,A,ObV5CS1912,T417F6b453,"59CJ+4F Ramachandrapuram, Telangana, India",331623.375,42.61,IgnitionOn,1,196.225,98.19,6,-113
eabc8dd3-af6f-4a2a-9ebd-abe2e70c0935-32,EDC_BS6_PERIODIC,2025-12-06 00:31:56,2025-12-07 13:53:49,17.1703184,79.3812608,10931,8252,FixOK,A,ObV5CS1912,T417F6b453,"59CJ+4F Ramachandrapuram, Telangana, India",331623.5,40.55,IgnitionOn,1,196.649,97.5,5,-113
eabc8dd3-af6f-4a2a-9ebd-abe2e70c0935-33,EDC_BS6_PERIODIC,2025-12-06 00:32:02,2025-12-07 13:53:49,17.1702528,79.3818176,10932,8252,FixOK,A,ObV5CS1912,T417F6b453,"Hyderabad - Vijayawada Hwy, Telangana 508205, India",331623.5,37.62,IgnitionOn,1,196.589,96.5,6,-113
eabc8dd3-af6f-4a2a-9ebd-abe2e70c0935-34,EDC_BS6_PERIODIC,2025-12-06 00:32:08,2025-12-07 13:53:49,17.1701888,79.382368,10933,8252,FixOK,A,ObV5CS1912,T417F6b453,"Hyderabad - Vijayawada Hwy, Telangana 508205, India",331623.625,36.31,IgnitionOn,1,196.8,96.3,5,-113
eabc8dd3-af6f-4a2a-9ebd-abe2e70c0935-35,EDC_BS6_PERIODIC,2025-12-06 00:32:14,2025-12-07 13:53:49,17.1701152,79.382944,10934,8252,FixOK,A,ObV5CS1912,T417F6b453,"599M+X9 Nakrekal, Telangana, India",331623.625,38.66,IgnitionOn,1,196.07,97.19,5,-113
eabc8dd3-af6f-4a2a-9ebd-abe2e70c0935-36,EDC_BS6_PERIODIC,2025-12-06 00:32:20,2025-12-07 13:53:49,17.17004,79.3835584,10935,8252,FixOK,A,ObV5CS1912,T417F6b453,"Hyderabad - Vijayawada Hwy, Telangana 508205, India",331623.75,41.44,IgnitionOn,1,195.52,95.9,6,-113
eabc8dd3-af6f-4a2a-9ebd-abe2e70c0935-37,EDC_BS6_PERIODIC,2025-12-06 00:32:26,2025-12-07 13:53:49,17.1699696,79.3841792,10936,8252,FixOK,A,ObV5CS1912,T417F6b453,"Hyderabad - Vijayawada Hwy, Telangana 508205, India",331623.75,40.77,IgnitionOn,1,195.043,95.09,6,-113
eabc8dd3-af6f-4a2a-9ebd-abe2e70c0935-38,EDC_BS6_PERIODIC,2025-12-06 00:32:32,2025-12-07 13:53:49,17.1698848,79.3847808,10937,8252,FixOK,A,ObV5CS1912,T417F6b453,"599M+VX Nakrekal, Telangana, India",331623.875,40.68,IgnitionOn,1,194.1,96.3,6,-113
eabc8dd3-af6f-4a2a-9ebd-abe2e70c0935-39,EDC_BS6_PERIODIC,2025-12-06 00:32:38,2025-12-07 13:53:49,17.169776,79.3853952,10938,8252,FixOK,A,ObV5CS1912,T417F6b453,"599M+VX Nakrekal, Telangana, India",331624,41,IgnitionOn,1,193.179,98.8,6,-113
eabc8dd3-af6f-4a2a-9ebd-abe2e70c0935-40,EDC_BS6_PERIODIC,2025-12-06 00:32:44,2025-12-07 13:53:49,17.169672,79.3860096,10939,8252,FixOK,A,ObV5CS1912,T417F6b453,"Hyderabad - Vijayawada Hwy, Telangana 508205, India",331624,42.08,IgnitionOn,1,192.559,98.59,6,-113
eabc8dd3-af6f-4a2a-9ebd-abe2e70c0935-41,EDC_BS6_PERIODIC,2025-12-06 00:32:50,2025-12-07 13:53:49,17.169576,79.3866368,10940,8252,FixOK,A,ObV5CS1912,T417F6b453,"Hyderabad - Vijayawada Hwy, Telangana 508205, India",331624.125,41.82,IgnitionOn,1,191.58,98,6,-113
eabc8dd3-af6f-4a2a-9ebd-abe2e70c0935-42,EDC_BS6_PERIODIC,2025-12-06 00:32:56,2025-12-07 13:53:49,17.1694752,79.3872768,10941,8252,FixOK,A,ObV5CS1912,T417F6b453,"Hyderabad - Vijayawada Hwy, Telangana 508205, India",331624.125,42.75,IgnitionOn,1,190.529,98.5,6,-113
eabc8dd3-af6f-4a2a-9ebd-abe2e70c0935-43,EDC_BS6_PERIODIC,2025-12-06 00:33:02,2025-12-07 13:53:49,17.1693696,79.387936,10942,8252,FixOK,A,ObV5CS1912,T417F6b453,"Hyderabad - Vijayawada Hwy, Telangana 508205, India",331624.25,44.2,IgnitionOn,1,190.655,97.8,6,-113
eabc8dd3-af6f-4a2a-9ebd-abe2e70c0935-44,EDC_BS6_PERIODIC,2025-12-06 00:33:08,2025-12-07 13:53:49,17.1692624,79.3885696,10943,8252,FixOK,A,ObV5CS1912,T417F6b453,"599Q+PH Nakrekal, Telangana, India",331624.375,41.3,IgnitionOn,1,191.07,99.8,6,-113
eabc8dd3-af6f-4a2a-9ebd-abe2e70c0935-45,EDC_BS6_PERIODIC,2025-12-06 00:33:14,2025-12-07 13:53:49,17.169184,79.3891712,10944,8252,FixOK,A,ObV5CS1912,T417F6b453,"599Q+PH Nakrekal, Telangana, India",331624.375,40.41,IgnitionOn,1,191.35,95.8,6,-113
eabc8dd3-af6f-4a2a-9ebd-abe2e70c0935-46,EDC_BS6_PERIODIC,2025-12-06 00:33:20,2025-12-07 13:53:49,17.1691136,79.3897664,10945,8252,FixOK,A,ObV5CS1912,T417F6b453,"Hyderabad - Vijayawada Hwy, Telangana 508205, India",331624.5,40.11,IgnitionOn,1,191.729,96.59,6,-113
eabc8dd3-af6f-4a2a-9ebd-abe2e70c0935-47,EDC_BS6_PERIODIC,2025-12-06 00:33:26,2025-12-07 13:53:49,17.169056,79.390368,10946,8252,FixOK,A,ObV5CS1912,T417F6b453,"Hyderabad - Vijayawada Hwy, Telangana 508205, India",331624.5,39.34,IgnitionOn,1,191.979,95.59,6,-113
eabc8dd3-af6f-4a2a-9ebd-abe2e70c0935-48,EDC_BS6_PERIODIC,2025-12-06 00:33:32,2025-12-07 13:53:49,17.1689936,79.3909504,10947,8252,FixOK,A,ObV5CS1912,T417F6b453,"599R+JC Nakrekal, Telangana, India",331624.625,39.54,IgnitionOn,1,192.059,96.5,6,-113
eabc8dd3-af6f-4a2a-9ebd-abe2e70c0935-49,EDC_BS6_PERIODIC,2025-12-06 00:33:38,2025-12-07 13:53:49,17.1689248,79.3915392,10948,8252,FixOK,A,ObV5CS1912,T417F6b453,"Hyderabad - Vijayawada Hwy, Telangana 508205, India",331624.625,38.13,IgnitionOn,1,192.133,96.59,6,-113
eabc8dd3-af6f-4a2a-9ebd-abe2e70c0935-50,EDC_BS6_PERIODIC,2025-12-06 00:33:44,2025-12-07 13:53:49,17.1688608,79.392128,10949,8252,FixOK,A,ObV5CS1912,T417F6b453,"Hyderabad - Vijayawada Hwy, Telangana 508205, India",331624.75,39.48,IgnitionOn,1,193.74,96.19,6,-113
6d8ef442-3dfa-4617-8a30-55bb24ed7254-1,EDC_BS6_PERIODIC,2025-12-06 00:33:50,2025-12-07 13:54:08,17.1688064,79.392736,10950,8252,FixOK,A,ObV5CS1912,T417F6b453,"599V+988, stage, Nakrekal, Telangana 508211, India",331624.75,40.52,IgnitionOn,1,194.389,95.59,6,-113
6d8ef442-3dfa-4617-8a30-55bb24ed7254-2,EDC_BS6_PERIODIC,2025-12-06 00:33:56,2025-12-07 13:54:08,17.168744,79.3933696,10951,8252,FixOK,A,ObV5CS1912,T417F6b453,"599V+988, stage, Nakrekal, Telangana 508211, India",331624.875,41.53,IgnitionOn,1,195.25,95.3,6,-113
6d8ef442-3dfa-4617-8a30-55bb24ed7254-3,EDC_BS6_PERIODIC,2025-12-06 00:34:02,2025-12-07 13:54:08,17.1686592,79.3940096,10952,8252,FixOK,A,ObV5CS1912,T417F6b453,"599V+GRW, Telangana 508205, India",331625,41.99,IgnitionOn,1,196.13,98,6,-113
6d8ef442-3dfa-4617-8a30-55bb24ed7254-4,EDC_BS6_PERIODIC,2025-12-06 00:34:08,2025-12-07 13:54:08,17.1685792,79.3946752,10953,8252,FixOK,A,ObV5CS1912,T417F6b453,"599V+GRW, Telangana 508205, India",331625,43.33,IgnitionOn,1,197,98.19,6,-113
6d8ef442-3dfa-4617-8a30-55bb24ed7254-5,EDC_BS6_PERIODIC,2025-12-06 00:34:14,2025-12-07 13:54:08,17.1685376,79.395328,10954,8252,FixOK,A,ObV5CS1912,T417F6b453,"599V+GRW, Telangana 508205, India",331625.125,44.14,IgnitionOn,1,197.363,93.8,5,-113
6d8ef442-3dfa-4617-8a30-55bb24ed7254-6,EDC_BS6_PERIODIC,2025-12-06 00:34:20,2025-12-07 13:54:08,17.1684672,79.3959808,10955,8252,FixOK,A,ObV5CS1912,T417F6b453,"Vijayawada - Hyderabad Hwy, Telangana 508211, India",331625.125,43.16,IgnitionOn,1,198.369,96.8,6,-113
6d8ef442-3dfa-4617-8a30-55bb24ed7254-7,EDC_BS6_PERIODIC,2025-12-06 00:34:26,2025-12-07 13:54:08,17.1683968,79.3966656,10956,8252,FixOK,A,ObV5CS1912,T417F6b453,"Hyderabad - Suryapet Hwy, Telangana 508211, India",331625.25,44.14,IgnitionOn,1,199.02,96.69,6,-113
6d8ef442-3dfa-4617-8a30-55bb24ed7254-8,EDC_BS6_PERIODIC,2025-12-06 00:34:32,2025-12-07 13:54:08,17.168336,79.3973504,10957,8252,FixOK,A,ObV5CS1912,T417F6b453,"Hyderabad - Suryapet Hwy, Telangana 508211, India",331625.375,45.64,IgnitionOn,1,199.69,94.59,6,-113
6d8ef442-3dfa-4617-8a30-55bb24ed7254-9,EDC_BS6_PERIODIC,2025-12-06 00:34:38,2025-12-07 13:54:08,17.1682864,79.3980672,10958,8252,FixOK,A,ObV5CS1912,T417F6b453,"Hyderabad - Suryapet Hwy, Telangana 508211, India",331625.375,46.95,IgnitionOn,1,200.169,93.8,6,-113
6d8ef442-3dfa-4617-8a30-55bb24ed7254-10,EDC_BS6_PERIODIC,2025-12-06 00:34:44,2025-12-07 13:54:08,17.168232,79.3987712,10959,8252,FixOK,A,ObV5CS1912,T417F6b453,"NH65, Telangana 508211, India",331625.5,46.91,IgnitionOn,1,200.6,93.69,6,-113
6d8ef442-3dfa-4617-8a30-55bb24ed7254-11,EDC_BS6_PERIODIC,2025-12-06 00:34:50,2025-12-07 13:54:08,17.168192,79.3994816,10960,8252,FixOK,A,ObV5CS1912,T417F6b453,"NH65, Telangana 508211, India",331625.625,46.77,IgnitionOn,1,200.629,94.09,6,-113
6d8ef442-3dfa-4617-8a30-55bb24ed7254-12,EDC_BS6_PERIODIC,2025-12-06 00:34:56,2025-12-07 13:54:08,17.168152,79.4001792,10961,8252,FixOK,A,ObV5CS1912,T417F6b453,"NH65, Telangana 508211, India",331625.625,46.38,IgnitionOn,1,200.96,94.4,6,-113
6d8ef442-3dfa-4617-8a30-55bb24ed7254-14,EDC_BS6_PERIODIC,2025-12-06 00:35:02,2025-12-07 13:54:08,17.1680928,79.4008832,10962,8252,FixOK,A,ObV5CS1912,T417F6b453,"NH65, Telangana 508211, India",331625.75,45.88,IgnitionOn,1,201.46,94.9,6,-113
6d8ef442-3dfa-4617-8a30-55bb24ed7254-15,EDC_BS6_PERIODIC,2025-12-06 00:35:08,2025-12-07 13:54:08,17.1680448,79.401568,10963,8252,FixOK,A,ObV5CS1912,T417F6b453,"5C92+4W8, Nalgonda, Telangana 508211, India",331625.875,45.4,IgnitionOn,1,201.669,94.8,6,-113
6d8ef442-3dfa-4617-8a30-55bb24ed7254-16,EDC_BS6_PERIODIC,2025-12-06 00:35:14,2025-12-07 13:54:08,17.167992,79.4022656,10964,8252,FixOK,A,ObV5CS1912,T417F6b453,"5C92+4W8, Nalgonda, Telangana 508211, India",331625.875,45.61,IgnitionOn,1,201.88,94.8,6,-113
6d8ef442-3dfa-4617-8a30-55bb24ed7254-17,EDC_BS6_PERIODIC,2025-12-06 00:35:20,2025-12-07 13:54:08,17.1679344,79.4029568,10965,8252,FixOK,A,ObV5CS1912,T417F6b453,"NH65, Nakrekal, Telangana 508211, India",331626,45.58,IgnitionOn,1,201.929,94.9,6,-113
6d8ef442-3dfa-4617-8a30-55bb24ed7254-18,EDC_BS6_PERIODIC,2025-12-06 00:35:26,2025-12-07 13:54:08,17.167872,79.403648,10966,8252,FixOK,A,ObV5CS1912,T417F6b453,"5C83+WVR, Nakrekal, Telangana 508211, India",331626,45.89,IgnitionOn,1,202.207,94.8,6,-113
6d8ef442-3dfa-4617-8a30-55bb24ed7254-19,EDC_BS6_PERIODIC,2025-12-06 00:35:32,2025-12-07 13:54:08,17.167776,79.4043264,10967,8252,FixOK,A,ObV5CS1912,T417F6b453,"5C83+WVR, Nakrekal, Telangana 508211, India",331626.125,46.41,IgnitionOn,1,202.309,97.09,5,-113
6d8ef442-3dfa-4617-8a30-55bb24ed7254-20,EDC_BS6_PERIODIC,2025-12-06 00:35:38,2025-12-07 13:54:08,17.1676448,79.4050176,10968,8252,FixOK,A,ObV5CS1912,T417F6b453,"5C83+WVR, Nakrekal, Telangana 508211, India",331626.25,46.59,IgnitionOn,1,202.13,100.5,5,-113
6d8ef442-3dfa-4617-8a30-55bb24ed7254-21,EDC_BS6_PERIODIC,2025-12-06 00:35:44,2025-12-07 13:54:08,17.167432,79.4057216,10969,8252,FixOK,A,ObV5CS1912,T417F6b453,"5C94+4JR, Nakrekal, Telangana 508211, India",331626.25,47.82,IgnitionOn,1,202,109.3,5,-113
6d8ef442-3dfa-4617-8a30-55bb24ed7254-22,EDC_BS6_PERIODIC,2025-12-06 00:35:50,2025-12-07 13:54:08,17.167128,79.4064,10970,8252,FixOK,A,ObV5CS1912,T417F6b453,"5C94+4JR, Nakrekal, Telangana 508211, India",331626.375,49.01,IgnitionOn,1,201.399,114.69,6,-113
6d8ef442-3dfa-4617-8a30-55bb24ed7254-23,EDC_BS6_PERIODIC,2025-12-06 00:35:56,2025-12-07 13:54:08,17.1667856,79.4070656,10971,8252,FixOK,A,ObV5CS1912,T417F6b453,"5C94+5J2, Nakrekal, Telangana 508211, India",331626.5,49.9,IgnitionOn,1,201.369,117.5,5,-113
6d8ef442-3dfa-4617-8a30-55bb24ed7254-24,EDC_BS6_PERIODIC,2025-12-06 00:36:02,2025-12-07 13:54:08,17.1664,79.4077056,10972,8252,FixOK,A,ObV5CS1912,T417F6b453,"5C94+5XR, Hyderabad - Suryapet Hwy, Nakrekal, Telangana 508211, India",331626.5,50.09,IgnitionOn,1,201.121,121,3,-113
6d8ef442-3dfa-4617-8a30-55bb24ed7254-25,EDC_BS6_PERIODIC,2025-12-06 00:36:08,2025-12-07 13:54:08,17.1659392,79.40832,10973,8252,FixOK,A,ObV5CS1912,T417F6b453,"5C94+5XR, Hyderabad - Suryapet Hwy, Nakrekal, Telangana 508211, India",331626.625,50.43,IgnitionOn,1,200.11,125.9,3,-113
6d8ef442-3dfa-4617-8a30-55bb24ed7254-26,EDC_BS6_PERIODIC,2025-12-06 00:36:14,2025-12-07 13:54:08,17.1654544,79.4088832,10974,8252,FixOK,A,ObV5CS1912,T417F6b453,"NH 65, Nakrekal, Telangana 508211, India",331626.75,49.09,IgnitionOn,1,199.449,134.1,4,-113
6d8ef442-3dfa-4617-8a30-55bb24ed7254-27,EDC_BS6_PERIODIC,2025-12-06 00:36:20,2025-12-07 13:54:08,17.164944,79.4093824,10975,8252,FixOK,A,ObV5CS1912,T417F6b453,"NH 65, Nakrekal, Telangana 508211, India",331626.875,47.86,IgnitionOn,1,198.139,137.19,4,-113
6d8ef442-3dfa-4617-8a30-55bb24ed7254-28,EDC_BS6_PERIODIC,2025-12-06 00:36:26,2025-12-07 13:54:08,17.164424,79.4098432,10976,8252,FixOK,A,ObV5CS1912,T417F6b453,"NH 65, Nakrekal, Telangana 508211, India",331626.875,45.71,IgnitionOn,1,197.729,139.39,5,-113
6d8ef442-3dfa-4617-8a30-55bb24ed7254-29,EDC_BS6_PERIODIC,2025-12-06 00:36:32,2025-12-07 13:54:08,17.1639424,79.4102656,10977,8252,FixOK,A,ObV5CS1912,T417F6b453,"NH 65, Nakrekal, Telangana 508211, India",331627,43.16,IgnitionOn,1,197.16,139,5,-113
6d8ef442-3dfa-4617-8a30-55bb24ed7254-30,EDC_BS6_PERIODIC,2025-12-06 00:36:38,2025-12-07 13:54:08,17.1634784,79.4106816,10978,8252,FixOK,A,ObV5CS1912,T417F6b453,"NH 65, Nakrekal, Telangana 508211, India",331627,41.29,IgnitionOn,1,197.057,139.3,5,-113
6d8ef442-3dfa-4617-8a30-55bb24ed7254-31,EDC_BS6_PERIODIC,2025-12-06 00:36:44,2025-12-07 13:54:08,17.1630592,79.4111488,10979,8252,FixOK,A,ObV5CS1912,T417F6b453,"NH 65, Nakrekal, Telangana 508211, India",331627.125,40.66,IgnitionOn,1,197.38,129.89,5,-113
6d8ef442-3dfa-4617-8a30-55bb24ed7254-32,EDC_BS6_PERIODIC,2025-12-06 00:36:50,2025-12-07 13:54:08,17.1627168,79.4116544,10980,8252,FixOK,A,ObV5CS1912,T417F6b453,"NH 65, Nakrekal, Telangana 508211, India",331627.25,40.84,IgnitionOn,1,197.429,122.3,5,-113
6d8ef442-3dfa-4617-8a30-55bb24ed7254-33,EDC_BS6_PERIODIC,2025-12-06 00:36:56,2025-12-07 13:54:08,17.1624192,79.4122112,10981,8252,FixOK,A,ObV5CS1912,T417F6b453,"5C66+XW Nakrekal, Telangana, India",331627.25,42.27,IgnitionOn,1,198.44,119.09,5,-113
6d8ef442-3dfa-4617-8a30-55bb24ed7254-34,EDC_BS6_PERIODIC,2025-12-06 00:37:02,2025-12-07 13:54:08,17.1621504,79.4127872,10982,8252,FixOK,A,ObV5CS1912,T417F6b453,"5C67+V5 Nakrekal, Telangana, India",331627.375,43.26,IgnitionOn,1,198.57,115.3,5,-113
752d152d-3f44-4e1e-8647-0f82b34b15f5-1,EDC_BS6_PERIODIC,2025-12-06 00:37:08,2025-12-07 13:54:29,17.161904,79.4134016,10983,8252,FixOK,A,ObV5CS1912,T417F6b453,"5C67+V5 Nakrekal, Telangana, India",331627.375,44.88,IgnitionOn,1,198.179,112.5,5,-113
752d152d-3f44-4e1e-8647-0f82b34b15f5-2,EDC_BS6_PERIODIC,2025-12-06 00:37:14,2025-12-07 13:54:29,17.161656,79.4140224,10984,8252,FixOK,A,ObV5CS1912,T417F6b453,"NH 65, Nakrekal, Telangana 508211, India",331627.5,45.02,IgnitionOn,1,198.129,112.8,5,-113
752d152d-3f44-4e1e-8647-0f82b34b15f5-3,EDC_BS6_PERIODIC,2025-12-06 00:37:20,2025-12-07 13:54:29,17.1614048,79.414624,10985,8252,FixOK,A,ObV5CS1912,T417F6b453,"5C68+G3 Nakrekal, Telangana, India",331627.5,44.24,IgnitionOn,1,197.83,114.09,5,-113
752d152d-3f44-4e1e-8647-0f82b34b15f5-4,EDC_BS6_PERIODIC,2025-12-06 00:37:26,2025-12-07 13:54:29,17.1611424,79.4152,10986,8252,FixOK,A,ObV5CS1912,T417F6b453,"5C68+G3 Nakrekal, Telangana, India",331627.625,43.85,IgnitionOn,1,197.63,116.09,5,-113
752d152d-3f44-4e1e-8647-0f82b34b15f5-5,EDC_BS6_PERIODIC,2025-12-06 00:37:32,2025-12-07 13:54:29,17.1608352,79.4157504,10987,8252,FixOK,A,ObV5CS1912,T417F6b453,"NH 65, Nakrekal, Telangana 508211, India",331627.625,42.04,IgnitionOn,1,197.02,119.19,4,-113
752d152d-3f44-4e1e-8647-0f82b34b15f5-6,EDC_BS6_PERIODIC,2025-12-06 00:37:38,2025-12-07 13:54:29,17.160504,79.416288,10988,8252,FixOK,A,ObV5CS1912,T417F6b453,"NH 65, Nakrekal, Telangana 508211, India",331627.75,40.14,IgnitionOn,1,196.74,120.8,4,-113
752d152d-3f44-4e1e-8647-0f82b34b15f5-7,EDC_BS6_PERIODIC,2025-12-06 00:37:44,2025-12-07 13:54:29,17.160184,79.416832,10989,8252,FixOK,A,ObV5CS1912,T417F6b453,"5C69+463, Nalgonda, Telangana 508211, India",331627.875,41.86,IgnitionOn,1,197.27,121.19,5,-113
752d152d-3f44-4e1e-8647-0f82b34b15f5-8,EDC_BS6_PERIODIC,2025-12-06 00:37:50,2025-12-07 13:54:29,17.159864,79.4173824,10990,8252,FixOK,A,ObV5CS1912,T417F6b453,"5C69+463, Nalgonda, Telangana 508211, India",331627.875,42.64,IgnitionOn,1,197.413,120.69,5,-113
752d152d-3f44-4e1e-8647-0f82b34b15f5-9,EDC_BS6_PERIODIC,2025-12-06 00:37:56,2025-12-07 13:54:29,17.1595584,79.41792,10991,8252,FixOK,A,ObV5CS1912,T417F6b453,"5C69+463, Nalgonda, Telangana 508211, India",331628,41.39,IgnitionOn,1,198.11,121.3,5,-113
752d152d-3f44-4e1e-8647-0f82b34b15f5-10,EDC_BS6_PERIODIC,2025-12-06 00:38:02,2025-12-07 13:54:29,17.1592336,79.4184576,10992,8252,FixOK,A,ObV5CS1912,T417F6b453,"5C69+463, Nalgonda, Telangana 508211, India",331628,42.56,IgnitionOn,1,198.8,121.69,5,-113
752d152d-3f44-4e1e-8647-0f82b34b15f5-11,EDC_BS6_PERIODIC,2025-12-06 00:38:08,2025-12-07 13:54:29,17.158912,79.4189824,10993,8252,FixOK,A,ObV5CS1912,T417F6b453,"5C69+463, Nalgonda, Telangana 508211, India",331628.125,40.59,IgnitionOn,1,199.669,122.8,5,-113
752d152d-3f44-4e1e-8647-0f82b34b15f5-12,EDC_BS6_PERIODIC,2025-12-06 00:38:14,2025-12-07 13:54:29,17.1586,79.4195264,10994,8252,FixOK,A,ObV5CS1912,T417F6b453,"5C59+CV Nakrekal, Telangana, India",331628.25,41.36,IgnitionOn,1,200.089,120.09,5,-113
752d152d-3f44-4e1e-8647-0f82b34b15f5-13,EDC_BS6_PERIODIC,2025-12-06 00:38:20,2025-12-07 13:54:29,17.1582784,79.420096,10995,8252,FixOK,A,ObV5CS1912,T417F6b453,"5C5C+82 Nakrekal, Telangana, India",331628.25,43.81,IgnitionOn,1,200.149,121,5,-113
752d152d-3f44-4e1e-8647-0f82b34b15f5-14,EDC_BS6_PERIODIC,2025-12-06 00:38:26,2025-12-07 13:54:29,17.1579184,79.4207104,10996,8252,FixOK,A,ObV5CS1912,T417F6b453,"5C4C+XC5, Nakrekal, Telangana 508211, India",331628.375,47.23,IgnitionOn,1,200.185,121.8,5,-113
752d152d-3f44-4e1e-8647-0f82b34b15f5-15,EDC_BS6_PERIODIC,2025-12-06 00:38:32,2025-12-07 13:54:29,17.1575536,79.421344,10997,8252,FixOK,A,ObV5CS1912,T417F6b453,"5C4C+XC5, Nakrekal, Telangana 508211, India",331628.375,47.89,IgnitionOn,1,199.99,121.09,5,-113
752d152d-3f44-4e1e-8647-0f82b34b15f5-16,EDC_BS6_PERIODIC,2025-12-06 00:38:38,2025-12-07 13:54:29,17.157192,79.4220096,10998,8252,FixOK,A,ObV5CS1912,T417F6b453,"5C4C+XC5, Nakrekal, Telangana 508211, India",331628.5,49.45,IgnitionOn,1,199.52,120.3,5,-113
752d152d-3f44-4e1e-8647-0f82b34b15f5-17,EDC_BS6_PERIODIC,2025-12-06 00:38:44,2025-12-07 13:54:29,17.1568352,79.4227136,10999,8252,FixOK,A,ObV5CS1912,T417F6b453,"5C4F+JPC, Nakrekal, Telangana 508211, India",331628.625,51.5,IgnitionOn,1,199.1,116.09,5,-113
752d152d-3f44-4e1e-8647-0f82b34b15f5-18,EDC_BS6_PERIODIC,2025-12-06 00:38:50,2025-12-07 13:54:29,17.156536,79.4234368,11000,8252,FixOK,A,ObV5CS1912,T417F6b453,"5C4F+JPC, Nakrekal, Telangana 508211, India",331628.75,52.47,IgnitionOn,1,198.669,110.8,5,-113
752d152d-3f44-4e1e-8647-0f82b34b15f5-19,EDC_BS6_PERIODIC,2025-12-06 00:38:56,2025-12-07 13:54:29,17.1563072,79.4241792,11001,8252,FixOK,A,ObV5CS1912,T417F6b453,"5C4F+JPC, Nakrekal, Telangana 508211, India",331628.75,50.39,IgnitionOn,1,198.47,107,5,-113
752d152d-3f44-4e1e-8647-0f82b34b15f5-20,EDC_BS6_PERIODIC,2025-12-06 00:39:02,2025-12-07 13:54:29,17.156128,79.4248832,11002,8252,FixOK,A,ObV5CS1912,T417F6b453,"5C4F+JPC, Nakrekal, Telangana 508211, India",331628.875,47.92,IgnitionOn,1,198.145,106.5,5,-113
752d152d-3f44-4e1e-8647-0f82b34b15f5-21,EDC_BS6_PERIODIC,2025-12-06 00:39:08,2025-12-07 13:54:29,17.1560352,79.4255104,11003,8252,FixOK,A,ObV5CS1912,T417F6b453,"5C4G+JRR, Nakrekal, Telangana 508211, India",331629,43.08,IgnitionOn,1,197.949,101.09,6,-113
752d152d-3f44-4e1e-8647-0f82b34b15f5-22,EDC_BS6_PERIODIC,2025-12-06 00:39:14,2025-12-07 13:54:29,17.155976,79.426144,11004,8252,FixOK,A,ObV5CS1912,T417F6b453,"5C4G+JRR, Nakrekal, Telangana 508211, India",331629,42.23,IgnitionOn,1,198,94.09,6,-113
752d152d-3f44-4e1e-8647-0f82b34b15f5-23,EDC_BS6_PERIODIC,2025-12-06 00:39:20,2025-12-07 13:54:29,17.1559392,79.4268032,11005,8252,FixOK,A,ObV5CS1912,T417F6b453,"5C4G+JRR, Nakrekal, Telangana 508211, India",331629.125,42.79,IgnitionOn,1,197.889,93.5,6,-113
752d152d-3f44-4e1e-8647-0f82b34b15f5-24,EDC_BS6_PERIODIC,2025-12-06 00:39:26,2025-12-07 13:54:29,17.1559712,79.4274688,11006,8252,FixOK,A,ObV5CS1912,T417F6b453,"5C4G+JRR, Nakrekal, Telangana 508211, India",331629.125,43.86,IgnitionOn,1,197.55,87.9,5,-113
752d152d-3f44-4e1e-8647-0f82b34b15f5-25,EDC_BS6_PERIODIC,2025-12-06 00:39:32,2025-12-07 13:54:29,17.1560496,79.4281856,11007,8252,FixOK,A,ObV5CS1912,T417F6b453,"5C4G+JRR, Nakrekal, Telangana 508211, India",331629.25,46.43,IgnitionOn,1,197.24,84.4,5,-113
752d152d-3f44-4e1e-8647-0f82b34b15f5-26,EDC_BS6_PERIODIC,2025-12-06 00:39:38,2025-12-07 13:54:29,17.15616,79.4288896,11008,8252,FixOK,A,ObV5CS1912,T417F6b453,"NH 65, Nakrekal, Telangana 508211, India",331629.375,47.3,IgnitionOn,1,196.743,81.9,5,-113
752d152d-3f44-4e1e-8647-0f82b34b15f5-27,EDC_BS6_PERIODIC,2025-12-06 00:39:44,2025-12-07 13:54:29,17.156312,79.4296256,11009,8252,FixOK,A,ObV5CS1912,T417F6b453,"Hyderabad - Suryapet Hwy, Nakrekal, Telangana 508211, India",331629.375,48.48,IgnitionOn,1,195.82,78.59,5,-113
752d152d-3f44-4e1e-8647-0f82b34b15f5-28,EDC_BS6_PERIODIC,2025-12-06 00:39:50,2025-12-07 13:54:29,17.156488,79.430368,11010,8252,FixOK,A,ObV5CS1912,T417F6b453,"Hyderabad - Suryapet Hwy, Nakrekal, Telangana 508211, India",331629.5,50.14,IgnitionOn,1,195.69,77.8,5,-113
752d152d-3f44-4e1e-8647-0f82b34b15f5-29,EDC_BS6_PERIODIC,2025-12-06 00:39:56,2025-12-07 13:54:29,17.15668,79.4310976,11011,8252,FixOK,A,ObV5CS1912,T417F6b453,"5C4J+M8 Nakrekal, Telangana, India",331629.625,50.22,IgnitionOn,1,195.74,76.9,5,-113
752d152d-3f44-4e1e-8647-0f82b34b15f5-30,EDC_BS6_PERIODIC,2025-12-06 00:40:02,2025-12-07 13:54:29,17.1568512,79.4317824,11012,8252,FixOK,A,ObV5CS1912,T417F6b453,"5C4J+QX Nakrekal, Telangana, India",331629.625,46.27,IgnitionOn,1,195.779,76,5,-113
752d152d-3f44-4e1e-8647-0f82b34b15f5-31,EDC_BS6_PERIODIC,2025-12-06 00:40:08,2025-12-07 13:54:29,17.1569984,79.432416,11013,8252,FixOK,A,ObV5CS1912,T417F6b453,"5C4J+QX Nakrekal, Telangana, India",331629.75,42.77,IgnitionOn,1,195.729,76.9,4,-113
752d152d-3f44-4e1e-8647-0f82b34b15f5-32,EDC_BS6_PERIODIC,2025-12-06 00:40:14,2025-12-07 13:54:29,17.1570896,79.432992,11014,8252,FixOK,A,ObV5CS1912,T417F6b453,"NH 65, Nakrekal, Telangana 508211, India",331629.875,38.95,IgnitionOn,1,195.737,81,4,-113
752d152d-3f44-4e1e-8647-0f82b34b15f5-33,EDC_BS6_PERIODIC,2025-12-06 00:40:20,2025-12-07 13:54:29,17.1572144,79.4336064,11015,8252,FixOK,A,ObV5CS1912,T417F6b453,"Nadikudi Nagar, Patel Nagar, Nakrekal, Telangana 508211, India",331629.875,42.09,IgnitionOn,1,196.07,77.9,4,-113
752d152d-3f44-4e1e-8647-0f82b34b15f5-34,EDC_BS6_PERIODIC,2025-12-06 00:40:26,2025-12-07 13:54:29,17.1573264,79.4342784,11016,8252,FixOK,A,ObV5CS1912,T417F6b453,"Nadikudi Nagar, Patel Nagar, Nakrekal, Telangana 508211, India",331630,43.46,IgnitionOn,1,196.36,81,5,-113
752d152d-3f44-4e1e-8647-0f82b34b15f5-35,EDC_BS6_PERIODIC,2025-12-06 00:40:32,2025-12-07 13:54:29,17.1574416,79.4349312,11017,8252,FixOK,A,ObV5CS1912,T417F6b453,"Nadikudi Nagar, Patel Nagar, Nakrekal, Telangana 508211, India",331630,42.62,IgnitionOn,1,196.58,79.5,5,-113
752d152d-3f44-4e1e-8647-0f82b34b15f5-36,EDC_BS6_PERIODIC,2025-12-06 00:40:38,2025-12-07 13:54:29,17.1575664,79.4355328,11018,8252,FixOK,A,ObV5CS1912,T417F6b453,"5C5P+5H Nakrekal, Telangana, India",331630.125,41.55,IgnitionOn,1,196.85,78.69,5,-113
752d152d-3f44-4e1e-8647-0f82b34b15f5-37,EDC_BS6_PERIODIC,2025-12-06 00:40:44,2025-12-07 13:54:29,17.157704,79.4361472,11019,8252,FixOK,A,ObV5CS1912,T417F6b453,"5C5P+5H Nakrekal, Telangana, India",331630.25,41.69,IgnitionOn,1,197.259,78.09,5,-113
752d152d-3f44-4e1e-8647-0f82b34b15f5-38,EDC_BS6_PERIODIC,2025-12-06 00:40:50,2025-12-07 13:54:29,17.157832,79.4367488,11020,8252,FixOK,A,ObV5CS1912,T417F6b453,"5C5Q+46, Nakrekal, Telangana 508211, India",331630.25,41.99,IgnitionOn,1,197.449,78.59,5,-113
752d152d-3f44-4e1e-8647-0f82b34b15f5-39,EDC_BS6_PERIODIC,2025-12-06 00:40:56,2025-12-07 13:54:29,17.1579648,79.4373824,11021,8252,FixOK,A,ObV5CS1912,T417F6b453,"5C5Q+46, Nakrekal, Telangana 508211, India",331630.375,43.68,IgnitionOn,1,198.32,78.19,6,-113
752d152d-3f44-4e1e-8647-0f82b34b15f5-40,EDC_BS6_PERIODIC,2025-12-06 00:41:02,2025-12-07 13:54:29,17.1580992,79.4380416,11022,8252,FixOK,A,ObV5CS1912,T417F6b453,"5C5Q+46, Nakrekal, Telangana 508211, India",331630.375,43.78,IgnitionOn,1,198.61,77.8,6,-113
752d152d-3f44-4e1e-8647-0f82b34b15f5-41,EDC_BS6_PERIODIC,2025-12-06 00:41:08,2025-12-07 13:54:29,17.1582272,79.4386688,11023,8252,FixOK,A,ObV5CS1912,T417F6b453,"5C5Q+46, Nakrekal, Telangana 508211, India",331630.5,42.76,IgnitionOn,1,198.779,78.09,6,-113
752d152d-3f44-4e1e-8647-0f82b34b15f5-42,EDC_BS6_PERIODIC,2025-12-06 00:41:14,2025-12-07 13:54:29,17.1583488,79.439296,11024,8252,FixOK,A,ObV5CS1912,T417F6b453,"5C5Q+46, Nakrekal, Telangana 508211, India",331630.625,42.06,IgnitionOn,1,198.97,79.69,5,-113
752d152d-3f44-4e1e-8647-0f82b34b15f5-43,EDC_BS6_PERIODIC,2025-12-06 00:41:20,2025-12-07 13:54:29,17.158448,79.439904,11025,8252,FixOK,A,ObV5CS1912,T417F6b453,"5C5R+V38, Nakrekal, Telangana 508211, India",331630.625,41.3,IgnitionOn,1,198.6,81,5,-113
752d152d-3f44-4e1e-8647-0f82b34b15f5-44,EDC_BS6_PERIODIC,2025-12-06 00:41:26,2025-12-07 13:54:29,17.1585632,79.440512,11026,8252,FixOK,A,ObV5CS1912,T417F6b453,"5C5R+HCG, Nakrekal, Telangana 508211, India",331630.75,40.06,IgnitionOn,1,198.771,77.8,5,-113
752d152d-3f44-4e1e-8647-0f82b34b15f5-45,EDC_BS6_PERIODIC,2025-12-06 00:41:32,2025-12-07 13:54:29,17.1586912,79.4410944,11027,8252,FixOK,A,ObV5CS1912,T417F6b453,"5C5R+HCG, Nakrekal, Telangana 508211, India",331630.75,39.86,IgnitionOn,1,198.669,77.8,5,-113
752d152d-3f44-4e1e-8647-0f82b34b15f5-46,EDC_BS6_PERIODIC,2025-12-06 00:41:38,2025-12-07 13:54:29,17.158824,79.4416768,11028,8252,FixOK,A,ObV5CS1912,T417F6b453,"5C5R+CQ2, Nakrekal, Telangana 508211, India",331630.875,39.43,IgnitionOn,1,198.139,78.69,5,-113
752d152d-3f44-4e1e-8647-0f82b34b15f5-47,EDC_BS6_PERIODIC,2025-12-06 00:41:44,2025-12-07 13:54:29,17.158944,79.4422528,11029,8252,FixOK,A,ObV5CS1912,T417F6b453,"5C5R+CQ2, Nakrekal, Telangana 508211, India",331630.875,41.84,IgnitionOn,1,197.899,78.9,5,-113
752d152d-3f44-4e1e-8647-0f82b34b15f5-48,EDC_BS6_PERIODIC,2025-12-06 00:41:50,2025-12-07 13:54:29,17.159056,79.4428672,11030,8252,FixOK,A,ObV5CS1912,T417F6b453,"5C5V+R5, Nakrekal, Telangana 508211, India",331631,41.55,IgnitionOn,1,197.889,78.5,5,-113
752d152d-3f44-4e1e-8647-0f82b34b15f5-49,EDC_BS6_PERIODIC,2025-12-06 00:41:56,2025-12-07 13:54:29,17.159168,79.4434624,11031,8252,FixOK,A,ObV5CS1912,T417F6b453,"5C5V+R5, Nakrekal, Telangana 508211, India",331631,40.48,IgnitionOn,1,198.059,80.4,4,-113
752d152d-3f44-4e1e-8647-0f82b34b15f5-50,EDC_BS6_PERIODIC,2025-12-06 00:42:02,2025-12-07 13:54:29,17.1592464,79.4440256,11032,8252,FixOK,A,ObV5CS1912,T417F6b453,"5C5V+R5, Nakrekal, Telangana 508211, India",331631.125,38.23,IgnitionOn,1,198.695,82.59,5,-113
6f9b4d74-11ba-438c-b7af-f0a599ee2ee0-1,EDC_BS6_PERIODIC,2025-12-06 00:42:08,2025-12-07 13:54:50,17.1592608,79.444608,11033,8252,FixOK,A,ObV5CS1912,T417F6b453,"5C5V+XQV, Nakrekal, Telangana 508211, India",331631.25,38.84,IgnitionOn,1,200.61,84.59,5,-113
6f9b4d74-11ba-438c-b7af-f0a599ee2ee0-2,EDC_BS6_PERIODIC,2025-12-06 00:42:14,2025-12-07 13:54:50,17.1592176,79.445216,11034,8252,FixOK,A,ObV5CS1912,T417F6b453,"5C5V+XQV, Nakrekal, Telangana 508211, India",331631.25,40.29,IgnitionOn,1,201.619,97.19,4,-113
6f9b4d74-11ba-438c-b7af-f0a599ee2ee0-3,EDC_BS6_PERIODIC,2025-12-06 00:42:20,2025-12-07 13:54:50,17.159112,79.445824,11035,8252,FixOK,A,ObV5CS1912,T417F6b453,"5C5W+PP2, Nakrekal, Telangana 508211, India",331631.375,40.71,IgnitionOn,1,202.889,100.19,6,-113
6f9b4d74-11ba-438c-b7af-f0a599ee2ee0-4,EDC_BS6_PERIODIC,2025-12-06 00:42:26,2025-12-07 13:54:50,17.1589776,79.446432,11036,8252,FixOK,A,ObV5CS1912,T417F6b453,"5C5W+PP2, Nakrekal, Telangana 508211, India",331631.375,41.43,IgnitionOn,1,204.389,101.59,4,-113
6f9b4d74-11ba-438c-b7af-f0a599ee2ee0-5,EDC_BS6_PERIODIC,2025-12-06 00:42:32,2025-12-07 13:54:50,17.158792,79.4470464,11037,8252,FixOK,A,ObV5CS1912,T417F6b453,"5C5W+PP2, Nakrekal, Telangana 508211, India",331631.5,43.42,IgnitionOn,1,203.639,106.3,5,-113
6f9b4d74-11ba-438c-b7af-f0a599ee2ee0-6,EDC_BS6_PERIODIC,2025-12-06 00:42:38,2025-12-07 13:54:50,17.1585344,79.44768,11038,8252,FixOK,A,ObV5CS1912,T417F6b453,"Suryapet Rd, Telangana 508211, India",331631.625,44.67,IgnitionOn,1,203.251,110.8,5,-113
6f9b4d74-11ba-438c-b7af-f0a599ee2ee0-7,EDC_BS6_PERIODIC,2025-12-06 00:42:44,2025-12-07 13:54:50,17.1582688,79.4483328,11039,8252,FixOK,A,ObV5CS1912,T417F6b453,"5C4W+XV7, Vijayawada - Hyderabad Hwy, Telangana 508211, India",331631.625,45.52,IgnitionOn,1,202.97,111.69,5,-113
6f9b4d74-11ba-438c-b7af-f0a599ee2ee0-8,EDC_BS6_PERIODIC,2025-12-06 00:42:50,2025-12-07 13:54:50,17.158,79.4489856,11040,8252,FixOK,A,ObV5CS1912,T417F6b453,"5C5X+6W, Inupamula, Telangana 508211, India",331631.75,44.6,IgnitionOn,1,202.199,111.59,5,-113
6f9b4d74-11ba-438c-b7af-f0a599ee2ee0-9,EDC_BS6_PERIODIC,2025-12-06 00:42:56,2025-12-07 13:54:50,17.157752,79.4496064,11041,8252,FixOK,A,ObV5CS1912,T417F6b453,"5C5X+6W, Inupamula, Telangana 508211, India",331631.75,44.05,IgnitionOn,1,201.789,111.59,5,-113
6f9b4d74-11ba-438c-b7af-f0a599ee2ee0-10,EDC_BS6_PERIODIC,2025-12-06 00:43:02,2025-12-07 13:54:50,17.1575232,79.4502144,11042,8252,FixOK,A,ObV5CS1912,T417F6b453,"5C5X+6W, Inupamula, Telangana 508211, India",331631.875,44.49,IgnitionOn,1,202.16,110.59,5,-113
6f9b4d74-11ba-438c-b7af-f0a599ee2ee0-11,EDC_BS6_PERIODIC,2025-12-06 00:43:08,2025-12-07 13:54:50,17.157296,79.4508416,11043,8252,FixOK,A,ObV5CS1912,T417F6b453,"5C5X+6W, Inupamula, Telangana 508211, India",331632,44.4,IgnitionOn,1,201.99,111.5,6,-113
6f9b4d74-11ba-438c-b7af-f0a599ee2ee0-12,EDC_BS6_PERIODIC,2025-12-06 00:43:14,2025-12-07 13:54:50,17.1570752,79.4514688,11044,8252,FixOK,A,ObV5CS1912,T417F6b453,"5C5X+6W, Inupamula, Telangana 508211, India",331632,43.77,IgnitionOn,1,201.481,109.8,6,-113
6f9b4d74-11ba-438c-b7af-f0a599ee2ee0-13,EDC_BS6_PERIODIC,2025-12-06 00:43:20,2025-12-07 13:54:50,17.156872,79.452096,11045,8252,FixOK,A,ObV5CS1912,T417F6b453,"Hyderabad - Suryapet Hwy, Telangana 508211, India",331632.125,43.47,IgnitionOn,1,200.63,107.4,6,-113
6f9b4d74-11ba-438c-b7af-f0a599ee2ee0-14,EDC_BS6_PERIODIC,2025-12-06 00:43:26,2025-12-07 13:54:50,17.156696,79.4527296,11046,8252,FixOK,A,ObV5CS1912,T417F6b453,"Hyderabad - Suryapet Hwy, Telangana 508211, India",331632.125,41.68,IgnitionOn,1,200.08,104.9,6,-113
6f9b4d74-11ba-438c-b7af-f0a599ee2ee0-15,EDC_BS6_PERIODIC,2025-12-06 00:43:32,2025-12-07 13:54:50,17.156584,79.453312,11047,8252,FixOK,A,ObV5CS1912,T417F6b453,"Hyderabad - Suryapet Hwy, Telangana 508211, India",331632.25,39.32,IgnitionOn,1,199.789,100.4,6,-113
6f9b4d74-11ba-438c-b7af-f0a599ee2ee0-16,EDC_BS6_PERIODIC,2025-12-06 00:43:38,2025-12-07 13:54:50,17.1565104,79.4538944,11048,8252,FixOK,A,ObV5CS1912,T417F6b453,"Hyderabad - Suryapet Hwy, Telangana 508211, India",331632.375,38.86,IgnitionOn,1,200.02,99.09,6,-113
6f9b4d74-11ba-438c-b7af-f0a599ee2ee0-17,EDC_BS6_PERIODIC,2025-12-06 00:43:44,2025-12-07 13:54:50,17.156528,79.4544704,11049,8252,FixOK,A,ObV5CS1912,T417F6b453,"Hyderabad - Suryapet Hwy, Telangana 508211, India",331632.375,37.91,IgnitionOn,1,200.36,87.69,6,-113
6f9b4d74-11ba-438c-b7af-f0a599ee2ee0-18,EDC_BS6_PERIODIC,2025-12-06 00:43:50,2025-12-07 13:54:50,17.156584,79.4550336,11050,8252,FixOK,A,ObV5CS1912,T417F6b453,"5F43+JW Inupamula, Telangana, India",331632.5,37.39,IgnitionOn,1,200.32,85.59,6,-113
6f9b4d74-11ba-438c-b7af-f0a599ee2ee0-19,EDC_BS6_PERIODIC,2025-12-06 00:43:56,2025-12-07 13:54:50,17.1566528,79.4556032,11051,8252,FixOK,A,ObV5CS1912,T417F6b453,"Vijayawada - Hyderabad Hwy, Telangana 508211, India",331632.5,38.94,IgnitionOn,1,201.039,81.9,5,-113
6f9b4d74-11ba-438c-b7af-f0a599ee2ee0-20,EDC_BS6_PERIODIC,2025-12-06 00:44:02,2025-12-07 13:54:50,17.1567584,79.456192,11052,8252,FixOK,A,ObV5CS1912,T417F6b453,"Vijayawada - Hyderabad Hwy, Telangana 508211, India",331632.625,40.52,IgnitionOn,1,202.389,80.09,5,-113
6f9b4d74-11ba-438c-b7af-f0a599ee2ee0-21,EDC_BS6_PERIODIC,2025-12-06 00:44:08,2025-12-07 13:54:50,17.1568656,79.4567808,11053,8252,FixOK,A,ObV5CS1912,T417F6b453,"Hyderabad - Suryapet Hwy, Telangana 508211, India",331632.625,39.31,IgnitionOn,1,203.58,79.4,5,-113
6f9b4d74-11ba-438c-b7af-f0a599ee2ee0-22,EDC_BS6_PERIODIC,2025-12-06 00:44:14,2025-12-07 13:54:50,17.157008,79.4573568,11054,8252,FixOK,A,ObV5CS1912,T417F6b453,"Hyderabad - Suryapet Hwy, Telangana 508211, India",331632.75,38.94,IgnitionOn,1,204.96,74,4,-113
6f9b4d74-11ba-438c-b7af-f0a599ee2ee0-23,EDC_BS6_PERIODIC,2025-12-06 00:44:20,2025-12-07 13:54:50,17.1571552,79.4579328,11055,8252,FixOK,A,ObV5CS1912,T417F6b453,"5F45+X78, Nalgonda, Telangana 508211, India",331632.75,39.91,IgnitionOn,1,206.86,77.19,5,-113
6f9b4d74-11ba-438c-b7af-f0a599ee2ee0-24,EDC_BS6_PERIODIC,2025-12-06 00:44:26,2025-12-07 13:54:50,17.157216,79.4585216,11056,8252,FixOK,A,ObV5CS1912,T417F6b453,"5F45+X78, Nalgonda, Telangana 508211, India",331632.875,39.76,IgnitionOn,1,208.085,82.69,5,-113
6f9b4d74-11ba-438c-b7af-f0a599ee2ee0-25,EDC_BS6_PERIODIC,2025-12-06 00:44:32,2025-12-07 13:54:50,17.1572144,79.4591872,11057,8252,FixOK,A,ObV5CS1912,T417F6b453,"5F45+X78, Nalgonda, Telangana 508211, India",331632.875,43.77,IgnitionOn,1,208.559,88.59,5,-113
6f9b4d74-11ba-438c-b7af-f0a599ee2ee0-26,EDC_BS6_PERIODIC,2025-12-06 00:44:38,2025-12-07 13:54:50,17.157232,79.4599104,11058,8252,FixOK,A,ObV5CS1912,T417F6b453,"Hyderabad - Suryapet Hwy, Telangana 508211, India",331633,47.23,IgnitionOn,1,208.679,86.8,5,-113
6f9b4d74-11ba-438c-b7af-f0a599ee2ee0-27,EDC_BS6_PERIODIC,2025-12-06 00:44:44,2025-12-07 13:54:50,17.1572832,79.4606592,11059,8252,FixOK,A,ObV5CS1912,T417F6b453,"Vijayawada - Hyderabad Hwy, Telangana 508211, India",331633.125,49.73,IgnitionOn,1,208.509,83.09,5,-113
6f9b4d74-11ba-438c-b7af-f0a599ee2ee0-28,EDC_BS6_PERIODIC,2025-12-06 00:44:50,2025-12-07 13:54:50,17.157376,79.4614272,11060,8252,FixOK,A,ObV5CS1912,T417F6b453,"Vijayawada - Hyderabad Hwy, Telangana 508211, India",331633.25,50.89,IgnitionOn,1,207.91,82.09,5,-113
6f9b4d74-11ba-438c-b7af-f0a599ee2ee0-29,EDC_BS6_PERIODIC,2025-12-06 00:44:56,2025-12-07 13:54:50,17.1574784,79.4621952,11061,8252,FixOK,A,ObV5CS1912,T417F6b453,"Vijayawada - Hyderabad Hwy, Telangana 508211, India",331633.25,50.91,IgnitionOn,1,207.25,81.3,5,-113
6f9b4d74-11ba-438c-b7af-f0a599ee2ee0-31,EDC_BS6_PERIODIC,2025-12-06 00:45:02,2025-12-07 13:54:50,17.1575808,79.4629248,11062,8252,FixOK,A,ObV5CS1912,T417F6b453,"5F57+25 Inupamula, Telangana, India",331633.375,48.76,IgnitionOn,1,206.781,81.9,5,-113
6f9b4d74-11ba-438c-b7af-f0a599ee2ee0-32,DEVICE_METRICS,2025-12-06 00:45:18,2025-12-07 13:54:50,17.1575808,79.4629248,,8252,FixOK,,ObV5CS1912,T417F6b453,"5F57+25 Inupamula, Telangana, India",287082,,IgnitionOn,1,,,,
6f9b4d74-11ba-438c-b7af-f0a599ee2ee0-33,EDC_BS6_PERIODIC,2025-12-06 00:45:18,2025-12-07 13:54:50,17.157792,79.4645696,11063,8252,FixOK,A,ObV5CS1912,T417F6b453,"5F58+43 Inupamula, Telangana, India",331633.5,40.96,IgnitionOn,1,206.029,81.9,5,-113
6f9b4d74-11ba-438c-b7af-f0a599ee2ee0-34,EDC_BS6_PERIODIC,2025-12-06 00:45:24,2025-12-07 13:54:50,17.1579072,79.4652736,11064,8252,FixOK,A,ObV5CS1912,T417F6b453,"5F58+43 Inupamula, Telangana, India",331633.625,40.59,IgnitionOn,1,206.339,79.09,5,-113
6f9b4d74-11ba-438c-b7af-f0a599ee2ee0-35,EDC_BS6_PERIODIC,2025-12-06 00:45:30,2025-12-07 13:54:50,17.1580192,79.4658624,11065,8252,FixOK,A,ObV5CS1912,T417F6b453,"Vijayawada - Hyderabad Hwy, Telangana 508211, India",331633.75,39.38,IgnitionOn,1,207.13,79,5,-113
6f9b4d74-11ba-438c-b7af-f0a599ee2ee0-36,EDC_BS6_PERIODIC,2025-12-06 00:45:36,2025-12-07 13:54:50,17.1581248,79.466432,11066,8252,FixOK,A,ObV5CS1912,T417F6b453,"Vijayawada - Hyderabad Hwy, Telangana 508211, India",331633.75,38.49,IgnitionOn,1,207.505,79.5,5,-113
6f9b4d74-11ba-438c-b7af-f0a599ee2ee0-37,EDC_BS6_PERIODIC,2025-12-06 00:45:42,2025-12-07 13:54:50,17.158192,79.467008,11067,8252,FixOK,A,ObV5CS1912,T417F6b453,"5F58+7X2, Suryapet Rd, Telangana 508211, India",331633.875,38.48,IgnitionOn,1,207.58,81.3,5,-113
6f9b4d74-11ba-438c-b7af-f0a599ee2ee0-38,EDC_BS6_PERIODIC,2025-12-06 00:45:48,2025-12-07 13:54:50,17.158224,79.467584,11068,8252,FixOK,A,ObV5CS1912,T417F6b453,"5F58+7X2, Suryapet Rd, Telangana 508211, India",331633.875,38.83,IgnitionOn,1,207.72,86.19,4,-113
6f9b4d74-11ba-438c-b7af-f0a599ee2ee0-39,EDC_BS6_PERIODIC,2025-12-06 00:45:54,2025-12-07 13:54:50,17.1582432,79.4681728,11069,8252,FixOK,A,ObV5CS1912,T417F6b453,"5F58+7X2, Suryapet Rd, Telangana 508211, India",331634,39.34,IgnitionOn,1,207.94,86.8,5,-113
6f9b4d74-11ba-438c-b7af-f0a599ee2ee0-40,EDC_BS6_PERIODIC,2025-12-06 00:46:00,2025-12-07 13:54:50,17.158328,79.4687936,11070,8252,FixOK,A,ObV5CS1912,T417F6b453,"Hyderabad - Suryapet Hwy, Telangana 508211, India",331634,41.38,IgnitionOn,1,208.529,81.09,5,-113
6f9b4d74-11ba-438c-b7af-f0a599ee2ee0-41,EDC_BS6_PERIODIC,2025-12-06 00:46:06,2025-12-07 13:54:50,17.1584032,79.4694528,11071,8252,FixOK,A,ObV5CS1912,T417F6b453,"Hyderabad - Suryapet Hwy, Telangana 508211, India",331634.125,44.01,IgnitionOn,1,208.77,83.5,5,-113
6f9b4d74-11ba-438c-b7af-f0a599ee2ee0-42,EDC_BS6_PERIODIC,2025-12-06 00:46:12,2025-12-07 13:54:50,17.158496,79.4701184,11072,8252,FixOK,A,ObV5CS1912,T417F6b453,"Suryapet Rd, Telangana 508211, India",331634.125,44.01,IgnitionOn,1,208.513,82.3,4,-113
6f9b4d74-11ba-438c-b7af-f0a599ee2ee0-43,EDC_BS6_PERIODIC,2025-12-06 00:46:18,2025-12-07 13:54:50,17.1586144,79.4707712,11073,8252,FixOK,A,ObV5CS1912,T417F6b453,"5F5C+CV7, Suryapet Rd, Telangana 508211, India",331634.25,43.75,IgnitionOn,1,209.059,78.59,6,-113
6f9b4d74-11ba-438c-b7af-f0a599ee2ee0-44,EDC_BS6_PERIODIC,2025-12-06 00:46:24,2025-12-07 13:54:50,17.1587376,79.471424,11074,8252,FixOK,A,ObV5CS1912,T417F6b453,"5F5C+CV7, Suryapet Rd, Telangana 508211, India",331634.375,43.33,IgnitionOn,1,209.399,78,6,-113
6f9b4d74-11ba-438c-b7af-f0a599ee2ee0-45,EDC_BS6_PERIODIC,2025-12-06 00:46:30,2025-12-07 13:54:50,17.1588928,79.472064,11075,8252,FixOK,A,ObV5CS1912,T417F6b453,"5F5F+H34, Suryapet Rd, Telangana 508211, India",331634.375,43.21,IgnitionOn,1,209.82,76.69,5,-113
6f9b4d74-11ba-438c-b7af-f0a599ee2ee0-46,EDC_BS6_PERIODIC,2025-12-06 00:46:36,2025-12-07 13:54:50,17.1590848,79.4726912,11076,8252,FixOK,A,ObV5CS1912,T417F6b453,"5F5F+H34, Suryapet Rd, Telangana 508211, India",331634.5,43.44,IgnitionOn,1,209.5,74.4,5,-113
6f9b4d74-11ba-438c-b7af-f0a599ee2ee0-47,EDC_BS6_PERIODIC,2025-12-06 00:46:42,2025-12-07 13:54:50,17.1592768,79.4732288,11077,8252,FixOK,A,ObV5CS1912,T417F6b453,"5F5F+H34, Suryapet Rd, Telangana 508211, India",331634.625,36.96,IgnitionOn,1,209.35,71.8,5,-113
6f9b4d74-11ba-438c-b7af-f0a599ee2ee0-48,EDC_BS6_PERIODIC,2025-12-06 00:46:48,2025-12-07 13:54:50,17.1595008,79.4737152,11078,8252,FixOK,A,ObV5CS1912,T417F6b453,"5F5F+VW9, Vijayawada - Hyderabad Hwy, Telangana 508211, India",331634.625,33.18,IgnitionOn,1,209.433,62,5,-113
6f9b4d74-11ba-438c-b7af-f0a599ee2ee0-49,EDC_BS6_PERIODIC,2025-12-06 00:46:54,2025-12-07 13:54:50,17.1597408,79.4741376,11079,8252,FixOK,A,ObV5CS1912,T417F6b453,"5F5F+VW9, Vijayawada - Hyderabad Hwy, Telangana 508211, India",331634.625,32.15,IgnitionOn,1,209.6,57.9,4,-113
6f9b4d74-11ba-438c-b7af-f0a599ee2ee0-50,EDC_BS6_PERIODIC,2025-12-06 00:47:00,2025-12-07 13:54:50,17.159992,79.4744384,11080,8252,FixOK,A,ObV5CS1912,T417F6b453,"5F5F+VW9, Vijayawada - Hyderabad Hwy, Telangana 508211, India",331634.75,23.14,IgnitionOn,1,209.49,46.29,4,-113
a3a77725-2f2d-4161-bb7f-aa0b564a0aaf-1,EDC_BS6_PERIODIC,2025-12-06 00:47:06,2025-12-07 13:55:09,17.1601696,79.4746176,11081,8252,FixOK,A,ObV5CS1912,T417F6b453,"5F5F+VW9, Vijayawada - Hyderabad Hwy, Telangana 508211, India",331634.75,8.39,IgnitionOn,1,209.339,50.09,4,-113
a3a77725-2f2d-4161-bb7f-aa0b564a0aaf-2,EDC_BS6_PERIODIC,2025-12-06 00:47:12,2025-12-07 13:55:09,17.1603008,79.4746368,11082,8252,FixOK,A,ObV5CS1912,T417F6b453,"5F5F+VW9, Vijayawada - Hyderabad Hwy, Telangana 508211, India",331634.75,3.09,IgnitionOn,1,209.33,18.7,4,-113
a3a77725-2f2d-4161-bb7f-aa0b564a0aaf-3,EDC_BS6_PERIODIC,2025-12-06 00:47:18,2025-12-07 13:55:09,17.1603712,79.474688,11083,8252,FixOK,A,ObV5CS1912,T417F6b453,"5F5F+VW9, Vijayawada - Hyderabad Hwy, Telangana 508211, India",331634.75,3.8899999,IgnitionOn,1,209.399,15,4,-113
a3a77725-2f2d-4161-bb7f-aa0b564a0aaf-4,EDC_BS6_PERIODIC,2025-12-06 00:47:24,2025-12-07 13:55:09,17.160384,79.47472,11084,8252,FixOK,A,ObV5CS1912,T417F6b453,"5F5F+VW9, Vijayawada - Hyderabad Hwy, Telangana 508211, India",331634.75,2.6100001,IgnitionOn,1,209.899,6.09,4,-113
a3a77725-2f2d-4161-bb7f-aa0b564a0aaf-5,EDC_BS6_PERIODIC,2025-12-06 00:47:30,2025-12-07 13:55:09,17.1603328,79.4747456,11085,8252,FixOK,A,ObV5CS1912,T417F6b453,"5F5F+VW9, Vijayawada - Hyderabad Hwy, Telangana 508211, India",331634.75,0,IgnitionOn,1,211.479,8.5,5,-113
a3a77725-2f2d-4161-bb7f-aa0b564a0aaf-6,EDC_BS6_PERIODIC,2025-12-06 00:47:36,2025-12-07 13:55:09,17.1603328,79.4747456,11086,8252,FixOK,A,ObV5CS1912,T417F6b453,"5F5F+VW9, Vijayawada - Hyderabad Hwy, Telangana 508211, India",331634.75,0,IgnitionOn,1,211.479,8.5,4,-113
a3a77725-2f2d-4161-bb7f-aa0b564a0aaf-7,EDC_BS6_PERIODIC,2025-12-06 00:47:42,2025-12-07 13:55:09,17.1603328,79.4747456,11087,8252,FixOK,A,ObV5CS1912,T417F6b453,"5F5F+VW9, Vijayawada - Hyderabad Hwy, Telangana 508211, India",331634.75,0,IgnitionOn,1,211.479,8.5,5,-113
a3a77725-2f2d-4161-bb7f-aa0b564a0aaf-8,EDC_BS6_PERIODIC,2025-12-06 00:47:48,2025-12-07 13:55:09,17.1603328,79.4747456,11088,8252,FixOK,A,ObV5CS1912,T417F6b453,"5F5F+VW9, Vijayawada - Hyderabad Hwy, Telangana 508211, India",331634.75,5.7799997,IgnitionOn,1,211.479,8.5,5,-113
a3a77725-2f2d-4161-bb7f-aa0b564a0aaf-9,EDC_BS6_PERIODIC,2025-12-06 00:47:54,2025-12-07 13:55:09,17.160232,79.474816,11089,8252,FixOK,A,ObV5CS1912,T417F6b453,"5F5F+VW9, Vijayawada - Hyderabad Hwy, Telangana 508211, India",331634.75,2.93,IgnitionOn,1,208.059,81.4,3,-113
a3a77725-2f2d-4161-bb7f-aa0b564a0aaf-10,EDC_BS6_PERIODIC,2025-12-06 00:48:00,2025-12-07 13:55:09,17.160232,79.474816,11090,8252,FixOK,A,ObV5CS1912,T417F6b453,"5F5F+VW9, Vijayawada - Hyderabad Hwy, Telangana 508211, India",331634.75,0,IgnitionOn,1,208.059,81.4,3,-113
a3a77725-2f2d-4161-bb7f-aa0b564a0aaf-11,EDC_BS6_PERIODIC,2025-12-06 00:48:06,2025-12-07 13:55:09,17.160232,79.474816,11091,8252,FixOK,A,ObV5CS1912,T417F6b453,"5F5F+VW9, Vijayawada - Hyderabad Hwy, Telangana 508211, India",331634.75,0,IgnitionOn,1,208.059,81.4,3,-113
a3a77725-2f2d-4161-bb7f-aa0b564a0aaf-12,EDC_BS6_PERIODIC,2025-12-06 00:48:12,2025-12-07 13:55:09,17.1602592,79.4748864,11092,8252,FixOK,A,ObV5CS1912,T417F6b453,"5F5F+VW9, Vijayawada - Hyderabad Hwy, Telangana 508211, India",331634.75,7.08,IgnitionOn,1,207.899,81.4,3,-113
a3a77725-2f2d-4161-bb7f-aa0b564a0aaf-13,EDC_BS6_PERIODIC,2025-12-06 00:48:18,2025-12-07 13:55:09,17.1603024,79.4751488,11093,8252,FixOK,A,ObV5CS1912,T417F6b453,"5F5F+VW9, Vijayawada - Hyderabad Hwy, Telangana 508211, India",331634.75,15.52,IgnitionOn,1,206.009,91.69,5,-113
a3a77725-2f2d-4161-bb7f-aa0b564a0aaf-14,EDC_BS6_PERIODIC,2025-12-06 00:48:24,2025-12-07 13:55:09,17.160264,79.4755328,11094,8252,FixOK,A,ObV5CS1912,T417F6b453,"5F6G+2H Korlapahad, Telangana, India",331634.875,20.54,IgnitionOn,1,205.235,84.19,5,-113
a3a77725-2f2d-4161-bb7f-aa0b564a0aaf-15,EDC_BS6_PERIODIC,2025-12-06 00:48:30,2025-12-07 13:55:09,17.160288,79.476,11095,8252,FixOK,A,ObV5CS1912,T417F6b453,"5F6G+2H Korlapahad, Telangana, India",331634.875,30.15,IgnitionOn,1,204.83,82.9,5,-113
a3a77725-2f2d-4161-bb7f-aa0b564a0aaf-16,EDC_BS6_PERIODIC,2025-12-06 00:48:36,2025-12-07 13:55:09,17.16036,79.4765376,11096,8252,FixOK,A,ObV5CS1912,T417F6b453,"Vijayawada - Hyderabad Hwy, Telangana 508211, India",331635,34.2,IgnitionOn,1,204.66,80,6,-113
a3a77725-2f2d-4161-bb7f-aa0b564a0aaf-17,EDC_BS6_PERIODIC,2025-12-06 00:48:42,2025-12-07 13:55:09,17.1605024,79.4771136,11097,8252,FixOK,A,ObV5CS1912,T417F6b453,"Suryapet Rd, Telangana 508211, India",331635,37.97,IgnitionOn,1,204.66,73.19,5,-113
a3a77725-2f2d-4161-bb7f-aa0b564a0aaf-18,EDC_BS6_PERIODIC,2025-12-06 00:48:48,2025-12-07 13:55:09,17.1606432,79.4776896,11098,8252,FixOK,A,ObV5CS1912,T417F6b453,"5F6H+75V, Suryapet Rd, Telangana 508211, India",331635.125,39.44,IgnitionOn,1,204.41,71.09,5,-113
a3a77725-2f2d-4161-bb7f-aa0b564a0aaf-19,EDC_BS6_PERIODIC,2025-12-06 00:48:54,2025-12-07 13:55:09,17.160784,79.4782848,11099,8252,FixOK,A,ObV5CS1912,T417F6b453,"5F6H+75V, Suryapet Rd, Telangana 508211, India",331635.125,40.96,IgnitionOn,1,204.119,72.69,6,-113
a3a77725-2f2d-4161-bb7f-aa0b564a0aaf-20,EDC_BS6_PERIODIC,2025-12-06 00:49:00,2025-12-07 13:55:09,17.160936,79.4789056,11100,8252,FixOK,A,ObV5CS1912,T417F6b453,"5F6H+75V, Suryapet Rd, Telangana 508211, India",331635.25,42.1,IgnitionOn,1,204.018,72.09,7,-113
a3a77725-2f2d-4161-bb7f-aa0b564a0aaf-21,EDC_BS6_PERIODIC,2025-12-06 00:49:06,2025-12-07 13:55:09,17.1611168,79.4795584,11101,8252,FixOK,A,ObV5CS1912,T417F6b453,"Hyderabad - Suryapet Hwy, Telangana 508211, India",331635.25,44.46,IgnitionOn,1,204.259,71,5,-113
a3a77725-2f2d-4161-bb7f-aa0b564a0aaf-22,EDC_BS6_PERIODIC,2025-12-06 00:49:12,2025-12-07 13:55:09,17.1612304,79.4802496,11102,8252,FixOK,A,ObV5CS1912,T417F6b453,"Hyderabad - Suryapet Hwy, Telangana 508211, India",331635.375,45.53,IgnitionOn,1,204.869,78.4,5,-113
a3a77725-2f2d-4161-bb7f-aa0b564a0aaf-23,EDC_BS6_PERIODIC,2025-12-06 00:49:18,2025-12-07 13:55:09,17.1612832,79.4809664,11103,8252,FixOK,A,ObV5CS1912,T417F6b453,"Vijayawada - Hyderabad Hwy, Telangana 508211, India",331635.5,46.88,IgnitionOn,1,204.55,86.9,5,-113
a3a77725-2f2d-4161-bb7f-aa0b564a0aaf-24,EDC_BS6_PERIODIC,2025-12-06 00:49:24,2025-12-07 13:55:09,17.1612832,79.481696,11104,8252,FixOK,A,ObV5CS1912,T417F6b453,"NH65, Telangana 508211, India",331635.5,47.98,IgnitionOn,1,203.779,89,5,-113
a3a77725-2f2d-4161-bb7f-aa0b564a0aaf-25,EDC_BS6_PERIODIC,2025-12-06 00:49:30,2025-12-07 13:55:09,17.161312,79.482464,11105,8252,FixOK,A,ObV5CS1912,T417F6b453,"NH65, Telangana 508211, India",331635.625,49.88,IgnitionOn,1,202.899,88.09,5,-113
a3a77725-2f2d-4161-bb7f-aa0b564a0aaf-26,EDC_BS6_PERIODIC,2025-12-06 00:49:36,2025-12-07 13:55:09,17.1613312,79.483264,11106,8252,FixOK,A,ObV5CS1912,T417F6b453,"NH65, Telangana 508211, India",331635.75,52.2,IgnitionOn,1,201.983,88.9,5,-113
a3a77725-2f2d-4161-bb7f-aa0b564a0aaf-27,EDC_BS6_PERIODIC,2025-12-06 00:49:42,2025-12-07 13:55:09,17.16136,79.4840384,11107,8252,FixOK,A,ObV5CS1912,T417F6b453,"5F6M+GQ Korlapahad, Telangana, India",331635.75,51.61,IgnitionOn,1,200.759,87.5,5,-113
a3a77725-2f2d-4161-bb7f-aa0b564a0aaf-28,EDC_BS6_PERIODIC,2025-12-06 00:49:48,2025-12-07 13:55:09,17.1613536,79.4847744,11108,8252,FixOK,A,ObV5CS1912,T417F6b453,"Vijayawada - Hyderabad Hwy, Korlapahad, Telangana 508211, India",331635.875,48.99,IgnitionOn,1,200.089,94,4,-113
a3a77725-2f2d-4161-bb7f-aa0b564a0aaf-29,EDC_BS6_PERIODIC,2025-12-06 00:49:54,2025-12-07 13:55:09,17.161296,79.4854656,11109,8252,FixOK,A,ObV5CS1912,T417F6b453,"Vijayawada - Hyderabad Hwy, Korlapahad, Telangana 508211, India",331636,45.96,IgnitionOn,1,200,96.59,5,-113
a3a77725-2f2d-4161-bb7f-aa0b564a0aaf-30,EDC_BS6_PERIODIC,2025-12-06 00:50:00,2025-12-07 13:55:09,17.1612224,79.4861312,11110,8252,FixOK,A,ObV5CS1912,T417F6b453,"5F6P+8H2, Hyderabad - Suryapet Hwy, Korlapahad, Telangana 508211, India",331636,44.34,IgnitionOn,1,199.399,97.09,5,-113
a3a77725-2f2d-4161-bb7f-aa0b564a0aaf-31,EDC_BS6_PERIODIC,2025-12-06 00:50:06,2025-12-07 13:55:09,17.1611168,79.4867904,11111,8252,FixOK,A,ObV5CS1912,T417F6b453,"5F6P+8H2, Hyderabad - Suryapet Hwy, Korlapahad, Telangana 508211, India",331636.125,44.12,IgnitionOn,1,198.919,98.4,5,-113
a3a77725-2f2d-4161-bb7f-aa0b564a0aaf-32,EDC_BS6_PERIODIC,2025-12-06 00:50:12,2025-12-07 13:55:09,17.161032,79.4874624,11112,8252,FixOK,A,ObV5CS1912,T417F6b453,"5F6P+8H2, Hyderabad - Suryapet Hwy, Korlapahad, Telangana 508211, India",331636.25,44.33,IgnitionOn,1,198.777,98.5,5,-113
a3a77725-2f2d-4161-bb7f-aa0b564a0aaf-33,EDC_BS6_PERIODIC,2025-12-06 00:50:18,2025-12-07 13:55:09,17.161032,79.4881344,11113,8252,FixOK,A,ObV5CS1912,T417F6b453,"Vijayawada - Hyderabad Hwy, Korlapahad, Telangana 508211, India",331636.25,44.24,IgnitionOn,1,197.919,88.9,5,-113
b7a2204d-71db-4030-ae54-0fcd03f93d48-1,EDC_BS6_PERIODIC,2025-12-06 00:50:24,2025-12-07 13:55:30,17.161072,79.4887936,11114,8252,FixOK,A,ObV5CS1912,T417F6b453,"5F6Q+JGF, Hyderabad - Suryapet Hwy, Korlapahad, Telangana 508211, India",331636.375,43.53,IgnitionOn,1,197.3,83.4,4,-113
b7a2204d-71db-4030-ae54-0fcd03f93d48-2,EDC_BS6_PERIODIC,2025-12-06 00:50:30,2025-12-07 13:55:30,17.1611872,79.4894592,11115,8252,FixOK,A,ObV5CS1912,T417F6b453,"5F6Q+JGF, Hyderabad - Suryapet Hwy, Korlapahad, Telangana 508211, India",331636.5,44.06,IgnitionOn,1,196.949,78.59,4,-113
b7a2204d-71db-4030-ae54-0fcd03f93d48-3,EDC_BS6_PERIODIC,2025-12-06 00:50:36,2025-12-07 13:55:30,17.161288,79.4901248,11116,8252,FixOK,A,ObV5CS1912,T417F6b453,"5F6Q+JGF, Hyderabad - Suryapet Hwy, Korlapahad, Telangana 508211, India",331636.5,45.28,IgnitionOn,1,197.039,79.9,4,-113
b7a2204d-71db-4030-ae54-0fcd03f93d48-4,EDC_BS6_PERIODIC,2025-12-06 00:50:42,2025-12-07 13:55:30,17.1612448,79.490816,11117,8252,FixOK,A,ObV5CS1912,T417F6b453,"Vijayawada - Hyderabad Hwy, Telangana 508211, India",331636.625,45.82,IgnitionOn,1,197.1,89.9,4,-113
b7a2204d-71db-4030-ae54-0fcd03f93d48-5,EDC_BS6_PERIODIC,2025-12-06 00:50:48,2025-12-07 13:55:30,17.1611264,79.49152,11118,8252,FixOK,A,ObV5CS1912,T417F6b453,"5F6V+453, Vijayawada - Hyderabad Hwy, Telangana 508211, India",331636.625,46.12,IgnitionOn,1,197.143,100,4,-113
b7a2204d-71db-4030-ae54-0fcd03f93d48-6,EDC_BS6_PERIODIC,2025-12-06 00:50:54,2025-12-07 13:55:30,17.1609632,79.492224,11119,8252,FixOK,A,ObV5CS1912,T417F6b453,"5F6V+453, Vijayawada - Hyderabad Hwy, Telangana 508211, India",331636.75,46.45,IgnitionOn,1,196.389,100.9,4,-113
b7a2204d-71db-4030-ae54-0fcd03f93d48-7,EDC_BS6_PERIODIC,2025-12-06 00:51:00,2025-12-07 13:55:30,17.1607968,79.4929152,11120,8252,FixOK,A,ObV5CS1912,T417F6b453,"5F6V+453, Vijayawada - Hyderabad Hwy, Telangana 508211, India",331636.875,46.14,IgnitionOn,1,195.779,102.09,4,-113
b7a2204d-71db-4030-ae54-0fcd03f93d48-8,EDC_BS6_PERIODIC,2025-12-06 00:51:06,2025-12-07 13:55:30,17.1606416,79.4935808,11121,8252,FixOK,A,ObV5CS1912,T417F6b453,"5F6V+453, Vijayawada - Hyderabad Hwy, Telangana 508211, India",331636.875,45.19,IgnitionOn,1,195.16,101.9,4,-113
b7a2204d-71db-4030-ae54-0fcd03f93d48-9,EDC_BS6_PERIODIC,2025-12-06 00:51:12,2025-12-07 13:55:30,17.160488,79.4942592,11122,8252,FixOK,A,ObV5CS1912,T417F6b453,"5F6V+453, Vijayawada - Hyderabad Hwy, Telangana 508211, India",331637,44.99,IgnitionOn,1,194.639,102.09,4,-113
b7a2204d-71db-4030-ae54-0fcd03f93d48-10,EDC_BS6_PERIODIC,2025-12-06 00:51:18,2025-12-07 13:55:30,17.1603648,79.4948992,11123,8252,FixOK,A,ObV5CS1912,T417F6b453,"5F6W+44 Kethepally, Telangana, India",331637.125,42.6,IgnitionOn,1,194.49,97.4,4,-113
b7a2204d-71db-4030-ae54-0fcd03f93d48-11,EDC_BS6_PERIODIC,2025-12-06 00:51:24,2025-12-07 13:55:30,17.1602816,79.4955008,11124,8252,FixOK,A,ObV5CS1912,T417F6b453,"5F5W+QC6, Kethepally, Telangana 508211, India",331637.125,40.18,IgnitionOn,1,194.379,96.19,4,-113
b7a2204d-71db-4030-ae54-0fcd03f93d48-12,EDC_BS6_PERIODIC,2025-12-06 00:51:30,2025-12-07 13:55:30,17.160248,79.496096,11125,8252,FixOK,A,ObV5CS1912,T417F6b453,"5F5W+QC6, Kethepally, Telangana 508211, India",331637.25,38.84,IgnitionOn,1,194.16,92.9,4,-113
b7a2204d-71db-4030-ae54-0fcd03f93d48-13,EDC_BS6_PERIODIC,2025-12-06 00:51:36,2025-12-07 13:55:30,17.160232,79.4966528,11126,8252,FixOK,A,ObV5CS1912,T417F6b453,"Vijayawada - Hyderabad Hwy, Kethepally, Telangana 508211, India",331637.25,37.24,IgnitionOn,1,194.089,91.3,4,-113
b7a2204d-71db-4030-ae54-0fcd03f93d48-14,EDC_BS6_PERIODIC,2025-12-06 00:51:42,2025-12-07 13:55:30,17.1602368,79.4972224,11127,8252,FixOK,A,ObV5CS1912,T417F6b453,"Vijayawada - Hyderabad Hwy, Kethepally, Telangana 508211, India",331637.375,37.15,IgnitionOn,1,194.24,89.9,4,-113
b7a2204d-71db-4030-ae54-0fcd03f93d48-15,EDC_BS6_PERIODIC,2025-12-06 00:51:48,2025-12-07 13:55:30,17.1602368,79.497792,11128,8252,FixOK,A,ObV5CS1912,T417F6b453,"Vijayawada - Hyderabad Hwy, Kethepally, Telangana 508211, India",331637.375,37.87,IgnitionOn,1,194.229,90.3,4,-113
b7a2204d-71db-4030-ae54-0fcd03f93d48-16,EDC_BS6_PERIODIC,2025-12-06 00:51:54,2025-12-07 13:55:30,17.16024,79.4983808,11129,8252,FixOK,A,ObV5CS1912,T417F6b453,"Vijayawada - Hyderabad Hwy, Kethepally, Telangana 508211, India",331637.5,39.43,IgnitionOn,1,194.1,90.5,4,-113
b7a2204d-71db-4030-ae54-0fcd03f93d48-17,EDC_BS6_PERIODIC,2025-12-06 00:52:00,2025-12-07 13:55:30,17.1602432,79.4990336,11130,8252,FixOK,A,ObV5CS1912,T417F6b453,"Near Korlapahad Toll Plaza, Kethepally, Telangana 508376, India",331637.5,41.9,IgnitionOn,1,194.071,90.09,4,-113
b7a2204d-71db-4030-ae54-0fcd03f93d48-18,EDC_BS6_PERIODIC,2025-12-06 00:52:06,2025-12-07 13:55:30,17.160256,79.4997056,11131,8252,FixOK,A,ObV5CS1912,T417F6b453,"Near Korlapahad Toll Plaza, Kethepally, Telangana 508376, India",331637.625,44.53,IgnitionOn,1,193.6,89.8,4,-113
b7a2204d-71db-4030-ae54-0fcd03f93d48-19,EDC_BS6_PERIODIC,2025-12-06 00:52:12,2025-12-07 13:55:30,17.1602432,79.5004032,11132,8252,FixOK,A,ObV5CS1912,T417F6b453,"Near Korlapahad Toll Plaza, Kethepally, Telangana 508376, India",331637.75,45.73,IgnitionOn,1,192.639,90.69,4,-113
b7a2204d-71db-4030-ae54-0fcd03f93d48-20,EDC_BS6_PERIODIC,2025-12-06 00:52:18,2025-12-07 13:55:30,17.160224,79.501088,11133,8252,FixOK,A,ObV5CS1912,T417F6b453,"Hyderabad - Suryapet Hwy, Kethepally, Telangana 508376, India",331637.75,45.93,IgnitionOn,1,191.649,91.69,4,-113
b7a2204d-71db-4030-ae54-0fcd03f93d48-21,EDC_BS6_PERIODIC,2025-12-06 00:52:24,2025-12-07 13:55:30,17.1601984,79.5017664,11134,8252,FixOK,A,ObV5CS1912,T417F6b453,"5G52+PW6, Kethepally, Telangana 508376, India",331637.875,44.1,IgnitionOn,1,190.869,91,4,-113
b7a2204d-71db-4030-ae54-0fcd03f93d48-22,EDC_BS6_PERIODIC,2025-12-06 00:52:30,2025-12-07 13:55:30,17.160216,79.5024064,11135,8252,FixOK,A,ObV5CS1912,T417F6b453,"5G52+PW6, Kethepally, Telangana 508376, India",331637.875,43.48,IgnitionOn,1,190.21,89.4,4,-113
b7a2204d-71db-4030-ae54-0fcd03f93d48-23,EDC_BS6_PERIODIC,2025-12-06 00:52:36,2025-12-07 13:55:30,17.160264,79.50304,11136,8252,FixOK,A,ObV5CS1912,T417F6b453,"8-35 Kethepally, Kethepally, Telangana 508211, India",331638,42.3,IgnitionOn,1,189.707,85.3,4,-113
b7a2204d-71db-4030-ae54-0fcd03f93d48-24,EDC_BS6_PERIODIC,2025-12-06 00:52:42,2025-12-07 13:55:30,17.1603072,79.5036544,11137,8252,FixOK,A,ObV5CS1912,T417F6b453,"5G63+6QW, Kethepally, Telangana 508376, India",331638.125,41.05,IgnitionOn,1,188.949,85.9,4,-113
b7a2204d-71db-4030-ae54-0fcd03f93d48-25,EDC_BS6_PERIODIC,2025-12-06 00:52:48,2025-12-07 13:55:30,17.1603232,79.5042944,11138,8252,FixOK,A,ObV5CS1912,T417F6b453,"5G63+6QW, Kethepally, Telangana 508376, India",331638.125,42.67,IgnitionOn,1,188.729,87.59,4,-113
b7a2204d-71db-4030-ae54-0fcd03f93d48-26,EDC_BS6_PERIODIC,2025-12-06 00:52:54,2025-12-07 13:55:30,17.1603712,79.504928,11139,8252,FixOK,A,ObV5CS1912,T417F6b453,"5G64+325, Kethepally, Telangana 508376, India",331638.25,42.17,IgnitionOn,1,187.8,84.5,4,-113
b7a2204d-71db-4030-ae54-0fcd03f93d48-27,EDC_BS6_PERIODIC,2025-12-06 00:53:00,2025-12-07 13:55:30,17.1604448,79.5055744,11140,8252,FixOK,A,ObV5CS1912,T417F6b453,"Hyderabad - Suryapet Hwy, Kethepally, Telangana 508376, India",331638.375,42.73,IgnitionOn,1,187.11,82.69,4,-113
b7a2204d-71db-4030-ae54-0fcd03f93d48-28,EDC_BS6_PERIODIC,2025-12-06 00:53:06,2025-12-07 13:55:30,17.1605728,79.5062144,11141,8252,FixOK,A,ObV5CS1912,T417F6b453,"5G64+8CP, Kethepally, Telangana 508376, India",331638.375,43.28,IgnitionOn,1,186.539,78.9,4,-113
b7a2204d-71db-4030-ae54-0fcd03f93d48-29,EDC_BS6_PERIODIC,2025-12-06 00:53:12,2025-12-07 13:55:30,17.1606848,79.506848,11142,8252,FixOK,A,ObV5CS1912,T417F6b453,"5G65+626, NH 65, Kethepally, Telangana 508376, India",331638.5,42.45,IgnitionOn,1,185.797,80.8,4,-113
b7a2204d-71db-4030-ae54-0fcd03f93d48-30,EDC_BS6_PERIODIC,2025-12-06 00:53:18,2025-12-07 13:55:30,17.1607856,79.507456,11143,8252,FixOK,A,ObV5CS1912,T417F6b453,"5G65+626, NH 65, Kethepally, Telangana 508376, India",331638.5,39.86,IgnitionOn,1,184.289,77.59,4,-113
b7a2204d-71db-4030-ae54-0fcd03f93d48-31,EDC_BS6_PERIODIC,2025-12-06 00:53:24,2025-12-07 13:55:30,17.160928,79.5080192,11144,8252,FixOK,A,ObV5CS1912,T417F6b453,"5G65+626, NH 65, Kethepally, Telangana 508376, India",331638.625,39.14,IgnitionOn,1,183.75,75.8,4,-113
b7a2204d-71db-4030-ae54-0fcd03f93d48-32,EDC_BS6_PERIODIC,2025-12-06 00:53:30,2025-12-07 13:55:30,17.1611072,79.5085376,11145,8252,FixOK,A,ObV5CS1912,T417F6b453,"5G65+CG5, Hyderabad - Suryapet Hwy, Kethepally, Telangana 508376, India",331638.625,36.34,IgnitionOn,1,183.399,70.69,4,-113
b7a2204d-71db-4030-ae54-0fcd03f93d48-33,EDC_BS6_PERIODIC,2025-12-06 00:53:36,2025-12-07 13:55:30,17.161312,79.5090432,11146,8252,FixOK,A,ObV5CS1912,T417F6b453,"5G65+CG5, Hyderabad - Suryapet Hwy, Kethepally, Telangana 508376, India",331638.75,35.03,IgnitionOn,1,183.32,67.9,4,-113
b7a2204d-71db-4030-ae54-0fcd03f93d48-34,EDC_BS6_PERIODIC,2025-12-06 00:53:42,2025-12-07 13:55:30,17.161568,79.5095104,11147,8252,FixOK,A,ObV5CS1912,T417F6b453,"5G66+V5H, Kethepally, Telangana 508376, India",331638.75,34.96,IgnitionOn,1,183.1,63,4,-113
b7a2204d-71db-4030-ae54-0fcd03f93d48-35,EDC_BS6_PERIODIC,2025-12-06 00:53:48,2025-12-07 13:55:30,17.1618688,79.5100416,11148,8252,FixOK,A,ObV5CS1912,T417F6b453,"5G66+V5H, Kethepally, Telangana 508376, India",331638.875,39.25,IgnitionOn,1,182.971,60,4,-113
b7a2204d-71db-4030-ae54-0fcd03f93d48-36,EDC_BS6_PERIODIC,2025-12-06 00:53:54,2025-12-07 13:55:30,17.1621888,79.5105984,11149,8252,FixOK,A,ObV5CS1912,T417F6b453,"5G66+V5H, Kethepally, Telangana 508376, India",331638.875,41.45,IgnitionOn,1,183.149,60.29,4,-113
b7a2204d-71db-4030-ae54-0fcd03f93d48-37,EDC_BS6_PERIODIC,2025-12-06 00:54:00,2025-12-07 13:55:30,17.162472,79.5112256,11150,8252,FixOK,A,ObV5CS1912,T417F6b453,"5G66+V5H, Kethepally, Telangana 508376, India",331639,44.37,IgnitionOn,1,182.789,66,5,-113
b7a2204d-71db-4030-ae54-0fcd03f93d48-38,EDC_BS6_PERIODIC,2025-12-06 00:54:06,2025-12-07 13:55:30,17.1626848,79.5118784,11151,8252,FixOK,A,ObV5CS1912,T417F6b453,"5G67+VFJ, Kethepally, Telangana 508376, India",331639.125,45.79,IgnitionOn,1,183.089,67.4,5,-113
b7a2204d-71db-4030-ae54-0fcd03f93d48-39,EDC_BS6_PERIODIC,2025-12-06 00:54:12,2025-12-07 13:55:30,17.1627536,79.5126016,11152,8252,FixOK,A,ObV5CS1912,T417F6b453,"5G67+VFJ, Kethepally, Telangana 508376, India",331639.125,47.14,IgnitionOn,1,183.63,76.59,5,-113
b7a2204d-71db-4030-ae54-0fcd03f93d48-40,EDC_BS6_PERIODIC,2025-12-06 00:54:18,2025-12-07 13:55:30,17.1627872,79.513344,11153,8252,FixOK,A,ObV5CS1912,T417F6b453,"5G67+VFJ, Kethepally, Telangana 508376, India",331639.25,48.36,IgnitionOn,1,183.309,81.9,4,-113
b7a2204d-71db-4030-ae54-0fcd03f93d48-41,EDC_BS6_PERIODIC,2025-12-06 00:54:24,2025-12-07 13:55:30,17.162848,79.5141056,11154,8252,FixOK,A,ObV5CS1912,T417F6b453,"5G67+VFJ, Kethepally, Telangana 508376, India",331639.375,49.83,IgnitionOn,1,182.291,83.5,4,-113
b7a2204d-71db-4030-ae54-0fcd03f93d48-42,EDC_BS6_PERIODIC,2025-12-06 00:54:30,2025-12-07 13:55:30,17.1628992,79.51488,11155,8252,FixOK,A,ObV5CS1912,T417F6b453,"5G67+VVJ, Suryapet Rd, Kethepally, Telangana 508376, India",331639.375,51.2,IgnitionOn,1,180.369,84.4,4,-113
b7a2204d-71db-4030-ae54-0fcd03f93d48-43,EDC_BS6_PERIODIC,2025-12-06 00:54:36,2025-12-07 13:55:30,17.1629776,79.5156608,11156,8252,FixOK,A,ObV5CS1912,T417F6b453,"Vijayawada - Hyderabad Hwy, Kethepally, Telangana 508376, India",331639.5,51.91,IgnitionOn,1,179.25,83.19,4,-113
b7a2204d-71db-4030-ae54-0fcd03f93d48-44,EDC_BS6_PERIODIC,2025-12-06 00:54:42,2025-12-07 13:55:30,17.163112,79.5164288,11157,8252,FixOK,A,ObV5CS1912,T417F6b453,"Vijayawada - Hyderabad Hwy, Kethepally, Telangana 508376, India",331639.625,50.93,IgnitionOn,1,177.199,78.69,4,-113
b7a2204d-71db-4030-ae54-0fcd03f93d48-45,EDC_BS6_PERIODIC,2025-12-06 00:54:48,2025-12-07 13:55:30,17.1633152,79.5171328,11158,8252,FixOK,A,ObV5CS1912,T417F6b453,"5G78+6X Uppala Pahad, Telangana, India",331639.75,49.39,IgnitionOn,1,175.86,72.4,4,-113
b7a2204d-71db-4030-ae54-0fcd03f93d48-46,EDC_BS6_PERIODIC,2025-12-06 00:54:54,2025-12-07 13:55:30,17.1635552,79.5178304,11159,8252,FixOK,A,ObV5CS1912,T417F6b453,"5G79+F9 Uppala Pahad, Telangana, India",331639.75,48.97,IgnitionOn,1,174.83,69.09,4,-113
b7a2204d-71db-4030-ae54-0fcd03f93d48-47,EDC_BS6_PERIODIC,2025-12-06 00:55:00,2025-12-07 13:55:30,17.1638144,79.518528,11160,8252,FixOK,A,ObV5CS1912,T417F6b453,"Hyderabad - Vijayawada Hwy, Telangana 508376, India",331639.875,49.79,IgnitionOn,1,173.943,69.19,4,-113
b7a2204d-71db-4030-ae54-0fcd03f93d48-49,EDC_BS6_PERIODIC,2025-12-06 00:55:06,2025-12-07 13:55:30,17.1640656,79.5192448,11161,8252,FixOK,A,ObV5CS1912,T417F6b453,"Hyderabad - Vijayawada Hwy, Telangana 508376, India",331640,50.16,IgnitionOn,1,171.99,69.3,4,-113
b7a2204d-71db-4030-ae54-0fcd03f93d48-50,EDC_BS6_PERIODIC,2025-12-06 00:55:12,2025-12-07 13:55:30,17.1642736,79.5199744,11162,8252,FixOK,A,ObV5CS1912,T417F6b453,"5G7C+98, Uppala Pahad, Telangana 508376, India",331640,50.74,IgnitionOn,1,170.66,72.3,4,-113
6d6b958b-d305-4d85-962d-d65b86b2ba7d-1,EDC_BS6_PERIODIC,2025-12-06 00:55:18,2025-12-07 13:55:51,17.164496,79.5206976,11163,8252,FixOK,A,ObV5CS1912,T417F6b453,"5G7C+VHG, Cheekatigudem, Telangana 508376, India",331640.125,51.18,IgnitionOn,1,169.339,68.9,5,-113
6d6b958b-d305-4d85-962d-d65b86b2ba7d-2,EDC_BS6_PERIODIC,2025-12-06 00:55:24,2025-12-07 13:55:51,17.164816,79.521376,11164,8252,FixOK,A,ObV5CS1912,T417F6b453,"5G7C+VHG, Cheekatigudem, Telangana 508376, India",331640.25,50.74,IgnitionOn,1,168.039,62.09,6,-113
6d6b958b-d305-4d85-962d-d65b86b2ba7d-3,EDC_BS6_PERIODIC,2025-12-06 00:55:30,2025-12-07 13:55:51,17.1651424,79.522048,11165,8252,FixOK,A,ObV5CS1912,T417F6b453,"5G8C+6R5, Tekumatlla, Telangana 508376, India",331640.25,49.35,IgnitionOn,1,167.86,63.5,5,-113
6d6b958b-d305-4d85-962d-d65b86b2ba7d-4,EDC_BS6_PERIODIC,2025-12-06 00:55:36,2025-12-07 13:55:51,17.1654624,79.5226944,11166,8252,FixOK,A,ObV5CS1912,T417F6b453,"5G8C+6R5, Tekumatlla, Telangana 508376, India",331640.375,47.91,IgnitionOn,1,167.785,62.7,4,-113
6d6b958b-d305-4d85-962d-d65b86b2ba7d-5,EDC_BS6_PERIODIC,2025-12-06 00:55:42,2025-12-07 13:55:51,17.165768,79.5233216,11167,8252,FixOK,A,ObV5CS1912,T417F6b453,"5G8C+6R5, Tekumatlla, Telangana 508376, India",331640.5,46.24,IgnitionOn,1,167.809,62.09,4,-113
6d6b958b-d305-4d85-962d-d65b86b2ba7d-6,EDC_BS6_PERIODIC,2025-12-06 00:55:48,2025-12-07 13:55:51,17.1660576,79.523936,11168,8252,FixOK,A,ObV5CS1912,T417F6b453,"5G8F+VWH, Suryapet Rd, Uppala Pahad, Telangana 508376, India",331640.5,44.95,IgnitionOn,1,168,65.59,5,-113
6d6b958b-d305-4d85-962d-d65b86b2ba7d-7,EDC_BS6_PERIODIC,2025-12-06 00:55:54,2025-12-07 13:55:51,17.1662976,79.5245504,11169,8252,FixOK,A,ObV5CS1912,T417F6b453,"5G8G+V26, Uppala Pahad, Telangana 508376, India",331640.625,43.21,IgnitionOn,1,168.139,68.9,4,-113
6d6b958b-d305-4d85-962d-d65b86b2ba7d-8,EDC_BS6_PERIODIC,2025-12-06 00:56:00,2025-12-07 13:55:51,17.166488,79.525184,11170,8252,FixOK,A,ObV5CS1912,T417F6b453,"5G8G+V26, Uppala Pahad, Telangana 508376, India",331640.625,43.15,IgnitionOn,1,168.259,71.59,4,-113
6d6b958b-d305-4d85-962d-d65b86b2ba7d-9,EDC_BS6_PERIODIC,2025-12-06 00:56:06,2025-12-07 13:55:51,17.166592,79.5258176,11171,8252,FixOK,A,ObV5CS1912,T417F6b453,"Hyderabad - Suryapet Hwy, Uppala Pahad, Telangana 508376, India",331640.75,41.91,IgnitionOn,1,168.49,76.69,4,-113
6d6b958b-d305-4d85-962d-d65b86b2ba7d-10,EDC_BS6_PERIODIC,2025-12-06 00:56:12,2025-12-07 13:55:51,17.1665632,79.5264512,11172,8252,FixOK,A,ObV5CS1912,T417F6b453,"Hyderabad - Suryapet Hwy, Uppala Pahad, Telangana 508376, India",331640.75,41.26,IgnitionOn,1,168.637,88.9,4,-113
6d6b958b-d305-4d85-962d-d65b86b2ba7d-11,EDC_BS6_PERIODIC,2025-12-06 00:56:18,2025-12-07 13:55:51,17.1664608,79.5270656,11173,8252,FixOK,A,ObV5CS1912,T417F6b453,"5G8H+H2P, Uppala Pahad, Telangana 508376, India",331640.875,41.55,IgnitionOn,1,168.94,99.8,4,-113
6d6b958b-d305-4d85-962d-d65b86b2ba7d-12,EDC_BS6_PERIODIC,2025-12-06 00:56:24,2025-12-07 13:55:51,17.1662912,79.5276672,11174,8252,FixOK,A,ObV5CS1912,T417F6b453,"5G8H+H2P, Uppala Pahad, Telangana 508376, India",331641,42.1,IgnitionOn,1,168.71,106.4,5,-113
6d6b958b-d305-4d85-962d-d65b86b2ba7d-13,EDC_BS6_PERIODIC,2025-12-06 00:56:30,2025-12-07 13:55:51,17.165968,79.5282496,11175,8252,FixOK,A,ObV5CS1912,T417F6b453,"5G8H+H2P, Uppala Pahad, Telangana 508376, India",331641,42.34,IgnitionOn,1,168.66,114.59,5,-113
6d6b958b-d305-4d85-962d-d65b86b2ba7d-14,EDC_BS6_PERIODIC,2025-12-06 00:56:36,2025-12-07 13:55:51,17.1655984,79.5288064,11176,8252,FixOK,A,ObV5CS1912,T417F6b453,"Hyderabad - Vijayawada Hwy, Uppala Pahad, Telangana 508376, India",331641.125,43.07,IgnitionOn,1,168.52,122,4,-113
6d6b958b-d305-4d85-962d-d65b86b2ba7d-15,EDC_BS6_PERIODIC,2025-12-06 00:56:42,2025-12-07 13:55:51,17.1652,79.5293184,11177,8252,FixOK,A,ObV5CS1912,T417F6b453,"Hyderabad - Vijayawada Hwy, Uppala Pahad, Telangana 508376, India",331641.125,43.25,IgnitionOn,1,168.229,126.09,5,-113
6d6b958b-d305-4d85-962d-d65b86b2ba7d-16,EDC_BS6_PERIODIC,2025-12-06 00:56:48,2025-12-07 13:55:51,17.1648032,79.5297984,11178,8252,FixOK,A,ObV5CS1912,T417F6b453,"Hyderabad - Vijayawada Hwy, Uppala Pahad, Telangana 508376, India",331641.25,41.3,IgnitionOn,1,168.129,129.69,5,-113
6d6b958b-d305-4d85-962d-d65b86b2ba7d-17,EDC_BS6_PERIODIC,2025-12-06 00:56:54,2025-12-07 13:55:51,17.164448,79.5302464,11179,8252,FixOK,A,ObV5CS1912,T417F6b453,"Vijayawada - Hyderabad Hwy, Uppala Pahad, Telangana 508376, India",331641.375,38.73,IgnitionOn,1,167.61,128,5,-113
6d6b958b-d305-4d85-962d-d65b86b2ba7d-18,EDC_BS6_PERIODIC,2025-12-06 00:57:00,2025-12-07 13:55:51,17.1640864,79.5306944,11180,8252,FixOK,A,ObV5CS1912,T417F6b453,"5G7J+H7 Uppala Pahad, Telangana, India",331641.375,39.57,IgnitionOn,1,167.19,129.69,5,-113
6d6b958b-d305-4d85-962d-d65b86b2ba7d-19,EDC_BS6_PERIODIC,2025-12-06 00:57:06,2025-12-07 13:55:51,17.163696,79.5311424,11181,8252,FixOK,A,ObV5CS1912,T417F6b453,"5G7J+H7 Uppala Pahad, Telangana, India",331641.5,39.28,IgnitionOn,1,166.809,131.19,5,-113
6d6b958b-d305-4d85-962d-d65b86b2ba7d-20,EDC_BS6_PERIODIC,2025-12-06 00:57:12,2025-12-07 13:55:51,17.163304,79.531584,11182,8252,FixOK,A,ObV5CS1912,T417F6b453,"5G7M+82C, Suryapet Rd, Uppala Pahad, Telangana 508376, India",331641.5,39.8,IgnitionOn,1,166.229,133.1,5,-113
6d6b958b-d305-4d85-962d-d65b86b2ba7d-21,EDC_BS6_PERIODIC,2025-12-06 00:57:18,2025-12-07 13:55:51,17.162888,79.532,11183,8252,FixOK,A,ObV5CS1912,T417F6b453,"5G7M+82C, Suryapet Rd, Uppala Pahad, Telangana 508376, India",331641.625,39.26,IgnitionOn,1,166.27,136,5,-113
6d6b958b-d305-4d85-962d-d65b86b2ba7d-22,EDC_BS6_PERIODIC,2025-12-06 00:57:24,2025-12-07 13:55:51,17.1624768,79.5324032,11184,8252,FixOK,A,ObV5CS1912,T417F6b453,"5G7M+82C, Suryapet Rd, Uppala Pahad, Telangana 508376, India",331641.625,37.42,IgnitionOn,1,165.699,136.19,5,-113
6d6b958b-d305-4d85-962d-d65b86b2ba7d-23,EDC_BS6_PERIODIC,2025-12-06 00:57:30,2025-12-07 13:55:51,17.1620864,79.5328,11185,8252,FixOK,A,ObV5CS1912,T417F6b453,"5G6M+P5 Uppala Pahad, Telangana, India",331641.75,36.5,IgnitionOn,1,165.5,136,5,-113
6d6b958b-d305-4d85-962d-d65b86b2ba7d-24,EDC_BS6_PERIODIC,2025-12-06 00:57:36,2025-12-07 13:55:51,17.1617088,79.5331776,11186,8252,FixOK,A,ObV5CS1912,T417F6b453,"5G6M+P5 Uppala Pahad, Telangana, India",331641.75,35.61,IgnitionOn,1,165.369,135.3,5,-113
6d6b958b-d305-4d85-962d-d65b86b2ba7d-25,EDC_BS6_PERIODIC,2025-12-06 00:57:42,2025-12-07 13:55:51,17.1613424,79.5335616,11187,8252,FixOK,A,ObV5CS1912,T417F6b453,"5G6P+C3, Uppala Pahad, Telangana 508376, India",331641.875,35.85,IgnitionOn,1,164.649,134.89,5,-113
6d6b958b-d305-4d85-962d-d65b86b2ba7d-26,EDC_BS6_PERIODIC,2025-12-06 00:57:48,2025-12-07 13:55:51,17.1609792,79.533952,11188,8252,FixOK,A,ObV5CS1912,T417F6b453,"5G6P+C3, Uppala Pahad, Telangana 508376, India",331641.875,36.27,IgnitionOn,1,164.429,134.3,5,-113
6d6b958b-d305-4d85-962d-d65b86b2ba7d-27,EDC_BS6_PERIODIC,2025-12-06 00:57:54,2025-12-07 13:55:51,17.1605888,79.5343488,11189,8252,FixOK,A,ObV5CS1912,T417F6b453,"5G6P+C3, Uppala Pahad, Telangana 508376, India",331642,36.84,IgnitionOn,1,163.899,136.39,5,-113
6d6b958b-d305-4d85-962d-d65b86b2ba7d-28,EDC_BS6_PERIODIC,2025-12-06 00:58:00,2025-12-07 13:55:51,17.1601776,79.534752,11190,8252,FixOK,A,ObV5CS1912,T417F6b453,"5G5P+G8V, Uppala Pahad, Telangana 508376, India",331642,37.8,IgnitionOn,1,163.735,135.89,5,-113
6d6b958b-d305-4d85-962d-d65b86b2ba7d-29,EDC_BS6_PERIODIC,2025-12-06 00:58:06,2025-12-07 13:55:51,17.15976,79.5351808,11191,8252,FixOK,A,ObV5CS1912,T417F6b453,"5G5P+G8V, Uppala Pahad, Telangana 508376, India",331642.125,39.57,IgnitionOn,1,163.759,135.19,5,-113
6d6b958b-d305-4d85-962d-d65b86b2ba7d-30,EDC_BS6_PERIODIC,2025-12-06 00:58:12,2025-12-07 13:55:51,17.159336,79.535616,11192,8252,FixOK,A,ObV5CS1912,T417F6b453,"5G5P+G8V, Uppala Pahad, Telangana 508376, India",331642.125,40.36,IgnitionOn,1,163.789,135.6,5,-113
6d6b958b-d305-4d85-962d-d65b86b2ba7d-31,EDC_BS6_PERIODIC,2025-12-06 00:58:18,2025-12-07 13:55:51,17.158936,79.536096,11193,8252,FixOK,A,ObV5CS1912,T417F6b453,"5G5P+G8V, Uppala Pahad, Telangana 508376, India",331642.25,41.23,IgnitionOn,1,163.96,127.4,5,-113
6d6b958b-d305-4d85-962d-d65b86b2ba7d-32,EDC_BS6_PERIODIC,2025-12-06 00:58:24,2025-12-07 13:55:51,17.1585888,79.53664,11194,8252,FixOK,A,ObV5CS1912,T417F6b453,"5G5P+G8V, Uppala Pahad, Telangana 508376, India",331642.375,42.9,IgnitionOn,1,163.97,120.8,5,-113
6d6b958b-d305-4d85-962d-d65b86b2ba7d-33,EDC_BS6_PERIODIC,2025-12-06 00:58:30,2025-12-07 13:55:51,17.158296,79.537248,11195,8252,FixOK,A,ObV5CS1912,T417F6b453,"5G4P+WJ8, Uppala Pahad, Telangana 508376, India",331642.375,45.03,IgnitionOn,1,163.74,114.9,5,-113
6d6b958b-d305-4d85-962d-d65b86b2ba7d-34,EDC_BS6_PERIODIC,2025-12-06 00:58:36,2025-12-07 13:55:51,17.1580832,79.5378944,11196,8252,FixOK,A,ObV5CS1912,T417F6b453,"5G5Q+74 Uppala Pahad, Telangana, India",331642.5,44.18,IgnitionOn,1,163.713,109.9,5,-113
6d6b958b-d305-4d85-962d-d65b86b2ba7d-35,EDC_BS6_PERIODIC,2025-12-06 00:58:42,2025-12-07 13:55:51,17.157984,79.5385536,11197,8252,FixOK,A,ObV5CS1912,T417F6b453,"5G5Q+FR9, Uppala Pahad, Telangana 508376, India",331642.625,43.2,IgnitionOn,1,163.3,102.8,4,-113
6d6b958b-d305-4d85-962d-d65b86b2ba7d-36,EDC_BS6_PERIODIC,2025-12-06 00:58:48,2025-12-07 13:55:51,17.1579808,79.539168,11198,8252,FixOK,A,ObV5CS1912,T417F6b453,"5G5Q+FR9, Uppala Pahad, Telangana 508376, India",331642.625,41.65,IgnitionOn,1,162.729,88,5,-113
6d6b958b-d305-4d85-962d-d65b86b2ba7d-37,EDC_BS6_PERIODIC,2025-12-06 00:58:54,2025-12-07 13:55:51,17.158056,79.539776,11199,8252,FixOK,A,ObV5CS1912,T417F6b453,"5G4R+X49 Bhagyanagar Haritha Haram, Uppala Pahad, Telangana 508376, India",331642.75,40.45,IgnitionOn,1,162.82,81.4,5,-113
6d6b958b-d305-4d85-962d-d65b86b2ba7d-38,EDC_BS6_PERIODIC,2025-12-06 00:59:00,2025-12-07 13:55:51,17.158192,79.5403648,11200,8252,FixOK,A,ObV5CS1912,T417F6b453,"5G4R+X49 Bhagyanagar Haritha Haram, Uppala Pahad, Telangana 508376, India",331642.75,40.29,IgnitionOn,1,162.46,77.5,5,-113
6d6b958b-d305-4d85-962d-d65b86b2ba7d-39,EDC_BS6_PERIODIC,2025-12-06 00:59:06,2025-12-07 13:55:51,17.1583904,79.5409408,11201,8252,FixOK,A,ObV5CS1912,T417F6b453,"Hyderabad - Suryapet Hwy, Uppala Pahad, Telangana 508376, India",331642.875,40.34,IgnitionOn,1,162.21,71.9,6,-113
6d6b958b-d305-4d85-962d-d65b86b2ba7d-40,EDC_BS6_PERIODIC,2025-12-06 00:59:12,2025-12-07 13:55:51,17.1586656,79.5414976,11202,8252,FixOK,A,ObV5CS1912,T417F6b453,"5G5R+GH Uppala Pahad, Telangana, India",331642.875,40.46,IgnitionOn,1,161.973,65.5,6,-113
6d6b958b-d305-4d85-962d-d65b86b2ba7d-41,EDC_BS6_PERIODIC,2025-12-06 00:59:18,2025-12-07 13:55:51,17.1589696,79.541984,11203,8252,FixOK,A,ObV5CS1912,T417F6b453,"Vijayawada - Hyderabad Hwy, Uppala Pahad, Telangana 508376, India",331643,38.91,IgnitionOn,1,161.679,54.59,4,-113
6d6b958b-d305-4d85-962d-d65b86b2ba7d-42,EDC_BS6_PERIODIC,2025-12-06 00:59:24,2025-12-07 13:55:51,17.159296,79.5424256,11204,8252,FixOK,A,ObV5CS1912,T417F6b453,"Vijayawada - Hyderabad Hwy, Uppala Pahad, Telangana 508376, India",331643,37.26,IgnitionOn,1,161.839,52.29,4,-113
6d6b958b-d305-4d85-962d-d65b86b2ba7d-43,EDC_BS6_PERIODIC,2025-12-06 00:59:30,2025-12-07 13:55:51,17.159656,79.5428544,11205,8252,FixOK,A,ObV5CS1912,T417F6b453,"5G6V+475 Tekumatla Bridge, Suryapet, Uppala Pahad, Telangana 508376, India",331643.125,37.61,IgnitionOn,1,161.919,51.29,4,-113
6d6b958b-d305-4d85-962d-d65b86b2ba7d-44,EDC_BS6_PERIODIC,2025-12-06 00:59:36,2025-12-07 13:55:51,17.1600608,79.5432832,11206,8252,FixOK,A,ObV5CS1912,T417F6b453,"5G6V+475 Tekumatla Bridge, Suryapet, Uppala Pahad, Telangana 508376, India",331643.125,37.99,IgnitionOn,1,161.88,48.7,4,-113
6d6b958b-d305-4d85-962d-d65b86b2ba7d-45,EDC_BS6_PERIODIC,2025-12-06 00:59:42,2025-12-07 13:55:51,17.1604448,79.5437056,11207,8252,FixOK,A,ObV5CS1912,T417F6b453,"Hyderabad - Suryapet Hwy, Uppala Pahad, Telangana 508376, India",331643.25,38.3,IgnitionOn,1,162.059,48.59,4,-113
6d6b958b-d305-4d85-962d-d65b86b2ba7d-46,EDC_BS6_PERIODIC,2025-12-06 00:59:48,2025-12-07 13:55:51,17.160824,79.5441408,11208,8252,FixOK,A,ObV5CS1912,T417F6b453,"Vijayawada - Hyderabad Hwy, Uppala Pahad, Telangana 508376, India",331643.375,38.58,IgnitionOn,1,162.245,48.9,5,-113
6d6b958b-d305-4d85-962d-d65b86b2ba7d-47,EDC_BS6_PERIODIC,2025-12-06 00:59:54,2025-12-07 13:55:51,17.1612192,79.5445888,11209,8252,FixOK,A,ObV5CS1912,T417F6b453,"Hyderabad - Suryapet Hwy, Uppala Pahad, Telangana 508376, India",331643.375,38.6,IgnitionOn,1,162.509,47.29,4,-113
6d6b958b-d305-4d85-962d-d65b86b2ba7d-48,EDC_BS6_PERIODIC,2025-12-06 01:00:00,2025-12-07 13:55:51,17.1616144,79.545024,11210,8252,FixOK,A,ObV5CS1912,T417F6b453,"Suryapet Rd, Tekumatlla, Telangana 508376, India",331643.5,38.51,IgnitionOn,1,162.55,46.59,5,-113
6d6b958b-d305-4d85-962d-d65b86b2ba7d-49,EDC_BS6_PERIODIC,2025-12-06 01:00:06,2025-12-07 13:55:51,17.1619872,79.5454592,11211,8252,FixOK,A,ObV5CS1912,T417F6b453,"Suryapet Rd, Tekumatlla, Telangana 508376, India",331643.5,37.94,IgnitionOn,1,162.46,48.29,4,-113
6d6b958b-d305-4d85-962d-d65b86b2ba7d-50,EDC_BS6_PERIODIC,2025-12-06 01:00:12,2025-12-07 13:55:51,17.162352,79.5459264,11212,8252,FixOK,A,ObV5CS1912,T417F6b453,"5G6W+X9 Pillala Marri Rural, Telangana, India",331643.625,39.43,IgnitionOn,1,162.35,51.5,4,-113
cc25760d-8c19-49b9-81f9-60556a40f9ac-1,EDC_BS6_PERIODIC,2025-12-06 01:00:18,2025-12-07 13:56:10,17.1627232,79.5464384,11213,8252,FixOK,A,ObV5CS1912,T417F6b453,"Hyderabad - Suryapet Hwy, Tekumatlla, Telangana 508376, India",331643.625,41.23,IgnitionOn,1,162.25,56.29,4,-113
cc25760d-8c19-49b9-81f9-60556a40f9ac-2,EDC_BS6_PERIODIC,2025-12-06 01:00:24,2025-12-07 13:56:10,17.1630368,79.5470016,11214,8252,FixOK,A,ObV5CS1912,T417F6b453,"5G7W+CX5, Nalgonda, Telangana 508376, India",331643.75,41.77,IgnitionOn,1,162.32,61.29,5,-113
cc25760d-8c19-49b9-81f9-60556a40f9ac-3,EDC_BS6_PERIODIC,2025-12-06 01:00:30,2025-12-07 13:56:10,17.1633088,79.5475456,11215,8252,FixOK,A,ObV5CS1912,T417F6b453,"5G7X+85Q, Hyderabad - Suryapet Hwy, Tekumatlla, Telangana 508376, India",331643.75,40.32,IgnitionOn,1,162.119,62.79,4,-113
cc25760d-8c19-49b9-81f9-60556a40f9ac-4,EDC_BS6_PERIODIC,2025-12-06 01:00:36,2025-12-07 13:56:10,17.1635616,79.5480448,11216,8252,FixOK,A,ObV5CS1912,T417F6b453,"5G7X+85Q, Hyderabad - Suryapet Hwy, Tekumatlla, Telangana 508376, India",331643.875,37.09,IgnitionOn,1,161.99,64.3,4,-113
cc25760d-8c19-49b9-81f9-60556a40f9ac-5,EDC_BS6_PERIODIC,2025-12-06 01:00:42,2025-12-07 13:56:10,17.1637472,79.5485184,11217,8252,FixOK,A,ObV5CS1912,T417F6b453,"5H72+G3J, Suryapet Rd, Tekumatlla, Telangana 508376, India",331643.875,34.29,IgnitionOn,1,162.02,65,4,-113
cc25760d-8c19-49b9-81f9-60556a40f9ac-6,EDC_BS6_PERIODIC,2025-12-06 01:00:48,2025-12-07 13:56:10,17.1638528,79.5490176,11218,8252,FixOK,A,ObV5CS1912,T417F6b453,"5H72+G3J, Suryapet Rd, Tekumatlla, Telangana 508376, India",331644,34.02,IgnitionOn,1,162.02,79.3,5,-113
cc25760d-8c19-49b9-81f9-60556a40f9ac-7,EDC_BS6_PERIODIC,2025-12-06 01:00:54,2025-12-07 13:56:10,17.163888,79.5495744,11219,8252,FixOK,A,ObV5CS1912,T417F6b453,"5H72+G3J, Suryapet Rd, Tekumatlla, Telangana 508376, India",331644,36.32,IgnitionOn,1,162.809,82.3,5,-113
cc25760d-8c19-49b9-81f9-60556a40f9ac-8,EDC_BS6_PERIODIC,2025-12-06 01:01:00,2025-12-07 13:56:10,17.163872,79.5501952,11220,8252,FixOK,A,ObV5CS1912,T417F6b453,"5H72+G3J, Suryapet Rd, Tekumatlla, Telangana 508376, India",331644.125,39.2,IgnitionOn,1,163.551,87.69,4,-113
cc25760d-8c19-49b9-81f9-60556a40f9ac-9,EDC_BS6_PERIODIC,2025-12-06 01:01:06,2025-12-07 13:56:10,17.1638208,79.5508096,11221,8252,FixOK,A,ObV5CS1912,T417F6b453,"5H72+G3J, Suryapet Rd, Tekumatlla, Telangana 508376, India",331644.25,39.28,IgnitionOn,1,164.47,92.19,5,-113
cc25760d-8c19-49b9-81f9-60556a40f9ac-10,EDC_BS6_PERIODIC,2025-12-06 01:01:12,2025-12-07 13:56:10,17.1637296,79.5514112,11222,8252,FixOK,A,ObV5CS1912,T417F6b453,"5H72+G3J, Suryapet Rd, Tekumatlla, Telangana 508376, India",331644.25,39.86,IgnitionOn,1,164.77,96.3,5,-113
cc25760d-8c19-49b9-81f9-60556a40f9ac-11,EDC_BS6_PERIODIC,2025-12-06 01:01:18,2025-12-07 13:56:10,17.163616,79.552,11223,8252,FixOK,A,ObV5CS1912,T417F6b453,"Suryapet Rd, Tekumatlla, Telangana 508376, India",331644.375,39.83,IgnitionOn,1,164.839,103.5,5,-113
cc25760d-8c19-49b9-81f9-60556a40f9ac-12,EDC_BS6_PERIODIC,2025-12-06 01:01:24,2025-12-07 13:56:10,17.1634432,79.5525888,11224,8252,FixOK,A,ObV5CS1912,T417F6b453,"Hyderabad - Vijayawada Hwy, Pillala Marri Rural, Telangana 508376, India",331644.375,40.71,IgnitionOn,1,164.869,106.09,5,-113
cc25760d-8c19-49b9-81f9-60556a40f9ac-13,EDC_BS6_PERIODIC,2025-12-06 01:01:30,2025-12-07 13:56:10,17.163232,79.553184,11225,8252,FixOK,A,ObV5CS1912,T417F6b453,"Hyderabad - Vijayawada Hwy, Pillala Marri Rural, Telangana 508376, India",331644.5,41.81,IgnitionOn,1,164.669,109,6,-113
cc25760d-8c19-49b9-81f9-60556a40f9ac-14,EDC_BS6_PERIODIC,2025-12-06 01:01:36,2025-12-07 13:56:10,17.1629728,79.55376,11226,8252,FixOK,A,ObV5CS1912,T417F6b453,"Hyderabad - Vijayawada Hwy, Pillala Marri Rural, Telangana 508376, India",331644.5,42.33,IgnitionOn,1,164.872,111.3,6,-113
cc25760d-8c19-49b9-81f9-60556a40f9ac-15,EDC_BS6_PERIODIC,2025-12-06 01:01:42,2025-12-07 13:56:10,17.162664,79.5543168,11227,8252,FixOK,A,ObV5CS1912,T417F6b453,"Hyderabad - Vijayawada Hwy, Pillala Marri Rural, Telangana 508376, India",331644.625,41.9,IgnitionOn,1,166.009,116.4,6,-113
cc25760d-8c19-49b9-81f9-60556a40f9ac-16,EDC_BS6_PERIODIC,2025-12-06 01:01:48,2025-12-07 13:56:10,17.1623648,79.55488,11228,8252,FixOK,A,ObV5CS1912,T417F6b453,"5H63+HM, Pillala Marri Rural, Telangana 508376, India",331644.625,42.21,IgnitionOn,1,167.119,119.19,5,-113
cc25760d-8c19-49b9-81f9-60556a40f9ac-17,EDC_BS6_PERIODIC,2025-12-06 01:01:54,2025-12-07 13:56:10,17.162032,79.555392,11229,8252,FixOK,A,ObV5CS1912,T417F6b453,"5H63+HM, Pillala Marri Rural, Telangana 508376, India",331644.75,40,IgnitionOn,1,167.789,124.8,5,-113
cc25760d-8c19-49b9-81f9-60556a40f9ac-18,EDC_BS6_PERIODIC,2025-12-06 01:02:00,2025-12-07 13:56:10,17.1616784,79.5558272,11230,8252,FixOK,A,ObV5CS1912,T417F6b453,"Hyderabad - Vijayawada Hwy, Pillala Marri Rural, Telangana 508376, India",331644.875,38.71,IgnitionOn,1,168.05,132.5,6,-113
cc25760d-8c19-49b9-81f9-60556a40f9ac-19,EDC_BS6_PERIODIC,2025-12-06 01:02:06,2025-12-07 13:56:10,17.161304,79.5561728,11231,8252,FixOK,A,ObV5CS1912,T417F6b453,"Hyderabad - Vijayawada Hwy, Pillala Marri Rural, Telangana 508376, India",331644.875,34.8,IgnitionOn,1,166.449,138.19,6,-113
cc25760d-8c19-49b9-81f9-60556a40f9ac-20,EDC_BS6_PERIODIC,2025-12-06 01:02:12,2025-12-07 13:56:10,17.1609952,79.5565376,11232,8252,FixOK,A,ObV5CS1912,T417F6b453,"New Suryapet - Khammam Hwy Under Construction, Pillala Marri Rural, Telangana 508376, India",331645,28.36,IgnitionOn,1,165.757,138,5,-113
cc25760d-8c19-49b9-81f9-60556a40f9ac-21,EDC_BS6_PERIODIC,2025-12-06 01:02:18,2025-12-07 13:56:10,17.1609744,79.556864,11233,8252,FixOK,A,ObV5CS1912,T417F6b453,"New Suryapet - Khammam Hwy Under Construction, Pillala Marri Rural, Telangana 508376, India",331645,20.59,IgnitionOn,1,164.649,81.9,4,-113
cc25760d-8c19-49b9-81f9-60556a40f9ac-22,EDC_BS6_PERIODIC,2025-12-06 01:02:24,2025-12-07 13:56:10,17.1611056,79.5571072,11234,8252,FixOK,A,ObV5CS1912,T417F6b453,"New Suryapet - Khammam Hwy Under Construction, Pillala Marri Rural, Telangana 508376, India",331645,20.56,IgnitionOn,1,164.66,55.9,5,-113
cc25760d-8c19-49b9-81f9-60556a40f9ac-23,EDC_BS6_PERIODIC,2025-12-06 01:02:30,2025-12-07 13:56:10,17.1613296,79.5573248,11235,8252,FixOK,A,ObV5CS1912,T417F6b453,"New Suryapet - Khammam Hwy Under Construction, Pillala Marri Rural, Telangana 508376, India",331645,24.07,IgnitionOn,1,165.13,48.7,6,-113
cc25760d-8c19-49b9-81f9-60556a40f9ac-24,EDC_BS6_PERIODIC,2025-12-06 01:02:36,2025-12-07 13:56:10,17.1616096,79.5575936,11236,8252,FixOK,A,ObV5CS1912,T417F6b453,"5H65+V3 Pillala Marri Rural, Telangana, India",331645.125,26.66,IgnitionOn,1,165.619,45.2,6,-113
cc25760d-8c19-49b9-81f9-60556a40f9ac-25,EDC_BS6_PERIODIC,2025-12-06 01:02:42,2025-12-07 13:56:10,17.161896,79.557856,11237,8252,FixOK,A,ObV5CS1912,T417F6b453,"5H65+V3 Pillala Marri Rural, Telangana, India",331645.125,26.03,IgnitionOn,1,165.789,44.5,4,-113
cc25760d-8c19-49b9-81f9-60556a40f9ac-26,EDC_BS6_PERIODIC,2025-12-06 01:02:48,2025-12-07 13:56:10,17.1621584,79.5581056,11238,8252,FixOK,A,ObV5CS1912,T417F6b453,"5H65+V3 Pillala Marri Rural, Telangana, India",331645.25,24.7,IgnitionOn,1,165.735,46.4,5,-113
cc25760d-8c19-49b9-81f9-60556a40f9ac-27,EDC_BS6_PERIODIC,2025-12-06 01:02:54,2025-12-07 13:56:10,17.162336,79.558336,11239,8252,FixOK,A,ObV5CS1912,T417F6b453,"5H65+V3 Pillala Marri Rural, Telangana, India",331645.25,22.82,IgnitionOn,1,165.789,56.4,5,-113
cc25760d-8c19-49b9-81f9-60556a40f9ac-28,EDC_BS6_PERIODIC,2025-12-06 01:03:00,2025-12-07 13:56:10,17.162472,79.558528,11240,8252,FixOK,A,ObV5CS1912,T417F6b453,"Hyderabad - Suryapet Hwy, Pillala Marri Rural, Telangana 508376, India",331645.25,14.5,IgnitionOn,1,165.97,57.4,3,-113
cc25760d-8c19-49b9-81f9-60556a40f9ac-29,EDC_BS6_PERIODIC,2025-12-06 01:03:06,2025-12-07 13:56:10,17.1625728,79.558624,11241,8252,FixOK,A,ObV5CS1912,T417F6b453,"5H75+4G Pillala Marri Rural, Telangana, India",331645.25,8.34,IgnitionOn,1,165.679,61.9,5,-113
cc25760d-8c19-49b9-81f9-60556a40f9ac-30,EDC_BS6_PERIODIC,2025-12-06 01:03:12,2025-12-07 13:56:10,17.1625792,79.5586624,11242,8252,FixOK,A,ObV5CS1912,T417F6b453,"5H75+4G Pillala Marri Rural, Telangana, India",331645.25,9.32,IgnitionOn,1,165.55,93.09,5,-113
cc25760d-8c19-49b9-81f9-60556a40f9ac-31,EDC_BS6_PERIODIC,2025-12-06 01:03:18,2025-12-07 13:56:10,17.1625088,79.5586176,11243,8252,FixOK,A,ObV5CS1912,T417F6b453,"5H75+4G Pillala Marri Rural, Telangana, India",331645.375,15.16,IgnitionOn,1,165.679,227.6,4,-113
cc25760d-8c19-49b9-81f9-60556a40f9ac-32,EDC_BS6_PERIODIC,2025-12-06 01:03:24,2025-12-07 13:56:10,17.1623552,79.5583872,11244,8252,FixOK,A,ObV5CS1912,T417F6b453,"5H65+V3 Pillala Marri Rural, Telangana, India",331645.375,22.25,IgnitionOn,1,165.967,234.1,4,-113
cc25760d-8c19-49b9-81f9-60556a40f9ac-33,EDC_BS6_PERIODIC,2025-12-06 01:03:30,2025-12-07 13:56:10,17.1621536,79.5581056,11245,8252,FixOK,A,ObV5CS1912,T417F6b453,"5H65+V3 Pillala Marri Rural, Telangana, India",331645.375,27.54,IgnitionOn,1,166.779,228.69,4,-113
d208f82c-f464-4ccc-b514-dfb0f1997bb1-1,EDC_BS6_PERIODIC,2025-12-06 01:03:36,2025-12-07 13:56:31,17.1619008,79.5578112,11246,8252,FixOK,A,ObV5CS1912,T417F6b453,"5H65+V3 Pillala Marri Rural, Telangana, India",331645.5,33.08,IgnitionOn,1,167.399,224.19,4,-113
d208f82c-f464-4ccc-b514-dfb0f1997bb1-2,EDC_BS6_PERIODIC,2025-12-06 01:03:42,2025-12-07 13:56:31,17.1615648,79.5574464,11247,8252,FixOK,A,ObV5CS1912,T417F6b453,"5H64+JW Pillala Marri Rural, Telangana, India",331645.5,36.73,IgnitionOn,1,167.289,223.19,4,-113
d208f82c-f464-4ccc-b514-dfb0f1997bb1-3,EDC_BS6_PERIODIC,2025-12-06 01:03:48,2025-12-07 13:56:31,17.1611712,79.5570816,11248,8252,FixOK,A,ObV5CS1912,T417F6b453,"New Suryapet - Khammam Hwy Under Construction, Pillala Marri Rural, Telangana 508376, India",331645.625,37.75,IgnitionOn,1,167.669,219.1,4,-113
d208f82c-f464-4ccc-b514-dfb0f1997bb1-4,EDC_BS6_PERIODIC,2025-12-06 01:03:54,2025-12-07 13:56:31,17.1607584,79.5568256,11249,8252,FixOK,A,ObV5CS1912,T417F6b453,"New Suryapet - Khammam Hwy Under Construction, Pillala Marri Rural, Telangana 508376, India",331645.625,23.56,IgnitionOn,1,167.94,201.5,4,-113
d208f82c-f464-4ccc-b514-dfb0f1997bb1-5,EDC_BS6_PERIODIC,2025-12-06 01:04:00,2025-12-07 13:56:31,17.1604336,79.5569216,11250,8252,FixOK,A,ObV5CS1912,T417F6b453,"Hyderabad - Vijayawada Hwy, Pillala Marri Rural, Telangana 508376, India",331645.625,20.18,IgnitionOn,1,168.419,153.19,4,-113
d208f82c-f464-4ccc-b514-dfb0f1997bb1-6,EDC_BS6_PERIODIC,2025-12-06 01:04:06,2025-12-07 13:56:31,17.160128,79.5571136,11251,8252,FixOK,A,ObV5CS1912,T417F6b453,"Hyderabad - Vijayawada Hwy, Pillala Marri Rural, Telangana 508376, India",331645.75,27.05,IgnitionOn,1,168.36,147.89,4,-113
d208f82c-f464-4ccc-b514-dfb0f1997bb1-7,EDC_BS6_PERIODIC,2025-12-06 01:04:12,2025-12-07 13:56:31,17.1597984,79.5573056,11252,8252,FixOK,A,ObV5CS1912,T417F6b453,"Hyderabad - Vijayawada Hwy, Pillala Marri Rural, Telangana 508376, India",331645.75,27.21,IgnitionOn,1,168.369,149.39,4,-113
d208f82c-f464-4ccc-b514-dfb0f1997bb1-8,EDC_BS6_PERIODIC,2025-12-06 01:04:18,2025-12-07 13:56:31,17.1594112,79.5574976,11253,8252,FixOK,A,ObV5CS1912,T417F6b453,"Vijayawada - Hyderabad Hwy, Pillala Marri Rural, Telangana 508376, India",331645.75,27.68,IgnitionOn,1,167.66,153.3,5,-113
d208f82c-f464-4ccc-b514-dfb0f1997bb1-9,EDC_BS6_PERIODIC,2025-12-06 01:04:24,2025-12-07 13:56:31,17.158952,79.55776,11254,8252,FixOK,A,ObV5CS1912,T417F6b453,"Hyderabad - Vijayawada Hwy, Pillala Marri Rural, Telangana 508376, India",331645.875,35.49,IgnitionOn,1,167.949,147.39,5,-113
d208f82c-f464-4ccc-b514-dfb0f1997bb1-10,EDC_BS6_PERIODIC,2025-12-06 01:04:30,2025-12-07 13:56:31,17.158432,79.5580416,11255,8252,FixOK,A,ObV5CS1912,T417F6b453,"5H55+57 Pillala Marri Rural, Telangana, India",331645.875,39.56,IgnitionOn,1,169,153.1,6,-113
d208f82c-f464-4ccc-b514-dfb0f1997bb1-11,EDC_BS6_PERIODIC,2025-12-06 01:04:36,2025-12-07 13:56:31,17.1579536,79.558304,11256,8252,FixOK,A,ObV5CS1912,T417F6b453,"5H55+57 Pillala Marri Rural, Telangana, India",331646,36.44,IgnitionOn,1,169.669,150.3,5,-113
d208f82c-f464-4ccc-b514-dfb0f1997bb1-12,EDC_BS6_PERIODIC,2025-12-06 01:04:42,2025-12-07 13:56:31,17.1574736,79.55856,11257,8252,FixOK,A,ObV5CS1912,T417F6b453,"Hyderabad - Vijayawada Hwy, Pillala Marri Rural, Telangana 508376, India",331646,36.98,IgnitionOn,1,170.419,151.5,5,-113
d208f82c-f464-4ccc-b514-dfb0f1997bb1-13,EDC_BS6_PERIODIC,2025-12-06 01:04:48,2025-12-07 13:56:31,17.1569792,79.558784,11258,8252,FixOK,A,ObV5CS1912,T417F6b453,"Hyderabad - Vijayawada Hwy, Pillala Marri Rural, Telangana 508376, India",331646.125,38.36,IgnitionOn,1,170.33,163.3,5,-113
d208f82c-f464-4ccc-b514-dfb0f1997bb1-14,EDC_BS6_PERIODIC,2025-12-06 01:04:54,2025-12-07 13:56:31,17.156456,79.559008,11259,8252,FixOK,A,ObV5CS1912,T417F6b453,"Hyderabad - Vijayawada Hwy, Pillala Marri Rural, Telangana 508376, India",331646.125,39.34,IgnitionOn,1,169.44,153.39,5,-113
d208f82c-f464-4ccc-b514-dfb0f1997bb1-15,EDC_BS6_PERIODIC,2025-12-06 01:05:00,2025-12-07 13:56:31,17.1559168,79.5592896,11260,8252,FixOK,A,ObV5CS1912,T417F6b453,"Hyderabad - Vijayawada Hwy, Pillala Marri Rural, Telangana 508376, India",331646.25,38.8,IgnitionOn,1,169.16,152.8,4,-113
d208f82c-f464-4ccc-b514-dfb0f1997bb1-17,EDC_BS6_PERIODIC,2025-12-06 01:05:06,2025-12-07 13:56:31,17.155384,79.5595648,11261,8252,FixOK,A,ObV5CS1912,T417F6b453,"Hyderabad - Vijayawada Hwy, Pillala Marri Rural, Telangana 508376, India",331646.375,40.32,IgnitionOn,1,168.979,151.89,4,-113
d208f82c-f464-4ccc-b514-dfb0f1997bb1-18,EDC_BS6_PERIODIC,2025-12-06 01:05:12,2025-12-07 13:56:31,17.1548544,79.559872,11262,8252,FixOK,A,ObV5CS1912,T417F6b453,"Hyderabad - Vijayawada Hwy, Pillala Marri Rural, Telangana 508376, India",331646.375,42.16,IgnitionOn,1,168.807,151.69,4,-113
d208f82c-f464-4ccc-b514-dfb0f1997bb1-19,EDC_BS6_PERIODIC,2025-12-06 01:05:18,2025-12-07 13:56:31,17.154304,79.5602176,11263,8252,FixOK,A,ObV5CS1912,T417F6b453,"Hyderabad - Vijayawada Hwy, Pillala Marri Rural, Telangana 508376, India",331646.5,41.67,IgnitionOn,1,168.179,146.19,4,-113
d208f82c-f464-4ccc-b514-dfb0f1997bb1-20,EDC_BS6_PERIODIC,2025-12-06 01:05:24,2025-12-07 13:56:31,17.1538176,79.5605824,11264,8252,FixOK,A,ObV5CS1912,T417F6b453,"Hyderabad - Vijayawada Hwy, Pillala Marri Rural, Telangana 508376, India",331646.5,40.75,IgnitionOn,1,167.71,140.19,4,-113
d208f82c-f464-4ccc-b514-dfb0f1997bb1-21,EDC_BS6_PERIODIC,2025-12-06 01:05:30,2025-12-07 13:56:31,17.1533792,79.5610112,11265,8252,FixOK,A,ObV5CS1912,T417F6b453,"5H36+6G Pillala Marri Rural, Telangana, India",331646.625,38.15,IgnitionOn,1,167.529,134.5,5,-113
d208f82c-f464-4ccc-b514-dfb0f1997bb1-22,EDC_BS6_PERIODIC,2025-12-06 01:05:36,2025-12-07 13:56:31,17.1529952,79.5614592,11266,8252,FixOK,A,ObV5CS1912,T417F6b453,"5H36+6G Pillala Marri Rural, Telangana, India",331646.625,36.15,IgnitionOn,1,167.35,129.89,5,-113
d208f82c-f464-4ccc-b514-dfb0f1997bb1-23,EDC_BS6_PERIODIC,2025-12-06 01:05:42,2025-12-07 13:56:31,17.1527072,79.5619136,11267,8252,FixOK,A,ObV5CS1912,T417F6b453,"Vijayawada - Hyderabad Hwy, Rayangudem, Telangana 508376, India",331646.75,35.34,IgnitionOn,1,168.38,124.3,5,-113
d208f82c-f464-4ccc-b514-dfb0f1997bb1-24,EDC_BS6_PERIODIC,2025-12-06 01:05:48,2025-12-07 13:56:31,17.152488,79.5623808,11268,8252,FixOK,A,ObV5CS1912,T417F6b453,"Vijayawada - Hyderabad Hwy, Rayangudem, Telangana 508376, India",331646.75,33.72,IgnitionOn,1,168.913,110.69,4,-113
d208f82c-f464-4ccc-b514-dfb0f1997bb1-25,EDC_BS6_PERIODIC,2025-12-06 01:05:54,2025-12-07 13:56:31,17.152312,79.562944,11269,8252,FixOK,A,ObV5CS1912,T417F6b453,"5H27+GM, Pillala Marri Rural, Telangana 508376, India",331646.875,37.75,IgnitionOn,1,169.529,107.19,4,-113
d208f82c-f464-4ccc-b514-dfb0f1997bb1-26,EDC_BS6_PERIODIC,2025-12-06 01:06:00,2025-12-07 13:56:31,17.152184,79.563584,11270,8252,FixOK,A,ObV5CS1912,T417F6b453,"5H28+X2J, Suryapet Rd, Rayangudem, Telangana 508376, India",331646.875,41.11,IgnitionOn,1,169.929,101.69,4,-113
d208f82c-f464-4ccc-b514-dfb0f1997bb1-27,EDC_BS6_PERIODIC,2025-12-06 01:06:06,2025-12-07 13:56:31,17.1521312,79.5641984,11271,8252,FixOK,A,ObV5CS1912,T417F6b453,"5H28+X2J, Suryapet Rd, Rayangudem, Telangana 508376, India",331647,40.88,IgnitionOn,1,170.44,94.5,5,-113
d208f82c-f464-4ccc-b514-dfb0f1997bb1-28,EDC_BS6_PERIODIC,2025-12-06 01:06:12,2025-12-07 13:56:31,17.152136,79.564768,11272,8252,FixOK,A,ObV5CS1912,T417F6b453,"5H28+X2J, Suryapet Rd, Rayangudem, Telangana 508376, India",331647.125,38.29,IgnitionOn,1,171.029,91.09,5,-113
d208f82c-f464-4ccc-b514-dfb0f1997bb1-29,EDC_BS6_PERIODIC,2025-12-06 01:06:18,2025-12-07 13:56:31,17.1521632,79.5653248,11273,8252,FixOK,A,ObV5CS1912,T417F6b453,"5H28+X2J, Suryapet Rd, Rayangudem, Telangana 508376, India",331647.125,37.54,IgnitionOn,1,171.57,87.8,5,-113
d208f82c-f464-4ccc-b514-dfb0f1997bb1-30,EDC_BS6_PERIODIC,2025-12-06 01:06:24,2025-12-07 13:56:31,17.1521696,79.56592,11274,8252,FixOK,A,ObV5CS1912,T417F6b453,"5H28+QC7, Suryapet Rd, Rayangudem, Telangana 508376, India",331647.25,38.21,IgnitionOn,1,172.075,91,5,-113
d208f82c-f464-4ccc-b514-dfb0f1997bb1-31,EDC_BS6_PERIODIC,2025-12-06 01:06:30,2025-12-07 13:56:31,17.1521696,79.5665024,11275,8252,FixOK,A,ObV5CS1912,T417F6b453,"Hyderabad - Vijayawada Hwy, Rayangudem, Telangana 508213, India",331647.25,39.86,IgnitionOn,1,172.869,89.19,5,-113
d208f82c-f464-4ccc-b514-dfb0f1997bb1-32,EDC_BS6_PERIODIC,2025-12-06 01:06:36,2025-12-07 13:56:31,17.1522208,79.5671104,11276,8252,FixOK,A,ObV5CS1912,T417F6b453,"Hyderabad - Vijayawada Hwy, Rayangudem, Telangana 508213, India",331647.375,40.13,IgnitionOn,1,173.83,85.4,5,-113
d208f82c-f464-4ccc-b514-dfb0f1997bb1-33,EDC_BS6_PERIODIC,2025-12-06 01:06:42,2025-12-07 13:56:31,17.1522896,79.567712,11277,8252,FixOK,A,ObV5CS1912,T417F6b453,"Vijayawada - Hyderabad Hwy, Rayangudem, Telangana 508376, India",331647.375,40.27,IgnitionOn,1,174.669,83.19,5,-113
d208f82c-f464-4ccc-b514-dfb0f1997bb1-34,EDC_BS6_PERIODIC,2025-12-06 01:06:48,2025-12-07 13:56:31,17.1523712,79.5682816,11278,8252,FixOK,A,ObV5CS1912,T417F6b453,"Vijayawada - Hyderabad Hwy, Rayangudem, Telangana 508376, India",331647.5,39.02,IgnitionOn,1,175.669,81,4,-113
d208f82c-f464-4ccc-b514-dfb0f1997bb1-35,EDC_BS6_PERIODIC,2025-12-06 01:06:54,2025-12-07 13:56:31,17.1524608,79.5688256,11279,8252,FixOK,A,ObV5CS1912,T417F6b453,"Vijayawada - Hyderabad Hwy, Rayangudem, Telangana 508376, India",331647.5,37.32,IgnitionOn,1,175.869,83.4,4,-113
d208f82c-f464-4ccc-b514-dfb0f1997bb1-36,EDC_BS6_PERIODIC,2025-12-06 01:07:00,2025-12-07 13:56:31,17.1525152,79.5691904,11280,8252,FixOK,A,ObV5CS1912,T417F6b453,"Hyderabad - Vijayawada Hwy, Rayangudem, Telangana 508213, India",331647.625,25.13,IgnitionOn,1,175.777,82.69,4,-113
d208f82c-f464-4ccc-b514-dfb0f1997bb1-37,EDC_BS6_PERIODIC,2025-12-06 01:07:06,2025-12-07 13:56:31,17.1525632,79.5694336,11281,8252,FixOK,A,ObV5CS1912,T417F6b453,"Hyderabad - Vijayawada Hwy, Rayangudem, Telangana 508213, India",331647.625,16.74,IgnitionOn,1,175.07,82,4,-113
d208f82c-f464-4ccc-b514-dfb0f1997bb1-38,EDC_BS6_PERIODIC,2025-12-06 01:07:12,2025-12-07 13:56:31,17.152584,79.5696384,11282,8252,FixOK,A,ObV5CS1912,T417F6b453,"Hyderabad - Vijayawada Hwy, Rayangudem, Telangana 508213, India",331647.625,14.28,IgnitionOn,1,174.94,81,4,-113
d208f82c-f464-4ccc-b514-dfb0f1997bb1-39,EDC_BS6_PERIODIC,2025-12-06 01:07:18,2025-12-07 13:56:31,17.1525952,79.5699072,11283,8252,FixOK,A,ObV5CS1912,T417F6b453,"Hyderabad - Vijayawada Hwy, Rayangudem, Telangana 508213, India",331647.625,16.77,IgnitionOn,1,174.639,87.9,4,-113
d208f82c-f464-4ccc-b514-dfb0f1997bb1-40,EDC_BS6_PERIODIC,2025-12-06 01:07:24,2025-12-07 13:56:31,17.1526064,79.5702912,11284,8252,FixOK,A,ObV5CS1912,T417F6b453,"Hyderabad - Vijayawada Hwy, Rayangudem, Telangana 508213, India",331647.75,25.37,IgnitionOn,1,174.139,86.9,4,-113
d208f82c-f464-4ccc-b514-dfb0f1997bb1-41,EDC_BS6_PERIODIC,2025-12-06 01:07:30,2025-12-07 13:56:31,17.1526176,79.570752,11285,8252,FixOK,A,ObV5CS1912,T417F6b453,"Hyderabad - Vijayawada Hwy, Rayangudem, Telangana 508213, India",331647.75,28.07,IgnitionOn,1,174.289,88.09,4,-113
d208f82c-f464-4ccc-b514-dfb0f1997bb1-42,EDC_BS6_PERIODIC,2025-12-06 01:07:36,2025-12-07 13:56:31,17.1525312,79.5712768,11286,8252,FixOK,A,ObV5CS1912,T417F6b453,"Hyderabad - Vijayawada Hwy, Rayangudem, Telangana 508213, India",331647.875,34.34,IgnitionOn,1,173.169,92.5,5,-113
d208f82c-f464-4ccc-b514-dfb0f1997bb1-43,EDC_BS6_PERIODIC,2025-12-06 01:07:42,2025-12-07 13:56:31,17.152448,79.5718336,11287,8252,FixOK,A,ObV5CS1912,T417F6b453,"5H2C+XM Pillala Marri Rural, Telangana, India",331647.875,36.69,IgnitionOn,1,171.94,96.19,5,-113
d208f82c-f464-4ccc-b514-dfb0f1997bb1-44,EDC_BS6_PERIODIC,2025-12-06 01:07:48,2025-12-07 13:56:31,17.1523168,79.5724032,11288,8252,FixOK,A,ObV5CS1912,T417F6b453,"5H2C+XM Pillala Marri Rural, Telangana, India",331648,39.02,IgnitionOn,1,171.25,103.4,6,-113
d208f82c-f464-4ccc-b514-dfb0f1997bb1-45,EDC_BS6_PERIODIC,2025-12-06 01:07:54,2025-12-07 13:56:31,17.15216,79.5729664,11289,8252,FixOK,A,ObV5CS1912,T417F6b453,"7star, near Suryapet, Pillala Marri Rural, Telangana 508213, India",331648,39.73,IgnitionOn,1,170.38,105.9,6,-113
d208f82c-f464-4ccc-b514-dfb0f1997bb1-46,EDC_BS6_PERIODIC,2025-12-06 01:08:00,2025-12-07 13:56:31,17.1519552,79.5735104,11290,8252,FixOK,A,ObV5CS1912,T417F6b453,"Hyderabad - Suryapet Hwy, Pillala Marri Rural, Telangana 508213, India",331648.125,40.04,IgnitionOn,1,169.899,110.19,5,-113
d208f82c-f464-4ccc-b514-dfb0f1997bb1-47,EDC_BS6_PERIODIC,2025-12-06 01:08:06,2025-12-07 13:56:31,17.1517056,79.5740544,11291,8252,FixOK,A,ObV5CS1912,T417F6b453,"Hyderabad - Suryapet Hwy, Pillala Marri Rural, Telangana 508213, India",331648.125,40.84,IgnitionOn,1,169.71,114.4,5,-113
d208f82c-f464-4ccc-b514-dfb0f1997bb1-48,EDC_BS6_PERIODIC,2025-12-06 01:08:12,2025-12-07 13:56:31,17.1514112,79.5746048,11292,8252,FixOK,A,ObV5CS1912,T417F6b453,"5H2F+CVV, Pillala Marri Rural, Telangana 508213, India",331648.25,40.41,IgnitionOn,1,169.633,117.8,5,-113
d208f82c-f464-4ccc-b514-dfb0f1997bb1-49,EDC_BS6_PERIODIC,2025-12-06 01:08:18,2025-12-07 13:56:31,17.15112,79.5751552,11293,8252,FixOK,A,ObV5CS1912,T417F6b453,"5H2F+CVV, Pillala Marri Rural, Telangana 508213, India",331648.25,40.64,IgnitionOn,1,169.679,119,5,-113
d208f82c-f464-4ccc-b514-dfb0f1997bb1-50,EDC_BS6_PERIODIC,2025-12-06 01:08:24,2025-12-07 13:56:31,17.1508192,79.5756928,11294,8252,FixOK,A,ObV5CS1912,T417F6b453,"Suryapet Rd, Pillala Marri Rural, Telangana 508213, India",331648.375,40.5,IgnitionOn,1,170.38,119.09,4,-113
69ce3e01-68a0-4369-97a3-cede4f8b9243-1,EDC_BS6_PERIODIC,2025-12-06 01:08:30,2025-12-07 13:56:52,17.1505184,79.576224,11295,8252,FixOK,A,ObV5CS1912,T417F6b453,"Suryapet Rd, Pillala Marri Rural, Telangana 508213, India",331648.5,40.57,IgnitionOn,1,170.61,120.69,6,-113
69ce3e01-68a0-4369-97a3-cede4f8b9243-2,EDC_BS6_PERIODIC,2025-12-06 01:08:36,2025-12-07 13:56:52,17.1502576,79.57664,11296,8252,FixOK,A,ObV5CS1912,T417F6b453,"5H2G+6QG, 7 Food Ct Rd, Pillala Marri Rural, Telangana 508213, India",331648.5,29.57,IgnitionOn,1,171.039,120.9,6,-113
69ce3e01-68a0-4369-97a3-cede4f8b9243-3,EDC_BS6_PERIODIC,2025-12-06 01:08:42,2025-12-07 13:56:52,17.150096,79.576928,11297,8252,FixOK,A,ObV5CS1912,T417F6b453,"5H2G+6QG, 7 Food Ct Rd, Pillala Marri Rural, Telangana 508213, India",331648.5,24.26,IgnitionOn,1,171.05,123.5,5,-113
69ce3e01-68a0-4369-97a3-cede4f8b9243-4,EDC_BS6_PERIODIC,2025-12-06 01:08:48,2025-12-07 13:56:52,17.1498976,79.5772672,11298,8252,FixOK,A,ObV5CS1912,T417F6b453,"5H2G+6QG, 7 Food Ct Rd, Pillala Marri Rural, Telangana 508213, India",331648.625,27.24,IgnitionOn,1,171.355,120,6,-113
69ce3e01-68a0-4369-97a3-cede4f8b9243-5,EDC_BS6_PERIODIC,2025-12-06 01:08:54,2025-12-07 13:56:52,17.1496496,79.577696,11299,8252,FixOK,A,ObV5CS1912,T417F6b453,"4HXG+VRC, Suryapet, Telangana 508213, India",331648.625,33.73,IgnitionOn,1,172.44,120.4,6,-113
69ce3e01-68a0-4369-97a3-cede4f8b9243-6,EDC_BS6_PERIODIC,2025-12-06 01:09:00,2025-12-07 13:56:52,17.1493792,79.5781632,11300,8252,FixOK,A,ObV5CS1912,T417F6b453,"4HXG+VRC, Suryapet, Telangana 508213, India",331648.75,34.94,IgnitionOn,1,172.58,121.19,6,-113
69ce3e01-68a0-4369-97a3-cede4f8b9243-7,EDC_BS6_PERIODIC,2025-12-06 01:09:06,2025-12-07 13:56:52,17.1491024,79.578656,11301,8252,FixOK,A,ObV5CS1912,T417F6b453,"4HXH+GM Pillala Marri Rural, Telangana, India",331648.75,37.8,IgnitionOn,1,172.69,121.19,5,-113
69ce3e01-68a0-4369-97a3-cede4f8b9243-8,EDC_BS6_PERIODIC,2025-12-06 01:09:12,2025-12-07 13:56:52,17.148832,79.5791616,11302,8252,FixOK,A,ObV5CS1912,T417F6b453,"4HXH+GM Pillala Marri Rural, Telangana, India",331648.875,39.68,IgnitionOn,1,172.949,121,6,-113
69ce3e01-68a0-4369-97a3-cede4f8b9243-9,EDC_BS6_PERIODIC,2025-12-06 01:09:18,2025-12-07 13:56:52,17.1486336,79.579712,11303,8252,FixOK,A,ObV5CS1912,T417F6b453,"4HXJ+C92, Rayangudem, Telangana 508213, India",331648.875,40.04,IgnitionOn,1,172.639,109,6,-113
69ce3e01-68a0-4369-97a3-cede4f8b9243-10,EDC_BS6_PERIODIC,2025-12-06 01:09:24,2025-12-07 13:56:52,17.1484704,79.5802816,11304,8252,FixOK,A,ObV5CS1912,T417F6b453,"Hyderabad - Suryapet Hwy, Pillala Marri Rural, Telangana 508213, India",331649,39.89,IgnitionOn,1,172.333,105.59,6,-113
69ce3e01-68a0-4369-97a3-cede4f8b9243-11,EDC_BS6_PERIODIC,2025-12-06 01:09:30,2025-12-07 13:56:52,17.1482688,79.5808576,11305,8252,FixOK,A,ObV5CS1912,T417F6b453,"4HXJ+C92, Rayangudem, Telangana 508213, India",331649,40.22,IgnitionOn,1,171.66,110.59,6,-113
69ce3e01-68a0-4369-97a3-cede4f8b9243-12,EDC_BS6_PERIODIC,2025-12-06 01:09:36,2025-12-07 13:56:52,17.148056,79.5814336,11306,8252,FixOK,A,ObV5CS1912,T417F6b453,"4HXJ+C92, Rayangudem, Telangana 508213, India",331649.125,40.45,IgnitionOn,1,171.139,111.59,6,-113
69ce3e01-68a0-4369-97a3-cede4f8b9243-13,EDC_BS6_PERIODIC,2025-12-06 01:09:42,2025-12-07 13:56:52,17.1478528,79.582016,11307,8252,FixOK,A,ObV5CS1912,T417F6b453,"4HXJ+C92, Rayangudem, Telangana 508213, India",331649.25,40.7,IgnitionOn,1,170.619,108.19,5,-113
69ce3e01-68a0-4369-97a3-cede4f8b9243-14,EDC_BS6_PERIODIC,2025-12-06 01:09:48,2025-12-07 13:56:52,17.1476544,79.5826176,11308,8252,FixOK,A,ObV5CS1912,T417F6b453,"Hyderabad - Suryapet Hwy, Pillala Marri Rural, Telangana 508213, India",331649.25,40.77,IgnitionOn,1,170.029,106.8,5,-113
69ce3e01-68a0-4369-97a3-cede4f8b9243-15,EDC_BS6_PERIODIC,2025-12-06 01:09:54,2025-12-07 13:56:52,17.147472,79.5832384,11309,8252,FixOK,A,ObV5CS1912,T417F6b453,"Hyderabad - Suryapet Hwy, Pillala Marri Rural, Telangana 508213, India",331649.375,40.62,IgnitionOn,1,169.57,106,4,-113
69ce3e01-68a0-4369-97a3-cede4f8b9243-16,EDC_BS6_PERIODIC,2025-12-06 01:10:00,2025-12-07 13:56:52,17.1473184,79.5838464,11310,8252,FixOK,A,ObV5CS1912,T417F6b453,"Hyderabad - Suryapet Hwy, Pillala Marri Rural, Telangana 508213, India",331649.375,41.29,IgnitionOn,1,169.455,102.69,5,-113
69ce3e01-68a0-4369-97a3-cede4f8b9243-17,EDC_BS6_PERIODIC,2025-12-06 01:10:06,2025-12-07 13:56:52,17.147176,79.5844608,11311,8252,FixOK,A,ObV5CS1912,T417F6b453,"Hyderabad - Suryapet Hwy, Pillala Marri Rural, Telangana 508213, India",331649.5,41.57,IgnitionOn,1,169.149,103.19,6,-113
69ce3e01-68a0-4369-97a3-cede4f8b9243-18,EDC_BS6_PERIODIC,2025-12-06 01:10:12,2025-12-07 13:56:52,17.1470208,79.5850816,11312,8252,FixOK,A,ObV5CS1912,T417F6b453,"4HWP+R9P, Pillalamarri Rd, Telangana 508213, India",331649.5,42.61,IgnitionOn,1,169.02,104.4,6,-113
69ce3e01-68a0-4369-97a3-cede4f8b9243-19,EDC_BS6_PERIODIC,2025-12-06 01:10:18,2025-12-07 13:56:52,17.14688,79.585696,11313,8252,FixOK,A,ObV5CS1912,T417F6b453,"4HWP+R9P, Pillalamarri Rd, Telangana 508213, India",331649.625,41.55,IgnitionOn,1,168.869,102.19,5,-113
69ce3e01-68a0-4369-97a3-cede4f8b9243-20,EDC_BS6_PERIODIC,2025-12-06 01:10:24,2025-12-07 13:56:52,17.14676,79.5863104,11314,8252,FixOK,A,ObV5CS1912,T417F6b453,"4HWP+R9P, Pillalamarri Rd, Telangana 508213, India",331649.75,42.57,IgnitionOn,1,168.929,102.5,5,-113
69ce3e01-68a0-4369-97a3-cede4f8b9243-21,EDC_BS6_PERIODIC,2025-12-06 01:10:30,2025-12-07 13:56:52,17.1465904,79.5869504,11315,8252,FixOK,A,ObV5CS1912,T417F6b453,"7star, near Suryapet, Telangana 508213, India",331649.75,44.85,IgnitionOn,1,169.66,106.9,5,-113
69ce3e01-68a0-4369-97a3-cede4f8b9243-22,EDC_BS6_PERIODIC,2025-12-06 01:10:36,2025-12-07 13:56:52,17.1464288,79.5876224,11316,8252,FixOK,A,ObV5CS1912,T417F6b453,"4HWQ+9F5, Nalgonda, Telangana 508001, India",331649.875,44.93,IgnitionOn,1,169.841,103.09,6,-113
69ce3e01-68a0-4369-97a3-cede4f8b9243-23,EDC_BS6_PERIODIC,2025-12-06 01:10:42,2025-12-07 13:56:52,17.1462688,79.5882944,11317,8252,FixOK,A,ObV5CS1912,T417F6b453,"4HWQ+9F5, Nalgonda, Telangana 508001, India",331649.875,45.49,IgnitionOn,1,169.85,103.69,5,-113
69ce3e01-68a0-4369-97a3-cede4f8b9243-24,EDC_BS6_PERIODIC,2025-12-06 01:10:48,2025-12-07 13:56:52,17.146104,79.58896,11318,8252,FixOK,A,ObV5CS1912,T417F6b453,"4HWQ+9F5, Nalgonda, Telangana 508001, India",331650,44.86,IgnitionOn,1,170.08,104.3,6,-113
69ce3e01-68a0-4369-97a3-cede4f8b9243-25,EDC_BS6_PERIODIC,2025-12-06 01:10:54,2025-12-07 13:56:52,17.145936,79.5896384,11319,8252,FixOK,A,ObV5CS1912,T417F6b453,"4HWQ+5QX, Nalgonda, Telangana 508213, India",331650.125,44.95,IgnitionOn,1,170.179,104.19,5,-113
69ce3e01-68a0-4369-97a3-cede4f8b9243-26,EDC_BS6_PERIODIC,2025-12-06 01:11:00,2025-12-07 13:56:52,17.1457856,79.590304,11320,8252,FixOK,A,ObV5CS1912,T417F6b453,"4HWQ+5QX, Nalgonda, Telangana 508213, India",331650.125,45.59,IgnitionOn,1,170.369,103.09,6,-113
69ce3e01-68a0-4369-97a3-cede4f8b9243-27,EDC_BS6_PERIODIC,2025-12-06 01:11:06,2025-12-07 13:56:52,17.145624,79.5909824,11321,8252,FixOK,A,ObV5CS1912,T417F6b453,"Revenue Village, 503,506,507, Vijayawada - Hyderabad Hwy, Telangana 508213, India",331650.25,45.56,IgnitionOn,1,170.46,104.9,6,-113
69ce3e01-68a0-4369-97a3-cede4f8b9243-28,EDC_BS6_PERIODIC,2025-12-06 01:11:12,2025-12-07 13:56:52,17.1454752,79.5916544,11322,8252,FixOK,A,ObV5CS1912,T417F6b453,"Revenue Village, 503,506,507, Vijayawada - Hyderabad Hwy, Telangana 508213, India",331650.375,45.24,IgnitionOn,1,170.423,104.5,5,-113
69ce3e01-68a0-4369-97a3-cede4f8b9243-29,EDC_BS6_PERIODIC,2025-12-06 01:11:18,2025-12-07 13:56:52,17.145376,79.59232,11323,8252,FixOK,A,ObV5CS1912,T417F6b453,"Revenue Village, 503,506,507, Vijayawada - Hyderabad Hwy, Telangana 508213, India",331650.375,44.47,IgnitionOn,1,170.49,99.5,5,-113
69ce3e01-68a0-4369-97a3-cede4f8b9243-30,EDC_BS6_PERIODIC,2025-12-06 01:11:24,2025-12-07 13:56:52,17.1452944,79.5929728,11324,8252,FixOK,A,ObV5CS1912,T417F6b453,"Suryapet Traffic, 4HWV+36X, Suryapet, Telangana 508213, India",331650.5,44.07,IgnitionOn,1,170.38,97.69,5,-113
69ce3e01-68a0-4369-97a3-cede4f8b9243-31,EDC_BS6_PERIODIC,2025-12-06 01:11:30,2025-12-07 13:56:52,17.145216,79.5936512,11325,8252,FixOK,A,ObV5CS1912,T417F6b453,"Suryapet Rd, 4HWW+33M, NH 65, Suryapet, Telangana 508213, India",331650.625,43.25,IgnitionOn,1,169.82,96.3,5,-113
69ce3e01-68a0-4369-97a3-cede4f8b9243-32,EDC_BS6_PERIODIC,2025-12-06 01:11:36,2025-12-07 13:56:52,17.145168,79.59424,11326,8252,FixOK,A,ObV5CS1912,T417F6b453,"Suryapet Rd, 4HWW+33M, NH 65, Suryapet, Telangana 508213, India",331650.625,37.69,IgnitionOn,1,169.169,94.19,5,-113
69ce3e01-68a0-4369-97a3-cede4f8b9243-33,EDC_BS6_PERIODIC,2025-12-06 01:11:42,2025-12-07 13:56:52,17.145168,79.5948096,11327,8252,FixOK,A,ObV5CS1912,T417F6b453,"Suryapet Rd, 4HWW+33M, NH 65, Suryapet, Telangana 508213, India",331650.75,37.8,IgnitionOn,1,168.419,89.69,6,-113
69ce3e01-68a0-4369-97a3-cede4f8b9243-34,EDC_BS6_PERIODIC,2025-12-06 01:11:48,2025-12-07 13:56:52,17.1451552,79.5953792,11328,8252,FixOK,A,ObV5CS1912,T417F6b453,"Suryapet Rd, 4HWW+33M, NH 65, Suryapet, Telangana 508213, India",331650.75,37.67,IgnitionOn,1,167.803,92.09,6,-113
69ce3e01-68a0-4369-97a3-cede4f8b9243-35,EDC_BS6_PERIODIC,2025-12-06 01:11:54,2025-12-07 13:56:52,17.1450944,79.5959296,11329,8252,FixOK,A,ObV5CS1912,T417F6b453,"4HWW+47C, NH 65, Suryapet, Telangana 508213, India",331650.875,37.46,IgnitionOn,1,166.699,98.4,6,-113
69ce3e01-68a0-4369-97a3-cede4f8b9243-36,EDC_BS6_PERIODIC,2025-12-06 01:12:00,2025-12-07 13:56:52,17.145024,79.596512,11330,8252,FixOK,A,ObV5CS1912,T417F6b453,"4HWW+47C, NH 65, Suryapet, Telangana 508213, India",331650.875,39.12,IgnitionOn,1,166.429,97,5,-113
69ce3e01-68a0-4369-97a3-cede4f8b9243-37,EDC_BS6_PERIODIC,2025-12-06 01:12:06,2025-12-07 13:56:52,17.144952,79.5970944,11331,8252,FixOK,A,ObV5CS1912,T417F6b453,"4HWW+47C, NH 65, Suryapet, Telangana 508213, India",331651,38.47,IgnitionOn,1,166.05,97.5,5,-113
69ce3e01-68a0-4369-97a3-cede4f8b9243-38,EDC_BS6_PERIODIC,2025-12-06 01:12:12,2025-12-07 13:56:52,17.14488,79.5976704,11332,8252,FixOK,A,ObV5CS1912,T417F6b453,"4HVX+V9F, Suryapet Rd, Thallagadda, Suryapet, Telangana 508213, India",331651,38.73,IgnitionOn,1,165.669,96.8,5,-113
69ce3e01-68a0-4369-97a3-cede4f8b9243-39,EDC_BS6_PERIODIC,2025-12-06 01:12:18,2025-12-07 13:56:52,17.1448144,79.5981824,11333,8252,FixOK,A,ObV5CS1912,T417F6b453,"4HVX+V9F, Suryapet Rd, Thallagadda, Suryapet, Telangana 508213, India",331651.125,36.45,IgnitionOn,1,165.35,96.19,5,-113
69ce3e01-68a0-4369-97a3-cede4f8b9243-40,EDC_BS6_PERIODIC,2025-12-06 01:12:24,2025-12-07 13:56:52,17.144776,79.5985408,11334,8252,FixOK,A,ObV5CS1912,T417F6b453,"4HVX+V9F, Suryapet Bypass Rd, Thallagadda, Suryapet, Telangana 508213, India",331651.125,25.59,IgnitionOn,1,164.961,97.69,5,-113
69ce3e01-68a0-4369-97a3-cede4f8b9243-41,EDC_BS6_PERIODIC,2025-12-06 01:12:30,2025-12-07 13:56:52,17.1447296,79.5989184,11335,8252,FixOK,A,ObV5CS1912,T417F6b453,"4HVX+V9F, Suryapet Bypass Rd, Thallagadda, Suryapet, Telangana 508213, India",331651.125,23.2,IgnitionOn,1,164.229,97.59,6,-113
69ce3e01-68a0-4369-97a3-cede4f8b9243-42,EDC_BS6_PERIODIC,2025-12-06 01:12:36,2025-12-07 13:56:52,17.144688,79.5993472,11336,8252,FixOK,A,ObV5CS1912,T417F6b453,"4HVX+V9F, Suryapet Bypass Rd, Thallagadda, Suryapet, Telangana 508213, India",331651.25,29.41,IgnitionOn,1,164.36,96.69,6,-113
69ce3e01-68a0-4369-97a3-cede4f8b9243-43,EDC_BS6_PERIODIC,2025-12-06 01:12:42,2025-12-07 13:56:52,17.1446528,79.5997952,11337,8252,FixOK,A,ObV5CS1912,T417F6b453,"4JV2+W4R, Thallagadda, Suryapet, Telangana 508001, India",331651.25,28.48,IgnitionOn,1,164.72,95,6,-113
69ce3e01-68a0-4369-97a3-cede4f8b9243-44,EDC_BS6_PERIODIC,2025-12-06 01:12:48,2025-12-07 13:56:52,17.1446256,79.6003072,11338,8252,FixOK,A,ObV5CS1912,T417F6b453,"4JV2+W4R, Thallagadda, Suryapet, Telangana 508001, India",331651.375,32.69,IgnitionOn,1,164.839,90.9,6,-113
69ce3e01-68a0-4369-97a3-cede4f8b9243-45,EDC_BS6_PERIODIC,2025-12-06 01:12:54,2025-12-07 13:56:52,17.1446528,79.6008448,11339,8252,FixOK,A,ObV5CS1912,T417F6b453,"Suryapet, Thallagadda, Suryapet, Telangana 508213, India",331651.375,35.27,IgnitionOn,1,164.869,84.8,5,-113
69ce3e01-68a0-4369-97a3-cede4f8b9243-46,EDC_BS6_PERIODIC,2025-12-06 01:13:00,2025-12-07 13:56:52,17.1447552,79.6014336,11340,8252,FixOK,A,ObV5CS1912,T417F6b453,"Suryapet, Thallagadda, Suryapet, Telangana 508213, India",331651.375,40.41,IgnitionOn,1,164.821,79.3,4,-113
69ce3e01-68a0-4369-97a3-cede4f8b9243-47,EDC_BS6_PERIODIC,2025-12-06 01:13:06,2025-12-07 13:56:52,17.1449088,79.6019776,11341,8252,FixOK,A,ObV5CS1912,T417F6b453,"Suryapet Bypass Rd, Thallagadda, Suryapet, Telangana 508213, India",331651.5,37.85,IgnitionOn,1,164.71,77,5,-113
69ce3e01-68a0-4369-97a3-cede4f8b9243-48,EDC_BS6_PERIODIC,2025-12-06 01:13:12,2025-12-07 13:56:52,17.1451168,79.6024704,11342,8252,FixOK,A,ObV5CS1912,T417F6b453,"Suryapet Bypass Rd, Thallagadda, Suryapet, Telangana 508213, India",331651.625,36.02,IgnitionOn,1,164.619,66.8,5,-113
69ce3e01-68a0-4369-97a3-cede4f8b9243-49,EDC_BS6_PERIODIC,2025-12-06 01:13:18,2025-12-07 13:56:52,17.1453472,79.6029056,11343,8252,FixOK,A,ObV5CS1912,T417F6b453,"4JW3+3F2, Thallagadda, Suryapet, Telangana 508213, India",331651.625,35.19,IgnitionOn,1,164.509,59,3,-113
69ce3e01-68a0-4369-97a3-cede4f8b9243-50,EDC_BS6_PERIODIC,2025-12-06 01:13:24,2025-12-07 13:56:52,17.1456128,79.6032768,11344,8252,FixOK,A,ObV5CS1912,T417F6b453,"H No 1/6/141/29/A1 Jangaon Cross Road, beside TTD Kalyanamandapam, Thallagadda, Suryapet, Telangana 508213, India",331651.75,32.24,IgnitionOn,1,164.479,50.7,4,-113
fea4f518-2ad7-42e9-a3ee-4bae27b78b49-1,EDC_BS6_PERIODIC,2025-12-06 01:13:30,2025-12-07 13:57:11,17.1458592,79.603584,11345,8252,FixOK,A,ObV5CS1912,T417F6b453,"4JW3+JGC, Thallagadda, Suryapet, Telangana 508213, India",331651.75,26.36,IgnitionOn,1,164.529,49.2,4,-113
fea4f518-2ad7-42e9-a3ee-4bae27b78b49-2,EDC_BS6_PERIODIC,2025-12-06 01:13:36,2025-12-07 13:57:11,17.146088,79.60368,11346,8252,FixOK,A,ObV5CS1912,T417F6b453,"4JW3+JGC, Thallagadda, Suryapet, Telangana 508213, India",331651.75,7.7799997,IgnitionOn,1,164.465,31.39,4,-113
fea4f518-2ad7-42e9-a3ee-4bae27b78b49-3,EDC_BS6_PERIODIC,2025-12-06 01:13:42,2025-12-07 13:57:11,17.1462688,79.6036992,11347,8252,FixOK,A,ObV5CS1912,T417F6b453,"4JW3+JGC, Thallagadda, Suryapet, Telangana 508213, India",331651.75,5.15,IgnitionOn,1,164.309,10.39,4,-113
fea4f518-2ad7-42e9-a3ee-4bae27b78b49-4,EDC_BS6_PERIODIC,2025-12-06 01:13:48,2025-12-07 13:57:11,17.146432,79.6037376,11348,8252,FixOK,A,ObV5CS1912,T417F6b453,"4JW3+JGC, Thallagadda, Suryapet, Telangana 508213, India",331651.75,9.16,IgnitionOn,1,164.35,27.6,4,-113
fea4f518-2ad7-42e9-a3ee-4bae27b78b49-5,EDC_BS6_PERIODIC,2025-12-06 01:13:54,2025-12-07 13:57:11,17.1466064,79.603872,11349,8252,FixOK,A,ObV5CS1912,T417F6b453,"AMARAVADHI NAGAR SURYAPET, Thallagadda, Suryapet, Telangana 508213, India",331651.875,14.51,IgnitionOn,1,164.38,36.79,4,-113
fea4f518-2ad7-42e9-a3ee-4bae27b78b49-6,EDC_BS6_PERIODIC,2025-12-06 01:14:00,2025-12-07 13:57:11,17.1468,79.6040192,11350,8252,FixOK,A,ObV5CS1912,T417F6b453,"AMARAVADHI NAGAR SURYAPET, Thallagadda, Suryapet, Telangana 508213, India",331651.875,18.66,IgnitionOn,1,164.289,35.09,4,-113
fea4f518-2ad7-42e9-a3ee-4bae27b78b49-7,EDC_BS6_PERIODIC,2025-12-06 01:14:06,2025-12-07 13:57:11,17.1470688,79.604192,11351,8252,FixOK,A,ObV5CS1912,T417F6b453,"AMARAVADHI NAGAR SURYAPET, Thallagadda, Suryapet, Telangana 508213, India",331651.875,22.75,IgnitionOn,1,164.16,34,4,-113
fea4f518-2ad7-42e9-a3ee-4bae27b78b49-8,EDC_BS6_PERIODIC,2025-12-06 01:14:12,2025-12-07 13:57:11,17.147376,79.6043648,11352,8252,FixOK,A,ObV5CS1912,T417F6b453,"AMARAVADHI NAGAR SURYAPET, Thallagadda, Suryapet, Telangana 508213, India",331651.875,25.12,IgnitionOn,1,164.063,31.89,4,-113
fea4f518-2ad7-42e9-a3ee-4bae27b78b49-9,EDC_BS6_PERIODIC,2025-12-06 01:14:18,2025-12-07 13:57:11,17.147496,79.6044416,11353,8252,FixOK,A,ObV5CS1912,T417F6b453,"AMARAVADHI NAGAR SURYAPET, Thallagadda, Suryapet, Telangana 508213, India",331652,26.32,IgnitionOn,1,163.94,30.39,4,-113
fea4f518-2ad7-42e9-a3ee-4bae27b78b49-10,EDC_BS6_PERIODIC,2025-12-06 01:14:24,2025-12-07 13:57:11,17.147496,79.6044416,11354,8252,FixOK,A,ObV5CS1912,T417F6b453,"AMARAVADHI NAGAR SURYAPET, Thallagadda, Suryapet, Telangana 508213, India",331652,24.99,IgnitionOn,1,163.94,30.39,4,-113
fea4f518-2ad7-42e9-a3ee-4bae27b78b49-11,EDC_BS6_PERIODIC,2025-12-06 01:14:30,2025-12-07 13:57:11,17.147496,79.6044416,11355,8252,FixOK,A,ObV5CS1912,T417F6b453,"AMARAVADHI NAGAR SURYAPET, Thallagadda, Suryapet, Telangana 508213, India",331652,29.99,IgnitionOn,1,163.94,30.39,4,-113
fea4f518-2ad7-42e9-a3ee-4bae27b78b49-12,EDC_BS6_PERIODIC,2025-12-06 01:14:36,2025-12-07 13:57:11,17.147496,79.6044416,11356,8252,FixOK,A,ObV5CS1912,T417F6b453,"AMARAVADHI NAGAR SURYAPET, Thallagadda, Suryapet, Telangana 508213, India",331652.125,30.62,IgnitionOn,1,163.94,30.39,4,-113
fea4f518-2ad7-42e9-a3ee-4bae27b78b49-13,EDC_BS6_PERIODIC,2025-12-06 01:14:42,2025-12-07 13:57:11,17.149152,79.6052864,11357,8252,FixOK,A,ObV5CS1912,T417F6b453,"4JX4+G2P, Suryapet Bypass Rd, Thallagadda, Suryapet, Telangana 508213, India",331652.125,21.89,IgnitionOn,1,163.35,15.69,4,-113
fea4f518-2ad7-42e9-a3ee-4bae27b78b49-14,EDC_BS6_PERIODIC,2025-12-06 01:14:48,2025-12-07 13:57:11,17.1494208,79.605376,11358,8252,FixOK,A,ObV5CS1912,T417F6b453,"4JX4+G2P, Suryapet Bypass Rd, Thallagadda, Suryapet, Telangana 508213, India",331652.25,12.71,IgnitionOn,1,163.21,15.89,4,-113
fea4f518-2ad7-42e9-a3ee-4bae27b78b49-15,EDC_BS6_PERIODIC,2025-12-06 01:14:54,2025-12-07 13:57:11,17.1495584,79.605472,11359,8252,FixOK,A,ObV5CS1912,T417F6b453,"Jangaon - Suryapet Rd, Suryapet, Telangana 508213, India",331652.25,12.23,IgnitionOn,1,163.119,24.89,4,-113
fea4f518-2ad7-42e9-a3ee-4bae27b78b49-16,EDC_BS6_PERIODIC,2025-12-06 01:15:00,2025-12-07 13:57:11,17.1496928,79.6055744,11360,8252,FixOK,A,ObV5CS1912,T417F6b453,"JANAGAM X ROAD SURYAPET, Suryapet, Telangana 508213, India",331652.25,14.89,IgnitionOn,1,162.96,34.9,4,-113
fea4f518-2ad7-42e9-a3ee-4bae27b78b49-18,EDC_BS6_PERIODIC,2025-12-06 01:15:06,2025-12-07 13:57:11,17.149848,79.6057088,11361,8252,FixOK,A,ObV5CS1912,T417F6b453,"JANAGAM X ROAD SURYAPET, Suryapet, Telangana 508213, India",331652.25,19.99,IgnitionOn,1,163.399,31.79,5,-113
fea4f518-2ad7-42e9-a3ee-4bae27b78b49-19,EDC_BS6_PERIODIC,2025-12-06 01:15:12,2025-12-07 13:57:11,17.1501312,79.6058752,11362,8252,FixOK,A,ObV5CS1912,T417F6b453,"JANAGAM X ROAD SURYAPET, Suryapet, Telangana 508213, India",331652.375,27.04,IgnitionOn,1,163.759,28.79,5,-113
fea4f518-2ad7-42e9-a3ee-4bae27b78b49-20,EDC_BS6_PERIODIC,2025-12-06 01:15:18,2025-12-07 13:57:11,17.1504864,79.6060736,11363,8252,FixOK,A,ObV5CS1912,T417F6b453,"JANAGAM X ROAD SURYAPET, Suryapet, Telangana 508213, India",331652.375,29.07,IgnitionOn,1,163.75,27.5,5,-113
fea4f518-2ad7-42e9-a3ee-4bae27b78b49-21,DEVICE_METRICS,2025-12-06 01:15:34,2025-12-07 13:57:11,17.1504864,79.6060736,,8252,FixOK,,ObV5CS1912,T417F6b453,"JANAGAM X ROAD SURYAPET, Suryapet, Telangana 508213, India",287099,,IgnitionOn,1,,,,
fea4f518-2ad7-42e9-a3ee-4bae27b78b49-22,EDC_BS6_PERIODIC,2025-12-06 01:15:34,2025-12-07 13:57:11,17.1515904,79.6066304,11364,8252,FixOK,A,ObV5CS1912,T417F6b453,"Suryapeta, Telangana 508213, India",331652.5,34.52,IgnitionOn,1,163.889,27.5,4,-113
fea4f518-2ad7-42e9-a3ee-4bae27b78b49-23,EDC_BS6_PERIODIC,2025-12-06 01:15:40,2025-12-07 13:57:11,17.152168,79.6069504,11365,8252,FixOK,A,ObV5CS1912,T417F6b453,"Suryapeta, Telangana 508213, India",331652.625,35.62,IgnitionOn,1,163.837,31.29,4,-113
fea4f518-2ad7-42e9-a3ee-4bae27b78b49-24,EDC_BS6_PERIODIC,2025-12-06 01:15:46,2025-12-07 13:57:11,17.1526272,79.607264,11366,8252,FixOK,A,ObV5CS1912,T417F6b453,"janagam x road, Telangana 508213, India",331652.625,36.78,IgnitionOn,1,163.74,33.9,5,-113
fea4f518-2ad7-42e9-a3ee-4bae27b78b49-25,EDC_BS6_PERIODIC,2025-12-06 01:15:52,2025-12-07 13:57:11,17.1530864,79.6076096,11367,8252,FixOK,A,ObV5CS1912,T417F6b453,"Suryapeta, Telangana 508213, India",331652.75,31.09,IgnitionOn,1,163.889,35.4,3,-113
fea4f518-2ad7-42e9-a3ee-4bae27b78b49-26,EDC_BS6_PERIODIC,2025-12-06 01:15:58,2025-12-07 13:57:11,17.153464,79.6079616,11368,8252,FixOK,A,ObV5CS1912,T417F6b453,"Suryapeta, Telangana 508213, India",331652.75,31.17,IgnitionOn,1,163.919,36.9,4,-113
fea4f518-2ad7-42e9-a3ee-4bae27b78b49-27,EDC_BS6_PERIODIC,2025-12-06 01:16:04,2025-12-07 13:57:11,17.153632,79.6083584,11369,8252,FixOK,A,ObV5CS1912,T417F6b453,"5J35+362, Suryapet, Telangana 508213, India",331652.75,36.37,IgnitionOn,1,164.55,44.29,5,-113
fea4f518-2ad7-42e9-a3ee-4bae27b78b49-28,EDC_BS6_PERIODIC,2025-12-06 01:16:10,2025-12-07 13:57:11,17.153928,79.6088192,11370,8252,FixOK,A,ObV5CS1912,T417F6b453,"5J35+VPJ, NH 65, Suryapet, Telangana 508213, India",331652.875,38.86,IgnitionOn,1,164.589,61.5,4,-113
fea4f518-2ad7-42e9-a3ee-4bae27b78b49-29,EDC_BS6_PERIODIC,2025-12-06 01:16:16,2025-12-07 13:57:11,17.154168,79.6093824,11371,8252,FixOK,A,ObV5CS1912,T417F6b453,"5J35+VPJ, NH 65, Suryapet, Telangana 508213, India",331652.875,42.68,IgnitionOn,1,164.403,67.59,4,-113
fea4f518-2ad7-42e9-a3ee-4bae27b78b49-30,EDC_BS6_PERIODIC,2025-12-06 01:16:22,2025-12-07 13:57:11,17.1544064,79.610016,11372,8252,FixOK,A,ObV5CS1912,T417F6b453,"5J35+VPJ, NH 65, Suryapet, Telangana 508213, India",331653,43.41,IgnitionOn,1,164.1,69.3,4,-113
fea4f518-2ad7-42e9-a3ee-4bae27b78b49-31,EDC_BS6_PERIODIC,2025-12-06 01:16:28,2025-12-07 13:57:11,17.15468,79.6106752,11373,8252,FixOK,A,ObV5CS1912,T417F6b453,"5J46+9J2, Suryapet, Telangana 508213, India",331653.125,45.39,IgnitionOn,1,163.479,66.8,6,-113
fea4f518-2ad7-42e9-a3ee-4bae27b78b49-32,EDC_BS6_PERIODIC,2025-12-06 01:16:34,2025-12-07 13:57:11,17.1549632,79.611264,11374,8252,FixOK,A,ObV5CS1912,T417F6b453,"5J46+9J2, Suryapet, Telangana 508213, India",331653.125,44.09,IgnitionOn,1,163.22,64.8,5,-113
fea4f518-2ad7-42e9-a3ee-4bae27b78b49-33,EDC_BS6_PERIODIC,2025-12-06 01:16:40,2025-12-07 13:57:11,17.1552448,79.61184,11375,8252,FixOK,A,ObV5CS1912,T417F6b453,"5J46+9J2, Suryapet, Telangana 508213, India",331653.25,42.78,IgnitionOn,1,163.339,65.09,5,-113
2881158c-7a06-4b37-ad9c-4a57bfee3241-1,EDC_BS6_PERIODIC,2025-12-06 01:16:46,2025-12-07 13:57:32,17.1555232,79.6124288,11376,8252,FixOK,A,ObV5CS1912,T417F6b453,"NH65, Suryapet, Telangana 508213, India",331653.375,42.41,IgnitionOn,1,163.279,61.29,4,-113
2881158c-7a06-4b37-ad9c-4a57bfee3241-2,EDC_BS6_PERIODIC,2025-12-06 01:16:52,2025-12-07 13:57:32,17.155784,79.612992,11377,8252,FixOK,A,ObV5CS1912,T417F6b453,"5J46+FXQ, Nalgonda, Telangana 508213, India",331653.375,40.98,IgnitionOn,1,163.283,63.09,4,-113
2881158c-7a06-4b37-ad9c-4a57bfee3241-3,EDC_BS6_PERIODIC,2025-12-06 01:16:58,2025-12-07 13:57:32,17.156008,79.6135296,11378,8252,FixOK,A,ObV5CS1912,T417F6b453,"5J47+7WQ, NH 65, Suryapet, Telangana 508213, India",331653.5,38.33,IgnitionOn,1,163.179,65.69,4,-113
2881158c-7a06-4b37-ad9c-4a57bfee3241-4,EDC_BS6_PERIODIC,2025-12-06 01:17:04,2025-12-07 13:57:32,17.1561536,79.6140224,11379,8252,FixOK,A,ObV5CS1912,T417F6b453,"5J47+7WQ, NH 65, Suryapet, Telangana 508213, India",331653.5,33.81,IgnitionOn,1,163.1,67.4,5,-113
2881158c-7a06-4b37-ad9c-4a57bfee3241-5,EDC_BS6_PERIODIC,2025-12-06 01:17:10,2025-12-07 13:57:32,17.156112,79.614496,11380,8252,FixOK,A,ObV5CS1912,T417F6b453,"5J47+7WQ, NH 65, Suryapet, Telangana 508213, India",331653.625,29.32,IgnitionOn,1,164.169,88,5,-113
2881158c-7a06-4b37-ad9c-4a57bfee3241-6,EDC_BS6_PERIODIC,2025-12-06 01:17:16,2025-12-07 13:57:32,17.1561088,79.61488,11381,8252,FixOK,A,ObV5CS1912,T417F6b453,"5J48+G2G, Road No. 5, Manasa Nagar, Suryapet, Telangana 508213, India",331653.625,26.15,IgnitionOn,1,164.58,92.69,5,-113
2881158c-7a06-4b37-ad9c-4a57bfee3241-7,EDC_BS6_PERIODIC,2025-12-06 01:17:22,2025-12-07 13:57:32,17.1560672,79.6153472,11382,8252,FixOK,A,ObV5CS1912,T417F6b453,"5J48+G2G, Road No. 5, Manasa Nagar, Suryapet, Telangana 508213, India",331653.625,29,IgnitionOn,1,165.369,93.3,6,-113
2881158c-7a06-4b37-ad9c-4a57bfee3241-8,EDC_BS6_PERIODIC,2025-12-06 01:17:28,2025-12-07 13:57:32,17.155976,79.6158848,11383,8252,FixOK,A,ObV5CS1912,T417F6b453,"6, Road No. 5, Manasa Nagar, Suryapet, Telangana 508213, India",331653.75,35.79,IgnitionOn,1,165.993,98.3,5,-113
2881158c-7a06-4b37-ad9c-4a57bfee3241-9,EDC_BS6_PERIODIC,2025-12-06 01:17:34,2025-12-07 13:57:32,17.1558432,79.6164544,11384,8252,FixOK,A,ObV5CS1912,T417F6b453,"6, Road No. 5, Manasa Nagar, Suryapet, Telangana 508213, India",331653.75,39.34,IgnitionOn,1,167.039,100.3,4,-113
2881158c-7a06-4b37-ad9c-4a57bfee3241-10,EDC_BS6_PERIODIC,2025-12-06 01:17:40,2025-12-07 13:57:32,17.15564,79.6170176,11385,8252,FixOK,A,ObV5CS1912,T417F6b453,"5J48+286, Suryapet, Telangana 508213, India",331653.875,40.5,IgnitionOn,1,167.24,112.59,5,-113
2881158c-7a06-4b37-ad9c-4a57bfee3241-11,EDC_BS6_PERIODIC,2025-12-06 01:17:46,2025-12-07 13:57:32,17.1553888,79.6175616,11386,8252,FixOK,A,ObV5CS1912,T417F6b453,"5J39+WM3, Suryapet Bypass Rd, Hyma Nagar Colony, Manasa Nagar, Suryapet, Telangana 508213, India",331654,41.48,IgnitionOn,1,167.74,115.59,5,-113
2881158c-7a06-4b37-ad9c-4a57bfee3241-12,EDC_BS6_PERIODIC,2025-12-06 01:17:52,2025-12-07 13:57:32,17.1550848,79.61808,11387,8252,FixOK,A,ObV5CS1912,T417F6b453,"5J39+WM3, Suryapet Bypass Rd, Hyma Nagar Colony, Manasa Nagar, Suryapet, Telangana 508213, India",331654,41.95,IgnitionOn,1,168.24,121.19,5,-113
2881158c-7a06-4b37-ad9c-4a57bfee3241-13,EDC_BS6_PERIODIC,2025-12-06 01:17:58,2025-12-07 13:57:32,17.1547264,79.6185728,11388,8252,FixOK,A,ObV5CS1912,T417F6b453,"5J39+WM3, Suryapet Bypass Rd, Hyma Nagar Colony, Manasa Nagar, Suryapet, Telangana 508213, India",331654.125,42.26,IgnitionOn,1,168.55,126.3,4,-113
2881158c-7a06-4b37-ad9c-4a57bfee3241-14,EDC_BS6_PERIODIC,2025-12-06 01:18:04,2025-12-07 13:57:32,17.154344,79.619072,11389,8252,FixOK,A,ObV5CS1912,T417F6b453,"Suryapet, NH 65, opposite High Tech Bus Stand, Manasa Nagar, Suryapet, Telangana 508213, India",331654.125,43.11,IgnitionOn,1,168.763,127.8,4,-113
2881158c-7a06-4b37-ad9c-4a57bfee3241-15,EDC_BS6_PERIODIC,2025-12-06 01:18:10,2025-12-07 13:57:32,17.1539216,79.6195584,11390,8252,FixOK,A,ObV5CS1912,T417F6b453,"1-2-270/87/33/8, Krishna Nagar Colony, Suryapet, Telangana 508213, India",331654.25,42.6,IgnitionOn,1,168.72,130.69,4,-113
2881158c-7a06-4b37-ad9c-4a57bfee3241-16,EDC_BS6_PERIODIC,2025-12-06 01:18:16,2025-12-07 13:57:32,17.15348,79.6200448,11391,8252,FixOK,A,ObV5CS1912,T417F6b453,"1-2-270/87/33/8, Krishna Nagar Colony, Suryapet, Telangana 508213, India",331654.25,41.18,IgnitionOn,1,168.619,131.3,4,-113
2881158c-7a06-4b37-ad9c-4a57bfee3241-17,EDC_BS6_PERIODIC,2025-12-06 01:18:22,2025-12-07 13:57:32,17.153048,79.6205056,11392,8252,FixOK,A,ObV5CS1912,T417F6b453,"5J2C+XJR, Krishna Nagar Colony, Manasa Nagar, Suryapet, Telangana 508213, India",331654.375,39.86,IgnitionOn,1,168.52,132.8,4,-113
2881158c-7a06-4b37-ad9c-4a57bfee3241-18,EDC_BS6_PERIODIC,2025-12-06 01:18:28,2025-12-07 13:57:32,17.1526224,79.6209536,11393,8252,FixOK,A,ObV5CS1912,T417F6b453,"5J2C+XJR, Krishna Nagar Colony, Manasa Nagar, Suryapet, Telangana 508213, India",331654.5,38.29,IgnitionOn,1,168.419,133.39,4,-113
2881158c-7a06-4b37-ad9c-4a57bfee3241-19,EDC_BS6_PERIODIC,2025-12-06 01:18:34,2025-12-07 13:57:32,17.1521952,79.6213824,11394,8252,FixOK,A,ObV5CS1912,T417F6b453,"5J2C+XJR, Krishna Nagar Colony, Manasa Nagar, Suryapet, Telangana 508213, India",331654.5,37.26,IgnitionOn,1,168.259,136.39,4,-113
2881158c-7a06-4b37-ad9c-4a57bfee3241-20,EDC_BS6_PERIODIC,2025-12-06 01:18:40,2025-12-07 13:57:32,17.1518208,79.6217984,11395,8252,FixOK,A,ObV5CS1912,T417F6b453,"Suryapet, Rd Number 3, Krishna Nagar Colony, Manasa Nagar, Suryapet, Telangana 508213, India",331654.625,36.38,IgnitionOn,1,168.101,130.89,4,-113
2881158c-7a06-4b37-ad9c-4a57bfee3241-21,EDC_BS6_PERIODIC,2025-12-06 01:18:46,2025-12-07 13:57:32,17.151456,79.6222208,11396,8252,FixOK,A,ObV5CS1912,T417F6b453,"1-4-249/52/1 Krishna Nagar Colony Suryapet Bypass Road, Krishna Nagar Colony, Manasa Nagar, Suryapet, Telangana 508213, India",331654.625,35.63,IgnitionOn,1,168,131,4,-113
2881158c-7a06-4b37-ad9c-4a57bfee3241-22,EDC_BS6_PERIODIC,2025-12-06 01:18:52,2025-12-07 13:57:32,17.1510688,79.6226304,11397,8252,FixOK,A,ObV5CS1912,T417F6b453,"New Bus Stand Suryapet, MG Rd, Manasa Nagar, Suryapet, Telangana 508213, India",331654.75,35.44,IgnitionOn,1,167.919,133,4,-113
2881158c-7a06-4b37-ad9c-4a57bfee3241-23,EDC_BS6_PERIODIC,2025-12-06 01:18:58,2025-12-07 13:57:32,17.1507008,79.6230528,11398,8252,FixOK,A,ObV5CS1912,T417F6b453,"New Bus Stand Suryapet, MG Rd, Manasa Nagar, Suryapet, Telangana 508213, India",331654.75,37.65,IgnitionOn,1,168.009,131.1,5,-113
2881158c-7a06-4b37-ad9c-4a57bfee3241-24,EDC_BS6_PERIODIC,2025-12-06 01:19:04,2025-12-07 13:57:32,17.15036,79.6235136,11399,8252,FixOK,A,ObV5CS1912,T417F6b453,"1-4-249/132/E7, NH 65, Krishna Nagar Colony, Suryapet, Telangana 508213, India",331654.875,39.22,IgnitionOn,1,168.58,127.59,5,-113
2881158c-7a06-4b37-ad9c-4a57bfee3241-25,EDC_BS6_PERIODIC,2025-12-06 01:19:10,2025-12-07 13:57:32,17.15,79.6240064,11400,8252,FixOK,A,ObV5CS1912,T417F6b453,"1-4-249/132/E7, NH 65, Krishna Nagar Colony, Suryapet, Telangana 508213, India",331654.875,41.46,IgnitionOn,1,168.66,125.19,4,-113
2881158c-7a06-4b37-ad9c-4a57bfee3241-26,EDC_BS6_PERIODIC,2025-12-06 01:19:16,2025-12-07 13:57:32,17.1496032,79.6245504,11401,8252,FixOK,A,ObV5CS1912,T417F6b453,"4JXF+PVQ, Krishna Nagar Colony, Suryapet, Telangana 508213, India",331655,45.35,IgnitionOn,1,168.605,126.19,4,-113
2881158c-7a06-4b37-ad9c-4a57bfee3241-27,EDC_BS6_PERIODIC,2025-12-06 01:19:22,2025-12-07 13:57:32,17.1492128,79.62512,11402,8252,FixOK,A,ObV5CS1912,T417F6b453,"4, Suryapet Bypass Rd, Vidyanagar, Suryapet, Telangana 508213, India",331655.125,47.93,IgnitionOn,1,168.429,125.9,4,-113
2881158c-7a06-4b37-ad9c-4a57bfee3241-28,EDC_BS6_PERIODIC,2025-12-06 01:19:28,2025-12-07 13:57:32,17.1488192,79.625728,11403,8252,FixOK,A,ObV5CS1912,T417F6b453,"1-6, 141, 23, Suryapet Bypass Rd, Vidyanagar, Suryapet, Telangana 508213, India",331655.125,50.68,IgnitionOn,1,168.289,123.09,4,-113
2881158c-7a06-4b37-ad9c-4a57bfee3241-29,EDC_BS6_PERIODIC,2025-12-06 01:19:34,2025-12-07 13:57:32,17.1483744,79.626336,11404,8252,FixOK,A,ObV5CS1912,T417F6b453,"4JXG+6FJ, Krishna Nagar Colony, Suryapet, Telangana 508213, India",331655.25,53.18,IgnitionOn,1,168.33,124.9,6,-113
2881158c-7a06-4b37-ad9c-4a57bfee3241-30,EDC_BS6_PERIODIC,2025-12-06 01:19:40,2025-12-07 13:57:32,17.1478272,79.6269312,11405,8252,FixOK,A,ObV5CS1912,T417F6b453,"508213, 1-6-141/18/2/2/1, Suryapet Bypass Rd, Vidyanagar, Suryapet, Telangana 508213, India",331655.375,56.04,IgnitionOn,1,168.47,134.8,6,-113
2881158c-7a06-4b37-ad9c-4a57bfee3241-31,EDC_BS6_PERIODIC,2025-12-06 01:19:46,2025-12-07 13:57:32,17.1472352,79.6274816,11406,8252,FixOK,A,ObV5CS1912,T417F6b453,"4JWG+MXF, Krishna Nagar Colony, Suryapet, Telangana 508213, India",331655.5,58.88,IgnitionOn,1,168.729,137.8,6,-113
2881158c-7a06-4b37-ad9c-4a57bfee3241-32,EDC_BS6_PERIODIC,2025-12-06 01:19:52,2025-12-07 13:57:32,17.1465248,79.6280448,11407,8252,FixOK,A,ObV5CS1912,T417F6b453,"4JWG+MXF, Krishna Nagar Colony, Suryapet, Telangana 508213, India",331655.5,57.82,IgnitionOn,1,169.167,141.19,7,-113
2881158c-7a06-4b37-ad9c-4a57bfee3241-33,EDC_BS6_PERIODIC,2025-12-06 01:19:58,2025-12-07 13:57:32,17.145848,79.628544,11408,8252,FixOK,A,ObV5CS1912,T417F6b453,"4JWH+49P, Krishna Nagar Colony, Suryapet, Telangana 508213, India",331655.625,52.52,IgnitionOn,1,169.82,143.5,7,-113
2881158c-7a06-4b37-ad9c-4a57bfee3241-34,EDC_BS6_PERIODIC,2025-12-06 01:20:04,2025-12-07 13:57:32,17.1452608,79.628992,11409,8252,FixOK,A,ObV5CS1912,T417F6b453,"4JWH+49P, Krishna Nagar Colony, Suryapet, Telangana 508213, India",331655.75,46.12,IgnitionOn,1,170.8,143.3,7,-113
2881158c-7a06-4b37-ad9c-4a57bfee3241-35,EDC_BS6_PERIODIC,2025-12-06 01:20:10,2025-12-07 13:57:32,17.144792,79.6293696,11410,8252,FixOK,A,ObV5CS1912,T417F6b453,"4JWH+49P, Krishna Nagar Colony, Suryapet, Telangana 508213, India",331655.75,40,IgnitionOn,1,171.77,141.39,7,-113
2881158c-7a06-4b37-ad9c-4a57bfee3241-36,EDC_BS6_PERIODIC,2025-12-06 01:20:16,2025-12-07 13:57:32,17.144416,79.629696,11411,8252,FixOK,A,ObV5CS1912,T417F6b453,"4JVJ+J5M, Suryapeta - Khammam Rd, Zakir Husaain Nagra, Suryapet, Telangana 508213, India",331655.875,34.36,IgnitionOn,1,172.509,141.69,7,-113
2881158c-7a06-4b37-ad9c-4a57bfee3241-37,EDC_BS6_PERIODIC,2025-12-06 01:20:22,2025-12-07 13:57:32,17.1440288,79.6300224,11412,8252,FixOK,A,ObV5CS1912,T417F6b453,"4JVJ+J5M, Suryapeta - Khammam Rd, Zakir Husaain Nagra, Suryapet, Telangana 508213, India",331655.875,35.11,IgnitionOn,1,173.229,141.69,7,-113
2881158c-7a06-4b37-ad9c-4a57bfee3241-38,EDC_BS6_PERIODIC,2025-12-06 01:20:28,2025-12-07 13:57:32,17.1436192,79.6303744,11413,8252,FixOK,A,ObV5CS1912,T417F6b453,"4JVJ+J5M, Suryapeta - Khammam Rd, Zakir Husaain Nagra, Suryapet, Telangana 508213, India",331656,38.53,IgnitionOn,1,173.497,140.69,7,-113
2881158c-7a06-4b37-ad9c-4a57bfee3241-39,EDC_BS6_PERIODIC,2025-12-06 01:20:34,2025-12-07 13:57:32,17.1431872,79.630752,11414,8252,FixOK,A,ObV5CS1912,T417F6b453,"1-2-270/88/A2, opp. HI-TECH BUSSTAND, Vidyanagar, Suryapet, Telangana 508213, India",331656,40.36,IgnitionOn,1,174.25,139.39,7,-113
2881158c-7a06-4b37-ad9c-4a57bfee3241-40,EDC_BS6_PERIODIC,2025-12-06 01:20:40,2025-12-07 13:57:32,17.1427264,79.6311616,11415,8252,FixOK,A,ObV5CS1912,T417F6b453,"1-2-270/88/A2, opp. HI-TECH BUSSTAND, Vidyanagar, Suryapet, Telangana 508213, India",331656.125,42.53,IgnitionOn,1,174.309,139.39,7,-113
2881158c-7a06-4b37-ad9c-4a57bfee3241-41,EDC_BS6_PERIODIC,2025-12-06 01:20:46,2025-12-07 13:57:32,17.1422432,79.631584,11416,8252,FixOK,A,ObV5CS1912,T417F6b453,"4JRJ+PWF, Bhagath Singh Nagar, Vidyanagar, Suryapet, Telangana 508213, India",331656.25,44.03,IgnitionOn,1,174.179,139.39,7,-113
2881158c-7a06-4b37-ad9c-4a57bfee3241-42,EDC_BS6_PERIODIC,2025-12-06 01:20:52,2025-12-07 13:57:32,17.1417248,79.6320128,11417,8252,FixOK,A,ObV5CS1912,T417F6b453,"4JRJ+PWF, Bhagath Singh Nagar, Vidyanagar, Suryapet, Telangana 508213, India",331656.25,45.99,IgnitionOn,1,174.08,142.1,6,-113
2881158c-7a06-4b37-ad9c-4a57bfee3241-43,EDC_BS6_PERIODIC,2025-12-06 01:20:58,2025-12-07 13:57:32,17.1411904,79.6323904,11418,8252,FixOK,A,ObV5CS1912,T417F6b453,"4JRM+F3M, Bhagath Singh Nagar, Zakir Husaain Nagra, Suryapet, Telangana 508213, India",331656.375,48.3,IgnitionOn,1,173.86,145.39,5,-113
2881158c-7a06-4b37-ad9c-4a57bfee3241-44,EDC_BS6_PERIODIC,2025-12-06 01:21:04,2025-12-07 13:57:32,17.1406208,79.6326784,11419,8252,FixOK,A,ObV5CS1912,T417F6b453,"4JRM+955, Bhagath Singh Nagar, Zakir Husaain Nagra, Suryapet, Telangana 508213, India",331656.5,50.71,IgnitionOn,1,173.009,152.69,5,-113
2881158c-7a06-4b37-ad9c-4a57bfee3241-45,EDC_BS6_PERIODIC,2025-12-06 01:21:10,2025-12-07 13:57:32,17.1399648,79.632896,11420,8252,FixOK,A,ObV5CS1912,T417F6b453,"New Market Road, Jammigadda, Suryapet, Telangana 508213, India",331656.5,50.81,IgnitionOn,1,172.69,171.69,4,-113
2881158c-7a06-4b37-ad9c-4a57bfee3241-46,EDC_BS6_PERIODIC,2025-12-06 01:21:16,2025-12-07 13:57:32,17.1392704,79.6329088,11421,8252,FixOK,A,ObV5CS1912,T417F6b453,"Hyderabad - Suryapet Hwy, Pradeep Housing Board Colony, Jammigadda, Suryapet, Telangana 508213, India",331656.625,50.29,IgnitionOn,1,172.52,179.6,4,-113
2881158c-7a06-4b37-ad9c-4a57bfee3241-47,EDC_BS6_PERIODIC,2025-12-06 01:21:22,2025-12-07 13:57:32,17.1385568,79.6329024,11422,8252,FixOK,A,ObV5CS1912,T417F6b453,"Hyderabad - Suryapet Hwy, Pradeep Housing Board Colony, Jammigadda, Suryapet, Telangana 508213, India",331656.75,49.07,IgnitionOn,1,172.229,181.1,4,-113
2881158c-7a06-4b37-ad9c-4a57bfee3241-48,EDC_BS6_PERIODIC,2025-12-06 01:21:28,2025-12-07 13:57:32,17.137832,79.6328832,11423,8252,FixOK,A,ObV5CS1912,T417F6b453,"4JQM+G72, Jammigadda, Suryapet, Telangana 508213, India",331656.75,47.38,IgnitionOn,1,172.089,181.8,4,-113
2881158c-7a06-4b37-ad9c-4a57bfee3241-49,EDC_BS6_PERIODIC,2025-12-06 01:21:34,2025-12-07 13:57:32,17.1371392,79.6328704,11424,8252,FixOK,A,ObV5CS1912,T417F6b453,"4JPM+J6, Jammigadda, Suryapet, Telangana 508213, India",331656.875,43.87,IgnitionOn,1,171.929,180.8,4,-113
2881158c-7a06-4b37-ad9c-4a57bfee3241-50,EDC_BS6_PERIODIC,2025-12-06 01:21:40,2025-12-07 13:57:32,17.136488,79.632864,11425,8252,FixOK,A,ObV5CS1912,T417F6b453,"Opp: Ayyappa temple,NH65,SABARI NAGAR, Jammigadda, Suryapet, Telangana 508213, India",331657,40.36,IgnitionOn,1,171.865,180.8,4,-113
a542ad36-e22b-4d95-8235-3ec025fab890-1,EDC_BS6_PERIODIC,2025-12-06 01:21:46,2025-12-07 13:57:53,17.1359024,79.632864,11426,8252,FixOK,A,ObV5CS1912,T417F6b453,"Opp: Ayyappa temple,NH65,SABARI NAGAR, Jammigadda, Suryapet, Telangana 508213, India",331657,38.9,IgnitionOn,1,171.69,180,4,-113
a542ad36-e22b-4d95-8235-3ec025fab890-2,EDC_BS6_PERIODIC,2025-12-06 01:21:52,2025-12-07 13:57:53,17.1353632,79.6328576,11427,8252,FixOK,A,ObV5CS1912,T417F6b453,"4JPM+33X, Suryapet Bypass Rd, Pradeep Housing Board Colony, Jammigadda, Suryapet, Telangana 508213, India",331657.125,37.02,IgnitionOn,1,171.58,180.69,4,-113
a542ad36-e22b-4d95-8235-3ec025fab890-3,EDC_BS6_PERIODIC,2025-12-06 01:21:58,2025-12-07 13:57:53,17.134872,79.6328832,11428,8252,FixOK,A,ObV5CS1912,T417F6b453,"4JPM+33X, Suryapet Bypass Rd, Pradeep Housing Board Colony, Jammigadda, Suryapet, Telangana 508213, India",331657.125,25.25,IgnitionOn,1,171.47,178.19,4,-113
a542ad36-e22b-4d95-8235-3ec025fab890-4,EDC_BS6_PERIODIC,2025-12-06 01:22:04,2025-12-07 13:57:53,17.1345616,79.6329024,11429,8252,FixOK,A,ObV5CS1912,T417F6b453,"4JPM+33X, Suryapet Bypass Rd, Pradeep Housing Board Colony, Jammigadda, Suryapet, Telangana 508213, India",331657.125,10.59,IgnitionOn,1,171.35,175.69,4,-113
a542ad36-e22b-4d95-8235-3ec025fab890-5,EDC_BS6_PERIODIC,2025-12-06 01:22:10,2025-12-07 13:57:53,17.1343392,79.632928,11430,8252,FixOK,A,ObV5CS1912,T417F6b453,"4JMJ+7WV, Suryapet Bypass Rd, Pradeep Housing Board Colony, Jammigadda, Suryapet, Telangana 508213, India",331657.25,10.3,IgnitionOn,1,171.179,173.19,4,-113
a542ad36-e22b-4d95-8235-3ec025fab890-6,EDC_BS6_PERIODIC,2025-12-06 01:22:16,2025-12-07 13:57:53,17.134112,79.6329664,11431,8252,FixOK,A,ObV5CS1912,T417F6b453,"4JMJ+7WV, Suryapet Bypass Rd, Pradeep Housing Board Colony, Jammigadda, Suryapet, Telangana 508213, India",331657.25,18.64,IgnitionOn,1,171.081,173,4,-113
a542ad36-e22b-4d95-8235-3ec025fab890-7,EDC_BS6_PERIODIC,2025-12-06 01:22:22,2025-12-07 13:57:53,17.1338272,79.6329728,11432,8252,FixOK,A,ObV5CS1912,T417F6b453,"4JMJ+7WV, Suryapet Bypass Rd, Pradeep Housing Board Colony, Jammigadda, Suryapet, Telangana 508213, India",331657.25,24.06,IgnitionOn,1,171.009,177.39,4,-113
a542ad36-e22b-4d95-8235-3ec025fab890-8,EDC_BS6_PERIODIC,2025-12-06 01:22:28,2025-12-07 13:57:53,17.1334976,79.6329728,11433,8252,FixOK,A,ObV5CS1912,T417F6b453,"4JJM+R4J, Jammigadda, Suryapet, Telangana 508213, India",331657.25,27.36,IgnitionOn,1,170.949,179.39,4,-113
a542ad36-e22b-4d95-8235-3ec025fab890-9,EDC_BS6_PERIODIC,2025-12-06 01:22:34,2025-12-07 13:57:53,17.1330736,79.6330368,11434,8252,FixOK,A,ObV5CS1912,T417F6b453,"4JJM+R4J, Jammigadda, Suryapet, Telangana 508213, India",331657.375,29.1,IgnitionOn,1,170.839,174.3,4,-113
a542ad36-e22b-4d95-8235-3ec025fab890-10,EDC_BS6_PERIODIC,2025-12-06 01:22:40,2025-12-07 13:57:53,17.1325824,79.6332032,11435,8252,FixOK,A,ObV5CS1912,T417F6b453,"4JJM+R4J, Jammigadda, Suryapet, Telangana 508213, India",331657.375,33.59,IgnitionOn,1,170.77,158.19,4,-113
a542ad36-e22b-4d95-8235-3ec025fab890-11,EDC_BS6_PERIODIC,2025-12-06 01:22:46,2025-12-07 13:57:53,17.1321248,79.6334208,11436,8252,FixOK,A,ObV5CS1912,T417F6b453,"4JJM+Q64 Rajiv Gandhi Park, Jammigadda, Suryapet, Telangana 508213, India",331657.5,34.29,IgnitionOn,1,170.669,153.69,3,-113
a542ad36-e22b-4d95-8235-3ec025fab890-12,EDC_BS6_PERIODIC,2025-12-06 01:22:52,2025-12-07 13:57:53,17.1317728,79.6335616,11437,8252,FixOK,A,ObV5CS1912,T417F6b453,"4JJM+J99, Jammigadda, Suryapet, Telangana 508213, India",331657.5,19.57,IgnitionOn,1,170.563,161.39,4,-113
a542ad36-e22b-4d95-8235-3ec025fab890-13,EDC_BS6_PERIODIC,2025-12-06 01:22:58,2025-12-07 13:57:53,17.1315136,79.6336256,11438,8252,FixOK,A,ObV5CS1912,T417F6b453,"4JJM+J99, Jammigadda, Suryapet, Telangana 508213, India",331657.5,7.37,IgnitionOn,1,170.279,166.5,4,-113
a542ad36-e22b-4d95-8235-3ec025fab890-14,EDC_BS6_PERIODIC,2025-12-06 01:23:04,2025-12-07 13:57:53,17.1312992,79.63376,11439,8252,FixOK,A,ObV5CS1912,T417F6b453,"4JJM+HC5, Jammigadda, Suryapet, Telangana 508213, India",331657.5,11.36,IgnitionOn,1,170.059,156,4,-113
a542ad36-e22b-4d95-8235-3ec025fab890-15,EDC_BS6_PERIODIC,2025-12-06 01:23:10,2025-12-07 13:57:53,17.131088,79.6339712,11440,8252,FixOK,A,ObV5CS1912,T417F6b453,"4JJM+HC5, Jammigadda, Suryapet, Telangana 508213, India",331657.5,20.01,IgnitionOn,1,169.899,134.39,4,-113
a542ad36-e22b-4d95-8235-3ec025fab890-16,EDC_BS6_PERIODIC,2025-12-06 01:23:16,2025-12-07 13:57:53,17.130856,79.6342784,11441,8252,FixOK,A,ObV5CS1912,T417F6b453,"4JJM+HC5, Jammigadda, Suryapet, Telangana 508213, India",331657.625,25.25,IgnitionOn,1,169.72,127.3,4,-113
a542ad36-e22b-4d95-8235-3ec025fab890-17,EDC_BS6_PERIODIC,2025-12-06 01:23:22,2025-12-07 13:57:53,17.130608,79.6346496,11442,8252,FixOK,A,ObV5CS1912,T417F6b453,"4JJM+9VH, NH 65, V V Giri Nagar, Suryapet, Telangana 508213, India",331657.625,30.05,IgnitionOn,1,169.61,127.5,4,-113
a542ad36-e22b-4d95-8235-3ec025fab890-18,EDC_BS6_PERIODIC,2025-12-06 01:23:28,2025-12-07 13:57:53,17.1303328,79.6350144,11443,8252,FixOK,A,ObV5CS1912,T417F6b453,"4JJM+9VH, NH 65, V V Giri Nagar, Suryapet, Telangana 508213, India",331657.75,30.81,IgnitionOn,1,169.543,126.8,4,-113
a542ad36-e22b-4d95-8235-3ec025fab890-19,EDC_BS6_PERIODIC,2025-12-06 01:23:34,2025-12-07 13:57:53,17.130024,79.6352896,11444,8252,FixOK,A,ObV5CS1912,T417F6b453,"4JJM+9VH, NH 65, V V Giri Nagar, Suryapet, Telangana 508213, India",331657.75,29.01,IgnitionOn,1,169.289,147.69,4,-113
a542ad36-e22b-4d95-8235-3ec025fab890-20,EDC_BS6_PERIODIC,2025-12-06 01:23:40,2025-12-07 13:57:53,17.1296992,79.6357184,11445,8252,FixOK,A,ObV5CS1912,T417F6b453,"4JJP+393, Hyderabad - Vijayawada Hwy, Shanthi Nagar, V V Giri Nagar, Suryapet, Telangana 508213, India",331657.75,33.49,IgnitionOn,1,169.229,125.8,4,-113
a542ad36-e22b-4d95-8235-3ec025fab890-21,EDC_BS6_PERIODIC,2025-12-06 01:23:46,2025-12-07 13:57:53,17.1293776,79.6361728,11446,8252,FixOK,A,ObV5CS1912,T417F6b453,"NH65, V V Giri Nagar, Suryapet, Telangana 508213, India",331657.875,36.49,IgnitionOn,1,169.1,125.5,4,-113
a542ad36-e22b-4d95-8235-3ec025fab890-22,EDC_BS6_PERIODIC,2025-12-06 01:23:52,2025-12-07 13:57:53,17.1290752,79.63664,11447,8252,FixOK,A,ObV5CS1912,T417F6b453,"4JHP+QQH, V V Giri Nagar, Suryapet, Telangana 508213, India",331658,38.3,IgnitionOn,1,168.979,123.69,4,-113
a542ad36-e22b-4d95-8235-3ec025fab890-23,EDC_BS6_PERIODIC,2025-12-06 01:23:58,2025-12-07 13:57:53,17.1287392,79.6371136,11448,8252,FixOK,A,ObV5CS1912,T417F6b453,"4JHP+QQH, V V Giri Nagar, Suryapet, Telangana 508213, India",331658,39.26,IgnitionOn,1,168.839,127.5,4,-113
a542ad36-e22b-4d95-8235-3ec025fab890-24,EDC_BS6_PERIODIC,2025-12-06 01:24:04,2025-12-07 13:57:53,17.1283712,79.6376192,11449,8252,FixOK,A,ObV5CS1912,T417F6b453,"4JHQ+6HM, Vijaya colony, Suryapet, Telangana 508213, India",331658.125,39.84,IgnitionOn,1,168.727,127.59,4,-113
a542ad36-e22b-4d95-8235-3ec025fab890-25,EDC_BS6_PERIODIC,2025-12-06 01:24:10,2025-12-07 13:57:53,17.1279984,79.638112,11450,8252,FixOK,A,ObV5CS1912,T417F6b453,"4JHQ+6HM, Vijaya colony, Suryapet, Telangana 508213, India",331658.125,40.5,IgnitionOn,1,168.63,127.8,4,-113
a542ad36-e22b-4d95-8235-3ec025fab890-26,EDC_BS6_PERIODIC,2025-12-06 01:24:16,2025-12-07 13:57:53,17.127616,79.6386048,11451,8252,FixOK,A,ObV5CS1912,T417F6b453,"4JHQ+6HM, Vijaya colony, Suryapet, Telangana 508213, India",331658.25,39.56,IgnitionOn,1,168.539,130,4,-113
a542ad36-e22b-4d95-8235-3ec025fab890-27,EDC_BS6_PERIODIC,2025-12-06 01:24:22,2025-12-07 13:57:53,17.127248,79.6391104,11452,8252,FixOK,A,ObV5CS1912,T417F6b453,"4JHQ+4WV, V V Giri Nagar, Suryapet, Telangana 508213, India",331658.25,40.89,IgnitionOn,1,168.35,128.3,4,-113
a542ad36-e22b-4d95-8235-3ec025fab890-28,EDC_BS6_PERIODIC,2025-12-06 01:24:28,2025-12-07 13:57:53,17.1268832,79.6396288,11453,8252,FixOK,A,ObV5CS1912,T417F6b453,"4JGR+H3C, V V Giri Nagar, Suryapet, Telangana 508213, India",331658.375,43.21,IgnitionOn,1,168.199,126.4,4,-113
a542ad36-e22b-4d95-8235-3ec025fab890-29,EDC_BS6_PERIODIC,2025-12-06 01:24:34,2025-12-07 13:57:53,17.1264928,79.64016,11454,8252,FixOK,A,ObV5CS1912,T417F6b453,"Suryapet, V V Giri Nagar, Suryapet, Telangana 508213, India",331658.375,42.61,IgnitionOn,1,168.07,128,4,-113
a542ad36-e22b-4d95-8235-3ec025fab890-30,EDC_BS6_PERIODIC,2025-12-06 01:24:40,2025-12-07 13:57:53,17.126096,79.6406656,11455,8252,FixOK,A,ObV5CS1912,T417F6b453,"4JGR+GGP, V V Giri Nagar, Suryapet, Telangana 508213, India",331658.5,41,IgnitionOn,1,167.979,127.59,4,-113
a542ad36-e22b-4d95-8235-3ec025fab890-31,EDC_BS6_PERIODIC,2025-12-06 01:24:46,2025-12-07 13:57:53,17.1257584,79.6411392,11456,8252,FixOK,A,ObV5CS1912,T417F6b453,"4JGR+GGP, V V Giri Nagar, Suryapet, Telangana 508213, India",331658.625,38.26,IgnitionOn,1,167.779,128.1,4,-113
a542ad36-e22b-4d95-8235-3ec025fab890-32,EDC_BS6_PERIODIC,2025-12-06 01:24:52,2025-12-07 13:57:53,17.1254208,79.6415872,11457,8252,FixOK,A,ObV5CS1912,T417F6b453,"4JGR+2W6, Balaram Thanda, Suryapet, Telangana 508213, India",331658.625,36.88,IgnitionOn,1,167.649,127.09,4,-113
a542ad36-e22b-4d95-8235-3ec025fab890-33,EDC_BS6_PERIODIC,2025-12-06 01:24:58,2025-12-07 13:57:53,17.125064,79.64208,11458,8252,FixOK,A,ObV5CS1912,T417F6b453,"4JGR+2W6, Balaram Thanda, Suryapet, Telangana 508213, India",331658.75,40.62,IgnitionOn,1,167.509,124.59,4,-113
a542ad36-e22b-4d95-8235-3ec025fab890-35,EDC_BS6_PERIODIC,2025-12-06 01:25:04,2025-12-07 13:57:53,17.1246912,79.6425984,11459,8252,FixOK,A,ObV5CS1912,T417F6b453,"4JGR+2RX, Balaram Thanda, Suryapet, Telangana 508213, India",331658.75,42.24,IgnitionOn,1,167.429,125,4,-113
a542ad36-e22b-4d95-8235-3ec025fab890-36,EDC_BS6_PERIODIC,2025-12-06 01:25:10,2025-12-07 13:57:53,17.1242976,79.643136,11460,8252,FixOK,A,ObV5CS1912,T417F6b453,"NH65, V V Giri Nagar, Suryapet, Telangana 508213, India",331658.875,43.05,IgnitionOn,1,167.35,124.4,4,-113
a542ad36-e22b-4d95-8235-3ec025fab890-37,EDC_BS6_PERIODIC,2025-12-06 01:25:16,2025-12-07 13:57:53,17.1240128,79.6437056,11461,8252,FixOK,A,ObV5CS1912,T417F6b453,"4JFV+MFC, Balaram Thanda, Suryapet, Telangana 508213, India",331658.875,44.23,IgnitionOn,1,170.223,123.5,5,-113
a542ad36-e22b-4d95-8235-3ec025fab890-38,EDC_BS6_PERIODIC,2025-12-06 01:25:22,2025-12-07 13:57:53,17.123672,79.6442816,11462,8252,FixOK,A,ObV5CS1912,T417F6b453,"4JFV+MFC, Balaram Thanda, Suryapet, Telangana 508213, India",331659,45.76,IgnitionOn,1,174.69,123.5,5,-113
a542ad36-e22b-4d95-8235-3ec025fab890-39,EDC_BS6_PERIODIC,2025-12-06 01:25:28,2025-12-07 13:57:53,17.1233408,79.644864,11463,8252,FixOK,A,ObV5CS1912,T417F6b453,"1-9-61/220/1, UNDER SURYAPET MUNICIPAL LIMITS Shanti Nagar, next to FCI Godowns, Balaram Thanda, Suryapet, Telangana 508213, India",331659.125,45.42,IgnitionOn,1,177.35,121.3,5,-113
a542ad36-e22b-4d95-8235-3ec025fab890-40,EDC_BS6_PERIODIC,2025-12-06 01:25:34,2025-12-07 13:57:53,17.1229984,79.6454336,11464,8252,FixOK,A,ObV5CS1912,T417F6b453,"1-9-61/220/1, UNDER SURYAPET MUNICIPAL LIMITS Shanti Nagar, next to FCI Godowns, Balaram Thanda, Suryapet, Telangana 508213, India",331659.125,45.9,IgnitionOn,1,179.289,122.8,5,-113
a542ad36-e22b-4d95-8235-3ec025fab890-41,EDC_BS6_PERIODIC,2025-12-06 01:25:40,2025-12-07 13:57:53,17.122632,79.6460032,11465,8252,FixOK,A,ObV5CS1912,T417F6b453,"1-9-61/220/1, UNDER SURYAPET MUNICIPAL LIMITS Shanti Nagar, next to FCI Godowns, Balaram Thanda, Suryapet, Telangana 508213, India",331659.25,45.64,IgnitionOn,1,179.759,124,4,-113
a542ad36-e22b-4d95-8235-3ec025fab890-42,EDC_BS6_PERIODIC,2025-12-06 01:25:46,2025-12-07 13:57:53,17.12228,79.6465152,11466,8252,FixOK,A,ObV5CS1912,T417F6b453,"4JFX+P5C Central Warehousing Corporation Godowns, Balaram Thanda, Suryapet, Telangana 508213, India",331659.375,40.09,IgnitionOn,1,179.5,129.1,5,-113
a542ad36-e22b-4d95-8235-3ec025fab890-43,EDC_BS6_PERIODIC,2025-12-06 01:25:52,2025-12-07 13:57:53,17.1219664,79.6469632,11467,8252,FixOK,A,ObV5CS1912,T417F6b453,"4JFX+P5C Central Warehousing Corporation Godowns, Balaram Thanda, Suryapet, Telangana 508213, India",331659.375,35.75,IgnitionOn,1,179.643,124.9,5,-113
a542ad36-e22b-4d95-8235-3ec025fab890-44,EDC_BS6_PERIODIC,2025-12-06 01:25:58,2025-12-07 13:57:53,17.1216992,79.647424,11468,8252,FixOK,A,ObV5CS1912,T417F6b453,"4JFX+P5C Central Warehousing Corporation Godowns, Balaram Thanda, Suryapet, Telangana 508213, India",331659.5,38.05,IgnitionOn,1,180.059,123.19,5,-113
a542ad36-e22b-4d95-8235-3ec025fab890-45,EDC_BS6_PERIODIC,2025-12-06 01:26:04,2025-12-07 13:57:53,17.121408,79.6479488,11469,8252,FixOK,A,ObV5CS1912,T417F6b453,"NH65, Balaram Thanda, Suryapet, Telangana 508213, India",331659.5,41.44,IgnitionOn,1,179.96,120.59,5,-113
a542ad36-e22b-4d95-8235-3ec025fab890-46,EDC_BS6_PERIODIC,2025-12-06 01:26:10,2025-12-07 13:57:53,17.1210752,79.64848,11470,8252,FixOK,A,ObV5CS1912,T417F6b453,"NH65, Balaram Thanda, Suryapet, Telangana 508213, India",331659.625,43.27,IgnitionOn,1,179.889,124.09,5,-113
a542ad36-e22b-4d95-8235-3ec025fab890-47,EDC_BS6_PERIODIC,2025-12-06 01:26:16,2025-12-07 13:57:53,17.1207328,79.6490112,11471,8252,FixOK,A,ObV5CS1912,T417F6b453,"4JCX+3P2, Balaram Thanda, Suryapet, Telangana 508213, India",331659.625,42.23,IgnitionOn,1,180.289,124,5,-113
a542ad36-e22b-4d95-8235-3ec025fab890-48,EDC_BS6_PERIODIC,2025-12-06 01:26:22,2025-12-07 13:57:53,17.120392,79.649536,11472,8252,FixOK,A,ObV5CS1912,T417F6b453,"5th ward, suryapet, Balaram Thanda, Suryapet, Telangana 508213, India",331659.75,41.68,IgnitionOn,1,180.039,123.8,5,-113
a542ad36-e22b-4d95-8235-3ec025fab890-49,EDC_BS6_PERIODIC,2025-12-06 01:26:28,2025-12-07 13:57:53,17.1200352,79.6500736,11473,8252,FixOK,A,ObV5CS1912,T417F6b453,"5th ward, suryapet, Balaram Thanda, Suryapet, Telangana 508213, India",331659.875,41.71,IgnitionOn,1,180.031,124.5,5,-113
a542ad36-e22b-4d95-8235-3ec025fab890-50,EDC_BS6_PERIODIC,2025-12-06 01:26:34,2025-12-07 13:57:53,17.1195968,79.6506368,11474,8252,FixOK,A,ObV5CS1912,T417F6b453,"Vijayawada - Hyderabad Hwy, Balaram Thanda, Suryapet, Telangana 508213, India",331659.875,42.03,IgnitionOn,1,179.22,129.8,5,-113
fb9aecea-62d5-4cf0-b85c-2a022bbf0823-1,EDC_BS6_PERIODIC,2025-12-06 01:26:40,2025-12-07 13:58:12,17.119208,79.6511872,11475,8252,FixOK,A,ObV5CS1912,T417F6b453,"Vijayawada - Hyderabad Hwy, Balaram Thanda, Suryapet, Telangana 508213, India",331660,43.23,IgnitionOn,1,178.539,125.69,5,-113
fb9aecea-62d5-4cf0-b85c-2a022bbf0823-2,EDC_BS6_PERIODIC,2025-12-06 01:26:46,2025-12-07 13:58:12,17.1188512,79.6517248,11476,8252,FixOK,A,ObV5CS1912,T417F6b453,"Nh65 Road, near Suven Chemical Vasramthanda, Balaram Thanda, Suryapet, Telangana 508213, India",331660,44.6,IgnitionOn,1,178.88,125.09,5,-113
fb9aecea-62d5-4cf0-b85c-2a022bbf0823-3,EDC_BS6_PERIODIC,2025-12-06 01:26:52,2025-12-07 13:58:12,17.1184928,79.652288,11477,8252,FixOK,A,ObV5CS1912,T417F6b453,"NH65, Balaram Thanda, Suryapet, Telangana 508213, India",331660.125,44.52,IgnitionOn,1,179.16,124.19,5,-113
fb9aecea-62d5-4cf0-b85c-2a022bbf0823-4,EDC_BS6_PERIODIC,2025-12-06 01:26:58,2025-12-07 13:58:12,17.1181472,79.6528576,11478,8252,FixOK,A,ObV5CS1912,T417F6b453,"Nh65 Road, near Suven Chemical Vasramthanda, Balaram Thanda, Suryapet, Telangana 508213, India",331660.25,42.66,IgnitionOn,1,179.419,123.5,5,-113
fb9aecea-62d5-4cf0-b85c-2a022bbf0823-5,EDC_BS6_PERIODIC,2025-12-06 01:27:04,2025-12-07 13:58:12,17.1178336,79.6533696,11479,8252,FixOK,A,ObV5CS1912,T417F6b453,"Nh65 Road, near Suven Chemical Vasramthanda, Balaram Thanda, Suryapet, Telangana 508213, India",331660.25,40.04,IgnitionOn,1,179.219,125.4,5,-113
fb9aecea-62d5-4cf0-b85c-2a022bbf0823-6,EDC_BS6_PERIODIC,2025-12-06 01:27:10,2025-12-07 13:58:12,17.117544,79.653856,11480,8252,FixOK,A,ObV5CS1912,T417F6b453,"Vijayawada - Hyderabad Hwy, Balaram Thanda, Suryapet, Telangana 508213, India",331660.375,38.74,IgnitionOn,1,179.869,122.9,5,-113
fb9aecea-62d5-4cf0-b85c-2a022bbf0823-7,EDC_BS6_PERIODIC,2025-12-06 01:27:16,2025-12-07 13:58:12,17.117232,79.6543616,11481,8252,FixOK,A,ObV5CS1912,T417F6b453,"NH65, Balaram Thanda, Suryapet, Telangana 508213, India",331660.375,40.79,IgnitionOn,1,180.66,123.3,5,-113
fb9aecea-62d5-4cf0-b85c-2a022bbf0823-8,EDC_BS6_PERIODIC,2025-12-06 01:27:22,2025-12-07 13:58:12,17.1169152,79.6548992,11482,8252,FixOK,A,ObV5CS1912,T417F6b453,"NH 65, Telangana 508213, India",331660.5,42.8,IgnitionOn,1,180.979,122.19,5,-113
fb9aecea-62d5-4cf0-b85c-2a022bbf0823-9,EDC_BS6_PERIODIC,2025-12-06 01:27:28,2025-12-07 13:58:12,17.116592,79.6554944,11483,8252,FixOK,A,ObV5CS1912,T417F6b453,"NH 65, Telangana 508213, India",331660.625,45.99,IgnitionOn,1,181.229,120.4,5,-113
fb9aecea-62d5-4cf0-b85c-2a022bbf0823-10,EDC_BS6_PERIODIC,2025-12-06 01:27:34,2025-12-07 13:58:12,17.1163216,79.6560128,11484,8252,FixOK,A,ObV5CS1912,T417F6b453,"NH 65, Telangana 508213, India",331660.625,46.61,IgnitionOn,1,181.479,118.59,5,-113
fb9aecea-62d5-4cf0-b85c-2a022bbf0823-11,EDC_BS6_PERIODIC,2025-12-06 01:27:40,2025-12-07 13:58:12,17.11596,79.6567616,11485,8252,FixOK,A,ObV5CS1912,T417F6b453,"4M84+CV Suryapet, Telangana, India",331660.75,48.95,IgnitionOn,1,181.597,116.3,5,-113
fb9aecea-62d5-4cf0-b85c-2a022bbf0823-12,EDC_BS6_PERIODIC,2025-12-06 01:27:46,2025-12-07 13:58:12,17.115664,79.6574336,11486,8252,FixOK,A,ObV5CS1912,T417F6b453,"4M84+CV Suryapet, Telangana, India",331660.875,49.66,IgnitionOn,1,181.66,115.19,5,-113
fb9aecea-62d5-4cf0-b85c-2a022bbf0823-13,EDC_BS6_PERIODIC,2025-12-06 01:27:52,2025-12-07 13:58:12,17.1153744,79.658112,11487,8252,FixOK,A,ObV5CS1912,T417F6b453,"4M75+XCG, Durajpalle, Telangana 508213, India",331660.875,50.83,IgnitionOn,1,181.44,114.19,5,-113
fb9aecea-62d5-4cf0-b85c-2a022bbf0823-14,EDC_BS6_PERIODIC,2025-12-06 01:27:58,2025-12-07 13:58:12,17.1150688,79.6588032,11488,8252,FixOK,A,ObV5CS1912,T417F6b453,"4M75+XCG, Durajpalle, Telangana 508213, India",331661,51.09,IgnitionOn,1,181.25,114.5,5,-113
fb9aecea-62d5-4cf0-b85c-2a022bbf0823-15,EDC_BS6_PERIODIC,2025-12-06 01:28:04,2025-12-07 13:58:12,17.1147424,79.659488,11489,8252,FixOK,A,ObV5CS1912,T417F6b453,"4M75+XCG, Durajpalle, Telangana 508213, India",331661.125,51.28,IgnitionOn,1,181.029,115.4,5,-113
fb9aecea-62d5-4cf0-b85c-2a022bbf0823-16,EDC_BS6_PERIODIC,2025-12-06 01:28:10,2025-12-07 13:58:12,17.1143936,79.66016,11490,8252,FixOK,A,ObV5CS1912,T417F6b453,"Hyderabad - Vijayawada Hwy, Durajpalle, Telangana 508213, India",331661.125,50.48,IgnitionOn,1,180.75,119,5,-113
fb9aecea-62d5-4cf0-b85c-2a022bbf0823-17,EDC_BS6_PERIODIC,2025-12-06 01:28:16,2025-12-07 13:58:12,17.1140288,79.6607936,11491,8252,FixOK,A,ObV5CS1912,T417F6b453,"4M76+H76, Durajpalle, Telangana 508213, India",331661.25,49.05,IgnitionOn,1,180.571,122.4,5,-113
fb9aecea-62d5-4cf0-b85c-2a022bbf0823-18,EDC_BS6_PERIODIC,2025-12-06 01:28:22,2025-12-07 13:58:12,17.1136192,79.6613888,11492,8252,FixOK,A,ObV5CS1912,T417F6b453,"4M76+H76, Durajpalle, Telangana 508213, India",331661.375,47.23,IgnitionOn,1,179.83,125.5,6,-113
fb9aecea-62d5-4cf0-b85c-2a022bbf0823-19,EDC_BS6_PERIODIC,2025-12-06 01:28:28,2025-12-07 13:58:12,17.1132224,79.6619648,11493,8252,FixOK,A,ObV5CS1912,T417F6b453,"4M77+242, Durajpalle, Telangana 508213, India",331661.375,45.75,IgnitionOn,1,179.11,125,6,-113
fb9aecea-62d5-4cf0-b85c-2a022bbf0823-20,EDC_BS6_PERIODIC,2025-12-06 01:28:34,2025-12-07 13:58:12,17.1128448,79.6624896,11494,8252,FixOK,A,ObV5CS1912,T417F6b453,"4M77+242, Durajpalle, Telangana 508213, India",331661.5,42.55,IgnitionOn,1,178.479,126.8,6,-113
fb9aecea-62d5-4cf0-b85c-2a022bbf0823-21,EDC_BS6_PERIODIC,2025-12-06 01:28:40,2025-12-07 13:58:12,17.1125952,79.6628224,11495,8252,FixOK,A,ObV5CS1912,T417F6b453,"4M77+242, Durajpalle, Telangana 508213, India",331661.5,27.11,IgnitionOn,1,178.24,119.4,6,-113
fb9aecea-62d5-4cf0-b85c-2a022bbf0823-22,EDC_BS6_PERIODIC,2025-12-06 01:28:46,2025-12-07 13:58:12,17.112368,79.6631552,11496,8252,FixOK,A,ObV5CS1912,T417F6b453,"Vijayawada - Hyderabad Hwy, Durajpalle, Telangana 508213, India",331661.625,29.7,IgnitionOn,1,178.1,126.5,6,-113
fb9aecea-62d5-4cf0-b85c-2a022bbf0823-23,EDC_BS6_PERIODIC,2025-12-06 01:28:52,2025-12-07 13:58:12,17.112088,79.6635392,11497,8252,FixOK,A,ObV5CS1912,T417F6b453,"4M67+QC5, NH 65, Durajpalle, Telangana 508213, India",331661.625,32.11,IgnitionOn,1,177.891,126.69,6,-113
fb9aecea-62d5-4cf0-b85c-2a022bbf0823-24,EDC_BS6_PERIODIC,2025-12-06 01:28:58,2025-12-07 13:58:12,17.1117728,79.6639488,11498,8252,FixOK,A,ObV5CS1912,T417F6b453,"4M67+QC5, NH 65, Durajpalle, Telangana 508213, India",331661.75,34.36,IgnitionOn,1,177.589,128.69,5,-113
fb9aecea-62d5-4cf0-b85c-2a022bbf0823-25,EDC_BS6_PERIODIC,2025-12-06 01:29:04,2025-12-07 13:58:12,17.111464,79.664416,11499,8252,FixOK,A,ObV5CS1912,T417F6b453,"Vijayawada - Hyderabad Hwy, Durajpalle, Telangana 508213, India",331661.75,35.71,IgnitionOn,1,177.25,125.8,5,-113
fb9aecea-62d5-4cf0-b85c-2a022bbf0823-26,EDC_BS6_PERIODIC,2025-12-06 01:29:10,2025-12-07 13:58:12,17.1112144,79.664928,11500,8252,FixOK,A,ObV5CS1912,T417F6b453,"4M68+H7P, Pedda Gattu Jathara Rd, Telangana 508213, India",331661.875,36.47,IgnitionOn,1,177.07,114,5,-113
fb9aecea-62d5-4cf0-b85c-2a022bbf0823-27,EDC_BS6_PERIODIC,2025-12-06 01:29:16,2025-12-07 13:58:12,17.1110368,79.665472,11501,8252,FixOK,A,ObV5CS1912,T417F6b453,"4M68+H7P, Pedda Gattu Jathara Rd, Telangana 508213, India",331661.875,37.81,IgnitionOn,1,176.69,107.5,4,-113
fb9aecea-62d5-4cf0-b85c-2a022bbf0823-28,EDC_BS6_PERIODIC,2025-12-06 01:29:22,2025-12-07 13:58:12,17.11092,79.6660608,11502,8252,FixOK,A,ObV5CS1912,T417F6b453,"4M68+H7P, Pedda Gattu Jathara Rd, Telangana 508213, India",331662,39.29,IgnitionOn,1,176.44,102.19,5,-113
fb9aecea-62d5-4cf0-b85c-2a022bbf0823-29,EDC_BS6_PERIODIC,2025-12-06 01:29:28,2025-12-07 13:58:12,17.110912,79.6666816,11503,8252,FixOK,A,ObV5CS1912,T417F6b453,"Vijayawada - Hyderabad Hwy, Durajpalle, Telangana 508213, India",331662,41.05,IgnitionOn,1,176.586,94.19,5,-113
fb9aecea-62d5-4cf0-b85c-2a022bbf0823-30,EDC_BS6_PERIODIC,2025-12-06 01:29:34,2025-12-07 13:58:12,17.110976,79.6673216,11504,8252,FixOK,A,ObV5CS1912,T417F6b453,"Vijayawada - Hyderabad Hwy, Durajpalle, Telangana 508213, India",331662.125,42.54,IgnitionOn,1,177.36,89.4,5,-113
fb9aecea-62d5-4cf0-b85c-2a022bbf0823-31,EDC_BS6_PERIODIC,2025-12-06 01:29:40,2025-12-07 13:58:12,17.111064,79.6679424,11505,8252,FixOK,A,ObV5CS1912,T417F6b453,"4M69+FJ, Durajpalle, Telangana 508213, India",331662.25,42.55,IgnitionOn,1,177.729,84.19,5,-113
fb9aecea-62d5-4cf0-b85c-2a022bbf0823-32,EDC_BS6_PERIODIC,2025-12-06 01:29:46,2025-12-07 13:58:12,17.111152,79.6685824,11506,8252,FixOK,A,ObV5CS1912,T417F6b453,"4M69+FJ, Durajpalle, Telangana 508213, India",331662.25,42.88,IgnitionOn,1,177.949,83.8,5,-113
fb9aecea-62d5-4cf0-b85c-2a022bbf0823-33,EDC_BS6_PERIODIC,2025-12-06 01:29:52,2025-12-07 13:58:12,17.1112224,79.6692352,11507,8252,FixOK,A,ObV5CS1912,T417F6b453,"4M69+FJ, Durajpalle, Telangana 508213, India",331662.375,43.37,IgnitionOn,1,177.88,84.4,5,-113
fb9aecea-62d5-4cf0-b85c-2a022bbf0823-34,EDC_BS6_PERIODIC,2025-12-06 01:29:58,2025-12-07 13:58:12,17.1112768,79.669888,11508,8252,FixOK,A,ObV5CS1912,T417F6b453,"4M69+MQX, Pedda Gattu Jathara Rd, Telangana 508213, India",331662.375,43.75,IgnitionOn,1,178.039,84.5,5,-113
16adc638-292a-4d3a-84eb-f57992242749-1,EDC_BS6_PERIODIC,2025-12-06 01:30:04,2025-12-07 13:58:33,17.1113376,79.6705408,11509,8252,FixOK,A,ObV5CS1912,T417F6b453,"NH65, Telangana 508213, India",331662.5,43.83,IgnitionOn,1,178.303,84.8,5,-113
16adc638-292a-4d3a-84eb-f57992242749-2,EDC_BS6_PERIODIC,2025-12-06 01:30:10,2025-12-07 13:58:33,17.1114048,79.6711744,11510,8252,FixOK,A,ObV5CS1912,T417F6b453,"NH65, Telangana 508213, India",331662.625,41.88,IgnitionOn,1,178.679,81.8,5,-113
16adc638-292a-4d3a-84eb-f57992242749-3,EDC_BS6_PERIODIC,2025-12-06 01:30:16,2025-12-07 13:58:33,17.1114816,79.6718144,11511,8252,FixOK,A,ObV5CS1912,T417F6b453,"NH65, Telangana 508213, India",331662.625,42.85,IgnitionOn,1,178.8,83.9,5,-113
16adc638-292a-4d3a-84eb-f57992242749-4,EDC_BS6_PERIODIC,2025-12-06 01:30:22,2025-12-07 13:58:33,17.111544,79.67248,11512,8252,FixOK,A,ObV5CS1912,T417F6b453,"4M6C+RFP, Suryapet, Telangana 508213, India",331662.75,44.29,IgnitionOn,1,178.889,84.8,5,-113
16adc638-292a-4d3a-84eb-f57992242749-5,EDC_BS6_PERIODIC,2025-12-06 01:30:28,2025-12-07 13:58:33,17.1116064,79.6731456,11513,8252,FixOK,A,ObV5CS1912,T417F6b453,"NH 65, Telangana 508213, India",331662.75,44.12,IgnitionOn,1,179.149,84.5,5,-113
16adc638-292a-4d3a-84eb-f57992242749-6,EDC_BS6_PERIODIC,2025-12-06 01:30:34,2025-12-07 13:58:33,17.1116672,79.6737984,11514,8252,FixOK,A,ObV5CS1912,T417F6b453,"4M6F+QQ Kashimpet, Telangana, India",331662.875,43.68,IgnitionOn,1,179.529,84.5,5,-113
16adc638-292a-4d3a-84eb-f57992242749-7,EDC_BS6_PERIODIC,2025-12-06 01:30:40,2025-12-07 13:58:33,17.1117264,79.6744576,11515,8252,FixOK,A,ObV5CS1912,T417F6b453,"4M6F+QQ Kashimpet, Telangana, India",331662.875,43.73,IgnitionOn,1,179.725,83.9,5,-113
16adc638-292a-4d3a-84eb-f57992242749-8,EDC_BS6_PERIODIC,2025-12-06 01:30:46,2025-12-07 13:58:33,17.111784,79.6750848,11516,8252,FixOK,A,ObV5CS1912,T417F6b453,"NH65, Telangana 508213, India",331663,42.5,IgnitionOn,1,180.6,84.4,5,-113
16adc638-292a-4d3a-84eb-f57992242749-9,EDC_BS6_PERIODIC,2025-12-06 01:30:52,2025-12-07 13:58:33,17.11184,79.6757248,11517,8252,FixOK,A,ObV5CS1912,T417F6b453,"NH 65, Telangana 508213, India",331663,41.69,IgnitionOn,1,181.13,84.09,5,-113
16adc638-292a-4d3a-84eb-f57992242749-10,EDC_BS6_PERIODIC,2025-12-06 01:30:58,2025-12-07 13:58:33,17.111904,79.6763392,11518,8252,FixOK,A,ObV5CS1912,T417F6b453,"NH 65, Telangana 508213, India",331663.125,40.73,IgnitionOn,1,182.029,83.9,5,-113
16adc638-292a-4d3a-84eb-f57992242749-11,EDC_BS6_PERIODIC,2025-12-06 01:31:04,2025-12-07 13:58:33,17.1119616,79.6769536,11519,8252,FixOK,A,ObV5CS1912,T417F6b453,"4M6H+F4X, Vijayawada - Hyderabad Hwy, Telangana 508213, India",331663.25,41.46,IgnitionOn,1,182.96,83.8,5,-113
16adc638-292a-4d3a-84eb-f57992242749-12,EDC_BS6_PERIODIC,2025-12-06 01:31:10,2025-12-07 13:58:33,17.1120192,79.6775744,11520,8252,FixOK,A,ObV5CS1912,T417F6b453,"NH 65, Telangana 508213, India",331663.25,41.58,IgnitionOn,1,183.75,83.8,5,-113
16adc638-292a-4d3a-84eb-f57992242749-13,EDC_BS6_PERIODIC,2025-12-06 01:31:16,2025-12-07 13:58:33,17.112096,79.678208,11521,8252,FixOK,A,ObV5CS1912,T417F6b453,"NH 65, Telangana 508213, India",331663.375,41.54,IgnitionOn,1,184.175,82.9,5,-113
16adc638-292a-4d3a-84eb-f57992242749-14,EDC_BS6_PERIODIC,2025-12-06 01:31:22,2025-12-07 13:58:33,17.1121616,79.6788352,11522,8252,FixOK,A,ObV5CS1912,T417F6b453,"4M6H+XJ Kashimpet, Telangana, India",331663.375,41.95,IgnitionOn,1,186.13,83.09,5,-113
16adc638-292a-4d3a-84eb-f57992242749-15,EDC_BS6_PERIODIC,2025-12-06 01:31:28,2025-12-07 13:58:33,17.112208,79.679456,11523,8252,FixOK,A,ObV5CS1912,T417F6b453,"4M6H+XJ Kashimpet, Telangana, India",331663.5,42,IgnitionOn,1,187.589,85,6,-113
16adc638-292a-4d3a-84eb-f57992242749-16,EDC_BS6_PERIODIC,2025-12-06 01:31:34,2025-12-07 13:58:33,17.1122896,79.680096,11524,8252,FixOK,A,ObV5CS1912,T417F6b453,"NH 65, Telangana 508213, India",331663.625,42.92,IgnitionOn,1,188.949,84,6,-113
16adc638-292a-4d3a-84eb-f57992242749-17,EDC_BS6_PERIODIC,2025-12-06 01:31:40,2025-12-07 13:58:33,17.1123488,79.680736,11525,8252,FixOK,A,ObV5CS1912,T417F6b453,"NH 65, Telangana 508213, India",331663.625,42.96,IgnitionOn,1,189.74,87.59,6,-113
16adc638-292a-4d3a-84eb-f57992242749-18,EDC_BS6_PERIODIC,2025-12-06 01:31:46,2025-12-07 13:58:33,17.1123392,79.681376,11526,8252,FixOK,A,ObV5CS1912,T417F6b453,"NH 65, Telangana 508213, India",331663.75,42.26,IgnitionOn,1,190.139,91,6,-113
16adc638-292a-4d3a-84eb-f57992242749-19,EDC_BS6_PERIODIC,2025-12-06 01:31:52,2025-12-07 13:58:33,17.1122864,79.6820416,11527,8252,FixOK,A,ObV5CS1912,T417F6b453,"4M6J+XW Kashimpet, Telangana, India",331663.75,42.72,IgnitionOn,1,190.385,95,6,-113
16adc638-292a-4d3a-84eb-f57992242749-20,EDC_BS6_PERIODIC,2025-12-06 01:31:58,2025-12-07 13:58:33,17.112224,79.6827008,11528,8252,FixOK,A,ObV5CS1912,T417F6b453,"NH 65, Telangana 508213, India",331663.875,43.13,IgnitionOn,1,190.639,94.5,6,-113
16adc638-292a-4d3a-84eb-f57992242749-21,EDC_BS6_PERIODIC,2025-12-06 01:32:04,2025-12-07 13:58:33,17.1121504,79.683392,11529,8252,FixOK,A,ObV5CS1912,T417F6b453,"NH 65, Telangana 508213, India",331664,45.19,IgnitionOn,1,190.649,97.4,5,-113
16adc638-292a-4d3a-84eb-f57992242749-22,EDC_BS6_PERIODIC,2025-12-06 01:32:10,2025-12-07 13:58:33,17.112112,79.6840704,11530,8252,FixOK,A,ObV5CS1912,T417F6b453,"4M6M+WG Kashimpet, Telangana, India",331664,45.27,IgnitionOn,1,190.639,93.5,6,-113
16adc638-292a-4d3a-84eb-f57992242749-23,EDC_BS6_PERIODIC,2025-12-06 01:32:16,2025-12-07 13:58:33,17.1120832,79.6847488,11531,8252,FixOK,A,ObV5CS1912,T417F6b453,"NH 65, Telangana 508213, India",331664.125,44.14,IgnitionOn,1,190.789,92.4,6,-113
16adc638-292a-4d3a-84eb-f57992242749-24,EDC_BS6_PERIODIC,2025-12-06 01:32:22,2025-12-07 13:58:33,17.1120768,79.68544,11532,8252,FixOK,A,ObV5CS1912,T417F6b453,"NH 65, Telangana 508213, India",331664.125,44.92,IgnitionOn,1,191.309,90.8,6,-113
16adc638-292a-4d3a-84eb-f57992242749-25,EDC_BS6_PERIODIC,2025-12-06 01:32:28,2025-12-07 13:58:33,17.1121088,79.686112,11533,8252,FixOK,A,ObV5CS1912,T417F6b453,"NH 65, Telangana 508213, India",331664.25,44.51,IgnitionOn,1,191.203,88.3,6,-113
16adc638-292a-4d3a-84eb-f57992242749-26,EDC_BS6_PERIODIC,2025-12-06 01:32:34,2025-12-07 13:58:33,17.112144,79.686784,11534,8252,FixOK,A,ObV5CS1912,T417F6b453,"NH 65, Telangana 508213, India",331664.375,44.35,IgnitionOn,1,190.88,86.5,5,-113
16adc638-292a-4d3a-84eb-f57992242749-27,EDC_BS6_PERIODIC,2025-12-06 01:32:40,2025-12-07 13:58:33,17.1121632,79.6874752,11535,8252,FixOK,A,ObV5CS1912,T417F6b453,"NH 65, Telangana 508213, India",331664.375,46.5,IgnitionOn,1,190.399,86.8,5,-113
16adc638-292a-4d3a-84eb-f57992242749-28,EDC_BS6_PERIODIC,2025-12-06 01:32:46,2025-12-07 13:58:33,17.1121824,79.6881792,11536,8252,FixOK,A,ObV5CS1912,T417F6b453,"4M6Q+X6 Kashimpet, Telangana, India",331664.5,46.06,IgnitionOn,1,190.639,89.19,5,-113
16adc638-292a-4d3a-84eb-f57992242749-29,EDC_BS6_PERIODIC,2025-12-06 01:32:52,2025-12-07 13:58:33,17.112168,79.6888832,11537,8252,FixOK,A,ObV5CS1912,T417F6b453,"NH65, Telangana 508213, India",331664.625,46.96,IgnitionOn,1,191.029,91.4,5,-113
16adc638-292a-4d3a-84eb-f57992242749-30,EDC_BS6_PERIODIC,2025-12-06 01:32:58,2025-12-07 13:58:33,17.1121248,79.689568,11538,8252,FixOK,A,ObV5CS1912,T417F6b453,"4M7R+82C, Undrugonda, Telangana 508213, India",331664.625,45.05,IgnitionOn,1,190.74,93.8,5,-113
16adc638-292a-4d3a-84eb-f57992242749-31,EDC_BS6_PERIODIC,2025-12-06 01:33:04,2025-12-07 13:58:33,17.1120512,79.6902336,11539,8252,FixOK,A,ObV5CS1912,T417F6b453,"4M7R+82C, Undrugonda, Telangana 508213, India",331664.75,44.36,IgnitionOn,1,190.493,96.5,5,-113
16adc638-292a-4d3a-84eb-f57992242749-32,EDC_BS6_PERIODIC,2025-12-06 01:33:10,2025-12-07 13:58:33,17.1119872,79.6909056,11540,8252,FixOK,A,ObV5CS1912,T417F6b453,"4M6R+MGJ, Nalgonda, Telangana 508213, India",331664.75,44.3,IgnitionOn,1,190.55,96.3,5,-113
16adc638-292a-4d3a-84eb-f57992242749-33,EDC_BS6_PERIODIC,2025-12-06 01:33:16,2025-12-07 13:58:33,17.1119136,79.6915776,11541,8252,FixOK,A,ObV5CS1912,T417F6b453,"NH 65, Telangana 508213, India",331664.875,44.27,IgnitionOn,1,190.929,95.9,5,-113
16adc638-292a-4d3a-84eb-f57992242749-34,EDC_BS6_PERIODIC,2025-12-06 01:33:22,2025-12-07 13:58:33,17.1118416,79.692256,11542,8252,FixOK,A,ObV5CS1912,T417F6b453,"NH 65, Telangana 508213, India",331665,45.43,IgnitionOn,1,190.899,95.8,5,-113
16adc638-292a-4d3a-84eb-f57992242749-35,EDC_BS6_PERIODIC,2025-12-06 01:33:28,2025-12-07 13:58:33,17.1117792,79.69296,11543,8252,FixOK,A,ObV5CS1912,T417F6b453,"NH65, Telangana 508213, India",331665,46.7,IgnitionOn,1,190.88,95.59,5,-113
16adc638-292a-4d3a-84eb-f57992242749-36,EDC_BS6_PERIODIC,2025-12-06 01:33:34,2025-12-07 13:58:33,17.1116992,79.693664,11544,8252,FixOK,A,ObV5CS1912,T417F6b453,"NH65, Telangana 508213, India",331665.125,45.97,IgnitionOn,1,190.559,95.19,5,-113
16adc638-292a-4d3a-84eb-f57992242749-37,EDC_BS6_PERIODIC,2025-12-06 01:33:40,2025-12-07 13:58:33,17.111616,79.6943744,11545,8252,FixOK,A,ObV5CS1912,T417F6b453,"NH65, Telangana 508213, India",331665.25,46.79,IgnitionOn,1,189.777,96.3,5,-113
16adc638-292a-4d3a-84eb-f57992242749-38,EDC_BS6_PERIODIC,2025-12-06 01:33:46,2025-12-07 13:58:33,17.111544,79.6950912,11546,8252,FixOK,A,ObV5CS1912,T417F6b453,"4M6W+M4 Undrugonda, Telangana, India",331665.25,47.83,IgnitionOn,1,188.96,96.5,5,-113
16adc638-292a-4d3a-84eb-f57992242749-39,EDC_BS6_PERIODIC,2025-12-06 01:33:52,2025-12-07 13:58:33,17.1114736,79.695808,11547,8252,FixOK,A,ObV5CS1912,T417F6b453,"NH65, Telangana 508213, India",331665.375,47.46,IgnitionOn,1,188.789,96,5,-113
16adc638-292a-4d3a-84eb-f57992242749-40,EDC_BS6_PERIODIC,2025-12-06 01:33:58,2025-12-07 13:58:33,17.111392,79.6964992,11548,8252,FixOK,A,ObV5CS1912,T417F6b453,"NH65, Telangana 508213, India",331665.5,45.83,IgnitionOn,1,188.399,97,5,-113
16adc638-292a-4d3a-84eb-f57992242749-41,EDC_BS6_PERIODIC,2025-12-06 01:34:04,2025-12-07 13:58:33,17.111288,79.6971392,11549,8252,FixOK,A,ObV5CS1912,T417F6b453,"4M6W+HX Vallabhapuram, Telangana, India",331665.5,43.11,IgnitionOn,1,187.839,99.09,5,-113
16adc638-292a-4d3a-84eb-f57992242749-42,EDC_BS6_PERIODIC,2025-12-06 01:34:10,2025-12-07 13:58:33,17.111184,79.6977344,11550,8252,FixOK,A,ObV5CS1912,T417F6b453,"4M6X+5MW, Vijayawada - Hyderabad Hwy, Telangana 508213, India",331665.625,40.15,IgnitionOn,1,187.38,99.8,5,-113
16adc638-292a-4d3a-84eb-f57992242749-43,EDC_BS6_PERIODIC,2025-12-06 01:34:16,2025-12-07 13:58:33,17.1110688,79.6982912,11551,8252,FixOK,A,ObV5CS1912,T417F6b453,"4M6X+5MW, Vijayawada - Hyderabad Hwy, Telangana 508213, India",331665.625,38.26,IgnitionOn,1,187.085,102.5,4,-113
16adc638-292a-4d3a-84eb-f57992242749-44,EDC_BS6_PERIODIC,2025-12-06 01:34:22,2025-12-07 13:58:33,17.1109152,79.6988288,11552,8252,FixOK,A,ObV5CS1912,T417F6b453,"4M6X+5MW, Vijayawada - Hyderabad Hwy, Telangana 508213, India",331665.75,37.15,IgnitionOn,1,186.8,105.4,5,-113
16adc638-292a-4d3a-84eb-f57992242749-45,EDC_BS6_PERIODIC,2025-12-06 01:34:28,2025-12-07 13:58:33,17.110728,79.6993984,11553,8252,FixOK,A,ObV5CS1912,T417F6b453,"4M6X+5MW, Vijayawada - Hyderabad Hwy, Telangana 508213, India",331665.875,39.59,IgnitionOn,1,186.479,106.59,5,-113
16adc638-292a-4d3a-84eb-f57992242749-46,EDC_BS6_PERIODIC,2025-12-06 01:34:34,2025-12-07 13:58:33,17.11052,79.7000192,11554,8252,FixOK,A,ObV5CS1912,T417F6b453,"4M6X+5MW, Vijayawada - Hyderabad Hwy, Telangana 508213, India",331665.875,42.98,IgnitionOn,1,186.16,107.3,5,-113
16adc638-292a-4d3a-84eb-f57992242749-47,EDC_BS6_PERIODIC,2025-12-06 01:34:40,2025-12-07 13:58:33,17.1102896,79.7006464,11555,8252,FixOK,A,ObV5CS1912,T417F6b453,"4P62+372, NH 65, Vallabhapuram, Telangana 508213, India",331666,44.48,IgnitionOn,1,185.779,110.9,5,-113
16adc638-292a-4d3a-84eb-f57992242749-48,EDC_BS6_PERIODIC,2025-12-06 01:34:46,2025-12-07 13:58:33,17.1100624,79.7013056,11556,8252,FixOK,A,ObV5CS1912,T417F6b453,"4P62+372, NH 65, Vallabhapuram, Telangana 508213, India",331666,44.88,IgnitionOn,1,185.41,109,5,-113
16adc638-292a-4d3a-84eb-f57992242749-49,EDC_BS6_PERIODIC,2025-12-06 01:34:52,2025-12-07 13:58:33,17.109848,79.7019392,11557,8252,FixOK,A,ObV5CS1912,T417F6b453,"Vijayawada - Hyderabad Hwy, Vallabhapuram, Telangana 508213, India",331666.125,44.65,IgnitionOn,1,185.139,109.09,5,-113
16adc638-292a-4d3a-84eb-f57992242749-50,EDC_BS6_PERIODIC,2025-12-06 01:34:58,2025-12-07 13:58:33,17.1096512,79.7025536,11558,8252,FixOK,A,ObV5CS1912,T417F6b453,"4P53+GWQ, Vallabhapuram, Telangana 508213, India",331666.25,42.47,IgnitionOn,1,184.69,107.5,5,-113
ffa65fd4-f08d-464f-95af-c6899640d66e-2,EDC_BS6_PERIODIC,2025-12-06 01:35:04,2025-12-07 13:58:54,17.1094656,79.703168,11559,8252,FixOK,A,ObV5CS1912,T417F6b453,"NH65, Vallabhapuram, Telangana 508213, India",331666.25,42.23,IgnitionOn,1,184.16,108.09,5,-113
ffa65fd4-f08d-464f-95af-c6899640d66e-3,EDC_BS6_PERIODIC,2025-12-06 01:35:10,2025-12-07 13:58:54,17.109288,79.7037952,11560,8252,FixOK,A,ObV5CS1912,T417F6b453,"4P53+GWQ, Vallabhapuram, Telangana 508213, India",331666.375,43.15,IgnitionOn,1,183.88,105.8,5,-113
ffa65fd4-f08d-464f-95af-c6899640d66e-4,EDC_BS6_PERIODIC,2025-12-06 01:35:16,2025-12-07 13:58:54,17.1091008,79.7044608,11561,8252,FixOK,A,ObV5CS1912,T417F6b453,"4P53+GWQ, Vallabhapuram, Telangana 508213, India",331666.375,46.52,IgnitionOn,1,183.77,106.69,5,-113
ffa65fd4-f08d-464f-95af-c6899640d66e-5,EDC_BS6_PERIODIC,2025-12-06 01:35:22,2025-12-07 13:58:54,17.1088672,79.7051584,11562,8252,FixOK,A,ObV5CS1912,T417F6b453,"4P53+GWQ, Vallabhapuram, Telangana 508213, India",331666.5,47.12,IgnitionOn,1,183.729,109.5,5,-113
ffa65fd4-f08d-464f-95af-c6899640d66e-6,EDC_BS6_PERIODIC,2025-12-06 01:35:28,2025-12-07 13:58:54,17.1086112,79.7058432,11563,8252,FixOK,A,ObV5CS1912,T417F6b453,"NH65, Vallabhapuram, Telangana 508213, India",331666.625,47.68,IgnitionOn,1,183.545,110.9,5,-113
ffa65fd4-f08d-464f-95af-c6899640d66e-7,EDC_BS6_PERIODIC,2025-12-06 01:35:34,2025-12-07 13:58:54,17.1083712,79.706528,11564,8252,FixOK,A,ObV5CS1912,T417F6b453,"NH65, Telangana 508213, India",331666.625,47.74,IgnitionOn,1,183.119,110.69,5,-113
ffa65fd4-f08d-464f-95af-c6899640d66e-8,EDC_BS6_PERIODIC,2025-12-06 01:35:40,2025-12-07 13:58:54,17.1081472,79.7072128,11565,8252,FixOK,A,ObV5CS1912,T417F6b453,"NH65, Telangana 508213, India",331666.75,48.41,IgnitionOn,1,182.63,106.5,5,-113
ffa65fd4-f08d-464f-95af-c6899640d66e-9,EDC_BS6_PERIODIC,2025-12-06 01:35:46,2025-12-07 13:58:54,17.1079808,79.707936,11566,8252,FixOK,A,ObV5CS1912,T417F6b453,"5-59/3 Vallabhapuram, Chivemla mandal, Suryapet, Telangana 508213, India",331666.875,48.46,IgnitionOn,1,181.82,102.9,6,-113
ffa65fd4-f08d-464f-95af-c6899640d66e-10,EDC_BS6_PERIODIC,2025-12-06 01:35:52,2025-12-07 13:58:54,17.107896,79.7086208,11567,8252,FixOK,A,ObV5CS1912,T417F6b453,"NH65, Telangana 508213, India",331666.875,46.43,IgnitionOn,1,180.929,97.5,5,-113
ffa65fd4-f08d-464f-95af-c6899640d66e-11,EDC_BS6_PERIODIC,2025-12-06 01:35:58,2025-12-07 13:58:54,17.1078592,79.7092864,11568,8252,FixOK,A,ObV5CS1912,T417F6b453,"NH65, Telangana 508213, India",331667,43.68,IgnitionOn,1,180.5,93.5,5,-113
ffa65fd4-f08d-464f-95af-c6899640d66e-12,EDC_BS6_PERIODIC,2025-12-06 01:36:04,2025-12-07 13:58:54,17.107856,79.7099008,11569,8252,FixOK,A,ObV5CS1912,T417F6b453,"4P56+H67, NH 65, Telangana 508213, India",331667.125,40.77,IgnitionOn,1,180.263,90.19,6,-113
ffa65fd4-f08d-464f-95af-c6899640d66e-13,EDC_BS6_PERIODIC,2025-12-06 01:36:10,2025-12-07 13:58:54,17.10788,79.710496,11570,8252,FixOK,A,ObV5CS1912,T417F6b453,"4P56+H67, NH 65, Telangana 508213, India",331667.125,39.5,IgnitionOn,1,178.86,86.8,6,-113
ffa65fd4-f08d-464f-95af-c6899640d66e-14,EDC_BS6_PERIODIC,2025-12-06 01:36:16,2025-12-07 13:58:54,17.1079296,79.711104,11571,8252,FixOK,A,ObV5CS1912,T417F6b453,"4P56+H67, NH 65, Telangana 508213, India",331667.25,40.15,IgnitionOn,1,177.02,86.4,6,-113
ffa65fd4-f08d-464f-95af-c6899640d66e-15,EDC_BS6_PERIODIC,2025-12-06 01:36:22,2025-12-07 13:58:54,17.1079536,79.7117312,11572,8252,FixOK,A,ObV5CS1912,T417F6b453,"NH 65, Telangana 508213, India",331667.25,42.05,IgnitionOn,1,174.929,88,5,-113
ffa65fd4-f08d-464f-95af-c6899640d66e-16,EDC_BS6_PERIODIC,2025-12-06 01:36:28,2025-12-07 13:58:54,17.1079872,79.7124096,11573,8252,FixOK,A,ObV5CS1912,T417F6b453,"NH 65, Telangana 508213, India",331667.375,45.42,IgnitionOn,1,172.72,87.09,5,-113
ffa65fd4-f08d-464f-95af-c6899640d66e-17,EDC_BS6_PERIODIC,2025-12-06 01:36:34,2025-12-07 13:58:54,17.1079872,79.71312,11574,8252,FixOK,A,ObV5CS1912,T417F6b453,"NH 65, Telangana 508213, India",331667.5,45.99,IgnitionOn,1,171.529,87,6,-113
ffa65fd4-f08d-464f-95af-c6899640d66e-18,EDC_BS6_PERIODIC,2025-12-06 01:36:40,2025-12-07 13:58:54,17.1079536,79.7138176,11575,8252,FixOK,A,ObV5CS1912,T417F6b453,"NH 65, Telangana 508213, India",331667.5,46.71,IgnitionOn,1,170.895,92.09,6,-113
ffa65fd4-f08d-464f-95af-c6899640d66e-19,EDC_BS6_PERIODIC,2025-12-06 01:36:46,2025-12-07 13:58:54,17.10792,79.7145216,11576,8252,FixOK,A,ObV5CS1912,T417F6b453,"NH 65, Telangana 508213, India",331667.625,46.45,IgnitionOn,1,169.369,91.69,5,-113
ffa65fd4-f08d-464f-95af-c6899640d66e-20,EDC_BS6_PERIODIC,2025-12-06 01:36:52,2025-12-07 13:58:54,17.1078592,79.7152128,11577,8252,FixOK,A,ObV5CS1912,T417F6b453,"NH 65, Telangana 508213, India",331667.625,46.34,IgnitionOn,1,168.58,94.8,5,-113
ffa65fd4-f08d-464f-95af-c6899640d66e-21,EDC_BS6_PERIODIC,2025-12-06 01:36:58,2025-12-07 13:58:54,17.1077568,79.715904,11578,8252,FixOK,A,ObV5CS1912,T417F6b453,"NH 65, Telangana 508213, India",331667.75,45.72,IgnitionOn,1,167.119,99.09,5,-113
ffa65fd4-f08d-464f-95af-c6899640d66e-22,EDC_BS6_PERIODIC,2025-12-06 01:37:04,2025-12-07 13:58:54,17.107608,79.7165824,11579,8252,FixOK,A,ObV5CS1912,T417F6b453,"NH 65, Telangana 508213, India",331667.875,46.3,IgnitionOn,1,165.679,101.59,5,-113
ffa65fd4-f08d-464f-95af-c6899640d66e-23,EDC_BS6_PERIODIC,2025-12-06 01:37:10,2025-12-07 13:58:54,17.1074496,79.71728,11580,8252,FixOK,A,ObV5CS1912,T417F6b453,"NH65, Telangana 508213, India",331667.875,46.46,IgnitionOn,1,164.889,102.9,5,-113
ffa65fd4-f08d-464f-95af-c6899640d66e-24,EDC_BS6_PERIODIC,2025-12-06 01:37:16,2025-12-07 13:58:54,17.1072832,79.7179648,11581,8252,FixOK,A,ObV5CS1912,T417F6b453,"NH 65, Telangana 508213, India",331668,46.43,IgnitionOn,1,164.353,103,5,-113
ffa65fd4-f08d-464f-95af-c6899640d66e-25,EDC_BS6_PERIODIC,2025-12-06 01:37:22,2025-12-07 13:58:54,17.107112,79.718656,11582,8252,FixOK,A,ObV5CS1912,T417F6b453,"NH 65, Telangana 508213, India",331668.125,46.73,IgnitionOn,1,163.169,104.19,5,-113
ffa65fd4-f08d-464f-95af-c6899640d66e-26,EDC_BS6_PERIODIC,2025-12-06 01:37:28,2025-12-07 13:58:54,17.1069632,79.7193536,11583,8252,FixOK,A,ObV5CS1912,T417F6b453,"NH 65, Telangana 508213, India",331668.125,46.16,IgnitionOn,1,162.399,102.9,5,-113
ffa65fd4-f08d-464f-95af-c6899640d66e-27,EDC_BS6_PERIODIC,2025-12-06 01:37:34,2025-12-07 13:58:54,17.1068624,79.720064,11584,8252,FixOK,A,ObV5CS1912,T417F6b453,"NH65, Telangana 508213, India",331668.25,46.68,IgnitionOn,1,161.759,99.9,5,-113
ffa65fd4-f08d-464f-95af-c6899640d66e-28,EDC_BS6_PERIODIC,2025-12-06 01:37:40,2025-12-07 13:58:54,17.1067872,79.7207744,11585,8252,FixOK,A,ObV5CS1912,T417F6b453,"NH65, Telangana 508213, India",331668.375,46.38,IgnitionOn,1,160.899,94.69,4,-113
ffa65fd4-f08d-464f-95af-c6899640d66e-29,EDC_BS6_PERIODIC,2025-12-06 01:37:46,2025-12-07 13:58:54,17.106736,79.721472,11586,8252,FixOK,A,ObV5CS1912,T417F6b453,"NH65, Telangana 508213, India",331668.375,45.47,IgnitionOn,1,160.949,92.9,5,-113
ffa65fd4-f08d-464f-95af-c6899640d66e-30,EDC_BS6_PERIODIC,2025-12-06 01:37:52,2025-12-07 13:58:54,17.1067168,79.7221248,11587,8252,FixOK,A,ObV5CS1912,T417F6b453,"NH65, Telangana 508213, India",331668.5,43.33,IgnitionOn,1,161.233,91.8,6,-113
ffa65fd4-f08d-464f-95af-c6899640d66e-31,EDC_BS6_PERIODIC,2025-12-06 01:37:58,2025-12-07 13:58:54,17.106712,79.722784,11588,8252,FixOK,A,ObV5CS1912,T417F6b453,"NH 65, Telangana 508213, India",331668.625,44.04,IgnitionOn,1,161.429,91.5,6,-113
ffa65fd4-f08d-464f-95af-c6899640d66e-32,EDC_BS6_PERIODIC,2025-12-06 01:38:04,2025-12-07 13:58:54,17.1067168,79.723456,11589,8252,FixOK,A,ObV5CS1912,T417F6b453,"NH 65, Telangana 508213, India",331668.625,43.03,IgnitionOn,1,161.309,91.8,6,-113
ffa65fd4-f08d-464f-95af-c6899640d66e-33,EDC_BS6_PERIODIC,2025-12-06 01:38:10,2025-12-07 13:58:54,17.1067168,79.7241024,11590,8252,FixOK,A,ObV5CS1912,T417F6b453,"NH 65, Telangana 508213, India",331668.75,43.47,IgnitionOn,1,161.259,89.9,6,-113
ffa65fd4-f08d-464f-95af-c6899640d66e-34,EDC_BS6_PERIODIC,2025-12-06 01:38:16,2025-12-07 13:58:54,17.106728,79.7247424,11591,8252,FixOK,A,ObV5CS1912,T417F6b453,"4P4G+PFH, Vijayawada - Hyderabad Hwy, Gumpula, Telangana 508213, India",331668.75,42.24,IgnitionOn,1,161.33,88.4,6,-113
ffa65fd4-f08d-464f-95af-c6899640d66e-35,EDC_BS6_PERIODIC,2025-12-06 01:38:22,2025-12-07 13:58:54,17.106752,79.7253888,11592,8252,FixOK,A,ObV5CS1912,T417F6b453,"4P4G+PFH, Vijayawada - Hyderabad Hwy, Gumpula, Telangana 508213, India",331668.875,42.67,IgnitionOn,1,161.22,88.5,6,-113
ffa65fd4-f08d-464f-95af-c6899640d66e-36,EDC_BS6_PERIODIC,2025-12-06 01:38:28,2025-12-07 13:58:54,17.106768,79.7260032,11593,8252,FixOK,A,ObV5CS1912,T417F6b453,"4P4G+PFH, Vijayawada - Hyderabad Hwy, Gumpula, Telangana 508213, India",331668.875,41.14,IgnitionOn,1,161.329,88,6,-113
ffa65fd4-f08d-464f-95af-c6899640d66e-37,EDC_BS6_PERIODIC,2025-12-06 01:38:34,2025-12-07 13:58:54,17.1067616,79.7265792,11594,8252,FixOK,A,ObV5CS1912,T417F6b453,"4P4G+PFH, Vijayawada - Hyderabad Hwy, Gumpula, Telangana 508213, India",331669,38.99,IgnitionOn,1,161.509,90.8,5,-113
ffa65fd4-f08d-464f-95af-c6899640d66e-38,EDC_BS6_PERIODIC,2025-12-06 01:38:40,2025-12-07 13:58:54,17.1067584,79.7270528,11595,8252,FixOK,A,ObV5CS1912,T417F6b453,"4P4G+PFH, Vijayawada - Hyderabad Hwy, Gumpula, Telangana 508213, India",331669,36.08,IgnitionOn,1,161.139,84.8,5,-113
ffa65fd4-f08d-464f-95af-c6899640d66e-39,EDC_BS6_PERIODIC,2025-12-06 01:38:46,2025-12-07 13:58:54,17.1067968,79.7274496,11596,8252,FixOK,A,ObV5CS1912,T417F6b453,"4P4G+PFH, Vijayawada - Hyderabad Hwy, Gumpula, Telangana 508213, India",331669.125,24.94,IgnitionOn,1,161.5,88.69,5,-113
ffa65fd4-f08d-464f-95af-c6899640d66e-40,EDC_BS6_PERIODIC,2025-12-06 01:38:52,2025-12-07 13:58:54,17.106808,79.7279424,11597,8252,FixOK,A,ObV5CS1912,T417F6b453,"NH 65, Gumpula, Telangana 508213, India",331669.125,31.95,IgnitionOn,1,161.289,88.4,5,-113
ffa65fd4-f08d-464f-95af-c6899640d66e-41,EDC_BS6_PERIODIC,2025-12-06 01:38:58,2025-12-07 13:58:54,17.1068288,79.7285184,11598,8252,FixOK,A,ObV5CS1912,T417F6b453,"4P4H+MV8, Gumpula, Telangana 508213, India",331669.25,36.75,IgnitionOn,1,161.41,88.09,5,-113
ffa65fd4-f08d-464f-95af-c6899640d66e-42,EDC_BS6_PERIODIC,2025-12-06 01:39:04,2025-12-07 13:58:54,17.106848,79.7291584,11599,8252,FixOK,A,ObV5CS1912,T417F6b453,"4P4H+MV8, Gumpula, Telangana 508213, India",331669.25,41.35,IgnitionOn,1,161.137,88.5,5,-113
ffa65fd4-f08d-464f-95af-c6899640d66e-43,EDC_BS6_PERIODIC,2025-12-06 01:39:10,2025-12-07 13:58:54,17.1068672,79.7298624,11600,8252,FixOK,A,ObV5CS1912,T417F6b453,"4P4H+MV8, Gumpula, Telangana 508213, India",331669.375,45.28,IgnitionOn,1,161,89.09,5,-113
ffa65fd4-f08d-464f-95af-c6899640d66e-44,EDC_BS6_PERIODIC,2025-12-06 01:39:16,2025-12-07 13:58:54,17.1068576,79.7305728,11601,8252,FixOK,A,ObV5CS1912,T417F6b453,"NH 65, Gumpula, Telangana 508213, India",331669.375,46.84,IgnitionOn,1,160.83,90.8,5,-113
ffa65fd4-f08d-464f-95af-c6899640d66e-45,EDC_BS6_PERIODIC,2025-12-06 01:39:22,2025-12-07 13:58:54,17.1068,79.7312576,11602,8252,FixOK,A,ObV5CS1912,T417F6b453,"NH 65, Gumpula, Telangana 508213, India",331669.5,46.2,IgnitionOn,1,160.77,95.09,5,-113
ffa65fd4-f08d-464f-95af-c6899640d66e-46,EDC_BS6_PERIODIC,2025-12-06 01:39:28,2025-12-07 13:58:54,17.1066576,79.7319104,11603,8252,FixOK,A,ObV5CS1912,T417F6b453,"NH 65, Gumpula, Telangana 508213, India",331669.625,43.89,IgnitionOn,1,160.619,101.09,5,-113
ffa65fd4-f08d-464f-95af-c6899640d66e-47,EDC_BS6_PERIODIC,2025-12-06 01:39:34,2025-12-07 13:58:54,17.1064768,79.732512,11604,8252,FixOK,A,ObV5CS1912,T417F6b453,"NH 65, Gumpula, Telangana 508213, India",331669.625,41.93,IgnitionOn,1,160.94,106,5,-113
ffa65fd4-f08d-464f-95af-c6899640d66e-48,EDC_BS6_PERIODIC,2025-12-06 01:39:40,2025-12-07 13:58:54,17.1062784,79.7330816,11605,8252,FixOK,A,ObV5CS1912,T417F6b453,"NH 65, Gumpula, Telangana 508213, India",331669.75,40.45,IgnitionOn,1,161.055,107,5,-113
ffa65fd4-f08d-464f-95af-c6899640d66e-49,EDC_BS6_PERIODIC,2025-12-06 01:39:46,2025-12-07 13:58:54,17.1061088,79.7336448,11606,8252,FixOK,A,ObV5CS1912,T417F6b453,"NH 65, Gumpula, Telangana 508213, India",331669.75,39.56,IgnitionOn,1,161.46,106.8,5,-113
ffa65fd4-f08d-464f-95af-c6899640d66e-50,EDC_BS6_PERIODIC,2025-12-06 01:39:52,2025-12-07 13:58:54,17.1059104,79.73424,11607,8252,FixOK,A,ObV5CS1912,T417F6b453,"NH 65, Gumpula, Telangana 508213, India",331669.875,42.19,IgnitionOn,1,161.429,107.9,5,-113
571009fd-07e5-4393-857e-b67f0bf51d40-1,EDC_BS6_PERIODIC,2025-12-06 01:39:58,2025-12-07 13:59:13,17.1056768,79.73488,11608,8252,FixOK,A,ObV5CS1912,T417F6b453,"NH 65, Gumpula, Telangana 508213, India",331670,44.06,IgnitionOn,1,161.3,110.3,5,-113
571009fd-07e5-4393-857e-b67f0bf51d40-2,EDC_BS6_PERIODIC,2025-12-06 01:40:04,2025-12-07 13:59:13,17.1054208,79.73552,11609,8252,FixOK,A,ObV5CS1912,T417F6b453,"Vijayawada - Hyderabad Hwy, Thirumalagiri, Telangana 508213, India",331670,44.04,IgnitionOn,1,161.16,110.9,5,-113
571009fd-07e5-4393-857e-b67f0bf51d40-3,EDC_BS6_PERIODIC,2025-12-06 01:40:10,2025-12-07 13:59:13,17.105168,79.7361536,11610,8252,FixOK,A,ObV5CS1912,T417F6b453,"Vijayawada - Hyderabad Hwy, Thirumalagiri, Telangana 508213, India",331670.125,43.76,IgnitionOn,1,161.21,111,5,-113
571009fd-07e5-4393-857e-b67f0bf51d40-4,EDC_BS6_PERIODIC,2025-12-06 01:40:16,2025-12-07 13:59:13,17.10496,79.7367552,11611,8252,FixOK,A,ObV5CS1912,T417F6b453,"4P4Q+65M, Thirumalagiri, Telangana 508213, India",331670.125,42.44,IgnitionOn,1,161.285,109.4,5,-113
571009fd-07e5-4393-857e-b67f0bf51d40-5,EDC_BS6_PERIODIC,2025-12-06 01:40:22,2025-12-07 13:59:13,17.104752,79.737312,11612,8252,FixOK,A,ObV5CS1912,T417F6b453,"4P4Q+65M, Thirumalagiri, Telangana 508213, India",331670.25,40.54,IgnitionOn,1,161.21,110.59,5,-113
571009fd-07e5-4393-857e-b67f0bf51d40-6,EDC_BS6_PERIODIC,2025-12-06 01:40:28,2025-12-07 13:59:13,17.1045264,79.7378624,11613,8252,FixOK,A,ObV5CS1912,T417F6b453,"4P3Q+WHH, Thirumalagiri, Telangana 508213, India",331670.375,39.09,IgnitionOn,1,161.35,111.19,5,-113
571009fd-07e5-4393-857e-b67f0bf51d40-7,EDC_BS6_PERIODIC,2025-12-06 01:40:34,2025-12-07 13:59:13,17.10428,79.7383808,11614,8252,FixOK,A,ObV5CS1912,T417F6b453,"Vijayawada - Hyderabad Hwy, Thirumalagiri, Telangana 508213, India",331670.375,38.89,IgnitionOn,1,161.86,115.5,5,-113
571009fd-07e5-4393-857e-b67f0bf51d40-8,EDC_BS6_PERIODIC,2025-12-06 01:40:40,2025-12-07 13:59:13,17.1040256,79.7388928,11615,8252,FixOK,A,ObV5CS1912,T417F6b453,"4P3Q+JG3, Thirumalagiri, Telangana 508213, India",331670.5,39.58,IgnitionOn,1,162.369,116.9,5,-113
571009fd-07e5-4393-857e-b67f0bf51d40-9,EDC_BS6_PERIODIC,2025-12-06 01:40:46,2025-12-07 13:59:13,17.10376,79.7394432,11616,8252,FixOK,A,ObV5CS1912,T417F6b453,"4P3Q+JG3, Thirumalagiri, Telangana 508213, India",331670.5,41.37,IgnitionOn,1,162.899,116.8,5,-113
571009fd-07e5-4393-857e-b67f0bf51d40-10,EDC_BS6_PERIODIC,2025-12-06 01:40:52,2025-12-07 13:59:13,17.1034688,79.7399936,11617,8252,FixOK,A,ObV5CS1912,T417F6b453,"Vijayawada - Hyderabad Hwy, Thirumalagiri, Telangana 508213, India",331670.625,40.21,IgnitionOn,1,163.319,118.59,5,-113
571009fd-07e5-4393-857e-b67f0bf51d40-11,EDC_BS6_PERIODIC,2025-12-06 01:40:58,2025-12-07 13:59:13,17.10316,79.7405696,11618,8252,FixOK,A,ObV5CS1912,T417F6b453,"4P3Q+5XC, Thirumalagiri, Telangana 508213, India",331670.625,42.48,IgnitionOn,1,163.759,118.69,5,-113
571009fd-07e5-4393-857e-b67f0bf51d40-12,EDC_BS6_PERIODIC,2025-12-06 01:41:04,2025-12-07 13:59:13,17.102904,79.7411328,11619,8252,FixOK,A,ObV5CS1912,T417F6b453,"4P3Q+5XC, Thirumalagiri, Telangana 508213, India",331670.75,43.45,IgnitionOn,1,164.179,115.59,5,-113
571009fd-07e5-4393-857e-b67f0bf51d40-13,EDC_BS6_PERIODIC,2025-12-06 01:41:10,2025-12-07 13:59:13,17.1026368,79.7417472,11620,8252,FixOK,A,ObV5CS1912,T417F6b453,"Hyderabad - Vijayawada Hwy, Thirumalagiri, Telangana 508213, India",331670.875,44.52,IgnitionOn,1,164.66,116.8,5,-113
571009fd-07e5-4393-857e-b67f0bf51d40-14,EDC_BS6_PERIODIC,2025-12-06 01:41:16,2025-12-07 13:59:13,17.1023328,79.742368,11621,8252,FixOK,A,ObV5CS1912,T417F6b453,"Vijayawada - Hyderabad Hwy, Thirumalagiri, Telangana 508213, India",331670.875,43.83,IgnitionOn,1,165.119,116.4,5,-113
571009fd-07e5-4393-857e-b67f0bf51d40-15,EDC_BS6_PERIODIC,2025-12-06 01:41:22,2025-12-07 13:59:13,17.102024,79.742944,11622,8252,FixOK,A,ObV5CS1912,T417F6b453,"4P3V+2GP, Suryapet, Telangana 508213, India",331671,42.41,IgnitionOn,1,166.22,119.19,5,-113
571009fd-07e5-4393-857e-b67f0bf51d40-16,EDC_BS6_PERIODIC,2025-12-06 01:41:28,2025-12-07 13:59:13,17.1017248,79.7434816,11623,8252,FixOK,A,ObV5CS1912,T417F6b453,"4P3V+2GP, Suryapet, Telangana 508213, India",331671.125,39.48,IgnitionOn,1,166.889,120.4,5,-113
571009fd-07e5-4393-857e-b67f0bf51d40-17,EDC_BS6_PERIODIC,2025-12-06 01:41:34,2025-12-07 13:59:13,17.101464,79.7440256,11624,8252,FixOK,A,ObV5CS1912,T417F6b453,"Vijayawada - Hyderabad Hwy, Thirumalagiri, Telangana 508213, India",331671.125,40.36,IgnitionOn,1,168.419,116.8,6,-113
571009fd-07e5-4393-857e-b67f0bf51d40-18,EDC_BS6_PERIODIC,2025-12-06 01:41:40,2025-12-07 13:59:13,17.101208,79.744608,11625,8252,FixOK,A,ObV5CS1912,T417F6b453,"NH 65, Telangana 508213, India",331671.25,41.29,IgnitionOn,1,169.649,112.5,5,-113
571009fd-07e5-4393-857e-b67f0bf51d40-19,EDC_BS6_PERIODIC,2025-12-06 01:41:46,2025-12-07 13:59:13,17.10096,79.745216,11626,8252,FixOK,A,ObV5CS1912,T417F6b453,"NH 65, Telangana 508213, India",331671.25,42.63,IgnitionOn,1,170.35,113.19,5,-113
571009fd-07e5-4393-857e-b67f0bf51d40-20,EDC_BS6_PERIODIC,2025-12-06 01:41:52,2025-12-07 13:59:13,17.10072,79.7458048,11627,8252,FixOK,A,ObV5CS1912,T417F6b453,"NH 65, Telangana 508213, India",331671.375,42.05,IgnitionOn,1,171.27,113,5,-113
571009fd-07e5-4393-857e-b67f0bf51d40-21,EDC_BS6_PERIODIC,2025-12-06 01:41:58,2025-12-07 13:59:13,17.1004832,79.7463616,11628,8252,FixOK,A,ObV5CS1912,T417F6b453,"NH65, Telangana 508213, India",331671.375,39.49,IgnitionOn,1,171.279,114.09,5,-113
571009fd-07e5-4393-857e-b67f0bf51d40-22,EDC_BS6_PERIODIC,2025-12-06 01:42:04,2025-12-07 13:59:13,17.1002576,79.7468864,11629,8252,FixOK,A,ObV5CS1912,T417F6b453,"NH65, Telangana 508213, India",331671.5,38.53,IgnitionOn,1,171.205,113.9,5,-113
571009fd-07e5-4393-857e-b67f0bf51d40-23,EDC_BS6_PERIODIC,2025-12-06 01:42:10,2025-12-07 13:59:13,17.1000496,79.7474432,11630,8252,FixOK,A,ObV5CS1912,T417F6b453,"NH65, Telangana 508213, India",331671.625,38.77,IgnitionOn,1,171.169,111.5,5,-113
571009fd-07e5-4393-857e-b67f0bf51d40-24,EDC_BS6_PERIODIC,2025-12-06 01:42:16,2025-12-07 13:59:13,17.099848,79.747968,11631,8252,FixOK,A,ObV5CS1912,T417F6b453,"NH 65, Telangana 508213, India",331671.625,39.45,IgnitionOn,1,171.22,111.9,5,-113
571009fd-07e5-4393-857e-b67f0bf51d40-25,EDC_BS6_PERIODIC,2025-12-06 01:42:22,2025-12-07 13:59:13,17.0996448,79.7485184,11632,8252,FixOK,A,ObV5CS1912,T417F6b453,"NH 65, Telangana 508213, India",331671.75,40.18,IgnitionOn,1,171.02,111.19,5,-113
571009fd-07e5-4393-857e-b67f0bf51d40-26,EDC_BS6_PERIODIC,2025-12-06 01:42:28,2025-12-07 13:59:13,17.0994112,79.749088,11633,8252,FixOK,A,ObV5CS1912,T417F6b453,"NH65, Telangana 508213, India",331671.75,42.1,IgnitionOn,1,170.979,113.69,5,-113
571009fd-07e5-4393-857e-b67f0bf51d40-27,EDC_BS6_PERIODIC,2025-12-06 01:42:34,2025-12-07 13:59:13,17.0991984,79.749696,11634,8252,FixOK,A,ObV5CS1912,T417F6b453,"NH 65, Telangana 508213, India",331671.875,43.92,IgnitionOn,1,170.809,110,4,-113
571009fd-07e5-4393-857e-b67f0bf51d40-28,EDC_BS6_PERIODIC,2025-12-06 01:42:40,2025-12-07 13:59:13,17.0989456,79.7503424,11635,8252,FixOK,A,ObV5CS1912,T417F6b453,"NH 65, Telangana 508213, India",331671.875,45.85,IgnitionOn,1,170.721,114.3,5,-113
571009fd-07e5-4393-857e-b67f0bf51d40-29,EDC_BS6_PERIODIC,2025-12-06 01:42:46,2025-12-07 13:59:13,17.0986688,79.7509888,11636,8252,FixOK,A,ObV5CS1912,T417F6b453,"3PWX+4J9, NH 65, Suryapet, Telangana 508213, India",331672,45.48,IgnitionOn,1,170.369,114,4,-113
571009fd-07e5-4393-857e-b67f0bf51d40-30,EDC_BS6_PERIODIC,2025-12-06 01:42:52,2025-12-07 13:59:13,17.0984192,79.7516096,11637,8252,FixOK,A,ObV5CS1912,T417F6b453,"3PWX+4J9, NH 65, Suryapet, Telangana 508213, India",331672.125,44.91,IgnitionOn,1,170.25,112.4,5,-113
571009fd-07e5-4393-857e-b67f0bf51d40-31,EDC_BS6_PERIODIC,2025-12-06 01:42:58,2025-12-07 13:59:13,17.098168,79.7522496,11638,8252,FixOK,A,ObV5CS1912,T417F6b453,"3PWX+4J9, NH 65, Suryapet, Telangana 508213, India",331672.125,44.11,IgnitionOn,1,169.96,112.59,5,-113
571009fd-07e5-4393-857e-b67f0bf51d40-32,EDC_BS6_PERIODIC,2025-12-06 01:43:04,2025-12-07 13:59:13,17.0979264,79.752864,11639,8252,FixOK,A,ObV5CS1912,T417F6b453,"NH 65, Syed Muzavarpeta, Telangana 508213, India",331672.25,42.78,IgnitionOn,1,169.61,112.59,5,-113
571009fd-07e5-4393-857e-b67f0bf51d40-33,EDC_BS6_PERIODIC,2025-12-06 01:43:10,2025-12-07 13:59:13,17.09772,79.7534976,11640,8252,FixOK,A,ObV5CS1912,T417F6b453,"NH 65, Syed Muzavarpeta, Telangana 508213, India",331672.25,41.23,IgnitionOn,1,169.07,106.59,5,-113
571009fd-07e5-4393-857e-b67f0bf51d40-34,EDC_BS6_PERIODIC,2025-12-06 01:43:16,2025-12-07 13:59:13,17.0975664,79.7541184,11641,8252,FixOK,A,ObV5CS1912,T417F6b453,"3QX3+2R, Syed Muzavarpeta, Telangana 508213, India",331672.375,40.91,IgnitionOn,1,168.897,103.4,5,-113
ddf3153d-35ca-445f-a3ca-7e209cdc6e7a-1,EDC_BS6_PERIODIC,2025-12-06 01:43:22,2025-12-07 13:59:34,17.0974576,79.7547648,11642,8252,FixOK,A,ObV5CS1912,T417F6b453,"NH65, Syed Muzavarpeta, Telangana 508213, India",331672.5,43.56,IgnitionOn,1,167.96,99.9,5,-113
ddf3153d-35ca-445f-a3ca-7e209cdc6e7a-2,EDC_BS6_PERIODIC,2025-12-06 01:43:28,2025-12-07 13:59:34,17.0973792,79.7554176,11643,8252,FixOK,A,ObV5CS1912,T417F6b453,"NH65, Syed Muzavarpeta, Telangana 508213, India",331672.5,42.93,IgnitionOn,1,167.24,99.09,5,-113
ddf3153d-35ca-445f-a3ca-7e209cdc6e7a-3,EDC_BS6_PERIODIC,2025-12-06 01:43:34,2025-12-07 13:59:34,17.0973344,79.7560832,11644,8252,FixOK,A,ObV5CS1912,T417F6b453,"NH65, Syed Muzavarpeta, Telangana 508213, India",331672.625,43.05,IgnitionOn,1,166.699,94.8,5,-113
ddf3153d-35ca-445f-a3ca-7e209cdc6e7a-4,EDC_BS6_PERIODIC,2025-12-06 01:43:40,2025-12-07 13:59:34,17.09732,79.756736,11645,8252,FixOK,A,ObV5CS1912,T417F6b453,"NH65, Syed Muzavarpeta, Telangana 508213, India",331672.625,43.25,IgnitionOn,1,166.22,88.59,5,-113
ddf3153d-35ca-445f-a3ca-7e209cdc6e7a-5,EDC_BS6_PERIODIC,2025-12-06 01:43:46,2025-12-07 13:59:34,17.0973792,79.7574016,11646,8252,FixOK,A,ObV5CS1912,T417F6b453,"NH65, Syed Muzavarpeta, Telangana 508213, India",331672.75,43.9,IgnitionOn,1,166.169,84.3,5,-113
ddf3153d-35ca-445f-a3ca-7e209cdc6e7a-6,EDC_BS6_PERIODIC,2025-12-06 01:43:52,2025-12-07 13:59:34,17.0975008,79.7580672,11647,8252,FixOK,A,ObV5CS1912,T417F6b453,"3QX5+76, Syed Muzavarpeta, Telangana 508213, India",331672.875,43.38,IgnitionOn,1,165.783,82.4,5,-113
ddf3153d-35ca-445f-a3ca-7e209cdc6e7a-7,EDC_BS6_PERIODIC,2025-12-06 01:43:58,2025-12-07 13:59:34,17.0976352,79.7587136,11648,8252,FixOK,A,ObV5CS1912,T417F6b453,"3QX5+76, Syed Muzavarpeta, Telangana 508213, India",331672.875,44.05,IgnitionOn,1,164.919,82.09,5,-113
ddf3153d-35ca-445f-a3ca-7e209cdc6e7a-8,EDC_BS6_PERIODIC,2025-12-06 01:44:04,2025-12-07 13:59:34,17.09776,79.7593664,11649,8252,FixOK,A,ObV5CS1912,T417F6b453,"3QX5+76, Syed Muzavarpeta, Telangana 508213, India",331673,44.01,IgnitionOn,1,164.669,81.8,6,-113
ddf3153d-35ca-445f-a3ca-7e209cdc6e7a-9,EDC_BS6_PERIODIC,2025-12-06 01:44:10,2025-12-07 13:59:34,17.0978976,79.7600384,11650,8252,FixOK,A,ObV5CS1912,T417F6b453,"3QX6+F74, NH 65, Syed Muzavarpeta, Telangana 508213, India",331673,44.74,IgnitionOn,1,164.24,79.8,6,-113
ddf3153d-35ca-445f-a3ca-7e209cdc6e7a-10,EDC_BS6_PERIODIC,2025-12-06 01:44:16,2025-12-07 13:59:34,17.098032,79.7606976,11651,8252,FixOK,A,ObV5CS1912,T417F6b453,"3QX6+F74, NH 65, Syed Muzavarpeta, Telangana 508213, India",331673.125,45.06,IgnitionOn,1,163.82,78,6,-113
ddf3153d-35ca-445f-a3ca-7e209cdc6e7a-11,EDC_BS6_PERIODIC,2025-12-06 01:44:22,2025-12-07 13:59:34,17.0981568,79.7613568,11652,8252,FixOK,A,ObV5CS1912,T417F6b453,"3QX6+F74, NH 65, Syed Muzavarpeta, Telangana 508213, India",331673.25,46.16,IgnitionOn,1,163.41,80.19,6,-113
ddf3153d-35ca-445f-a3ca-7e209cdc6e7a-12,EDC_BS6_PERIODIC,2025-12-06 01:44:28,2025-12-07 13:59:34,17.098264,79.7620352,11653,8252,FixOK,A,ObV5CS1912,T417F6b453,"3QX6+F74, NH 65, Syed Muzavarpeta, Telangana 508213, India",331673.25,45.83,IgnitionOn,1,163.329,80.19,5,-113
ddf3153d-35ca-445f-a3ca-7e209cdc6e7a-13,EDC_BS6_PERIODIC,2025-12-06 01:44:34,2025-12-07 13:59:34,17.098384,79.7627456,11654,8252,FixOK,A,ObV5CS1912,T417F6b453,"NH65, Syed Muzavarpeta, Telangana 508213, India",331673.375,47.62,IgnitionOn,1,163.149,78.69,5,-113
ddf3153d-35ca-445f-a3ca-7e209cdc6e7a-14,EDC_BS6_PERIODIC,2025-12-06 01:44:40,2025-12-07 13:59:34,17.0984832,79.7634688,11655,8252,FixOK,A,ObV5CS1912,T417F6b453,"NH65, Syed Muzavarpeta, Telangana 508213, India",331673.5,47.46,IgnitionOn,1,162.539,83.19,4,-113
ddf3153d-35ca-445f-a3ca-7e209cdc6e7a-15,EDC_BS6_PERIODIC,2025-12-06 01:44:46,2025-12-07 13:59:34,17.0985216,79.7642112,11656,8252,FixOK,A,ObV5CS1912,T417F6b453,"3QX7+GC Syed Muzavarpeta, Telangana, India",331673.5,48.14,IgnitionOn,1,161.72,89.69,5,-113
ddf3153d-35ca-445f-a3ca-7e209cdc6e7a-16,EDC_BS6_PERIODIC,2025-12-06 01:44:52,2025-12-07 13:59:34,17.098456,79.764928,11657,8252,FixOK,A,ObV5CS1912,T417F6b453,"NH 65, Syed Muzavarpeta, Telangana 508213, India",331673.625,47.71,IgnitionOn,1,161.07,96.59,5,-113
ddf3153d-35ca-445f-a3ca-7e209cdc6e7a-17,EDC_BS6_PERIODIC,2025-12-06 01:44:58,2025-12-07 13:59:34,17.0982704,79.7656064,11658,8252,FixOK,A,ObV5CS1912,T417F6b453,"NH 65, Syed Muzavarpeta, Telangana 508213, India",331673.75,46.54,IgnitionOn,1,160.479,104.3,5,-113
ddf3153d-35ca-445f-a3ca-7e209cdc6e7a-19,EDC_BS6_PERIODIC,2025-12-06 01:45:04,2025-12-07 13:59:34,17.09808,79.7662336,11659,8252,FixOK,A,ObV5CS1912,T417F6b453,"NH 65, Syed Muzavarpeta, Telangana 508213, India",331673.75,44.74,IgnitionOn,1,160.235,106.4,5,-113
ddf3153d-35ca-445f-a3ca-7e209cdc6e7a-20,EDC_BS6_PERIODIC,2025-12-06 01:45:10,2025-12-07 13:59:34,17.097816,79.766784,11660,8252,FixOK,A,ObV5CS1912,T417F6b453,"NH 65, Syed Muzavarpeta, Telangana 508213, India",331673.875,42.47,IgnitionOn,1,160.119,119.4,5,-113
ddf3153d-35ca-445f-a3ca-7e209cdc6e7a-21,EDC_BS6_PERIODIC,2025-12-06 01:45:16,2025-12-07 13:59:34,17.0975008,79.7673024,11661,8252,FixOK,A,ObV5CS1912,T417F6b453,"NH 65, Syed Muzavarpeta, Telangana 508213, India",331673.875,40.88,IgnitionOn,1,160.179,123.09,5,-113
ddf3153d-35ca-445f-a3ca-7e209cdc6e7a-22,EDC_BS6_PERIODIC,2025-12-06 01:45:22,2025-12-07 13:59:34,17.0971824,79.7678016,11662,8252,FixOK,A,ObV5CS1912,T417F6b453,"NH 65, Syed Muzavarpeta, Telangana 508213, India",331674,39.7,IgnitionOn,1,160.029,123.69,4,-113
ddf3153d-35ca-445f-a3ca-7e209cdc6e7a-23,EDC_BS6_PERIODIC,2025-12-06 01:45:28,2025-12-07 13:59:34,17.0968624,79.7682816,11663,8252,FixOK,A,ObV5CS1912,T417F6b453,"NH 65, Syed Muzavarpeta, Telangana 508213, India",331674.125,39.41,IgnitionOn,1,159.97,123.59,5,-113
ddf3153d-35ca-445f-a3ca-7e209cdc6e7a-24,EDC_BS6_PERIODIC,2025-12-06 01:45:34,2025-12-07 13:59:34,17.0965312,79.7687744,11664,8252,FixOK,A,ObV5CS1912,T417F6b453,"3QW9+PF Syed Muzavarpeta, Telangana, India",331674.125,40.38,IgnitionOn,1,160.49,123.3,5,-113
ddf3153d-35ca-445f-a3ca-7e209cdc6e7a-25,DEVICE_METRICS,2025-12-06 01:45:50,2025-12-07 13:59:34,17.0965312,79.7687744,,8252,FixOK,,ObV5CS1912,T417F6b453,"3QW9+PF Syed Muzavarpeta, Telangana, India",287119,,IgnitionOn,1,,,,
ddf3153d-35ca-445f-a3ca-7e209cdc6e7a-26,EDC_BS6_PERIODIC,2025-12-06 01:45:50,2025-12-07 13:59:34,17.0955712,79.7700992,11665,8252,FixOK,A,ObV5CS1912,T417F6b453,"3QW9+8X Syed Muzavarpeta, Telangana, India",331674.375,43.71,IgnitionOn,1,160.679,124.8,5,-113
ddf3153d-35ca-445f-a3ca-7e209cdc6e7a-27,EDC_BS6_PERIODIC,2025-12-06 01:45:56,2025-12-07 13:59:34,17.0951024,79.7707584,11666,8252,FixOK,A,ObV5CS1912,T417F6b453,"NH 65, Syed Muzavarpeta, Telangana 508213, India",331674.375,44.42,IgnitionOn,1,160.8,125.3,5,-113
ddf3153d-35ca-445f-a3ca-7e209cdc6e7a-28,EDC_BS6_PERIODIC,2025-12-06 01:46:02,2025-12-07 13:59:34,17.0947072,79.771328,11667,8252,FixOK,A,ObV5CS1912,T417F6b453,"NH 65, Syed Muzavarpeta, Telangana 508213, India",331674.5,45.7,IgnitionOn,1,160.399,124.19,6,-113
ddf3153d-35ca-445f-a3ca-7e209cdc6e7a-29,EDC_BS6_PERIODIC,2025-12-06 01:46:08,2025-12-07 13:59:34,17.0943232,79.7718912,11668,8252,FixOK,A,ObV5CS1912,T417F6b453,"3QVC+CX8, Vijayawada - Hyderabad Hwy, Madhavaram, Telangana 508213, India",331674.625,44.28,IgnitionOn,1,160.509,124.4,5,-113
ddf3153d-35ca-445f-a3ca-7e209cdc6e7a-30,EDC_BS6_PERIODIC,2025-12-06 01:46:14,2025-12-07 13:59:34,17.09396,79.7724288,11669,8252,FixOK,A,ObV5CS1912,T417F6b453,"3QVC+CX8, Vijayawada - Hyderabad Hwy, Madhavaram, Telangana 508213, India",331674.625,41.96,IgnitionOn,1,160.755,123.4,5,-113
ddf3153d-35ca-445f-a3ca-7e209cdc6e7a-31,EDC_BS6_PERIODIC,2025-12-06 01:46:20,2025-12-07 13:59:34,17.0936288,79.7729792,11670,8252,FixOK,A,ObV5CS1912,T417F6b453,"3QVC+CX8, Vijayawada - Hyderabad Hwy, Madhavaram, Telangana 508213, India",331674.75,41.82,IgnitionOn,1,161.52,122.9,5,-113
ddf3153d-35ca-445f-a3ca-7e209cdc6e7a-32,EDC_BS6_PERIODIC,2025-12-06 01:46:26,2025-12-07 13:59:34,17.0933136,79.7734976,11671,8252,FixOK,A,ObV5CS1912,T417F6b453,"Vijayawada - Hyderabad Hwy, Madhavaram, Telangana 508213, India",331674.75,40.7,IgnitionOn,1,161.889,122.8,6,-113
ddf3153d-35ca-445f-a3ca-7e209cdc6e7a-33,EDC_BS6_PERIODIC,2025-12-06 01:46:32,2025-12-07 13:59:34,17.093024,79.7740096,11672,8252,FixOK,A,ObV5CS1912,T417F6b453,"3QVF+6RJ, NH 65, Madhavaram, Telangana 508213, India",331674.875,39.7,IgnitionOn,1,162.119,121.4,6,-113
ddf3153d-35ca-445f-a3ca-7e209cdc6e7a-34,EDC_BS6_PERIODIC,2025-12-06 01:46:38,2025-12-07 13:59:34,17.092744,79.7745216,11673,8252,FixOK,A,ObV5CS1912,T417F6b453,"3QRG+W2H, Madhavaram, Telangana 508213, India",331675,39.64,IgnitionOn,1,162.07,119.5,6,-113
ddf3153d-35ca-445f-a3ca-7e209cdc6e7a-35,EDC_BS6_PERIODIC,2025-12-06 01:46:44,2025-12-07 13:59:34,17.09248,79.7750464,11674,8252,FixOK,A,ObV5CS1912,T417F6b453,"Hyderabad - Vijayawada Hwy, Madhavaram, Telangana 508213, India",331675,40.36,IgnitionOn,1,162.009,115.8,6,-113
ddf3153d-35ca-445f-a3ca-7e209cdc6e7a-36,EDC_BS6_PERIODIC,2025-12-06 01:46:50,2025-12-07 13:59:34,17.092208,79.7755904,11675,8252,FixOK,A,ObV5CS1912,T417F6b453,"3QRG+W2H, Madhavaram, Telangana 508213, India",331675.125,41,IgnitionOn,1,161.675,117.3,6,-113
ddf3153d-35ca-445f-a3ca-7e209cdc6e7a-37,EDC_BS6_PERIODIC,2025-12-06 01:46:56,2025-12-07 13:59:34,17.0919072,79.77616,11676,8252,FixOK,A,ObV5CS1912,T417F6b453,"3QRG+W2H, Madhavaram, Telangana 508213, India",331675.125,42.85,IgnitionOn,1,161.559,118.19,6,-113
ddf3153d-35ca-445f-a3ca-7e209cdc6e7a-38,EDC_BS6_PERIODIC,2025-12-06 01:47:02,2025-12-07 13:59:34,17.091608,79.776768,11677,8252,FixOK,A,ObV5CS1912,T417F6b453,"3QRG+7C, Syed Muzavarpeta, Telangana 508213, India",331675.25,44.82,IgnitionOn,1,161.19,116.5,5,-113
ddf3153d-35ca-445f-a3ca-7e209cdc6e7a-39,EDC_BS6_PERIODIC,2025-12-06 01:47:08,2025-12-07 13:59:34,17.0913024,79.777376,11678,8252,FixOK,A,ObV5CS1912,T417F6b453,"3QRG+7C, Syed Muzavarpeta, Telangana 508213, India",331675.25,44.74,IgnitionOn,1,160.61,117.59,5,-113
ddf3153d-35ca-445f-a3ca-7e209cdc6e7a-40,EDC_BS6_PERIODIC,2025-12-06 01:47:14,2025-12-07 13:59:34,17.091008,79.7779584,11679,8252,FixOK,A,ObV5CS1912,T417F6b453,"NH 65, Madhavaram, Telangana 508213, India",331675.375,42.65,IgnitionOn,1,160.25,115.9,5,-113
ddf3153d-35ca-445f-a3ca-7e209cdc6e7a-41,EDC_BS6_PERIODIC,2025-12-06 01:47:20,2025-12-07 13:59:34,17.090712,79.7785472,11680,8252,FixOK,A,ObV5CS1912,T417F6b453,"3QRH+6P Syed Muzavarpeta, Telangana, India",331675.5,43.86,IgnitionOn,1,159.759,117.5,5,-113
ddf3153d-35ca-445f-a3ca-7e209cdc6e7a-42,EDC_BS6_PERIODIC,2025-12-06 01:47:26,2025-12-07 13:59:34,17.090432,79.779136,11681,8252,FixOK,A,ObV5CS1912,T417F6b453,"NH65, Syed Muzavarpeta, Telangana 508213, India",331675.5,44.22,IgnitionOn,1,159.449,117.9,5,-113
ddf3153d-35ca-445f-a3ca-7e209cdc6e7a-43,EDC_BS6_PERIODIC,2025-12-06 01:47:32,2025-12-07 13:59:34,17.0901312,79.7797376,11682,8252,FixOK,A,ObV5CS1912,T417F6b453,"NH 65, Madhavaram, Telangana 508213, India",331675.625,44.08,IgnitionOn,1,158.809,117.5,5,-113
ddf3153d-35ca-445f-a3ca-7e209cdc6e7a-44,EDC_BS6_PERIODIC,2025-12-06 01:47:38,2025-12-07 13:59:34,17.0898528,79.7803264,11683,8252,FixOK,A,ObV5CS1912,T417F6b453,"NH 65, Madhavaram, Telangana 508213, India",331675.75,44.54,IgnitionOn,1,157.899,117.09,5,-113
ddf3153d-35ca-445f-a3ca-7e209cdc6e7a-45,EDC_BS6_PERIODIC,2025-12-06 01:47:44,2025-12-07 13:59:34,17.0895712,79.7809152,11684,8252,FixOK,A,ObV5CS1912,T417F6b453,"3QQJ+RF Syed Muzavarpeta, Telangana, India",331675.75,43.75,IgnitionOn,1,157.33,116.8,5,-113
ddf3153d-35ca-445f-a3ca-7e209cdc6e7a-46,EDC_BS6_PERIODIC,2025-12-06 01:47:50,2025-12-07 13:59:34,17.0892672,79.7814976,11685,8252,FixOK,A,ObV5CS1912,T417F6b453,"NH65, Syed Muzavarpeta, Telangana 508213, India",331675.875,43.05,IgnitionOn,1,156.899,119.69,5,-113
ddf3153d-35ca-445f-a3ca-7e209cdc6e7a-47,EDC_BS6_PERIODIC,2025-12-06 01:47:56,2025-12-07 13:59:34,17.088944,79.7820544,11686,8252,FixOK,A,ObV5CS1912,T417F6b453,"NH 65, Madhavaram, Telangana 508213, India",331675.875,42.73,IgnitionOn,1,156.399,120.8,5,-113
ddf3153d-35ca-445f-a3ca-7e209cdc6e7a-48,EDC_BS6_PERIODIC,2025-12-06 01:48:02,2025-12-07 13:59:34,17.0886208,79.7825984,11687,8252,FixOK,A,ObV5CS1912,T417F6b453,"3QQM+C5 Syed Muzavarpeta, Telangana, India",331676,42.31,IgnitionOn,1,156.497,121.4,5,-113
ddf3153d-35ca-445f-a3ca-7e209cdc6e7a-49,EDC_BS6_PERIODIC,2025-12-06 01:48:08,2025-12-07 13:59:34,17.0883008,79.7831296,11688,8252,FixOK,A,ObV5CS1912,T417F6b453,"3QPM+XPF, Vijayawada - Hyderabad Hwy, Syed Muzavarpeta, Telangana 508213, India",331676,40.75,IgnitionOn,1,156.539,123.4,6,-113
ddf3153d-35ca-445f-a3ca-7e209cdc6e7a-50,EDC_BS6_PERIODIC,2025-12-06 01:48:14,2025-12-07 13:59:34,17.0879872,79.7836416,11689,8252,FixOK,A,ObV5CS1912,T417F6b453,"3QPM+XPF, Vijayawada - Hyderabad Hwy, Syed Muzavarpeta, Telangana 508213, India",331676.125,39.98,IgnitionOn,1,156.41,123.19,5,-113
4c982792-6ec6-4806-961f-e70e7f7bc081-1,EDC_BS6_PERIODIC,2025-12-06 01:48:20,2025-12-07 13:59:55,17.087648,79.7841344,11690,8252,FixOK,A,ObV5CS1912,T417F6b453,"3QPM+XPF, Vijayawada - Hyderabad Hwy, Syed Muzavarpeta, Telangana 508213, India",331676.25,40.3,IgnitionOn,1,156.24,125.9,4,-113
4c982792-6ec6-4806-961f-e70e7f7bc081-2,EDC_BS6_PERIODIC,2025-12-06 01:48:26,2025-12-07 13:59:55,17.0873056,79.7846272,11691,8252,FixOK,A,ObV5CS1912,T417F6b453,"3QPP+W22, NH 65, Syed Muzavarpeta, Telangana 508213, India",331676.25,41.12,IgnitionOn,1,156.11,127.09,4,-113
4c982792-6ec6-4806-961f-e70e7f7bc081-3,EDC_BS6_PERIODIC,2025-12-06 01:48:32,2025-12-07 13:59:55,17.0869408,79.7851008,11692,8252,FixOK,A,ObV5CS1912,T417F6b453,"3QPP+W22, NH 65, Syed Muzavarpeta, Telangana 508213, India",331676.375,41.98,IgnitionOn,1,155.899,128.8,4,-113
4c982792-6ec6-4806-961f-e70e7f7bc081-4,EDC_BS6_PERIODIC,2025-12-06 01:48:38,2025-12-07 13:59:55,17.086536,79.7856,11693,8252,FixOK,A,ObV5CS1912,T417F6b453,"3QPP+W22, NH 65, Syed Muzavarpeta, Telangana 508213, India",331676.375,43.9,IgnitionOn,1,155.775,131,5,-113
4c982792-6ec6-4806-961f-e70e7f7bc081-5,EDC_BS6_PERIODIC,2025-12-06 01:48:44,2025-12-07 13:59:55,17.0861136,79.786112,11694,8252,FixOK,A,ObV5CS1912,T417F6b453,"Hyderabad - Vijayawada Hwy, Eklashkhanpet, Telangana 508233, India",331676.5,43.42,IgnitionOn,1,155.309,133,6,-113
4c982792-6ec6-4806-961f-e70e7f7bc081-6,EDC_BS6_PERIODIC,2025-12-06 01:48:50,2025-12-07 13:59:55,17.0856832,79.7866112,11695,8252,FixOK,A,ObV5CS1912,T417F6b453,"3QPP+7M Syed Muzavarpeta, Telangana, India",331676.625,43.92,IgnitionOn,1,154.61,132.39,6,-113
4c982792-6ec6-4806-961f-e70e7f7bc081-7,EDC_BS6_PERIODIC,2025-12-06 01:48:56,2025-12-07 13:59:55,17.085248,79.7871104,11696,8252,FixOK,A,ObV5CS1912,T417F6b453,"3QPQ+8C, Eklashkhanpet, Telangana 508233, India",331676.625,45.16,IgnitionOn,1,154.21,132.6,6,-113
4c982792-6ec6-4806-961f-e70e7f7bc081-8,EDC_BS6_PERIODIC,2025-12-06 01:49:02,2025-12-07 13:59:55,17.0848128,79.787616,11697,8252,FixOK,A,ObV5CS1912,T417F6b453,"Hyderabad - Vijayawada Hwy, Eklashkhanpet, Telangana 508233, India",331676.625,44.54,IgnitionOn,1,153.94,132.1,6,-113
4c982792-6ec6-4806-961f-e70e7f7bc081-9,EDC_BS6_PERIODIC,2025-12-06 01:49:08,2025-12-07 13:59:55,17.0843552,79.7881024,11698,8252,FixOK,A,ObV5CS1912,T417F6b453,"NH 65, Syed Muzavarpeta, Telangana 508213, India",331676.75,43.31,IgnitionOn,1,153.389,133.3,6,-113
4c982792-6ec6-4806-961f-e70e7f7bc081-10,EDC_BS6_PERIODIC,2025-12-06 01:49:14,2025-12-07 13:59:55,17.0839392,79.7885696,11699,8252,FixOK,A,ObV5CS1912,T417F6b453,"Hyderabad - Vijayawada Hwy, Eklashkhanpet, Telangana 508233, India",331676.875,41.52,IgnitionOn,1,152.871,132.8,6,-113
4c982792-6ec6-4806-961f-e70e7f7bc081-11,EDC_BS6_PERIODIC,2025-12-06 01:49:20,2025-12-07 13:59:55,17.083536,79.7890432,11700,8252,FixOK,A,ObV5CS1912,T417F6b453,"Hyderabad - Vijayawada Hwy, Eklashkhanpet, Telangana 508233, India",331676.875,41.66,IgnitionOn,1,151.839,131.1,6,-113
4c982792-6ec6-4806-961f-e70e7f7bc081-12,EDC_BS6_PERIODIC,2025-12-06 01:49:26,2025-12-07 13:59:55,17.083128,79.789536,11701,8252,FixOK,A,ObV5CS1912,T417F6b453,"Hyderabad - Vijayawada Hwy, Eklashkhanpet, Telangana 508233, India",331677,42.38,IgnitionOn,1,151.5,130.8,6,-113
4c982792-6ec6-4806-961f-e70e7f7bc081-13,EDC_BS6_PERIODIC,2025-12-06 01:49:32,2025-12-07 13:59:55,17.082712,79.790048,11702,8252,FixOK,A,ObV5CS1912,T417F6b453,"Hyderabad - Vijayawada Hwy, Eklashkhanpet, Telangana 508233, India",331677,43.1,IgnitionOn,1,151,131.6,6,-113
4c982792-6ec6-4806-961f-e70e7f7bc081-14,EDC_BS6_PERIODIC,2025-12-06 01:49:38,2025-12-07 13:59:55,17.0823584,79.7905216,11703,8252,FixOK,A,ObV5CS1912,T417F6b453,"3QJR+X6 Eklashkhanpet, Telangana, India",331677.125,41.85,IgnitionOn,1,150.699,127.9,5,-113
4c982792-6ec6-4806-961f-e70e7f7bc081-15,EDC_BS6_PERIODIC,2025-12-06 01:49:44,2025-12-07 13:59:55,17.081992,79.7909824,11704,8252,FixOK,A,ObV5CS1912,T417F6b453,"3QJR+X6 Eklashkhanpet, Telangana, India",331677.25,38.87,IgnitionOn,1,150.55,130.8,5,-113
4c982792-6ec6-4806-961f-e70e7f7bc081-16,EDC_BS6_PERIODIC,2025-12-06 01:49:50,2025-12-07 13:59:55,17.0816496,79.791424,11705,8252,FixOK,A,ObV5CS1912,T417F6b453,"3QJR+X6 Eklashkhanpet, Telangana, India",331677.25,38.34,IgnitionOn,1,150.379,129.5,4,-113
4c982792-6ec6-4806-961f-e70e7f7bc081-17,EDC_BS6_PERIODIC,2025-12-06 01:49:56,2025-12-07 13:59:55,17.0812944,79.7918656,11706,8252,FixOK,A,ObV5CS1912,T417F6b453,"Vijayawada - Hyderabad Hwy, Eklashkhanpet, Telangana 508233, India",331677.375,39.1,IgnitionOn,1,150.139,130.5,4,-113
4c982792-6ec6-4806-961f-e70e7f7bc081-18,EDC_BS6_PERIODIC,2025-12-06 01:50:02,2025-12-07 13:59:55,17.0809312,79.7922944,11707,8252,FixOK,A,ObV5CS1912,T417F6b453,"Vijayawada - Hyderabad Hwy, Eklashkhanpet, Telangana 508233, India",331677.375,40.09,IgnitionOn,1,149.97,131.69,5,-113
4c982792-6ec6-4806-961f-e70e7f7bc081-19,EDC_BS6_PERIODIC,2025-12-06 01:50:08,2025-12-07 13:59:55,17.08052,79.792704,11708,8252,FixOK,A,ObV5CS1912,T417F6b453,"3QJV+72 Eklashkhanpet, Telangana, India",331677.5,39.86,IgnitionOn,1,149.869,134.89,5,-113
4c982792-6ec6-4806-961f-e70e7f7bc081-20,EDC_BS6_PERIODIC,2025-12-06 01:50:14,2025-12-07 13:59:55,17.0800976,79.7931264,11709,8252,FixOK,A,ObV5CS1912,T417F6b453,"3QJV+27 Eklashkhanpet, Telangana, India",331677.5,39.31,IgnitionOn,1,149.75,135.6,4,-113
4c982792-6ec6-4806-961f-e70e7f7bc081-21,EDC_BS6_PERIODIC,2025-12-06 01:50:20,2025-12-07 13:59:55,17.079696,79.7935488,11710,8252,FixOK,A,ObV5CS1912,T417F6b453,"3QHV+RG Eklashkhanpet, Telangana, India",331677.625,39.27,IgnitionOn,1,149.36,134.6,4,-113
4c982792-6ec6-4806-961f-e70e7f7bc081-22,EDC_BS6_PERIODIC,2025-12-06 01:50:26,2025-12-07 13:59:55,17.0792944,79.7939904,11711,8252,FixOK,A,ObV5CS1912,T417F6b453,"Vijayawada - Hyderabad Hwy, Eklashkhanpet, Telangana 508233, India",331677.625,39.7,IgnitionOn,1,149.221,132.89,4,-113
4c982792-6ec6-4806-961f-e70e7f7bc081-23,EDC_BS6_PERIODIC,2025-12-06 01:50:32,2025-12-07 13:59:55,17.078928,79.7944832,11712,8252,FixOK,A,ObV5CS1912,T417F6b453,"Vijayawada - Hyderabad Hwy, Eklashkhanpet, Telangana 508233, India",331677.75,39.16,IgnitionOn,1,148.699,127.5,4,-113
4c982792-6ec6-4806-961f-e70e7f7bc081-24,EDC_BS6_PERIODIC,2025-12-06 01:50:38,2025-12-07 13:59:55,17.0786208,79.79504,11713,8252,FixOK,A,ObV5CS1912,T417F6b453,"Vijayawada - Hyderabad Hwy, Eklashkhanpet, Telangana 508233, India",331677.875,42.72,IgnitionOn,1,148.46,120.3,5,-113
4c982792-6ec6-4806-961f-e70e7f7bc081-25,EDC_BS6_PERIODIC,2025-12-06 01:50:44,2025-12-07 13:59:55,17.078384,79.79568,11714,8252,FixOK,A,ObV5CS1912,T417F6b453,"Hyderabad - Vijayawada Hwy, Eklashkhanpet, Telangana 508233, India",331677.875,43.74,IgnitionOn,1,147.74,107.5,5,-113
4c982792-6ec6-4806-961f-e70e7f7bc081-26,EDC_BS6_PERIODIC,2025-12-06 01:50:50,2025-12-07 13:59:55,17.0782256,79.79632,11715,8252,FixOK,A,ObV5CS1912,T417F6b453,"Hyderabad - Vijayawada Hwy, Eklashkhanpet, Telangana 508233, India",331678,43.76,IgnitionOn,1,147.32,102.5,5,-113
4c982792-6ec6-4806-961f-e70e7f7bc081-27,EDC_BS6_PERIODIC,2025-12-06 01:50:56,2025-12-07 13:59:55,17.078136,79.7969408,11716,8252,FixOK,A,ObV5CS1912,T417F6b453,"Hyderabad - Vijayawada Hwy, Eklashkhanpet, Telangana 508233, India",331678,41.87,IgnitionOn,1,146.85,98.8,5,-113
4c982792-6ec6-4806-961f-e70e7f7bc081-28,EDC_BS6_PERIODIC,2025-12-06 01:51:02,2025-12-07 13:59:55,17.07804,79.7975552,11717,8252,FixOK,A,ObV5CS1912,T417F6b453,"Hyderabad - Vijayawada Hwy, Eklashkhanpet, Telangana 508233, India",331678.125,40.5,IgnitionOn,1,146.305,100.5,5,-113
4c982792-6ec6-4806-961f-e70e7f7bc081-29,EDC_BS6_PERIODIC,2025-12-06 01:51:08,2025-12-07 13:59:55,17.077944,79.7981312,11718,8252,FixOK,A,ObV5CS1912,T417F6b453,"Hyderabad - Vijayawada Hwy, Eklashkhanpet, Telangana 508233, India",331678.25,38.94,IgnitionOn,1,145.07,99.69,5,-113
4c982792-6ec6-4806-961f-e70e7f7bc081-30,EDC_BS6_PERIODIC,2025-12-06 01:51:14,2025-12-07 13:59:55,17.077848,79.7987264,11719,8252,FixOK,A,ObV5CS1912,T417F6b453,"Hyderabad - Vijayawada Hwy, Eklashkhanpet, Telangana 508233, India",331678.25,40.61,IgnitionOn,1,144.02,101.59,5,-113
4c982792-6ec6-4806-961f-e70e7f7bc081-31,EDC_BS6_PERIODIC,2025-12-06 01:51:20,2025-12-07 13:59:55,17.077688,79.7993472,11720,8252,FixOK,A,ObV5CS1912,T417F6b453,"Hyderabad - Vijayawada Hwy, Eklashkhanpet, Telangana 508233, India",331678.375,43.14,IgnitionOn,1,143.699,107.8,4,-113
4c982792-6ec6-4806-961f-e70e7f7bc081-32,EDC_BS6_PERIODIC,2025-12-06 01:51:26,2025-12-07 13:59:55,17.0773984,79.7999104,11721,8252,FixOK,A,ObV5CS1912,T417F6b453,"Hyderabad - Vijayawada Hwy, Eklashkhanpet, Telangana 508233, India",331678.375,44.3,IgnitionOn,1,143.649,116.8,4,-113
4c982792-6ec6-4806-961f-e70e7f7bc081-33,EDC_BS6_PERIODIC,2025-12-06 01:51:32,2025-12-07 13:59:55,17.0770272,79.8003968,11722,8252,FixOK,A,ObV5CS1912,T417F6b453,"Hyderabad - Vijayawada Hwy, Eklashkhanpet, Telangana 508233, India",331678.5,42.57,IgnitionOn,1,143.559,127.9,4,-113
4c982792-6ec6-4806-961f-e70e7f7bc081-34,EDC_BS6_PERIODIC,2025-12-06 01:51:38,2025-12-07 13:59:55,17.0765952,79.8007808,11723,8252,FixOK,A,ObV5CS1912,T417F6b453,"Hyderabad - Vijayawada Hwy, Eklashkhanpet, Telangana 508233, India",331678.5,37.19,IgnitionOn,1,143.443,138.39,4,-113
4c982792-6ec6-4806-961f-e70e7f7bc081-35,EDC_BS6_PERIODIC,2025-12-06 01:51:44,2025-12-07 13:59:55,17.0761056,79.8011456,11724,8252,FixOK,A,ObV5CS1912,T417F6b453,"3RG2+9F Eklashkhanpet, Telangana, India",331678.625,42.3,IgnitionOn,1,143.059,146.5,4,-113
4c982792-6ec6-4806-961f-e70e7f7bc081-36,EDC_BS6_PERIODIC,2025-12-06 01:51:50,2025-12-07 13:59:55,17.0756128,79.8014848,11725,8252,FixOK,A,ObV5CS1912,T417F6b453,"3RG2+9F Eklashkhanpet, Telangana, India",331678.75,40.32,IgnitionOn,1,142.889,146.69,4,-113
4c982792-6ec6-4806-961f-e70e7f7bc081-37,EDC_BS6_PERIODIC,2025-12-06 01:51:56,2025-12-07 13:59:55,17.07512,79.8018304,11726,8252,FixOK,A,ObV5CS1912,T417F6b453,"Hyderabad - Vijayawada Hwy, Eklashkhanpet, Telangana 508233, India",331678.75,40.45,IgnitionOn,1,142.589,145.89,4,-113
4c982792-6ec6-4806-961f-e70e7f7bc081-38,EDC_BS6_PERIODIC,2025-12-06 01:52:02,2025-12-07 13:59:55,17.074608,79.8021888,11727,8252,FixOK,A,ObV5CS1912,T417F6b453,"Hyderabad - Vijayawada Hwy, Eklashkhanpet, Telangana 508233, India",331678.875,41.62,IgnitionOn,1,142.24,146,4,-113
4c982792-6ec6-4806-961f-e70e7f7bc081-39,EDC_BS6_PERIODIC,2025-12-06 01:52:08,2025-12-07 13:59:55,17.0740768,79.8025536,11728,8252,FixOK,A,ObV5CS1912,T417F6b453,"3RF3+973, NH 65, Eklashkhanpet, Telangana 508233, India",331678.875,43.25,IgnitionOn,1,141.99,146.89,4,-113
4c982792-6ec6-4806-961f-e70e7f7bc081-40,EDC_BS6_PERIODIC,2025-12-06 01:52:14,2025-12-07 13:59:55,17.0735488,79.802944,11729,8252,FixOK,A,ObV5CS1912,T417F6b453,"3RF3+973, NH 65, Eklashkhanpet, Telangana 508233, India",331679,44.18,IgnitionOn,1,141.889,145.1,4,-113
4c982792-6ec6-4806-961f-e70e7f7bc081-41,EDC_BS6_PERIODIC,2025-12-06 01:52:20,2025-12-07 13:59:55,17.0730304,79.803328,11730,8252,FixOK,A,ObV5CS1912,T417F6b453,"3RF3+973, NH 65, Eklashkhanpet, Telangana 508233, India",331679.125,45.6,IgnitionOn,1,141.389,144.8,4,-113
4c982792-6ec6-4806-961f-e70e7f7bc081-42,EDC_BS6_PERIODIC,2025-12-06 01:52:26,2025-12-07 13:59:55,17.072504,79.8036992,11731,8252,FixOK,A,ObV5CS1912,T417F6b453,"Hyderabad - Vijayawada Hwy, Eklashkhanpet, Telangana 508233, India",331679.125,44.78,IgnitionOn,1,141.16,146.1,4,-113
4c982792-6ec6-4806-961f-e70e7f7bc081-43,EDC_BS6_PERIODIC,2025-12-06 01:52:32,2025-12-07 13:59:55,17.0719552,79.804032,11732,8252,FixOK,A,ObV5CS1912,T417F6b453,"3RF3+794, Hyderabad - Vijayawada Hwy, Eklashkhanpet, Telangana 508233, India",331679.25,44.06,IgnitionOn,1,141.039,149.19,4,-113
4c982792-6ec6-4806-961f-e70e7f7bc081-44,EDC_BS6_PERIODIC,2025-12-06 01:52:38,2025-12-07 13:59:55,17.071392,79.8042944,11733,8252,FixOK,A,ObV5CS1912,T417F6b453,"Vijayawada - Hyderabad Hwy, Eklashkhanpet, Telangana 508233, India",331679.25,45.1,IgnitionOn,1,140.8,153.1,4,-113
4c982792-6ec6-4806-961f-e70e7f7bc081-45,EDC_BS6_PERIODIC,2025-12-06 01:52:44,2025-12-07 13:59:55,17.070792,79.8045504,11734,8252,FixOK,A,ObV5CS1912,T417F6b453,"Hyderabad - Vijayawada Hwy, Eklashkhanpet, Telangana 508233, India",331679.375,46.43,IgnitionOn,1,140.61,158.89,4,-113
4c982792-6ec6-4806-961f-e70e7f7bc081-46,EDC_BS6_PERIODIC,2025-12-06 01:52:50,2025-12-07 13:59:55,17.070136,79.8048,11735,8252,FixOK,A,ObV5CS1912,T417F6b453,"3RC3+5R Eklashkhanpet, Telangana, India",331679.5,45.99,IgnitionOn,1,140.489,159.6,4,-113
4c982792-6ec6-4806-961f-e70e7f7bc081-47,EDC_BS6_PERIODIC,2025-12-06 01:52:56,2025-12-07 13:59:55,17.069464,79.8050688,11736,8252,FixOK,A,ObV5CS1912,T417F6b453,"3R94+H4 Eklashkhanpet, Telangana, India",331679.5,46.14,IgnitionOn,1,140.27,158.69,4,-113
4c982792-6ec6-4806-961f-e70e7f7bc081-48,EDC_BS6_PERIODIC,2025-12-06 01:53:02,2025-12-07 13:59:55,17.0687616,79.8054016,11737,8252,FixOK,A,ObV5CS1912,T417F6b453,"3R94+H4 Eklashkhanpet, Telangana, India",331679.625,44.18,IgnitionOn,1,140.07,155.69,4,-113
4c982792-6ec6-4806-961f-e70e7f7bc081-49,EDC_BS6_PERIODIC,2025-12-06 01:53:08,2025-12-07 13:59:55,17.068136,79.8057664,11738,8252,FixOK,A,ObV5CS1912,T417F6b453,"Hyderabad - Vijayawada Hwy, Eklashkhanpet, Telangana 508233, India",331679.75,41.55,IgnitionOn,1,139.82,151.3,4,-113
4c982792-6ec6-4806-961f-e70e7f7bc081-50,EDC_BS6_PERIODIC,2025-12-06 01:53:14,2025-12-07 13:59:55,17.06768,79.8062144,11739,8252,FixOK,A,ObV5CS1912,T417F6b453,"Hyderabad - Vijayawada Hwy, Eklashkhanpet, Telangana 508233, India",331679.75,41.55,IgnitionOn,1,139.639,133.89,4,-113
ac045d4e-3955-4b6d-9da7-6c9244a55369-1,EDC_BS6_PERIODIC,2025-12-06 01:53:20,2025-12-07 14:00:14,17.0672656,79.8067456,11740,8252,FixOK,A,ObV5CS1912,T417F6b453,"Hyderabad - Vijayawada Hwy, Eklashkhanpet, Telangana 508233, India",331679.875,43.64,IgnitionOn,1,139.5,125.3,4,-113
ac045d4e-3955-4b6d-9da7-6c9244a55369-2,EDC_BS6_PERIODIC,2025-12-06 01:53:26,2025-12-07 14:00:14,17.0669136,79.807328,11741,8252,FixOK,A,ObV5CS1912,T417F6b453,"Hyderabad - Vijayawada Hwy, Eklashkhanpet, Telangana 508233, India",331679.875,44.52,IgnitionOn,1,139.369,120.8,4,-113
ac045d4e-3955-4b6d-9da7-6c9244a55369-3,EDC_BS6_PERIODIC,2025-12-06 01:53:32,2025-12-07 14:00:14,17.0666544,79.807968,11742,8252,FixOK,A,ObV5CS1912,T417F6b453,"Hyderabad - Vijayawada Hwy, Eklashkhanpet, Telangana 508233, India",331680,44.49,IgnitionOn,1,138.16,117.5,5,-113
ac045d4e-3955-4b6d-9da7-6c9244a55369-4,EDC_BS6_PERIODIC,2025-12-06 01:53:38,2025-12-07 14:00:14,17.0664832,79.8086144,11743,8252,FixOK,A,ObV5CS1912,T417F6b453,"Vijayawada - Hyderabad Hwy, Eklashkhanpet, Telangana 508233, India",331680.125,44.9,IgnitionOn,1,138.149,108.5,4,-113
ac045d4e-3955-4b6d-9da7-6c9244a55369-5,EDC_BS6_PERIODIC,2025-12-06 01:53:44,2025-12-07 14:00:14,17.066344,79.8092736,11744,8252,FixOK,A,ObV5CS1912,T417F6b453,"Vijayawada - Hyderabad Hwy, Eklashkhanpet, Telangana 508233, India",331680.125,44.23,IgnitionOn,1,137.66,105.5,5,-113
ac045d4e-3955-4b6d-9da7-6c9244a55369-6,EDC_BS6_PERIODIC,2025-12-06 01:53:50,2025-12-07 14:00:14,17.066176,79.809888,11745,8252,FixOK,A,ObV5CS1912,T417F6b453,"3R85+HX Eklashkhanpet, Telangana, India",331680.25,42.03,IgnitionOn,1,137.99,106.9,5,-113
ac045d4e-3955-4b6d-9da7-6c9244a55369-7,EDC_BS6_PERIODIC,2025-12-06 01:53:56,2025-12-07 14:00:14,17.066008,79.8104832,11746,8252,FixOK,A,ObV5CS1912,T417F6b453,"3R85+HX Eklashkhanpet, Telangana, India",331680.375,41.07,IgnitionOn,1,138.72,106.5,5,-113
ac045d4e-3955-4b6d-9da7-6c9244a55369-8,EDC_BS6_PERIODIC,2025-12-06 01:54:02,2025-12-07 14:00:14,17.065848,79.8110848,11747,8252,FixOK,A,ObV5CS1912,T417F6b453,"Hyderabad - Vijayawada Hwy, Eklashkhanpet, Telangana 508233, India",331680.375,41.93,IgnitionOn,1,139.003,106,4,-113
ac045d4e-3955-4b6d-9da7-6c9244a55369-9,EDC_BS6_PERIODIC,2025-12-06 01:54:08,2025-12-07 14:00:14,17.065648,79.8116992,11748,8252,FixOK,A,ObV5CS1912,T417F6b453,"3R86+9M Eklashkhanpet, Telangana, India",331680.5,40.73,IgnitionOn,1,139.399,109.09,4,-113
ac045d4e-3955-4b6d-9da7-6c9244a55369-10,EDC_BS6_PERIODIC,2025-12-06 01:54:14,2025-12-07 14:00:14,17.0654432,79.8122624,11749,8252,FixOK,A,ObV5CS1912,T417F6b453,"Vijayawada - Hyderabad Hwy, Eklashkhanpet, Telangana 508233, India",331680.5,40.96,IgnitionOn,1,139.089,112.5,4,-113
ac045d4e-3955-4b6d-9da7-6c9244a55369-11,EDC_BS6_PERIODIC,2025-12-06 01:54:20,2025-12-07 14:00:14,17.0652288,79.8128064,11750,8252,FixOK,A,ObV5CS1912,T417F6b453,"Thadvai, NH65, Eklashkhanpet, Telangana 508233, India",331680.625,39.56,IgnitionOn,1,139.039,112.8,4,-113
ac045d4e-3955-4b6d-9da7-6c9244a55369-12,EDC_BS6_PERIODIC,2025-12-06 01:54:26,2025-12-07 14:00:14,17.0649984,79.8133184,11751,8252,FixOK,A,ObV5CS1912,T417F6b453,"Thadvai, NH65, Eklashkhanpet, Telangana 508233, India",331680.625,39.14,IgnitionOn,1,138.88,116.8,4,-113
ac045d4e-3955-4b6d-9da7-6c9244a55369-13,EDC_BS6_PERIODIC,2025-12-06 01:54:32,2025-12-07 14:00:14,17.064728,79.8138496,11752,8252,FixOK,A,ObV5CS1912,T417F6b453,"Thadvai, NH 65, Eklashkhanpet, Telangana 508233, India",331680.75,40.18,IgnitionOn,1,138.82,118.69,4,-113
ac045d4e-3955-4b6d-9da7-6c9244a55369-14,EDC_BS6_PERIODIC,2025-12-06 01:54:38,2025-12-07 14:00:14,17.0644608,79.8143872,11753,8252,FixOK,A,ObV5CS1912,T417F6b453,"Thadvai, NH65, Eklashkhanpet, Telangana 508233, India",331680.75,39.86,IgnitionOn,1,138.789,116.59,4,-113
ac045d4e-3955-4b6d-9da7-6c9244a55369-15,EDC_BS6_PERIODIC,2025-12-06 01:54:44,2025-12-07 14:00:14,17.0641984,79.8149376,11754,8252,FixOK,A,ObV5CS1912,T417F6b453,"Thadvai, NH 65, Eklashkhanpet, Telangana 508233, India",331680.875,41.34,IgnitionOn,1,138.699,115.69,4,-113
ac045d4e-3955-4b6d-9da7-6c9244a55369-16,EDC_BS6_PERIODIC,2025-12-06 01:54:50,2025-12-07 14:00:14,17.0639264,79.8155008,11755,8252,FixOK,A,ObV5CS1912,T417F6b453,"Thadvai, NH 65, Eklashkhanpet, Telangana 508233, India",331681,43.86,IgnitionOn,1,138.529,116.9,4,-113
ac045d4e-3955-4b6d-9da7-6c9244a55369-17,EDC_BS6_PERIODIC,2025-12-06 01:54:56,2025-12-07 14:00:14,17.0636192,79.8160704,11756,8252,FixOK,A,ObV5CS1912,T417F6b453,"Thadvai, NH 65, Eklashkhanpet, Telangana 508233, India",331681,44.31,IgnitionOn,1,138.47,120.19,4,-113
ac045d4e-3955-4b6d-9da7-6c9244a55369-19,EDC_BS6_PERIODIC,2025-12-06 01:55:02,2025-12-07 14:00:14,17.06328,79.8166336,11757,8252,FixOK,A,ObV5CS1912,T417F6b453,"Hyderabad - Vijayawada Hwy, Eklashkhanpet, Telangana 508233, India",331681.125,43.59,IgnitionOn,1,138.41,122.5,4,-113
ac045d4e-3955-4b6d-9da7-6c9244a55369-20,EDC_BS6_PERIODIC,2025-12-06 01:55:08,2025-12-07 14:00:14,17.0629312,79.817184,11758,8252,FixOK,A,ObV5CS1912,T417F6b453,"Hyderabad - Vijayawada Hwy, Eklashkhanpet, Telangana 508233, India",331681.125,43.5,IgnitionOn,1,138.339,121.09,4,-113
ac045d4e-3955-4b6d-9da7-6c9244a55369-21,EDC_BS6_PERIODIC,2025-12-06 01:55:14,2025-12-07 14:00:14,17.0626112,79.8177152,11759,8252,FixOK,A,ObV5CS1912,T417F6b453,"Hyderabad - Vijayawada Hwy, Eklashkhanpet, Telangana 508233, India",331681.25,43.13,IgnitionOn,1,138.297,121.9,4,-113
ac045d4e-3955-4b6d-9da7-6c9244a55369-22,EDC_BS6_PERIODIC,2025-12-06 01:55:20,2025-12-07 14:00:14,17.0622944,79.8182464,11760,8252,FixOK,A,ObV5CS1912,T417F6b453,"3R69+X8 Eklashkhanpet, Telangana, India",331681.375,42.43,IgnitionOn,1,138.21,122.09,4,-113
ac045d4e-3955-4b6d-9da7-6c9244a55369-23,EDC_BS6_PERIODIC,2025-12-06 01:55:26,2025-12-07 14:00:14,17.061952,79.8187648,11761,8252,FixOK,A,ObV5CS1912,T417F6b453,"3R69+FR, Rama Puram, Telangana 508233, India",331681.375,41.71,IgnitionOn,1,138.13,124.5,4,-113
ac045d4e-3955-4b6d-9da7-6c9244a55369-24,EDC_BS6_PERIODIC,2025-12-06 01:55:32,2025-12-07 14:00:14,17.0615968,79.8192896,11762,8252,FixOK,A,ObV5CS1912,T417F6b453,"3R69+FR, Rama Puram, Telangana 508233, India",331681.5,40.61,IgnitionOn,1,138.059,124.8,4,-113
ac045d4e-3955-4b6d-9da7-6c9244a55369-25,EDC_BS6_PERIODIC,2025-12-06 01:55:38,2025-12-07 14:00:14,17.0612512,79.8198272,11763,8252,FixOK,A,ObV5CS1912,T417F6b453,"Vijayawada - Hyderabad Hwy, Rama Puram, Telangana 508233, India",331681.5,42.64,IgnitionOn,1,137.979,124.5,4,-113
ac045d4e-3955-4b6d-9da7-6c9244a55369-26,EDC_BS6_PERIODIC,2025-12-06 01:55:44,2025-12-07 14:00:14,17.060928,79.820384,11764,8252,FixOK,A,ObV5CS1912,T417F6b453,"Vijayawada - Hyderabad Hwy, Rama Puram, Telangana 508233, India",331681.625,41.14,IgnitionOn,1,137.899,119.5,4,-113
ac045d4e-3955-4b6d-9da7-6c9244a55369-27,EDC_BS6_PERIODIC,2025-12-06 01:55:50,2025-12-07 14:00:14,17.0606416,79.8209408,11765,8252,FixOK,A,ObV5CS1912,T417F6b453,"NH65, Rama Puram, Telangana 508233, India",331681.75,42.95,IgnitionOn,1,137.871,117.5,4,-113
ac045d4e-3955-4b6d-9da7-6c9244a55369-28,EDC_BS6_PERIODIC,2025-12-06 01:55:56,2025-12-07 14:00:14,17.0603712,79.8215424,11766,8252,FixOK,A,ObV5CS1912,T417F6b453,"Vijayawada - Hyderabad Hwy, Rama Puram, Telangana 508233, India",331681.75,42.74,IgnitionOn,1,137.789,114.69,4,-113
ac045d4e-3955-4b6d-9da7-6c9244a55369-29,EDC_BS6_PERIODIC,2025-12-06 01:56:02,2025-12-07 14:00:14,17.0600768,79.8221184,11767,8252,FixOK,A,ObV5CS1912,T417F6b453,"Vijayawada - Hyderabad Hwy, Rama Puram, Telangana 508233, India",331681.875,42.65,IgnitionOn,1,137.669,118.19,4,-113
ac045d4e-3955-4b6d-9da7-6c9244a55369-30,EDC_BS6_PERIODIC,2025-12-06 01:56:08,2025-12-07 14:00:14,17.0597792,79.8226816,11768,8252,FixOK,A,ObV5CS1912,T417F6b453,"3R5F+M3Q, Rama Puram, Telangana 508233, India",331681.875,43.09,IgnitionOn,1,137.6,120.19,4,-113
ac045d4e-3955-4b6d-9da7-6c9244a55369-31,EDC_BS6_PERIODIC,2025-12-06 01:56:14,2025-12-07 14:00:14,17.0595072,79.8232192,11769,8252,FixOK,A,ObV5CS1912,T417F6b453,"3R5F+M3Q, Rama Puram, Telangana 508233, India",331682,41.29,IgnitionOn,1,137.24,120.8,4,-113
ac045d4e-3955-4b6d-9da7-6c9244a55369-32,EDC_BS6_PERIODIC,2025-12-06 01:56:20,2025-12-07 14:00:14,17.0592192,79.8237376,11770,8252,FixOK,A,ObV5CS1912,T417F6b453,"3R5F+M3Q, Rama Puram, Telangana 508233, India",331682.125,41.07,IgnitionOn,1,136.929,121,4,-113
ac045d4e-3955-4b6d-9da7-6c9244a55369-33,EDC_BS6_PERIODIC,2025-12-06 01:56:26,2025-12-07 14:00:14,17.05892,79.8242688,11771,8252,FixOK,A,ObV5CS1912,T417F6b453,"3R5F+M3Q, Rama Puram, Telangana 508233, India",331682.125,42.29,IgnitionOn,1,136.753,123.59,4,-113
bc5a8419-2853-4824-890a-73b7ca164717-1,EDC_BS6_PERIODIC,2025-12-06 01:56:32,2025-12-07 14:00:35,17.058576,79.8247808,11772,8252,FixOK,A,ObV5CS1912,T417F6b453,"NH 65, Munagala, Telangana 508233, India",331682.25,42.05,IgnitionOn,1,136.58,125.5,4,-113
bc5a8419-2853-4824-890a-73b7ca164717-2,EDC_BS6_PERIODIC,2025-12-06 01:56:38,2025-12-07 14:00:35,17.058216,79.825312,11773,8252,FixOK,A,ObV5CS1912,T417F6b453,"3R5G+83 Rama Puram, Telangana, India",331682.25,41.9,IgnitionOn,1,138.559,126.4,4,-113
bc5a8419-2853-4824-890a-73b7ca164717-3,EDC_BS6_PERIODIC,2025-12-06 01:56:44,2025-12-07 14:00:35,17.0578528,79.8258176,11774,8252,FixOK,A,ObV5CS1912,T417F6b453,"Hyderabad - Vijayawada Hwy, Munagala, Telangana 508233, India",331682.375,40.43,IgnitionOn,1,142.149,127.9,4,-113
bc5a8419-2853-4824-890a-73b7ca164717-4,EDC_BS6_PERIODIC,2025-12-06 01:56:50,2025-12-07 14:00:35,17.057504,79.8262976,11775,8252,FixOK,A,ObV5CS1912,T417F6b453,"Hyderabad - Vijayawada Hwy, Munagala, Telangana 508233, India",331682.375,38.68,IgnitionOn,1,143.72,127.19,4,-113
bc5a8419-2853-4824-890a-73b7ca164717-5,EDC_BS6_PERIODIC,2025-12-06 01:56:56,2025-12-07 14:00:35,17.0571392,79.8267648,11776,8252,FixOK,A,ObV5CS1912,T417F6b453,"3R5G+4M7, Munagala, Telangana 508233, India",331682.5,38.1,IgnitionOn,1,145.86,127.09,4,-113
bc5a8419-2853-4824-890a-73b7ca164717-6,EDC_BS6_PERIODIC,2025-12-06 01:57:02,2025-12-07 14:00:35,17.0567776,79.8272576,11777,8252,FixOK,A,ObV5CS1912,T417F6b453,"3R5G+4M7, Munagala, Telangana 508233, India",331682.625,40.34,IgnitionOn,1,147.215,128,4,-113
bc5a8419-2853-4824-890a-73b7ca164717-7,EDC_BS6_PERIODIC,2025-12-06 01:57:08,2025-12-07 14:00:35,17.0564288,79.827744,11778,8252,FixOK,A,ObV5CS1912,T417F6b453,"3R4H+W6M, beside Current Substation, Munagala, Telangana 508233, India",331682.625,41.03,IgnitionOn,1,148.369,126.19,4,-113
bc5a8419-2853-4824-890a-73b7ca164717-8,EDC_BS6_PERIODIC,2025-12-06 01:57:14,2025-12-07 14:00:35,17.0560496,79.8282176,11779,8252,FixOK,A,ObV5CS1912,T417F6b453,"3R4H+W6M, beside Current Substation, Munagala, Telangana 508233, India",331682.625,42.16,IgnitionOn,1,148.669,132.3,4,-113
bc5a8419-2853-4824-890a-73b7ca164717-9,EDC_BS6_PERIODIC,2025-12-06 01:57:20,2025-12-07 14:00:35,17.055632,79.8286592,11780,8252,FixOK,A,ObV5CS1912,T417F6b453,"Hyderabad - Vijayawada Hwy, Munagala, Telangana 508233, India",331682.75,41.19,IgnitionOn,1,149.669,134.3,5,-113
bc5a8419-2853-4824-890a-73b7ca164717-10,EDC_BS6_PERIODIC,2025-12-06 01:57:26,2025-12-07 14:00:35,17.0551712,79.8290944,11781,8252,FixOK,A,ObV5CS1912,T417F6b453,"3R3H+VQJ, Munagala, Telangana 508233, India",331682.875,40.48,IgnitionOn,1,150.05,136,5,-113
bc5a8419-2853-4824-890a-73b7ca164717-11,EDC_BS6_PERIODIC,2025-12-06 01:57:32,2025-12-07 14:00:35,17.0547488,79.8295616,11782,8252,FixOK,A,ObV5CS1912,T417F6b453,"3R3H+WXG, Rama Puram, Telangana 508233, India",331682.875,40.5,IgnitionOn,1,150.279,132.89,5,-113
bc5a8419-2853-4824-890a-73b7ca164717-12,EDC_BS6_PERIODIC,2025-12-06 01:57:38,2025-12-07 14:00:35,17.05436,79.830048,11783,8252,FixOK,A,ObV5CS1912,T417F6b453,"3R3J+C6V, Suryapet, Telangana 508233, India",331683,40.77,IgnitionOn,1,150.101,130.8,5,-113
bc5a8419-2853-4824-890a-73b7ca164717-13,EDC_BS6_PERIODIC,2025-12-06 01:57:44,2025-12-07 14:00:35,17.054016,79.8305664,11784,8252,FixOK,A,ObV5CS1912,T417F6b453,"3R3J+MCG, Munagala, Telangana 508233, India",331683,41.02,IgnitionOn,1,149.97,121.19,4,-113
bc5a8419-2853-4824-890a-73b7ca164717-14,EDC_BS6_PERIODIC,2025-12-06 01:57:50,2025-12-07 14:00:35,17.0537248,79.831104,11785,8252,FixOK,A,ObV5CS1912,T417F6b453,"3R3J+MCG, Munagala, Telangana 508233, India",331683.125,41.23,IgnitionOn,1,149.52,117.4,5,-113
bc5a8419-2853-4824-890a-73b7ca164717-15,EDC_BS6_PERIODIC,2025-12-06 01:57:56,2025-12-07 14:00:35,17.0534752,79.8316864,11786,8252,FixOK,A,ObV5CS1912,T417F6b453,"Ground Floor, Raja Building, NH65, opp. Govt Hospital, Munagala, Telangana 508233, India",331683.125,40.89,IgnitionOn,1,148.44,112.9,4,-113
bc5a8419-2853-4824-890a-73b7ca164717-16,EDC_BS6_PERIODIC,2025-12-06 01:58:02,2025-12-07 14:00:35,17.05328,79.832288,11787,8252,FixOK,A,ObV5CS1912,T417F6b453,"Ground Floor, Raja Building, NH65, opp. Govt Hospital, Munagala, Telangana 508233, India",331683.25,40.96,IgnitionOn,1,147.41,109,5,-113
bc5a8419-2853-4824-890a-73b7ca164717-17,EDC_BS6_PERIODIC,2025-12-06 01:58:08,2025-12-07 14:00:35,17.0531488,79.8328704,11788,8252,FixOK,A,ObV5CS1912,T417F6b453,"Ground Floor, Raja Building, NH 65, opp. Govt Hospital, Munagala, Telangana 508233, India",331683.25,39.7,IgnitionOn,1,146.449,103.69,6,-113
bc5a8419-2853-4824-890a-73b7ca164717-18,EDC_BS6_PERIODIC,2025-12-06 01:58:14,2025-12-07 14:00:35,17.0530784,79.8334208,11789,8252,FixOK,A,ObV5CS1912,T417F6b453,"Ground Floor, Raja Building, NH 65, opp. Govt Hospital, Munagala, Telangana 508233, India",331683.375,37.38,IgnitionOn,1,145.405,102.69,6,-113
bc5a8419-2853-4824-890a-73b7ca164717-19,EDC_BS6_PERIODIC,2025-12-06 01:58:20,2025-12-07 14:00:35,17.0529616,79.8339968,11790,8252,FixOK,A,ObV5CS1912,T417F6b453,"3R3M+9M7, Munagala, Telangana 508233, India",331683.5,37.47,IgnitionOn,1,144.309,99.5,5,-113
bc5a8419-2853-4824-890a-73b7ca164717-20,EDC_BS6_PERIODIC,2025-12-06 01:58:26,2025-12-07 14:00:35,17.052888,79.8346304,11791,8252,FixOK,A,ObV5CS1912,T417F6b453,"Nalgonda, NH-9, Vijayavada Hydrabad Road, Munagala, Munagala, Telangana 508233, India",331683.5,41.79,IgnitionOn,1,143.6,96.19,5,-113
bc5a8419-2853-4824-890a-73b7ca164717-21,EDC_BS6_PERIODIC,2025-12-06 01:58:32,2025-12-07 14:00:35,17.052808,79.8353152,11792,8252,FixOK,A,ObV5CS1912,T417F6b453,"Nalgonda, NH-9, Vijayavada Hydrabad Road, Munagala, Munagala, Telangana 508233, India",331683.625,44.66,IgnitionOn,1,142.789,97.4,5,-113
bc5a8419-2853-4824-890a-73b7ca164717-22,EDC_BS6_PERIODIC,2025-12-06 01:58:38,2025-12-07 14:00:35,17.0527216,79.8359808,11793,8252,FixOK,A,ObV5CS1912,T417F6b453,"3R3P+389, Munagala, Telangana 508233, India",331683.625,45.18,IgnitionOn,1,142.13,98.3,5,-113
bc5a8419-2853-4824-890a-73b7ca164717-23,EDC_BS6_PERIODIC,2025-12-06 01:58:44,2025-12-07 14:00:35,17.052576,79.836608,11794,8252,FixOK,A,ObV5CS1912,T417F6b453,"3R3P+4VV, NH 65, Munagala, Telangana 508233, India",331683.75,43.63,IgnitionOn,1,141.58,110.3,5,-113
bc5a8419-2853-4824-890a-73b7ca164717-24,EDC_BS6_PERIODIC,2025-12-06 01:58:50,2025-12-07 14:00:35,17.052336,79.837152,11795,8252,FixOK,A,ObV5CS1912,T417F6b453,"Hyderabad - Vijayawada Hwy, Munagala, Telangana 508233, India",331683.875,40.02,IgnitionOn,1,141.389,117.59,5,-113
bc5a8419-2853-4824-890a-73b7ca164717-25,EDC_BS6_PERIODIC,2025-12-06 01:58:56,2025-12-07 14:00:35,17.0520256,79.837632,11796,8252,FixOK,A,ObV5CS1912,T417F6b453,"3R2Q+W5J, Munagala, Telangana 508233, India",331683.875,39.96,IgnitionOn,1,141.58,124.3,5,-113
bc5a8419-2853-4824-890a-73b7ca164717-26,EDC_BS6_PERIODIC,2025-12-06 01:59:02,2025-12-07 14:00:35,17.0516448,79.8380736,11797,8252,FixOK,A,ObV5CS1912,T417F6b453,"3R2Q+W5J, Munagala, Telangana 508233, India",331684,39.95,IgnitionOn,1,141.75,132.89,5,-113
bc5a8419-2853-4824-890a-73b7ca164717-27,EDC_BS6_PERIODIC,2025-12-06 01:59:08,2025-12-07 14:00:35,17.0512304,79.8384768,11798,8252,FixOK,A,ObV5CS1912,T417F6b453,"Vijayawada - Hyderabad Hwy, Munagala, Telangana 508233, India",331684,41.12,IgnitionOn,1,142.059,135.39,6,-113
bc5a8419-2853-4824-890a-73b7ca164717-28,EDC_BS6_PERIODIC,2025-12-06 01:59:14,2025-12-07 14:00:35,17.050792,79.838912,11799,8252,FixOK,A,ObV5CS1912,T417F6b453,"Thadvai, 3R2Q+FCQ, NH 65, Munagala, Telangana 508233, India",331684.125,40.98,IgnitionOn,1,142.22,133.3,5,-113
bc5a8419-2853-4824-890a-73b7ca164717-29,EDC_BS6_PERIODIC,2025-12-06 01:59:20,2025-12-07 14:00:35,17.0503392,79.839424,11800,8252,FixOK,A,ObV5CS1912,T417F6b453,"Vijayawada - Hyderabad Hwy, Munagala, Telangana 508233, India",331684.125,42.86,IgnitionOn,1,142.61,131.19,5,-113
bc5a8419-2853-4824-890a-73b7ca164717-30,EDC_BS6_PERIODIC,2025-12-06 01:59:26,2025-12-07 14:00:35,17.049928,79.8399872,11801,8252,FixOK,A,ObV5CS1912,T417F6b453,"Nalgonda NH-9, Vijayavada, Vijayawada - Hyderabad Hwy, Munagala, Telangana 508233, India",331684.25,43.92,IgnitionOn,1,143.201,126.3,4,-113
bc5a8419-2853-4824-890a-73b7ca164717-31,EDC_BS6_PERIODIC,2025-12-06 01:59:32,2025-12-07 14:00:35,17.0495616,79.8406272,11802,8252,FixOK,A,ObV5CS1912,T417F6b453,"Main road munagala, opposite s d k m l p b rice mill, Munagala, Telangana 508233, India",331684.375,44.68,IgnitionOn,1,143.85,123.19,4,-113
bc5a8419-2853-4824-890a-73b7ca164717-32,EDC_BS6_PERIODIC,2025-12-06 01:59:38,2025-12-07 14:00:35,17.0493408,79.8413568,11803,8252,FixOK,A,ObV5CS1912,T417F6b453,"Main road munagala, opposite s d k m l p b rice mill, Munagala, Telangana 508233, India",331684.375,47.64,IgnitionOn,1,143.559,112.19,5,-113
bc5a8419-2853-4824-890a-73b7ca164717-33,EDC_BS6_PERIODIC,2025-12-06 01:59:44,2025-12-07 14:00:35,17.0492832,79.8421184,11804,8252,FixOK,A,ObV5CS1912,T417F6b453,"Main road munagala, opposite s d k m l p b rice mill, Munagala, Telangana 508233, India",331684.5,50.31,IgnitionOn,1,143.509,97.3,5,-113
bc5a8419-2853-4824-890a-73b7ca164717-34,EDC_BS6_PERIODIC,2025-12-06 01:59:50,2025-12-07 14:00:35,17.0491968,79.8429312,11805,8252,FixOK,A,ObV5CS1912,T417F6b453,"Vijayawada - Hyderabad Hwy, Munagala, Telangana 508233, India",331684.625,53.86,IgnitionOn,1,143.22,97.59,5,-113
bc5a8419-2853-4824-890a-73b7ca164717-35,EDC_BS6_PERIODIC,2025-12-06 01:59:56,2025-12-07 14:00:35,17.0490704,79.843744,11806,8252,FixOK,A,ObV5CS1912,T417F6b453,"2RXV+W89, road, Munagala, Telangana 508233, India",331684.625,55.69,IgnitionOn,1,142.119,100.9,5,-113
bc5a8419-2853-4824-890a-73b7ca164717-36,EDC_BS6_PERIODIC,2025-12-06 02:00:02,2025-12-07 14:00:35,17.0488656,79.8444864,11807,8252,FixOK,A,ObV5CS1912,T417F6b453,"2RXV+W89, road, Munagala, Telangana 508233, India",331684.75,55.78,IgnitionOn,1,141.621,105.19,5,-113
bc5a8419-2853-4824-890a-73b7ca164717-37,EDC_BS6_PERIODIC,2025-12-06 02:00:08,2025-12-07 14:00:35,17.048464,79.8451456,11808,8252,FixOK,A,ObV5CS1912,T417F6b453,"Nalgonda, NH-9, Vijayawada Hyderabad Road, Munagala, Munagala, Telangana 508233, India",331684.875,53.46,IgnitionOn,1,140.99,121,5,-113
bc5a8419-2853-4824-890a-73b7ca164717-38,EDC_BS6_PERIODIC,2025-12-06 02:00:14,2025-12-07 14:00:35,17.04796,79.8456576,11809,8252,FixOK,A,ObV5CS1912,T417F6b453,"Nalgonda, NH-9, Vijayawada - Hyderabad Hwy, Munagala, Telangana 508233, India",331685,51,IgnitionOn,1,140.289,140.1,5,-113
bc5a8419-2853-4824-890a-73b7ca164717-39,EDC_BS6_PERIODIC,2025-12-06 02:00:20,2025-12-07 14:00:35,17.047408,79.8460672,11810,8252,FixOK,A,ObV5CS1912,T417F6b453,"2RXW+5FQ, Nalgonda, Telangana 508233, India",331685.125,47.41,IgnitionOn,1,138.729,145.8,4,-113
bc5a8419-2853-4824-890a-73b7ca164717-40,EDC_BS6_PERIODIC,2025-12-06 02:00:26,2025-12-07 14:00:35,17.0468512,79.8464256,11811,8252,FixOK,A,ObV5CS1912,T417F6b453,"2RXW+5FQ, Nalgonda, Telangana 508233, India",331685.125,43.34,IgnitionOn,1,137.759,147.69,4,-113
bc5a8419-2853-4824-890a-73b7ca164717-41,EDC_BS6_PERIODIC,2025-12-06 02:00:32,2025-12-07 14:00:35,17.0463392,79.8467584,11812,8252,FixOK,A,ObV5CS1912,T417F6b453,"2RWX+64X, Munagala, Telangana 508233, India",331685.25,39.89,IgnitionOn,1,137.149,147.39,4,-113
bc5a8419-2853-4824-890a-73b7ca164717-42,EDC_BS6_PERIODIC,2025-12-06 02:00:38,2025-12-07 14:00:35,17.0458736,79.847104,11813,8252,FixOK,A,ObV5CS1912,T417F6b453,"2RWX+64X, Munagala, Telangana 508233, India",331685.25,40.75,IgnitionOn,1,137.045,146,4,-113
bc5a8419-2853-4824-890a-73b7ca164717-43,EDC_BS6_PERIODIC,2025-12-06 02:00:44,2025-12-07 14:00:35,17.0453952,79.8474368,11814,8252,FixOK,A,ObV5CS1912,T417F6b453,"NH65, Telangana 508233, India",331685.375,40.09,IgnitionOn,1,136.619,145.6,4,-113
bc5a8419-2853-4824-890a-73b7ca164717-44,EDC_BS6_PERIODIC,2025-12-06 02:00:50,2025-12-07 14:00:35,17.0449152,79.8477824,11815,8252,FixOK,A,ObV5CS1912,T417F6b453,"2RWX+64X, Munagala, Telangana 508233, India",331685.375,40.18,IgnitionOn,1,136.88,146.19,4,-113
bc5a8419-2853-4824-890a-73b7ca164717-45,EDC_BS6_PERIODIC,2025-12-06 02:00:56,2025-12-07 14:00:35,17.044408,79.8481344,11816,8252,FixOK,A,ObV5CS1912,T417F6b453,"2RWX+64X, Munagala, Telangana 508233, India",331685.5,40.89,IgnitionOn,1,137.199,145.69,4,-113
bc5a8419-2853-4824-890a-73b7ca164717-46,EDC_BS6_PERIODIC,2025-12-06 02:01:02,2025-12-07 14:00:35,17.0438736,79.8484992,11817,8252,FixOK,A,ObV5CS1912,T417F6b453,"2RWX+64X, Munagala, Telangana 508233, India",331685.625,43.08,IgnitionOn,1,137.07,146.39,4,-113
bc5a8419-2853-4824-890a-73b7ca164717-47,EDC_BS6_PERIODIC,2025-12-06 02:01:08,2025-12-07 14:00:35,17.043344,79.848864,11818,8252,FixOK,A,ObV5CS1912,T417F6b453,"Hyderabad - Vijayawada Hwy, Barakathgudem, Telangana 508201, India",331685.625,42.9,IgnitionOn,1,137.19,146.89,4,-113
bc5a8419-2853-4824-890a-73b7ca164717-48,EDC_BS6_PERIODIC,2025-12-06 02:01:14,2025-12-07 14:00:35,17.042816,79.8492288,11819,8252,FixOK,A,ObV5CS1912,T417F6b453,"Hyderabad - Vijayawada Hwy, Barakathgudem, Telangana 508201, India",331685.75,44.66,IgnitionOn,1,136.355,144.89,4,-113
bc5a8419-2853-4824-890a-73b7ca164717-49,EDC_BS6_PERIODIC,2025-12-06 02:01:20,2025-12-07 14:00:35,17.0422592,79.8496384,11820,8252,FixOK,A,ObV5CS1912,T417F6b453,"2RRX+WV Barakathgudem, Telangana, India",331685.75,46.59,IgnitionOn,1,134.69,145.69,4,-113
bc5a8419-2853-4824-890a-73b7ca164717-50,EDC_BS6_PERIODIC,2025-12-06 02:01:26,2025-12-07 14:00:35,17.041704,79.8500416,11821,8252,FixOK,A,ObV5CS1912,T417F6b453,"2RRX+WV Barakathgudem, Telangana, India",331685.875,48.31,IgnitionOn,1,133.729,146.6,4,-113
5c8e2e61-3245-48b5-ba73-ce780a3f11dd-1,EDC_BS6_PERIODIC,2025-12-06 02:01:32,2025-12-07 14:00:56,17.041136,79.8503808,11822,8252,FixOK,A,ObV5CS1912,T417F6b453,"2VR2+88Q, Barakathgudem, Telangana 508201, India",331686,46.31,IgnitionOn,1,132.589,150.39,4,-113
5c8e2e61-3245-48b5-ba73-ce780a3f11dd-2,EDC_BS6_PERIODIC,2025-12-06 02:01:38,2025-12-07 14:00:56,17.0405984,79.850656,11823,8252,FixOK,A,ObV5CS1912,T417F6b453,"17.040314,79.850416 4-45, Barakathgudem, Telangana 508201, India",331686,41.39,IgnitionOn,1,132.25,153,5,-113
5c8e2e61-3245-48b5-ba73-ce780a3f11dd-3,EDC_BS6_PERIODIC,2025-12-06 02:01:44,2025-12-07 14:00:56,17.0401104,79.850912,11824,8252,FixOK,A,ObV5CS1912,T417F6b453,"17.040314,79.850416 4-45, Barakathgudem, Telangana 508201, India",331686.125,36.37,IgnitionOn,1,133.149,152.1,5,-113
5c8e2e61-3245-48b5-ba73-ce780a3f11dd-4,EDC_BS6_PERIODIC,2025-12-06 02:01:50,2025-12-07 14:00:56,17.039704,79.8511488,11825,8252,FixOK,A,ObV5CS1912,T417F6b453,"17.040314,79.850416 4-45, Barakathgudem, Telangana 508201, India",331686.125,38.06,IgnitionOn,1,133.625,148,4,-113
5c8e2e61-3245-48b5-ba73-ce780a3f11dd-5,EDC_BS6_PERIODIC,2025-12-06 02:01:56,2025-12-07 14:00:56,17.039144,79.8515904,11826,8252,FixOK,A,ObV5CS1912,T417F6b453,"2VQ2+JV8, x road, Barakathgudem, Telangana 508201, India",331686.25,41.05,IgnitionOn,1,134.8,142,5,-113
5c8e2e61-3245-48b5-ba73-ce780a3f11dd-6,EDC_BS6_PERIODIC,2025-12-06 02:02:02,2025-12-07 14:00:56,17.0386896,79.8520448,11827,8252,FixOK,A,ObV5CS1912,T417F6b453,"2VQ2+JV8, x road, Barakathgudem, Telangana 508201, India",331686.25,42.87,IgnitionOn,1,135.82,135.69,5,-113
5c8e2e61-3245-48b5-ba73-ce780a3f11dd-7,EDC_BS6_PERIODIC,2025-12-06 02:02:08,2025-12-07 14:00:56,17.0382688,79.8525568,11828,8252,FixOK,A,ObV5CS1912,T417F6b453,"2VQ3+44G, Barakathgudem, Telangana 508201, India",331686.375,43.27,IgnitionOn,1,137.13,131.39,5,-113
5c8e2e61-3245-48b5-ba73-ce780a3f11dd-8,EDC_BS6_PERIODIC,2025-12-06 02:02:14,2025-12-07 14:00:56,17.0379008,79.8531264,11829,8252,FixOK,A,ObV5CS1912,T417F6b453,"2VQ3+44G, Barakathgudem, Telangana 508201, India",331686.5,45.59,IgnitionOn,1,137.85,122.9,5,-113
5c8e2e61-3245-48b5-ba73-ce780a3f11dd-9,EDC_BS6_PERIODIC,2025-12-06 02:02:20,2025-12-07 14:00:56,17.0375184,79.853728,11830,8252,FixOK,A,ObV5CS1912,T417F6b453,"Hyderabad - Vijayawada Hwy, Barakathgudem, Telangana 508201, India",331686.5,47.88,IgnitionOn,1,138.46,125.4,5,-113
5c8e2e61-3245-48b5-ba73-ce780a3f11dd-10,EDC_BS6_PERIODIC,2025-12-06 02:02:26,2025-12-07 14:00:56,17.0370576,79.8542848,11831,8252,FixOK,A,ObV5CS1912,T417F6b453,"2VP3+VVV, Barakathgudem, Telangana 508201, India",331686.625,49.86,IgnitionOn,1,139.211,132.1,5,-113
5c8e2e61-3245-48b5-ba73-ce780a3f11dd-11,EDC_BS6_PERIODIC,2025-12-06 02:02:32,2025-12-07 14:00:56,17.036528,79.8547584,11832,8252,FixOK,A,ObV5CS1912,T417F6b453,"2VP3+VVV, Barakathgudem, Telangana 508201, India",331686.75,50.93,IgnitionOn,1,139.97,138.8,4,-113
5c8e2e61-3245-48b5-ba73-ce780a3f11dd-12,EDC_BS6_PERIODIC,2025-12-06 02:02:38,2025-12-07 14:00:56,17.0359328,79.8551552,11833,8252,FixOK,A,ObV5CS1912,T417F6b453,"Barkath gudem service road, 2VM4+X53, Hyderabad - Vijayawada Hwy, Telangana 508201, India",331686.75,51.36,IgnitionOn,1,137.759,147.69,4,-113
5c8e2e61-3245-48b5-ba73-ce780a3f11dd-13,EDC_BS6_PERIODIC,2025-12-06 02:02:44,2025-12-07 14:00:56,17.0352976,79.8555264,11834,8252,FixOK,A,ObV5CS1912,T417F6b453,"Barkath gudem service road, 2VM4+X53, Hyderabad - Vijayawada Hwy, Telangana 508201, India",331686.875,50.88,IgnitionOn,1,136.72,149.89,4,-113
5c8e2e61-3245-48b5-ba73-ce780a3f11dd-14,EDC_BS6_PERIODIC,2025-12-06 02:02:50,2025-12-07 14:00:56,17.034664,79.855904,11835,8252,FixOK,A,ObV5CS1912,T417F6b453,"Barkath gudem service road, 2VM4+X53, Hyderabad - Vijayawada Hwy, Telangana 508201, India",331687,49.97,IgnitionOn,1,135.279,150.89,4,-113
5c8e2e61-3245-48b5-ba73-ce780a3f11dd-15,EDC_BS6_PERIODIC,2025-12-06 02:02:56,2025-12-07 14:00:56,17.034032,79.8562816,11836,8252,FixOK,A,ObV5CS1912,T417F6b453,"NH65, Telangana 508201, India",331687.125,48.63,IgnitionOn,1,134.05,149.6,4,-113
5c8e2e61-3245-48b5-ba73-ce780a3f11dd-16,EDC_BS6_PERIODIC,2025-12-06 02:03:02,2025-12-07 14:00:56,17.033456,79.8566976,11837,8252,FixOK,A,ObV5CS1912,T417F6b453,"NH65, Telangana 508201, India",331687.125,46.39,IgnitionOn,1,133.387,145.6,4,-113
5c8e2e61-3245-48b5-ba73-ce780a3f11dd-17,EDC_BS6_PERIODIC,2025-12-06 02:03:08,2025-12-07 14:00:56,17.0329408,79.8571456,11838,8252,FixOK,A,ObV5CS1912,T417F6b453,"NH65, Telangana 508201, India",331687.25,43.65,IgnitionOn,1,132.289,140.69,4,-113
5c8e2e61-3245-48b5-ba73-ce780a3f11dd-18,EDC_BS6_PERIODIC,2025-12-06 02:03:14,2025-12-07 14:00:56,17.0324672,79.8576256,11839,8252,FixOK,A,ObV5CS1912,T417F6b453,"NH65, Telangana 508201, India",331687.25,42.14,IgnitionOn,1,132.69,134.19,4,-113
5c8e2e61-3245-48b5-ba73-ce780a3f11dd-19,EDC_BS6_PERIODIC,2025-12-06 02:03:20,2025-12-07 14:00:56,17.0320864,79.8580992,11840,8252,FixOK,A,ObV5CS1912,T417F6b453,"NH65, Telangana 508201, India",331687.375,40.48,IgnitionOn,1,133.35,129.6,4,-113
5c8e2e61-3245-48b5-ba73-ce780a3f11dd-20,EDC_BS6_PERIODIC,2025-12-06 02:03:26,2025-12-07 14:00:56,17.0317296,79.8585472,11841,8252,FixOK,A,ObV5CS1912,T417F6b453,"NH65, Telangana 508201, India",331687.5,39.51,IgnitionOn,1,133.35,129.39,5,-113
5c8e2e61-3245-48b5-ba73-ce780a3f11dd-21,EDC_BS6_PERIODIC,2025-12-06 02:03:32,2025-12-07 14:00:56,17.03136,79.859008,11842,8252,FixOK,A,ObV5CS1912,T417F6b453,"NH65, Telangana 508201, India",331687.5,40.95,IgnitionOn,1,133.61,129.69,4,-113
5c8e2e61-3245-48b5-ba73-ce780a3f11dd-22,EDC_BS6_PERIODIC,2025-12-06 02:03:38,2025-12-07 14:00:56,17.0309504,79.859456,11843,8252,FixOK,A,ObV5CS1912,T417F6b453,"NH65, Telangana 508201, India",331687.625,43.04,IgnitionOn,1,133.629,133.19,6,-113
5c8e2e61-3245-48b5-ba73-ce780a3f11dd-23,EDC_BS6_PERIODIC,2025-12-06 02:03:44,2025-12-07 14:00:56,17.030496,79.8598656,11844,8252,FixOK,A,ObV5CS1912,T417F6b453,"2VJ6+42 Barakathgudem, Telangana, India",331687.625,40.25,IgnitionOn,1,132.979,141.69,6,-113
5c8e2e61-3245-48b5-ba73-ce780a3f11dd-24,EDC_BS6_PERIODIC,2025-12-06 02:03:50,2025-12-07 14:00:56,17.0300448,79.8602112,11845,8252,FixOK,A,ObV5CS1912,T417F6b453,"2VJ6+42 Barakathgudem, Telangana, India",331687.75,38.35,IgnitionOn,1,131.809,144.39,5,-113
5c8e2e61-3245-48b5-ba73-ce780a3f11dd-25,EDC_BS6_PERIODIC,2025-12-06 02:03:56,2025-12-07 14:00:56,17.0296016,79.8605376,11846,8252,FixOK,A,ObV5CS1912,T417F6b453,"2VH6+V6 Barakathgudem, Telangana, India",331687.75,36.81,IgnitionOn,1,131.449,145.19,5,-113
5c8e2e61-3245-48b5-ba73-ce780a3f11dd-26,EDC_BS6_PERIODIC,2025-12-06 02:04:02,2025-12-07 14:00:56,17.0291344,79.860864,11847,8252,FixOK,A,ObV5CS1912,T417F6b453,"NH 65, Telangana 508201, India",331687.875,37.08,IgnitionOn,1,130.869,146,5,-113
5c8e2e61-3245-48b5-ba73-ce780a3f11dd-27,EDC_BS6_PERIODIC,2025-12-06 02:04:08,2025-12-07 14:00:56,17.0286432,79.861216,11848,8252,FixOK,A,ObV5CS1912,T417F6b453,"NH 65, Telangana 508201, India",331687.875,38.78,IgnitionOn,1,130.449,145.8,5,-113
5c8e2e61-3245-48b5-ba73-ce780a3f11dd-28,EDC_BS6_PERIODIC,2025-12-06 02:04:14,2025-12-07 14:00:56,17.028144,79.8616,11849,8252,FixOK,A,ObV5CS1912,T417F6b453,"NH 65, Telangana 508201, India",331688,40.61,IgnitionOn,1,130.259,141.1,5,-113
5c8e2e61-3245-48b5-ba73-ce780a3f11dd-29,EDC_BS6_PERIODIC,2025-12-06 02:04:20,2025-12-07 14:00:56,17.027672,79.862048,11850,8252,FixOK,A,ObV5CS1912,T417F6b453,"NH 65, Telangana 508201, India",331688.125,42.31,IgnitionOn,1,130.08,136.5,5,-113
5c8e2e61-3245-48b5-ba73-ce780a3f11dd-30,EDC_BS6_PERIODIC,2025-12-06 02:04:26,2025-12-07 14:00:56,17.0272576,79.86256,11851,8252,FixOK,A,ObV5CS1912,T417F6b453,"2VG7+Q8 Konda Puram, Telangana, India",331688.125,41.97,IgnitionOn,1,130.61,131.19,5,-113
5c8e2e61-3245-48b5-ba73-ce780a3f11dd-31,EDC_BS6_PERIODIC,2025-12-06 02:04:32,2025-12-07 14:00:56,17.0269152,79.863104,11852,8252,FixOK,A,ObV5CS1912,T417F6b453,"2VG7+Q8 Konda Puram, Telangana, India",331688.25,41.71,IgnitionOn,1,130.8,124.59,4,-113
5c8e2e61-3245-48b5-ba73-ce780a3f11dd-32,EDC_BS6_PERIODIC,2025-12-06 02:04:38,2025-12-07 14:00:56,17.026584,79.8636672,11853,8252,FixOK,A,ObV5CS1912,T417F6b453,"NH65, Telangana 508201, India",331688.25,43.18,IgnitionOn,1,130.759,122.4,4,-113
5c8e2e61-3245-48b5-ba73-ce780a3f11dd-33,EDC_BS6_PERIODIC,2025-12-06 02:04:44,2025-12-07 14:00:56,17.026264,79.8642304,11854,8252,FixOK,A,ObV5CS1912,T417F6b453,"NH 65, Telangana 508201, India",331688.375,43.84,IgnitionOn,1,130.289,120.4,4,-113
5c8e2e61-3245-48b5-ba73-ce780a3f11dd-34,EDC_BS6_PERIODIC,2025-12-06 02:04:50,2025-12-07 14:00:56,17.0259696,79.8647936,11855,8252,FixOK,A,ObV5CS1912,T417F6b453,"2VG8+C3 Mukundapuram, Telangana, India",331688.5,42.99,IgnitionOn,1,130.177,118.19,5,-113
5c8e2e61-3245-48b5-ba73-ce780a3f11dd-35,EDC_BS6_PERIODIC,2025-12-06 02:04:56,2025-12-07 14:00:56,17.025696,79.865344,11856,8252,FixOK,A,ObV5CS1912,T417F6b453,"2VG8+C3 Mukundapuram, Telangana, India",331688.5,42.07,IgnitionOn,1,130.21,117,4,-113
5c8e2e61-3245-48b5-ba73-ce780a3f11dd-37,EDC_BS6_PERIODIC,2025-12-06 02:05:02,2025-12-07 14:00:56,17.025448,79.8658944,11857,8252,FixOK,A,ObV5CS1912,T417F6b453,"NH65, Telangana 508201, India",331688.625,42.03,IgnitionOn,1,130.5,115.19,5,-113
5c8e2e61-3245-48b5-ba73-ce780a3f11dd-38,EDC_BS6_PERIODIC,2025-12-06 02:05:08,2025-12-07 14:00:56,17.0252,79.8664384,11858,8252,FixOK,A,ObV5CS1912,T417F6b453,"NH65, Telangana 508201, India",331688.625,41.97,IgnitionOn,1,130.639,114.9,5,-113
5c8e2e61-3245-48b5-ba73-ce780a3f11dd-39,EDC_BS6_PERIODIC,2025-12-06 02:05:14,2025-12-07 14:00:56,17.0249264,79.866976,11859,8252,FixOK,A,ObV5CS1912,T417F6b453,"NH 65, Telangana 508201, India",331688.75,41.57,IgnitionOn,1,131.05,119.19,5,-113
5c8e2e61-3245-48b5-ba73-ce780a3f11dd-40,EDC_BS6_PERIODIC,2025-12-06 02:05:20,2025-12-07 14:00:56,17.0246368,79.8675264,11860,8252,FixOK,A,ObV5CS1912,T417F6b453,"NH 65, Telangana 508201, India",331688.75,41.85,IgnitionOn,1,131.85,117.09,5,-113
5c8e2e61-3245-48b5-ba73-ce780a3f11dd-41,EDC_BS6_PERIODIC,2025-12-06 02:05:26,2025-12-07 14:00:56,17.0243232,79.8681024,11861,8252,FixOK,A,ObV5CS1912,T417F6b453,"2VF9+Q7 Mukundapuram, Telangana, India",331688.875,43.41,IgnitionOn,1,132.329,118.19,5,-113
5c8e2e61-3245-48b5-ba73-ce780a3f11dd-42,EDC_BS6_PERIODIC,2025-12-06 02:05:32,2025-12-07 14:00:56,17.024016,79.868672,11862,8252,FixOK,A,ObV5CS1912,T417F6b453,"2VF9+JG Mukundapuram, Telangana, India",331688.875,43.41,IgnitionOn,1,133.11,119.8,5,-113
5c8e2e61-3245-48b5-ba73-ce780a3f11dd-43,EDC_BS6_PERIODIC,2025-12-06 02:05:38,2025-12-07 14:00:56,17.0237584,79.8692352,11863,8252,FixOK,A,ObV5CS1912,T417F6b453,"2VF9+JG Mukundapuram, Telangana, India",331689,41.07,IgnitionOn,1,133.309,118.19,5,-113
5c8e2e61-3245-48b5-ba73-ce780a3f11dd-44,EDC_BS6_PERIODIC,2025-12-06 02:05:44,2025-12-07 14:00:56,17.0234848,79.8698112,11864,8252,FixOK,A,ObV5CS1912,T417F6b453,"2VFC+2WH, NH 65, Mukundapuram, Telangana 508201, India",331689.125,41.61,IgnitionOn,1,133.07,117,5,-113
5c8e2e61-3245-48b5-ba73-ce780a3f11dd-45,EDC_BS6_PERIODIC,2025-12-06 02:05:50,2025-12-07 14:00:56,17.0232032,79.8704,11865,8252,FixOK,A,ObV5CS1912,T417F6b453,"2VFC+2WH, NH 65, Mukundapuram, Telangana 508201, India",331689.125,41.69,IgnitionOn,1,132.899,115.59,4,-113
5c8e2e61-3245-48b5-ba73-ce780a3f11dd-46,EDC_BS6_PERIODIC,2025-12-06 02:05:56,2025-12-07 14:00:56,17.022952,79.8709696,11866,8252,FixOK,A,ObV5CS1912,T417F6b453,"2VFC+2WH, NH 65, Mukundapuram, Telangana 508201, India",331689.25,41.41,IgnitionOn,1,132.99,114.9,4,-113
5c8e2e61-3245-48b5-ba73-ce780a3f11dd-47,EDC_BS6_PERIODIC,2025-12-06 02:06:02,2025-12-07 14:00:56,17.02272,79.8715392,11867,8252,FixOK,A,ObV5CS1912,T417F6b453,"2VFC+9HW, NH 65, Mukundapuram, Telangana 508201, India",331689.25,41.39,IgnitionOn,1,132.737,114.19,4,-113
5c8e2e61-3245-48b5-ba73-ce780a3f11dd-48,EDC_BS6_PERIODIC,2025-12-06 02:06:08,2025-12-07 14:00:56,17.022472,79.8721024,11868,8252,FixOK,A,ObV5CS1912,T417F6b453,"2VCC+XX Mukundapuram, Telangana, India",331689.375,41.05,IgnitionOn,1,132.059,113.9,4,-113
5c8e2e61-3245-48b5-ba73-ce780a3f11dd-49,EDC_BS6_PERIODIC,2025-12-06 02:06:14,2025-12-07 14:00:56,17.0222272,79.8726528,11869,8252,FixOK,A,ObV5CS1912,T417F6b453,"Vijayawada - Hyderabad Hwy, Mukundapuram, Telangana 508201, India",331689.375,40.68,IgnitionOn,1,131.179,112.4,5,-113
5c8e2e61-3245-48b5-ba73-ce780a3f11dd-50,EDC_BS6_PERIODIC,2025-12-06 02:06:20,2025-12-07 14:00:56,17.021976,79.873184,11870,8252,FixOK,A,ObV5CS1912,T417F6b453,"Vijayawada - Hyderabad Hwy, Mukundapuram, Telangana 508201, India",331689.5,39.84,IgnitionOn,1,130,116.8,5,-113
13034e05-d6c4-4e70-ae11-655eef400e63-1,EDC_BS6_PERIODIC,2025-12-06 02:06:26,2025-12-07 14:01:15,17.021696,79.8736704,11871,8252,FixOK,A,ObV5CS1912,T417F6b453,"10, NH 65, New Mukundapuram, Mukundapuram, Telangana 508233, India",331689.625,37.67,IgnitionOn,1,129.19,120.59,5,-113
13034e05-d6c4-4e70-ae11-655eef400e63-2,EDC_BS6_PERIODIC,2025-12-06 02:06:32,2025-12-07 14:01:15,17.021424,79.8741184,11872,8252,FixOK,A,ObV5CS1912,T417F6b453,"Vijayawada - Hyderabad Hwy, Mukundapuram, Telangana 508201, India",331689.625,36.27,IgnitionOn,1,128.6,123.09,5,-113
13034e05-d6c4-4e70-ae11-655eef400e63-3,EDC_BS6_PERIODIC,2025-12-06 02:06:38,2025-12-07 14:01:15,17.0211184,79.8745856,11873,8252,FixOK,A,ObV5CS1912,T417F6b453,"Vijayawada - Hyderabad Hwy, Mukundapuram, Telangana 508201, India",331689.75,36.96,IgnitionOn,1,128.197,124.4,5,-113
13034e05-d6c4-4e70-ae11-655eef400e63-4,EDC_BS6_PERIODIC,2025-12-06 02:06:44,2025-12-07 14:01:15,17.0208,79.8750592,11874,8252,FixOK,A,ObV5CS1912,T417F6b453,"Vijayawada - Hyderabad Hwy, Mukundapuram, Telangana 508201, India",331689.75,37.74,IgnitionOn,1,128.22,124.69,4,-113
13034e05-d6c4-4e70-ae11-655eef400e63-5,EDC_BS6_PERIODIC,2025-12-06 02:06:50,2025-12-07 14:01:15,17.020496,79.8755264,11875,8252,FixOK,A,ObV5CS1912,T417F6b453,"10, NH65, New Mukundapuram, Mukundapuram, Telangana 508233, India",331689.875,37.62,IgnitionOn,1,128.8,123.3,5,-113
13034e05-d6c4-4e70-ae11-655eef400e63-6,EDC_BS6_PERIODIC,2025-12-06 02:06:56,2025-12-07 14:01:15,17.0201776,79.876032,11876,8252,FixOK,A,ObV5CS1912,T417F6b453,"10, NH65, New Mukundapuram, Mukundapuram, Telangana 508233, India",331689.875,39.43,IgnitionOn,1,129.289,124.09,5,-113
13034e05-d6c4-4e70-ae11-655eef400e63-7,EDC_BS6_PERIODIC,2025-12-06 02:07:02,2025-12-07 14:01:15,17.0198528,79.8765376,11877,8252,FixOK,A,ObV5CS1912,T417F6b453,"10, NH65, New Mukundapuram, Mukundapuram, Telangana 508233, India",331690,40.57,IgnitionOn,1,129.32,124.5,5,-113
13034e05-d6c4-4e70-ae11-655eef400e63-8,EDC_BS6_PERIODIC,2025-12-06 02:07:08,2025-12-07 14:01:15,17.0195136,79.877056,11878,8252,FixOK,A,ObV5CS1912,T417F6b453,"10, NH65, New Mukundapuram, Mukundapuram, Telangana 508233, India",331690,41.69,IgnitionOn,1,129.789,124.5,5,-113
13034e05-d6c4-4e70-ae11-655eef400e63-9,EDC_BS6_PERIODIC,2025-12-06 02:07:14,2025-12-07 14:01:15,17.019184,79.8776,11879,8252,FixOK,A,ObV5CS1912,T417F6b453,"10, NH65, New Mukundapuram, Mukundapuram, Telangana 508233, India",331690.125,41.81,IgnitionOn,1,130.037,120.59,5,-113
13034e05-d6c4-4e70-ae11-655eef400e63-10,EDC_BS6_PERIODIC,2025-12-06 02:07:20,2025-12-07 14:01:15,17.01888,79.8782016,11880,8252,FixOK,A,ObV5CS1912,T417F6b453,"10, NH65, New Mukundapuram, Mukundapuram, Telangana 508233, India",331690.125,43.58,IgnitionOn,1,130.13,115.69,5,-113
13034e05-d6c4-4e70-ae11-655eef400e63-11,EDC_BS6_PERIODIC,2025-12-06 02:07:26,2025-12-07 14:01:15,17.0186112,79.8788736,11881,8252,FixOK,A,ObV5CS1912,T417F6b453,"NH65, New Mukundapuram, Mukundapuram, Telangana 508233, India",331690.25,47.27,IgnitionOn,1,130.279,112.09,4,-113
13034e05-d6c4-4e70-ae11-655eef400e63-12,EDC_BS6_PERIODIC,2025-12-06 02:07:32,2025-12-07 14:01:15,17.018384,79.8795776,11882,8252,FixOK,A,ObV5CS1912,T417F6b453,"NH65, New Mukundapuram, Mukundapuram, Telangana 508233, India",331690.375,47.61,IgnitionOn,1,130.21,108.9,5,-113
13034e05-d6c4-4e70-ae11-655eef400e63-13,EDC_BS6_PERIODIC,2025-12-06 02:07:38,2025-12-07 14:01:15,17.0182048,79.8803072,11883,8252,FixOK,A,ObV5CS1912,T417F6b453,"NH65, New Mukundapuram, Mukundapuram, Telangana 508233, India",331690.375,50.55,IgnitionOn,1,130.199,105.19,5,-113
13034e05-d6c4-4e70-ae11-655eef400e63-14,EDC_BS6_PERIODIC,2025-12-06 02:07:44,2025-12-07 14:01:15,17.0180288,79.8810304,11884,8252,FixOK,A,ObV5CS1912,T417F6b453,"NH65, New Mukundapuram, Mukundapuram, Telangana 508233, India",331690.5,50.13,IgnitionOn,1,130.16,104.69,4,-113
13034e05-d6c4-4e70-ae11-655eef400e63-15,EDC_BS6_PERIODIC,2025-12-06 02:07:50,2025-12-07 14:01:15,17.0178432,79.8817024,11885,8252,FixOK,A,ObV5CS1912,T417F6b453,"2V9J+5F9, Vijayawada - Hyderabad Hwy, New Mukundapuram, Mukundapuram, Telangana 508233, India",331690.625,47.32,IgnitionOn,1,130.161,106.4,5,-113
13034e05-d6c4-4e70-ae11-655eef400e63-16,EDC_BS6_PERIODIC,2025-12-06 02:07:56,2025-12-07 14:01:15,17.0176448,79.8822976,11886,8252,FixOK,A,ObV5CS1912,T417F6b453,"2V9J+5F9, Vijayawada - Hyderabad Hwy, New Mukundapuram, Mukundapuram, Telangana 508233, India",331690.75,43.59,IgnitionOn,1,130.029,109.69,5,-113
13034e05-d6c4-4e70-ae11-655eef400e63-17,EDC_BS6_PERIODIC,2025-12-06 02:08:02,2025-12-07 14:01:15,17.0173904,79.8828288,11887,8252,FixOK,A,ObV5CS1912,T417F6b453,"NH 65, New Mukundapuram, Mukundapuram, Telangana 508233, India",331690.75,39.8,IgnitionOn,1,130.08,115.4,5,-113
13034e05-d6c4-4e70-ae11-655eef400e63-18,EDC_BS6_PERIODIC,2025-12-06 02:08:08,2025-12-07 14:01:15,17.0171296,79.8833152,11888,8252,FixOK,A,ObV5CS1912,T417F6b453,"NH 65, New Mukundapuram, Mukundapuram, Telangana 508233, India",331690.875,36.72,IgnitionOn,1,130.119,118,5,-113
13034e05-d6c4-4e70-ae11-655eef400e63-19,EDC_BS6_PERIODIC,2025-12-06 02:08:14,2025-12-07 14:01:15,17.0168896,79.8837632,11889,8252,FixOK,A,ObV5CS1912,T417F6b453,"NH65, New Mukundapuram, Mukundapuram, Telangana 508233, India",331690.875,33.9,IgnitionOn,1,130.389,119.4,4,-113
13034e05-d6c4-4e70-ae11-655eef400e63-20,EDC_BS6_PERIODIC,2025-12-06 02:08:20,2025-12-07 14:01:15,17.0166368,79.8842112,11890,8252,FixOK,A,ObV5CS1912,T417F6b453,"NH65, New Mukundapuram, Mukundapuram, Telangana 508233, India",331690.875,34.52,IgnitionOn,1,130.399,118.5,5,-113
13034e05-d6c4-4e70-ae11-655eef400e63-21,EDC_BS6_PERIODIC,2025-12-06 02:08:26,2025-12-07 14:01:15,17.0163808,79.8846848,11891,8252,FixOK,A,ObV5CS1912,T417F6b453,"NH 65, New Mukundapuram, Mukundapuram, Telangana 508233, India",331691,36.75,IgnitionOn,1,130.341,117.8,5,-113
13034e05-d6c4-4e70-ae11-655eef400e63-22,EDC_BS6_PERIODIC,2025-12-06 02:08:32,2025-12-07 14:01:15,17.016104,79.885184,11892,8252,FixOK,A,ObV5CS1912,T417F6b453,"NH 65, New Mukundapuram, Mukundapuram, Telangana 508233, India",331691,37.6,IgnitionOn,1,129.97,120.59,4,-113
13034e05-d6c4-4e70-ae11-655eef400e63-23,EDC_BS6_PERIODIC,2025-12-06 02:08:38,2025-12-07 14:01:15,17.0158112,79.8857728,11893,8252,FixOK,A,ObV5CS1912,T417F6b453,"NH65, New Mukundapuram, Mukundapuram, Telangana 508233, India",331691.125,38.47,IgnitionOn,1,129.479,118.69,4,-113
13034e05-d6c4-4e70-ae11-655eef400e63-24,EDC_BS6_PERIODIC,2025-12-06 02:08:44,2025-12-07 14:01:15,17.015544,79.8863488,11894,8252,FixOK,A,ObV5CS1912,T417F6b453,"NH65, New Mukundapuram, Mukundapuram, Telangana 508233, India",331691.25,38.52,IgnitionOn,1,129.169,116.8,4,-113
13034e05-d6c4-4e70-ae11-655eef400e63-25,EDC_BS6_PERIODIC,2025-12-06 02:08:50,2025-12-07 14:01:15,17.01528,79.8869376,11895,8252,FixOK,A,ObV5CS1912,T417F6b453,"NH65, Telangana 508233, India",331691.25,39.06,IgnitionOn,1,129.61,114.8,4,-113
13034e05-d6c4-4e70-ae11-655eef400e63-26,EDC_BS6_PERIODIC,2025-12-06 02:08:56,2025-12-07 14:01:15,17.0150336,79.8875392,11896,8252,FixOK,A,ObV5CS1912,T417F6b453,"NH65, Telangana 508233, India",331691.375,39.99,IgnitionOn,1,129.74,113.8,4,-113
13034e05-d6c4-4e70-ae11-655eef400e63-27,EDC_BS6_PERIODIC,2025-12-06 02:09:02,2025-12-07 14:01:15,17.014864,79.8881664,11897,8252,FixOK,A,ObV5CS1912,T417F6b453,"NH65, Telangana 508233, India",331691.375,42.23,IgnitionOn,1,129.439,110.4,4,-113
13034e05-d6c4-4e70-ae11-655eef400e63-28,EDC_BS6_PERIODIC,2025-12-06 02:09:08,2025-12-07 14:01:15,17.01464,79.8887808,11898,8252,FixOK,A,ObV5CS1912,T417F6b453,"NH65, Telangana 508233, India",331691.5,42.4,IgnitionOn,1,128.74,112.69,4,-113
13034e05-d6c4-4e70-ae11-655eef400e63-29,EDC_BS6_PERIODIC,2025-12-06 02:09:14,2025-12-07 14:01:15,17.0144336,79.889376,11899,8252,FixOK,A,ObV5CS1912,T417F6b453,"NH65, Telangana 508233, India",331691.5,41.57,IgnitionOn,1,127.75,113.19,4,-113
13034e05-d6c4-4e70-ae11-655eef400e63-30,EDC_BS6_PERIODIC,2025-12-06 02:09:20,2025-12-07 14:01:15,17.0143392,79.8899712,11900,8252,FixOK,A,ObV5CS1912,T417F6b453,"NH65, Telangana 508233, India",331691.625,41.85,IgnitionOn,1,126.879,113.59,5,-113
13034e05-d6c4-4e70-ae11-655eef400e63-31,EDC_BS6_PERIODIC,2025-12-06 02:09:26,2025-12-07 14:01:15,17.014312,79.8905088,11901,8252,FixOK,A,ObV5CS1912,T417F6b453,"NH65, Telangana 508233, India",331691.75,40.77,IgnitionOn,1,126.93,114.4,5,-113
13034e05-d6c4-4e70-ae11-655eef400e63-32,EDC_BS6_PERIODIC,2025-12-06 02:09:32,2025-12-07 14:01:15,17.014096,79.8910208,11902,8252,FixOK,A,ObV5CS1912,T417F6b453,"NH65, Telangana 508233, India",331691.75,40.73,IgnitionOn,1,127.599,117.69,4,-113
13034e05-d6c4-4e70-ae11-655eef400e63-33,EDC_BS6_PERIODIC,2025-12-06 02:09:38,2025-12-07 14:01:15,17.013784,79.8915456,11903,8252,FixOK,A,ObV5CS1912,T417F6b453,"NH65, Telangana 508233, India",331691.875,40.34,IgnitionOn,1,127.765,122.5,4,-113
0d07447d-1e06-4a0b-85b5-0dc157aad5fe-1,EDC_BS6_PERIODIC,2025-12-06 02:09:44,2025-12-07 14:01:36,17.0134944,79.8920448,11904,8252,FixOK,A,ObV5CS1912,T417F6b453,"NH65, Telangana 508233, India",331691.875,39.7,IgnitionOn,1,129.02,121.4,4,-113
0d07447d-1e06-4a0b-85b5-0dc157aad5fe-2,EDC_BS6_PERIODIC,2025-12-06 02:09:50,2025-12-07 14:01:36,17.0131968,79.8925184,11905,8252,FixOK,A,ObV5CS1912,T417F6b453,"NH65, Telangana 508233, India",331692,37.83,IgnitionOn,1,129.71,122.3,4,-113
0d07447d-1e06-4a0b-85b5-0dc157aad5fe-3,EDC_BS6_PERIODIC,2025-12-06 02:09:56,2025-12-07 14:01:36,17.012904,79.8929664,11906,8252,FixOK,A,ObV5CS1912,T417F6b453,"NH65, Telangana 508233, India",331692,35.17,IgnitionOn,1,130.11,124.69,4,-113
0d07447d-1e06-4a0b-85b5-0dc157aad5fe-4,EDC_BS6_PERIODIC,2025-12-06 02:10:02,2025-12-07 14:01:36,17.0126208,79.8934528,11907,8252,FixOK,A,ObV5CS1912,T417F6b453,"NH65, Telangana 508233, India",331692.125,39.17,IgnitionOn,1,130.46,121.59,5,-113
0d07447d-1e06-4a0b-85b5-0dc157aad5fe-5,EDC_BS6_PERIODIC,2025-12-06 02:10:08,2025-12-07 14:01:36,17.0123008,79.8939648,11908,8252,FixOK,A,ObV5CS1912,T417F6b453,"NH65, Telangana 508233, India",331692.125,41.36,IgnitionOn,1,131.13,121.3,5,-113
0d07447d-1e06-4a0b-85b5-0dc157aad5fe-6,EDC_BS6_PERIODIC,2025-12-06 02:10:14,2025-12-07 14:01:36,17.011976,79.894496,11909,8252,FixOK,A,ObV5CS1912,T417F6b453,"NH65, Telangana 508233, India",331692.25,41.66,IgnitionOn,1,131.217,121.8,4,-113
0d07447d-1e06-4a0b-85b5-0dc157aad5fe-7,EDC_BS6_PERIODIC,2025-12-06 02:10:20,2025-12-07 14:01:36,17.0116512,79.8950272,11910,8252,FixOK,A,ObV5CS1912,T417F6b453,"NH 65, Telangana 508233, India",331692.375,42.18,IgnitionOn,1,131.46,121.9,4,-113
0d07447d-1e06-4a0b-85b5-0dc157aad5fe-8,EDC_BS6_PERIODIC,2025-12-06 02:10:26,2025-12-07 14:01:36,17.0113296,79.895552,11911,8252,FixOK,A,ObV5CS1912,T417F6b453,"NH65, Telangana 508233, India",331692.375,41.41,IgnitionOn,1,131.24,123,4,-113
0d07447d-1e06-4a0b-85b5-0dc157aad5fe-9,EDC_BS6_PERIODIC,2025-12-06 02:10:32,2025-12-07 14:01:36,17.0109952,79.896064,11912,8252,FixOK,A,ObV5CS1912,T417F6b453,"NH65, Telangana 508233, India",331692.5,39.19,IgnitionOn,1,130.449,124.59,4,-113
0d07447d-1e06-4a0b-85b5-0dc157aad5fe-10,EDC_BS6_PERIODIC,2025-12-06 02:10:38,2025-12-07 14:01:36,17.0107008,79.8964992,11913,8252,FixOK,A,ObV5CS1912,T417F6b453,"NH65, Telangana 508233, India",331692.5,34.59,IgnitionOn,1,129.99,125.4,4,-113
0d07447d-1e06-4a0b-85b5-0dc157aad5fe-11,EDC_BS6_PERIODIC,2025-12-06 02:10:44,2025-12-07 14:01:36,17.010432,79.89696,11914,8252,FixOK,A,ObV5CS1912,T417F6b453,"2V6X+F8V, Hyderabad - Vijayawada Hwy, Akupamula, Telangana 508233, India",331692.625,33.7,IgnitionOn,1,130.5,122.59,5,-113
0d07447d-1e06-4a0b-85b5-0dc157aad5fe-12,EDC_BS6_PERIODIC,2025-12-06 02:10:50,2025-12-07 14:01:36,17.0101568,79.8973696,11915,8252,FixOK,A,ObV5CS1912,T417F6b453,"2V6X+F8V, Hyderabad - Vijayawada Hwy, Akupamula, Telangana 508233, India",331692.625,34.5,IgnitionOn,1,130.911,123.3,5,-113
0d07447d-1e06-4a0b-85b5-0dc157aad5fe-13,EDC_BS6_PERIODIC,2025-12-06 02:10:56,2025-12-07 14:01:36,17.009872,79.8978048,11916,8252,FixOK,A,ObV5CS1912,T417F6b453,"2V6X+56Q, NH 65, Akupamula, Telangana 508233, India",331692.75,36.19,IgnitionOn,1,132.6,122.8,4,-113
0d07447d-1e06-4a0b-85b5-0dc157aad5fe-14,EDC_BS6_PERIODIC,2025-12-06 02:11:02,2025-12-07 14:01:36,17.0095856,79.898272,11917,8252,FixOK,A,ObV5CS1912,T417F6b453,"2V6X+56Q, NH 65, Akupamula, Telangana 508233, India",331692.75,36.28,IgnitionOn,1,133.96,124.5,4,-113
0d07447d-1e06-4a0b-85b5-0dc157aad5fe-15,EDC_BS6_PERIODIC,2025-12-06 02:11:08,2025-12-07 14:01:36,17.0092928,79.8987392,11918,8252,FixOK,A,ObV5CS1912,T417F6b453,"Hyderabad - Vijayawada Hwy, Akupamula, Telangana 508233, India",331692.875,37.61,IgnitionOn,1,135.259,123.8,4,-113
0d07447d-1e06-4a0b-85b5-0dc157aad5fe-16,EDC_BS6_PERIODIC,2025-12-06 02:11:14,2025-12-07 14:01:36,17.0090064,79.8992064,11919,8252,FixOK,A,ObV5CS1912,T417F6b453,"Hyderabad - Vijayawada Hwy, Akupamula, Telangana 508233, India",331692.875,38.02,IgnitionOn,1,136.729,122.19,4,-113
0d07447d-1e06-4a0b-85b5-0dc157aad5fe-17,EDC_BS6_PERIODIC,2025-12-06 02:11:20,2025-12-07 14:01:36,17.008712,79.8997184,11920,8252,FixOK,A,ObV5CS1912,T417F6b453,"2W52+96G, Akupamula, Telangana 508233, India",331693,40.84,IgnitionOn,1,137.71,121.9,4,-113
0d07447d-1e06-4a0b-85b5-0dc157aad5fe-18,EDC_BS6_PERIODIC,2025-12-06 02:11:26,2025-12-07 14:01:36,17.0084032,79.900288,11921,8252,FixOK,A,ObV5CS1912,T417F6b453,"Hyderabad - Vijayawada Hwy, Akupamula, Telangana 508233, India",331693,41.67,IgnitionOn,1,138.025,118.4,4,-113
0d07447d-1e06-4a0b-85b5-0dc157aad5fe-19,EDC_BS6_PERIODIC,2025-12-06 02:11:32,2025-12-07 14:01:36,17.0081376,79.900896,11922,8252,FixOK,A,ObV5CS1912,T417F6b453,"2W52+96G, Akupamula, Telangana 508233, India",331693.125,42.58,IgnitionOn,1,137.47,114.69,4,-113
0d07447d-1e06-4a0b-85b5-0dc157aad5fe-20,EDC_BS6_PERIODIC,2025-12-06 02:11:38,2025-12-07 14:01:36,17.0080416,79.9015616,11923,8252,FixOK,A,ObV5CS1912,T417F6b453,"Vijayawada - Hyderabad Hwy, Akupamula, Telangana 508233, India",331693.25,43.8,IgnitionOn,1,137.399,101.9,4,-113
0d07447d-1e06-4a0b-85b5-0dc157aad5fe-21,EDC_BS6_PERIODIC,2025-12-06 02:11:44,2025-12-07 14:01:36,17.0080928,79.9022336,11924,8252,FixOK,A,ObV5CS1912,T417F6b453,"Vijayawada - Hyderabad Hwy, Akupamula, Telangana 508233, India",331693.25,44.14,IgnitionOn,1,136.19,85.09,3,-113
0d07447d-1e06-4a0b-85b5-0dc157aad5fe-22,EDC_BS6_PERIODIC,2025-12-06 02:11:50,2025-12-07 14:01:36,17.0082368,79.9028544,11925,8252,FixOK,A,ObV5CS1912,T417F6b453,"2W53+74 Akupamula, Telangana, India",331693.375,42.18,IgnitionOn,1,136.059,74.8,6,-113
0d07447d-1e06-4a0b-85b5-0dc157aad5fe-23,EDC_BS6_PERIODIC,2025-12-06 02:11:56,2025-12-07 14:01:36,17.008424,79.9033984,11926,8252,FixOK,A,ObV5CS1912,T417F6b453,"2W53+74 Akupamula, Telangana, India",331693.375,37.01,IgnitionOn,1,136.05,68.9,5,-113
0d07447d-1e06-4a0b-85b5-0dc157aad5fe-24,EDC_BS6_PERIODIC,2025-12-06 02:12:02,2025-12-07 14:01:36,17.008656,79.9038848,11927,8252,FixOK,A,ObV5CS1912,T417F6b453,"Hyderabad - Vijayawada Hwy, Akupamula, Telangana 508233, India",331693.5,37.06,IgnitionOn,1,135.977,64.09,4,-113
0d07447d-1e06-4a0b-85b5-0dc157aad5fe-25,EDC_BS6_PERIODIC,2025-12-06 02:12:08,2025-12-07 14:01:36,17.0089088,79.9043584,11928,8252,FixOK,A,ObV5CS1912,T417F6b453,"Hyderabad - Vijayawada Hwy, Akupamula, Telangana 508233, India",331693.5,37.87,IgnitionOn,1,135.96,60.2,4,-113
0d07447d-1e06-4a0b-85b5-0dc157aad5fe-26,EDC_BS6_PERIODIC,2025-12-06 02:12:14,2025-12-07 14:01:36,17.00916,79.9048064,11929,8252,FixOK,A,ObV5CS1912,T417F6b453,"Vijayawada - Hyderabad Hwy, Akupamula, Telangana 508233, India",331693.625,39.67,IgnitionOn,1,135.839,61.09,4,-113
0d07447d-1e06-4a0b-85b5-0dc157aad5fe-27,EDC_BS6_PERIODIC,2025-12-06 02:12:20,2025-12-07 14:01:36,17.009432,79.905344,11930,8252,FixOK,A,ObV5CS1912,T417F6b453,"Vijayawada - Hyderabad Hwy, Akupamula, Telangana 508233, India",331693.75,42.74,IgnitionOn,1,135.71,63.2,3,-113
0d07447d-1e06-4a0b-85b5-0dc157aad5fe-28,EDC_BS6_PERIODIC,2025-12-06 02:12:26,2025-12-07 14:01:36,17.009728,79.9059328,11931,8252,FixOK,A,ObV5CS1912,T417F6b453,"Hyderabad - Vijayawada Hwy, Akupamula, Telangana 508233, India",331693.75,45.42,IgnitionOn,1,135.699,62.4,3,-113
0d07447d-1e06-4a0b-85b5-0dc157aad5fe-29,EDC_BS6_PERIODIC,2025-12-06 02:12:32,2025-12-07 14:01:36,17.0100928,79.9065472,11932,8252,FixOK,A,ObV5CS1912,T417F6b453,"Vijayawada - Hyderabad Hwy, Akupamula, Telangana 508233, India",331693.875,47.48,IgnitionOn,1,135.649,58.59,3,-113
0d07447d-1e06-4a0b-85b5-0dc157aad5fe-30,EDC_BS6_PERIODIC,2025-12-06 02:12:38,2025-12-07 14:01:36,17.0104992,79.907136,11933,8252,FixOK,A,ObV5CS1912,T417F6b453,"Vijayawada - Hyderabad Hwy, Akupamula, Telangana 508233, India",331694,47.23,IgnitionOn,1,135.711,55.29,3,-113
0d07447d-1e06-4a0b-85b5-0dc157aad5fe-31,EDC_BS6_PERIODIC,2025-12-06 02:12:44,2025-12-07 14:01:36,17.01092,79.9077056,11934,8252,FixOK,A,ObV5CS1912,T417F6b453,"Vijayawada - Hyderabad Hwy, Akupamula, Telangana 508233, India",331694,45.69,IgnitionOn,1,135.83,52.4,4,-113
0d07447d-1e06-4a0b-85b5-0dc157aad5fe-32,EDC_BS6_PERIODIC,2025-12-06 02:12:50,2025-12-07 14:01:36,17.01136,79.9082368,11935,8252,FixOK,A,ObV5CS1912,T417F6b453,"Vijayawada - Hyderabad Hwy, Akupamula, Telangana 508233, India",331694.125,44.47,IgnitionOn,1,135.8,49.59,4,-113
0d07447d-1e06-4a0b-85b5-0dc157aad5fe-33,EDC_BS6_PERIODIC,2025-12-06 02:12:56,2025-12-07 14:01:36,17.0118096,79.9087488,11936,8252,FixOK,A,ObV5CS1912,T417F6b453,"Hyderabad - Vijayawada Hwy, Akupamula, Telangana 508233, India",331694.125,42.16,IgnitionOn,1,135.759,47.9,4,-113
0d07447d-1e06-4a0b-85b5-0dc157aad5fe-34,EDC_BS6_PERIODIC,2025-12-06 02:13:02,2025-12-07 14:01:36,17.012208,79.9092736,11937,8252,FixOK,A,ObV5CS1912,T417F6b453,"Hyderabad - Vijayawada Hwy, Akupamula, Telangana 508233, India",331694.25,40.29,IgnitionOn,1,135.85,52.29,4,-113
0d07447d-1e06-4a0b-85b5-0dc157aad5fe-35,EDC_BS6_PERIODIC,2025-12-06 02:13:08,2025-12-07 14:01:36,17.0125248,79.9097984,11938,8252,FixOK,A,ObV5CS1912,T417F6b453,"Vijayawada - Hyderabad Hwy, Akupamula, Telangana 508233, India",331694.25,39.54,IgnitionOn,1,135.779,57.79,4,-113
0d07447d-1e06-4a0b-85b5-0dc157aad5fe-36,EDC_BS6_PERIODIC,2025-12-06 02:13:14,2025-12-07 14:01:36,17.0127456,79.9103616,11939,8252,FixOK,A,ObV5CS1912,T417F6b453,"Vijayawada - Hyderabad Hwy, Akupamula, Telangana 508233, India",331694.375,38.77,IgnitionOn,1,135.679,69.19,4,-113
0d07447d-1e06-4a0b-85b5-0dc157aad5fe-37,EDC_BS6_PERIODIC,2025-12-06 02:13:20,2025-12-07 14:01:36,17.0129104,79.91088,11940,8252,FixOK,A,ObV5CS1912,T417F6b453,"NH65, Telangana 508233, India",331694.375,37.43,IgnitionOn,1,135.49,70.59,4,-113
0d07447d-1e06-4a0b-85b5-0dc157aad5fe-38,EDC_BS6_PERIODIC,2025-12-06 02:13:26,2025-12-07 14:01:36,17.013056,79.9113728,11941,8252,FixOK,A,ObV5CS1912,T417F6b453,"NH65, Telangana 508233, India",331694.5,35.93,IgnitionOn,1,135.13,70.5,5,-113
0d07447d-1e06-4a0b-85b5-0dc157aad5fe-39,EDC_BS6_PERIODIC,2025-12-06 02:13:32,2025-12-07 14:01:36,17.0132144,79.9119488,11942,8252,FixOK,A,ObV5CS1912,T417F6b453,"NH 65, Telangana 508233, India",331694.5,38.41,IgnitionOn,1,134.929,73.09,4,-113
0d07447d-1e06-4a0b-85b5-0dc157aad5fe-40,EDC_BS6_PERIODIC,2025-12-06 02:13:38,2025-12-07 14:01:36,17.0133888,79.9125824,11943,8252,FixOK,A,ObV5CS1912,T417F6b453,"NH65, Telangana 508233, India",331694.625,42.46,IgnitionOn,1,134.809,73.09,4,-113
0d07447d-1e06-4a0b-85b5-0dc157aad5fe-41,EDC_BS6_PERIODIC,2025-12-06 02:13:44,2025-12-07 14:01:36,17.0135712,79.9132224,11944,8252,FixOK,A,ObV5CS1912,T417F6b453,"NH65, Telangana 508233, India",331694.75,44.1,IgnitionOn,1,134.72,72.9,4,-113
0d07447d-1e06-4a0b-85b5-0dc157aad5fe-42,EDC_BS6_PERIODIC,2025-12-06 02:13:50,2025-12-07 14:01:36,17.0137568,79.9138624,11945,8252,FixOK,A,ObV5CS1912,T417F6b453,"NH65, Telangana 508206, India",331694.75,44.31,IgnitionOn,1,134.645,73,4,-113
0d07447d-1e06-4a0b-85b5-0dc157aad5fe-43,EDC_BS6_PERIODIC,2025-12-06 02:13:56,2025-12-07 14:01:36,17.0139392,79.914496,11946,8252,FixOK,A,ObV5CS1912,T417F6b453,"NH65, Telangana 508206, India",331694.875,44.15,IgnitionOn,1,134.49,74.3,4,-113
0d07447d-1e06-4a0b-85b5-0dc157aad5fe-44,EDC_BS6_PERIODIC,2025-12-06 02:14:02,2025-12-07 14:01:36,17.0141248,79.9151104,11947,8252,FixOK,A,ObV5CS1912,T417F6b453,"NH 65, Telangana 508206, India",331694.875,43.2,IgnitionOn,1,134.669,72.69,4,-113
0d07447d-1e06-4a0b-85b5-0dc157aad5fe-45,EDC_BS6_PERIODIC,2025-12-06 02:14:08,2025-12-07 14:01:36,17.0143216,79.915712,11948,8252,FixOK,A,ObV5CS1912,T417F6b453,"NH65, Telangana 508206, India",331695,42.18,IgnitionOn,1,134.86,72.8,4,-113
0d07447d-1e06-4a0b-85b5-0dc157aad5fe-46,EDC_BS6_PERIODIC,2025-12-06 02:14:14,2025-12-07 14:01:36,17.0145152,79.9163008,11949,8252,FixOK,A,ObV5CS1912,T417F6b453,"NH 65, Telangana 508206, India",331695.125,41.6,IgnitionOn,1,134.809,72.4,4,-113
0d07447d-1e06-4a0b-85b5-0dc157aad5fe-47,EDC_BS6_PERIODIC,2025-12-06 02:14:20,2025-12-07 14:01:36,17.014688,79.9168896,11950,8252,FixOK,A,ObV5CS1912,T417F6b453,"NH65, Telangana 508206, India",331695.125,40.59,IgnitionOn,1,134.639,73.5,4,-113
0d07447d-1e06-4a0b-85b5-0dc157aad5fe-48,EDC_BS6_PERIODIC,2025-12-06 02:14:26,2025-12-07 14:01:36,17.0148608,79.9174656,11951,8252,FixOK,A,ObV5CS1912,T417F6b453,"NH65, Telangana 508206, India",331695.25,39.66,IgnitionOn,1,134.653,72.9,5,-113
0d07447d-1e06-4a0b-85b5-0dc157aad5fe-49,EDC_BS6_PERIODIC,2025-12-06 02:14:32,2025-12-07 14:01:36,17.0150528,79.9180544,11952,8252,FixOK,A,ObV5CS1912,T417F6b453,"NH65, Telangana 508206, India",331695.25,40.89,IgnitionOn,1,134.33,72.3,5,-113
0d07447d-1e06-4a0b-85b5-0dc157aad5fe-50,EDC_BS6_PERIODIC,2025-12-06 02:14:38,2025-12-07 14:01:36,17.0152416,79.9186688,11953,8252,FixOK,A,ObV5CS1912,T417F6b453,"NH65, Telangana 508206, India",331695.375,43.25,IgnitionOn,1,133.97,71.8,5,-113
86623bf6-bc43-4b41-9360-41dcd6617f64-1,EDC_BS6_PERIODIC,2025-12-06 02:14:44,2025-12-07 14:01:57,17.0154496,79.9192704,11954,8252,FixOK,A,ObV5CS1912,T417F6b453,"NH65, Telangana 508206, India",331695.375,42.51,IgnitionOn,1,133.839,70.4,5,-113
86623bf6-bc43-4b41-9360-41dcd6617f64-2,EDC_BS6_PERIODIC,2025-12-06 02:14:50,2025-12-07 14:01:57,17.015624,79.919872,11955,8252,FixOK,A,ObV5CS1912,T417F6b453,"Near Sub StationAakupamula, Kodad, Telangana 508206, India",331695.5,41,IgnitionOn,1,133.96,74.5,5,-113
86623bf6-bc43-4b41-9360-41dcd6617f64-3,EDC_BS6_PERIODIC,2025-12-06 02:14:56,2025-12-07 14:01:57,17.0158096,79.9204416,11956,8252,FixOK,A,ObV5CS1912,T417F6b453,"Near Sub StationAakupamula, Kodad, Telangana 508206, India",331695.625,39.68,IgnitionOn,1,133.869,71.19,4,-113
86623bf6-bc43-4b41-9360-41dcd6617f64-5,EDC_BS6_PERIODIC,2025-12-06 02:15:02,2025-12-07 14:01:57,17.0159392,79.921024,11957,8252,FixOK,A,ObV5CS1912,T417F6b453,"2W8C+JG8, NH 65, Kodad, Telangana 508206, India",331695.625,39.33,IgnitionOn,1,134.059,77,4,-113
86623bf6-bc43-4b41-9360-41dcd6617f64-6,EDC_BS6_PERIODIC,2025-12-06 02:15:08,2025-12-07 14:01:57,17.0160624,79.9216064,11958,8252,FixOK,A,ObV5CS1912,T417F6b453,"NH65, Telangana 508206, India",331695.75,39.86,IgnitionOn,1,132.47,76,4,-113
86623bf6-bc43-4b41-9360-41dcd6617f64-7,EDC_BS6_PERIODIC,2025-12-06 02:15:14,2025-12-07 14:01:57,17.0161312,79.9222272,11959,8252,FixOK,A,ObV5CS1912,T417F6b453,"NH65, Telangana 508206, India",331695.75,40.96,IgnitionOn,1,131.49,85.4,4,-113
86623bf6-bc43-4b41-9360-41dcd6617f64-8,EDC_BS6_PERIODIC,2025-12-06 02:15:20,2025-12-07 14:01:57,17.0161728,79.922848,11960,8252,FixOK,A,ObV5CS1912,T417F6b453,"NH65, Telangana 508206, India",331695.875,41.48,IgnitionOn,1,130.309,85.9,4,-113
86623bf6-bc43-4b41-9360-41dcd6617f64-9,EDC_BS6_PERIODIC,2025-12-06 02:15:26,2025-12-07 14:01:57,17.016216,79.9234816,11961,8252,FixOK,A,ObV5CS1912,T417F6b453,"NH65, Telangana 508206, India",331695.875,41.94,IgnitionOn,1,127.519,86.5,5,-113
86623bf6-bc43-4b41-9360-41dcd6617f64-10,EDC_BS6_PERIODIC,2025-12-06 02:15:32,2025-12-07 14:01:57,17.0162592,79.9241088,11962,8252,FixOK,A,ObV5CS1912,T417F6b453,"NH65, Telangana 508206, India",331696,41.51,IgnitionOn,1,126.739,85.69,5,-113
86623bf6-bc43-4b41-9360-41dcd6617f64-11,EDC_BS6_PERIODIC,2025-12-06 02:15:38,2025-12-07 14:01:57,17.016272,79.9247104,11963,8252,FixOK,A,ObV5CS1912,T417F6b453,"NH 65, Telangana 508206, India",331696.125,41.55,IgnitionOn,1,126.111,88.59,4,-113
86623bf6-bc43-4b41-9360-41dcd6617f64-12,EDC_BS6_PERIODIC,2025-12-06 02:15:44,2025-12-07 14:01:57,17.0162752,79.9251776,11964,8252,FixOK,A,ObV5CS1912,T417F6b453,"NH 65, Telangana 508206, India",331696.125,31.11,IgnitionOn,1,125.23,87.8,5,-113
86623bf6-bc43-4b41-9360-41dcd6617f64-13,EDC_BS6_PERIODIC,2025-12-06 02:15:50,2025-12-07 14:01:57,17.0162912,79.9255808,11965,8252,FixOK,A,ObV5CS1912,T417F6b453,"NH65, Kodad, Telangana 508206, India",331696.125,26.21,IgnitionOn,1,124.51,88.69,4,-113
86623bf6-bc43-4b41-9360-41dcd6617f64-14,DEVICE_METRICS,2025-12-06 02:16:06,2025-12-07 14:01:57,17.0162912,79.9255808,,8252,FixOK,,ObV5CS1912,T417F6b453,"NH65, Kodad, Telangana 508206, India",287139,,IgnitionOn,1,,,,
86623bf6-bc43-4b41-9360-41dcd6617f64-15,EDC_BS6_PERIODIC,2025-12-06 02:16:06,2025-12-07 14:01:57,17.016104,79.926784,11966,8252,FixOK,A,ObV5CS1912,T417F6b453,"NH65, Kodad, Telangana 508206, India",331696.25,36.83,IgnitionOn,1,122.55,88.69,4,-113
86623bf6-bc43-4b41-9360-41dcd6617f64-16-1,HARSH_ACCELERATION_END,2025-12-06 02:16:06,2025-12-07 14:01:57,17.0160656,79.92688,61311,8252,FixOK,,ObV5CS1912,T417F6b453,"NH65, Kodad, Telangana 508206, India",287139,41.05,IgnitionOn,1,,,,
86623bf6-bc43-4b41-9360-41dcd6617f64-16,HARSH_ACCELERATION_START,2025-12-06 02:16:06,2025-12-07 14:01:57,17.0160656,79.92688,61311,8252,FixOK,,ObV5CS1912,T417F6b453,"NH65, Kodad, Telangana 508206, India",287139,41.05,IgnitionOn,1,,,,
86623bf6-bc43-4b41-9360-41dcd6617f64-17,EDC_BS6_PERIODIC,2025-12-06 02:16:12,2025-12-07 14:01:57,17.015848,79.9274944,11967,8252,FixOK,A,ObV5CS1912,T417F6b453,"NH65, Kodad, Telangana 508206, India",331696.375,40.73,IgnitionOn,1,121.587,108,5,-113
86623bf6-bc43-4b41-9360-41dcd6617f64-18,EDC_BS6_PERIODIC,2025-12-06 02:16:18,2025-12-07 14:01:57,17.0156144,79.928096,11968,8252,FixOK,A,ObV5CS1912,T417F6b453,"NH65, Kodad, Telangana 508206, India",331696.5,43.36,IgnitionOn,1,120.93,111.9,4,-113
86623bf6-bc43-4b41-9360-41dcd6617f64-19,EDC_BS6_PERIODIC,2025-12-06 02:16:24,2025-12-07 14:01:57,17.0153424,79.928704,11969,8252,FixOK,A,ObV5CS1912,T417F6b453,"2W8H+47, Dwaraka Nagar, Telangana 508206, India",331696.5,45.09,IgnitionOn,1,120.889,114.4,5,-113
86623bf6-bc43-4b41-9360-41dcd6617f64-20,EDC_BS6_PERIODIC,2025-12-06 02:16:30,2025-12-07 14:01:57,17.01504,79.92928,11970,8252,FixOK,A,ObV5CS1912,T417F6b453,"2W8H+47, Dwaraka Nagar, Telangana 508206, India",331696.625,44.01,IgnitionOn,1,120.98,119.8,5,-113
86623bf6-bc43-4b41-9360-41dcd6617f64-21,EDC_BS6_PERIODIC,2025-12-06 02:16:36,2025-12-07 14:01:57,17.0146784,79.9298048,11971,8252,FixOK,A,ObV5CS1912,T417F6b453,"Old National Hwy 9, Telangana 508206, India",331696.625,42.08,IgnitionOn,1,121.23,125.69,5,-113
86623bf6-bc43-4b41-9360-41dcd6617f64-22,EDC_BS6_PERIODIC,2025-12-06 02:16:42,2025-12-07 14:01:57,17.0142784,79.9302976,11972,8252,FixOK,A,ObV5CS1912,T417F6b453,"2W7J+Q2 Dwaraka Nagar, Telangana, India",331696.75,39.52,IgnitionOn,1,121.169,130.69,5,-113
86623bf6-bc43-4b41-9360-41dcd6617f64-23,EDC_BS6_PERIODIC,2025-12-06 02:16:48,2025-12-07 14:01:57,17.0139328,79.9305472,11973,8252,FixOK,A,ObV5CS1912,T417F6b453,"NH65, Kodad, Telangana 508206, India",331696.75,27.82,IgnitionOn,1,119.972,148.1,4,-113
86623bf6-bc43-4b41-9360-41dcd6617f64-24,EDC_BS6_PERIODIC,2025-12-06 02:16:54,2025-12-07 14:01:57,17.013656,79.9308224,11974,8252,FixOK,A,ObV5CS1912,T417F6b453,"NH65, Kodad, Telangana 508206, India",331696.875,27.05,IgnitionOn,1,117.819,132.69,4,-113
86623bf6-bc43-4b41-9360-41dcd6617f64-25,EDC_BS6_PERIODIC,2025-12-06 02:17:00,2025-12-07 14:01:57,17.0133616,79.9311744,11975,8252,FixOK,A,ObV5CS1912,T417F6b453,"NH65, Dwaraka Nagar, Kodad, Telangana 508206, India",331696.875,32.89,IgnitionOn,1,117.169,134.3,4,-113
86623bf6-bc43-4b41-9360-41dcd6617f64-26,EDC_BS6_PERIODIC,2025-12-06 02:17:06,2025-12-07 14:01:57,17.0129888,79.9315584,11976,8252,FixOK,A,ObV5CS1912,T417F6b453,"NH65, Kodad, Telangana 508206, India",331697,36.51,IgnitionOn,1,116.739,136.69,4,-113
86623bf6-bc43-4b41-9360-41dcd6617f64-27,EDC_BS6_PERIODIC,2025-12-06 02:17:12,2025-12-07 14:01:57,17.0125792,79.931936,11977,8252,FixOK,A,ObV5CS1912,T417F6b453,"NH65, Kodad, Telangana 508206, India",331697,38.57,IgnitionOn,1,117.139,139.3,4,-113
86623bf6-bc43-4b41-9360-41dcd6617f64-28,EDC_BS6_PERIODIC,2025-12-06 02:17:18,2025-12-07 14:01:57,17.0121568,79.9322944,11978,8252,FixOK,A,ObV5CS1912,T417F6b453,"Hyderabad - Vijayawada Hwy, Kodad, Telangana 508206, India",331697.125,39.12,IgnitionOn,1,117.599,140.89,4,-113
86623bf6-bc43-4b41-9360-41dcd6617f64-29,EDC_BS6_PERIODIC,2025-12-06 02:17:24,2025-12-07 14:01:57,17.0117296,79.9326592,11979,8252,FixOK,A,ObV5CS1912,T417F6b453,"NH 65, Dwaraka Nagar, Kodad, Telangana 508206, India",331697.125,38.61,IgnitionOn,1,117.711,140.89,4,-113
86623bf6-bc43-4b41-9360-41dcd6617f64-30,EDC_BS6_PERIODIC,2025-12-06 02:17:30,2025-12-07 14:01:57,17.0113216,79.9330048,11980,8252,FixOK,A,ObV5CS1912,T417F6b453,"NH 65, Dwaraka Nagar, Kodad, Telangana 508206, India",331697.25,37.79,IgnitionOn,1,117.73,140.6,4,-113
86623bf6-bc43-4b41-9360-41dcd6617f64-31,EDC_BS6_PERIODIC,2025-12-06 02:17:36,2025-12-07 14:01:57,17.0109088,79.9333504,11981,8252,FixOK,A,ObV5CS1912,T417F6b453,"NH 65, Dwaraka Nagar, Kodad, Telangana 508206, India",331697.25,36.56,IgnitionOn,1,117.87,142.3,4,-113
86623bf6-bc43-4b41-9360-41dcd6617f64-32,EDC_BS6_PERIODIC,2025-12-06 02:17:42,2025-12-07 14:01:57,17.0105056,79.9336832,11982,8252,FixOK,A,ObV5CS1912,T417F6b453,"NH65, Kodad, Telangana 508206, India",331697.375,35.46,IgnitionOn,1,118.379,141.19,4,-113
86623bf6-bc43-4b41-9360-41dcd6617f64-33,EDC_BS6_PERIODIC,2025-12-06 02:17:48,2025-12-07 14:01:57,17.010112,79.9340224,11983,8252,FixOK,A,ObV5CS1912,T417F6b453,"NH65, Kodad, Telangana 508206, India",331697.375,34.98,IgnitionOn,1,118.73,141,4,-113
86623bf6-bc43-4b41-9360-41dcd6617f64-34,EDC_BS6_PERIODIC,2025-12-06 02:17:54,2025-12-07 14:01:57,17.0097104,79.934368,11984,8252,FixOK,A,ObV5CS1912,T417F6b453,"NH65, Kodad, Telangana 508206, India",331697.5,36.03,IgnitionOn,1,119.25,139.5,4,-113
86623bf6-bc43-4b41-9360-41dcd6617f64-35,EDC_BS6_PERIODIC,2025-12-06 02:18:00,2025-12-07 14:01:57,17.009304,79.9347328,11985,8252,FixOK,A,ObV5CS1912,T417F6b453,"NH65, Dwaraka Nagar, Kodad, Telangana 508206, India",331697.5,38.04,IgnitionOn,1,119.643,139.19,4,-113
86623bf6-bc43-4b41-9360-41dcd6617f64-36,EDC_BS6_PERIODIC,2025-12-06 02:18:06,2025-12-07 14:01:57,17.0088816,79.9351168,11986,8252,FixOK,A,ObV5CS1912,T417F6b453,"NH65, Dwaraka Nagar, Kodad, Telangana 508206, India",331697.625,40.45,IgnitionOn,1,119.739,139,4,-113
86623bf6-bc43-4b41-9360-41dcd6617f64-37,EDC_BS6_PERIODIC,2025-12-06 02:18:12,2025-12-07 14:01:57,17.0084016,79.9355264,11987,8252,FixOK,A,ObV5CS1912,T417F6b453,"NH65, Kodad, Telangana 508206, India",331697.75,44.1,IgnitionOn,1,120.26,140.1,4,-113
86623bf6-bc43-4b41-9360-41dcd6617f64-38,EDC_BS6_PERIODIC,2025-12-06 02:18:18,2025-12-07 14:01:57,17.0079184,79.9359296,11988,8252,FixOK,A,ObV5CS1912,T417F6b453,"NH65, Kodad, Telangana 508206, India",331697.75,43.18,IgnitionOn,1,120.4,142.39,4,-113
86623bf6-bc43-4b41-9360-41dcd6617f64-39,EDC_BS6_PERIODIC,2025-12-06 02:18:24,2025-12-07 14:01:57,17.007408,79.9363328,11989,8252,FixOK,A,ObV5CS1912,T417F6b453,"NH65, Kodad, Telangana 508206, India",331697.875,44.07,IgnitionOn,1,120.23,142.39,4,-113
86623bf6-bc43-4b41-9360-41dcd6617f64-40,EDC_BS6_PERIODIC,2025-12-06 02:18:30,2025-12-07 14:01:57,17.006888,79.9367616,11990,8252,FixOK,A,ObV5CS1912,T417F6b453,"2W4P+FG6, Kodad, Telangana 508206, India",331697.875,46.15,IgnitionOn,1,119.809,142.39,4,-113
86623bf6-bc43-4b41-9360-41dcd6617f64-41,EDC_BS6_PERIODIC,2025-12-06 02:18:36,2025-12-07 14:01:57,17.0063488,79.9371904,11991,8252,FixOK,A,ObV5CS1912,T417F6b453,"NH65, Kodad, Telangana 508206, India",331698,46.52,IgnitionOn,1,119.213,142.6,4,-113
86623bf6-bc43-4b41-9360-41dcd6617f64-42,EDC_BS6_PERIODIC,2025-12-06 02:18:42,2025-12-07 14:01:57,17.0057936,79.9376256,11992,8252,FixOK,A,ObV5CS1912,T417F6b453,"NH65, Kodad, Telangana 508206, India",331698.125,46.86,IgnitionOn,1,117.629,142.69,4,-113
86623bf6-bc43-4b41-9360-41dcd6617f64-43,EDC_BS6_PERIODIC,2025-12-06 02:18:48,2025-12-07 14:01:57,17.0052672,79.9380352,11993,8252,FixOK,A,ObV5CS1912,T417F6b453,"NH65, Kodad, Telangana 508206, India",331698.125,45.51,IgnitionOn,1,116.139,142.69,4,-113
86623bf6-bc43-4b41-9360-41dcd6617f64-44,EDC_BS6_PERIODIC,2025-12-06 02:18:54,2025-12-07 14:01:57,17.0047488,79.938432,11994,8252,FixOK,A,ObV5CS1912,T417F6b453,"NH65, Kodad, Telangana 508206, India",331698.25,44.32,IgnitionOn,1,114.589,142.8,4,-113
86623bf6-bc43-4b41-9360-41dcd6617f64-45,EDC_BS6_PERIODIC,2025-12-06 02:19:00,2025-12-07 14:01:57,17.004248,79.938816,11995,8252,FixOK,A,ObV5CS1912,T417F6b453,"2W4Q+5CX, Kodad, Telangana 508206, India",331698.375,42.08,IgnitionOn,1,113.099,143.6,4,-113
86623bf6-bc43-4b41-9360-41dcd6617f64-46,EDC_BS6_PERIODIC,2025-12-06 02:19:06,2025-12-07 14:01:57,17.00376,79.9391744,11996,8252,FixOK,A,ObV5CS1912,T417F6b453,"2W4Q+5CX, Kodad, Telangana 508206, India",331698.375,39.48,IgnitionOn,1,111.819,144,4,-113
86623bf6-bc43-4b41-9360-41dcd6617f64-47,EDC_BS6_PERIODIC,2025-12-06 02:19:12,2025-12-07 14:01:57,17.003312,79.9395136,11997,8252,FixOK,A,ObV5CS1912,T417F6b453,"Hyderabad - Vijayawada Hwy, Kodad, Telangana 508206, India",331698.5,36.38,IgnitionOn,1,111.179,144.8,4,-113
86623bf6-bc43-4b41-9360-41dcd6617f64-48,EDC_BS6_PERIODIC,2025-12-06 02:19:18,2025-12-07 14:01:57,17.0028832,79.9398528,11998,8252,FixOK,A,ObV5CS1912,T417F6b453,"Hyderabad - Vijayawada Hwy, Kodad, Telangana 508206, India",331698.5,38.29,IgnitionOn,1,109.86,142.6,4,-113
86623bf6-bc43-4b41-9360-41dcd6617f64-49,EDC_BS6_PERIODIC,2025-12-06 02:19:24,2025-12-07 14:01:57,17.0024288,79.940224,11999,8252,FixOK,A,ObV5CS1912,T417F6b453,"2W2R+W3 Kodad, Telangana, India",331698.625,40.41,IgnitionOn,1,109.4,142.39,4,-113
86623bf6-bc43-4b41-9360-41dcd6617f64-50,EDC_BS6_PERIODIC,2025-12-06 02:19:30,2025-12-07 14:01:57,17.00196,79.9406016,12000,8252,FixOK,A,ObV5CS1912,T417F6b453,"Hyderabad - Vijayawada Hwy, Kodad, Telangana 508206, India",331698.625,41.34,IgnitionOn,1,110.139,143.19,4,-113
16ed1267-9aa4-4c9d-bc64-d4e9dfa69786-1,EDC_BS6_PERIODIC,2025-12-06 02:19:36,2025-12-07 14:02:16,17.0014704,79.9409856,12001,8252,FixOK,A,ObV5CS1912,T417F6b453,"NH65, Kodad, Telangana 508206, India",331698.75,40.91,IgnitionOn,1,110.989,143,4,-113
16ed1267-9aa4-4c9d-bc64-d4e9dfa69786-2,EDC_BS6_PERIODIC,2025-12-06 02:19:42,2025-12-07 14:02:16,17.0009888,79.941376,12002,8252,FixOK,A,ObV5CS1912,T417F6b453,"NH65, Kodad, Telangana 508206, India",331698.875,42.01,IgnitionOn,1,112.23,142.3,4,-113
16ed1267-9aa4-4c9d-bc64-d4e9dfa69786-3,EDC_BS6_PERIODIC,2025-12-06 02:19:48,2025-12-07 14:02:16,17.000456,79.9418112,12003,8252,FixOK,A,ObV5CS1912,T417F6b453,"NH65, Kodad, Telangana 508206, India",331698.875,46.13,IgnitionOn,1,112.791,141.69,4,-113
16ed1267-9aa4-4c9d-bc64-d4e9dfa69786-4,EDC_BS6_PERIODIC,2025-12-06 02:19:54,2025-12-07 14:02:16,16.999904,79.94224,12004,8252,FixOK,A,ObV5CS1912,T417F6b453,"NH65, Kodad, Telangana 508206, India",331699,47.59,IgnitionOn,1,113.11,142.8,4,-113
16ed1267-9aa4-4c9d-bc64-d4e9dfa69786-5,EDC_BS6_PERIODIC,2025-12-06 02:20:00,2025-12-07 14:02:16,16.9993632,79.9426816,12005,8252,FixOK,A,ObV5CS1912,T417F6b453,"NH65, Kodad, Telangana 508206, India",331699,47.21,IgnitionOn,1,113.489,142.3,4,-113
16ed1267-9aa4-4c9d-bc64-d4e9dfa69786-6,EDC_BS6_PERIODIC,2025-12-06 02:20:06,2025-12-07 14:02:16,16.9988544,79.9430912,12006,8252,FixOK,A,ObV5CS1912,T417F6b453,"NH65, Kodad, Telangana 508206, India",331699.125,44.74,IgnitionOn,1,113.72,141.69,4,-113
16ed1267-9aa4-4c9d-bc64-d4e9dfa69786-7,EDC_BS6_PERIODIC,2025-12-06 02:20:12,2025-12-07 14:02:16,16.9983664,79.9434816,12007,8252,FixOK,A,ObV5CS1912,T417F6b453,"NH65, Kodad, Telangana 508206, India",331699.25,42.01,IgnitionOn,1,114.199,142.6,4,-113
16ed1267-9aa4-4c9d-bc64-d4e9dfa69786-8,EDC_BS6_PERIODIC,2025-12-06 02:20:18,2025-12-07 14:02:16,16.9979056,79.94384,12008,8252,FixOK,A,ObV5CS1912,T417F6b453,"NH65, Kodad, Telangana 508206, India",331699.25,39.04,IgnitionOn,1,114.529,142.6,4,-113
16ed1267-9aa4-4c9d-bc64-d4e9dfa69786-9,EDC_BS6_PERIODIC,2025-12-06 02:20:24,2025-12-07 14:02:16,16.997488,79.9441792,12009,8252,FixOK,A,ObV5CS1912,T417F6b453,"NH65, Kodad, Telangana 508206, India",331699.375,35.55,IgnitionOn,1,114.539,142.6,4,-113
16ed1267-9aa4-4c9d-bc64-d4e9dfa69786-10,EDC_BS6_PERIODIC,2025-12-06 02:20:30,2025-12-07 14:02:16,16.997096,79.9444992,12010,8252,FixOK,A,ObV5CS1912,T417F6b453,"NH65, Kodad, Telangana 508206, India",331699.375,36.28,IgnitionOn,1,114.089,141.89,4,-113
16ed1267-9aa4-4c9d-bc64-d4e9dfa69786-11,EDC_BS6_PERIODIC,2025-12-06 02:20:36,2025-12-07 14:02:16,16.996672,79.9448448,12011,8252,FixOK,A,ObV5CS1912,T417F6b453,"NH65, Kodad, Telangana 508206, India",331699.5,38.28,IgnitionOn,1,113.449,141.8,4,-113
16ed1267-9aa4-4c9d-bc64-d4e9dfa69786-12,EDC_BS6_PERIODIC,2025-12-06 02:20:42,2025-12-07 14:02:16,16.996208,79.9452224,12012,8252,FixOK,A,ObV5CS1912,T417F6b453,"NH65, Kodad, Telangana 508206, India",331699.5,40.52,IgnitionOn,1,112.529,142.19,4,-113
16ed1267-9aa4-4c9d-bc64-d4e9dfa69786-13,EDC_BS6_PERIODIC,2025-12-06 02:20:48,2025-12-07 14:02:16,16.99572,79.9456128,12013,8252,FixOK,A,ObV5CS1912,T417F6b453,"NH65, Kodad, Telangana 508206, India",331699.625,43.46,IgnitionOn,1,111.769,141.5,4,-113
16ed1267-9aa4-4c9d-bc64-d4e9dfa69786-14,EDC_BS6_PERIODIC,2025-12-06 02:20:54,2025-12-07 14:02:16,16.995208,79.9460352,12014,8252,FixOK,A,ObV5CS1912,T417F6b453,"XWVW+599, Vanthipally Gopaya Nagar, Kodad, Telangana 508206, India",331699.75,44.34,IgnitionOn,1,111.19,142,4,-113
16ed1267-9aa4-4c9d-bc64-d4e9dfa69786-15,EDC_BS6_PERIODIC,2025-12-06 02:21:00,2025-12-07 14:02:16,16.9946976,79.9464384,12015,8252,FixOK,A,ObV5CS1912,T417F6b453,"XWVW+599, Vanthipally Gopaya Nagar, Kodad, Telangana 508206, India",331699.75,43.92,IgnitionOn,1,111.185,142.3,4,-113
16ed1267-9aa4-4c9d-bc64-d4e9dfa69786-16,EDC_BS6_PERIODIC,2025-12-06 02:21:06,2025-12-07 14:02:16,16.9941952,79.9468416,12016,8252,FixOK,A,ObV5CS1912,T417F6b453,"NH65, Kodad, Telangana 508206, India",331699.875,43.77,IgnitionOn,1,110.43,142.8,4,-113
16ed1267-9aa4-4c9d-bc64-d4e9dfa69786-17,EDC_BS6_PERIODIC,2025-12-06 02:21:12,2025-12-07 14:02:16,16.9936864,79.9472384,12017,8252,FixOK,A,ObV5CS1912,T417F6b453,"NH65, Kodad, Telangana 508206, India",331699.875,43.24,IgnitionOn,1,110.199,142.1,4,-113
16ed1267-9aa4-4c9d-bc64-d4e9dfa69786-18,EDC_BS6_PERIODIC,2025-12-06 02:21:18,2025-12-07 14:02:16,16.9931984,79.9476416,12018,8252,FixOK,A,ObV5CS1912,T417F6b453,"NH65, Kodad, Telangana 508206, India",331700,42.59,IgnitionOn,1,109.87,141.6,4,-113
16ed1267-9aa4-4c9d-bc64-d4e9dfa69786-19,EDC_BS6_PERIODIC,2025-12-06 02:21:24,2025-12-07 14:02:16,16.9927552,79.9480192,12019,8252,FixOK,A,ObV5CS1912,T417F6b453,"NH65, Kodad, Telangana 508206, India",331700.125,39.23,IgnitionOn,1,109.459,139.69,4,-113
16ed1267-9aa4-4c9d-bc64-d4e9dfa69786-20,EDC_BS6_PERIODIC,2025-12-06 02:21:30,2025-12-07 14:02:16,16.992352,79.9483648,12020,8252,FixOK,A,ObV5CS1912,T417F6b453,"NH65, Kodad, Telangana 508206, India",331700.125,35.82,IgnitionOn,1,109.449,140,4,-113
16ed1267-9aa4-4c9d-bc64-d4e9dfa69786-21,EDC_BS6_PERIODIC,2025-12-06 02:21:36,2025-12-07 14:02:16,16.9919808,79.9487296,12021,8252,FixOK,A,ObV5CS1912,T417F6b453,"NH65, Kodad, Telangana 508206, India",331700.25,34.16,IgnitionOn,1,109.447,136.39,4,-113
16ed1267-9aa4-4c9d-bc64-d4e9dfa69786-22,EDC_BS6_PERIODIC,2025-12-06 02:21:42,2025-12-07 14:02:16,16.991616,79.949088,12022,8252,FixOK,A,ObV5CS1912,T417F6b453,"NH65, Kodad, Telangana 508206, India",331700.25,34.07,IgnitionOn,1,110.059,137.39,4,-113
16ed1267-9aa4-4c9d-bc64-d4e9dfa69786-23,EDC_BS6_PERIODIC,2025-12-06 02:21:48,2025-12-07 14:02:16,16.9912608,79.949472,12023,8252,FixOK,A,ObV5CS1912,T417F6b453,"XWRX+8Q, Kodad, Telangana 508206, India",331700.375,35.94,IgnitionOn,1,110.669,134.19,4,-113
16ed1267-9aa4-4c9d-bc64-d4e9dfa69786-24,EDC_BS6_PERIODIC,2025-12-06 02:21:54,2025-12-07 14:02:16,16.9908768,79.9498944,12024,8252,FixOK,A,ObV5CS1912,T417F6b453,"XWRX+8Q, Kodad, Telangana 508206, India",331700.375,38.33,IgnitionOn,1,111.54,132.8,4,-113
16ed1267-9aa4-4c9d-bc64-d4e9dfa69786-25,EDC_BS6_PERIODIC,2025-12-06 02:22:00,2025-12-07 14:02:16,16.9904816,79.9503424,12025,8252,FixOK,A,ObV5CS1912,T417F6b453,"NH65, Kodad, Telangana 508206, India",331700.5,39.7,IgnitionOn,1,112.319,132.6,4,-113
16ed1267-9aa4-4c9d-bc64-d4e9dfa69786-26,EDC_BS6_PERIODIC,2025-12-06 02:22:06,2025-12-07 14:02:16,16.9900928,79.9507968,12026,8252,FixOK,A,ObV5CS1912,T417F6b453,"Near BC Hostel ,Huzur nagar, XXW2+482, Kodad Bypass, Kodad, Telangana 508206, India",331700.5,40.45,IgnitionOn,1,113.589,130.5,4,-113
16ed1267-9aa4-4c9d-bc64-d4e9dfa69786-27,EDC_BS6_PERIODIC,2025-12-06 02:22:12,2025-12-07 14:02:16,16.989688,79.951296,12027,8252,FixOK,A,ObV5CS1912,T417F6b453,"Near BC Hostel ,Huzur nagar, XXW2+482, Kodad Bypass, Kodad, Telangana 508206, India",331700.625,42.71,IgnitionOn,1,114.223,129.6,4,-113
16ed1267-9aa4-4c9d-bc64-d4e9dfa69786-28,EDC_BS6_PERIODIC,2025-12-06 02:22:18,2025-12-07 14:02:16,16.9892768,79.9518208,12028,8252,FixOK,A,ObV5CS1912,T417F6b453,"XXQ3+538, Kodad, Telangana 508206, India",331700.625,44.03,IgnitionOn,1,115.379,126.9,4,-113
16ed1267-9aa4-4c9d-bc64-d4e9dfa69786-29,EDC_BS6_PERIODIC,2025-12-06 02:22:24,2025-12-07 14:02:16,16.9888768,79.952384,12029,8252,FixOK,A,ObV5CS1912,T417F6b453,"XXQ3+538, Kodad, Telangana 508206, India",331700.75,45.02,IgnitionOn,1,115.769,126.19,4,-113
16ed1267-9aa4-4c9d-bc64-d4e9dfa69786-30,EDC_BS6_PERIODIC,2025-12-06 02:22:30,2025-12-07 14:02:16,16.988504,79.9529536,12030,8252,FixOK,A,ObV5CS1912,T417F6b453,"Huzoor Nagar road,, opp Ashaura Traders, Kodad, Telangana 508206, India",331700.875,45.6,IgnitionOn,1,115.779,123.9,4,-113
16ed1267-9aa4-4c9d-bc64-d4e9dfa69786-31,EDC_BS6_PERIODIC,2025-12-06 02:22:36,2025-12-07 14:02:16,16.9881376,79.9535488,12031,8252,FixOK,A,ObV5CS1912,T417F6b453,"XXQ3+538, Kodad, Telangana 508206, India",331700.875,46.18,IgnitionOn,1,115.489,122.5,4,-113
16ed1267-9aa4-4c9d-bc64-d4e9dfa69786-32,EDC_BS6_PERIODIC,2025-12-06 02:22:42,2025-12-07 14:02:16,16.9877792,79.9541632,12032,8252,FixOK,A,ObV5CS1912,T417F6b453,"XXQ3+538, Kodad, Telangana 508206, India",331701,47.43,IgnitionOn,1,115.069,122.09,4,-113
16ed1267-9aa4-4c9d-bc64-d4e9dfa69786-33,EDC_BS6_PERIODIC,2025-12-06 02:22:48,2025-12-07 14:02:16,16.9874336,79.9547904,12033,8252,FixOK,A,ObV5CS1912,T417F6b453,"Vijayawada - Hyderabad Hwy, Kodad, Telangana 508206, India",331701.125,48.66,IgnitionOn,1,114.357,117.5,4,-113
5bee7cb7-839b-4f36-8c39-482cb6b36654-1,EDC_BS6_PERIODIC,2025-12-06 02:22:54,2025-12-07 14:02:37,16.98712,79.9554432,12034,8252,FixOK,A,ObV5CS1912,T417F6b453,"Vijayawada - Hyderabad Hwy, Kodad, Telangana 508206, India",331701.125,47.67,IgnitionOn,1,112.19,115.8,4,-113
5bee7cb7-839b-4f36-8c39-482cb6b36654-2,EDC_BS6_PERIODIC,2025-12-06 02:23:00,2025-12-07 14:02:37,16.9868176,79.9560896,12035,8252,FixOK,A,ObV5CS1912,T417F6b453,"Hyderabad - Vijayawada Hwy, Kodad, Telangana 508206, India",331701.25,48.15,IgnitionOn,1,109.4,114.69,4,-113
5bee7cb7-839b-4f36-8c39-482cb6b36654-3,EDC_BS6_PERIODIC,2025-12-06 02:23:06,2025-12-07 14:02:37,16.986472,79.9567488,12036,8252,FixOK,A,ObV5CS1912,T417F6b453,"Hp gas office road,Huzur nagar, XXW2+482, Miryalaguda - Kodad Rd, Kodad, Telangana 508206, India",331701.375,47.02,IgnitionOn,1,109.68,114,5,-113
5bee7cb7-839b-4f36-8c39-482cb6b36654-4,EDC_BS6_PERIODIC,2025-12-06 02:23:12,2025-12-07 14:02:37,16.986144,79.9574272,12037,8252,FixOK,A,ObV5CS1912,T417F6b453,"Hp gas office road,Huzur nagar, XXW2+482, Miryalaguda - Kodad Rd, Kodad, Telangana 508206, India",331701.375,47.38,IgnitionOn,1,109.73,114.09,5,-113
5bee7cb7-839b-4f36-8c39-482cb6b36654-5,EDC_BS6_PERIODIC,2025-12-06 02:23:18,2025-12-07 14:02:37,16.985856,79.95808,12038,8252,FixOK,A,ObV5CS1912,T417F6b453,"Vijayawada - Hyderabad Hwy, Kodad, Telangana 508206, India",331701.5,46.24,IgnitionOn,1,109.739,111,4,-113
5bee7cb7-839b-4f36-8c39-482cb6b36654-6,EDC_BS6_PERIODIC,2025-12-06 02:23:24,2025-12-07 14:02:37,16.9856192,79.9587328,12039,8252,FixOK,A,ObV5CS1912,T417F6b453,"Vijayawada - Hyderabad Hwy, Kodad, Telangana 508206, India",331701.625,45.88,IgnitionOn,1,109.769,108.9,5,-113
5bee7cb7-839b-4f36-8c39-482cb6b36654-7,EDC_BS6_PERIODIC,2025-12-06 02:23:30,2025-12-07 14:02:37,16.985416,79.9593984,12040,8252,FixOK,A,ObV5CS1912,T417F6b453,"NH65, Kodad, Telangana 508206, India",331701.625,44.57,IgnitionOn,1,109.66,107.59,4,-113
5bee7cb7-839b-4f36-8c39-482cb6b36654-8,EDC_BS6_PERIODIC,2025-12-06 02:23:36,2025-12-07 14:02:37,16.985232,79.9600512,12041,8252,FixOK,A,ObV5CS1912,T417F6b453,"XXP6+H5, Kodad, Telangana 508206, India",331701.75,45.18,IgnitionOn,1,109.79,105.9,5,-113
5bee7cb7-839b-4f36-8c39-482cb6b36654-9,EDC_BS6_PERIODIC,2025-12-06 02:23:42,2025-12-07 14:02:37,16.9850704,79.960704,12042,8252,FixOK,A,ObV5CS1912,T417F6b453,"Vijayawada - Hyderabad Hwy, Kodad, Telangana 508206, India",331701.75,44.82,IgnitionOn,1,109.709,105.8,5,-113
5bee7cb7-839b-4f36-8c39-482cb6b36654-10,EDC_BS6_PERIODIC,2025-12-06 02:23:48,2025-12-07 14:02:37,16.9849312,79.9613568,12043,8252,FixOK,A,ObV5CS1912,T417F6b453,"Vijayawada - Hyderabad Hwy, Kodad, Telangana 508206, India",331701.875,43.74,IgnitionOn,1,109.87,102.09,5,-113
5bee7cb7-839b-4f36-8c39-482cb6b36654-11,EDC_BS6_PERIODIC,2025-12-06 02:23:54,2025-12-07 14:02:37,16.9848224,79.9619968,12044,8252,FixOK,A,ObV5CS1912,T417F6b453,"XXP6+2P Kodad, Telangana, India",331701.875,43.63,IgnitionOn,1,110.069,100,5,-113
5bee7cb7-839b-4f36-8c39-482cb6b36654-12,EDC_BS6_PERIODIC,2025-12-06 02:24:00,2025-12-07 14:02:37,16.9847392,79.962656,12045,8252,FixOK,A,ObV5CS1912,T417F6b453,"Hyderabad - Vijayawada Hwy, Kodad, Telangana 508206, India",331702,43.06,IgnitionOn,1,110.175,99,5,-113
5bee7cb7-839b-4f36-8c39-482cb6b36654-13,EDC_BS6_PERIODIC,2025-12-06 02:24:06,2025-12-07 14:02:37,16.984664,79.963296,12046,8252,FixOK,A,ObV5CS1912,T417F6b453,"Hyderabad - Vijayawada Hwy, Kodad, Telangana 508206, India",331702.125,42.79,IgnitionOn,1,110.55,98.09,5,-113
5bee7cb7-839b-4f36-8c39-482cb6b36654-14,EDC_BS6_PERIODIC,2025-12-06 02:24:12,2025-12-07 14:02:37,16.9846,79.9639552,12047,8252,FixOK,A,ObV5CS1912,T417F6b453,"Hyderabad - Vijayawada Hwy, Kodad, Telangana 508206, India",331702.125,42.4,IgnitionOn,1,111.12,97.09,5,-113
5bee7cb7-839b-4f36-8c39-482cb6b36654-15,EDC_BS6_PERIODIC,2025-12-06 02:24:18,2025-12-07 14:02:37,16.984544,79.964576,12048,8252,FixOK,A,ObV5CS1912,T417F6b453,"XXM8+V3 Kodad, Telangana, India",331702.25,41.41,IgnitionOn,1,111.43,95,5,-113
5bee7cb7-839b-4f36-8c39-482cb6b36654-16,EDC_BS6_PERIODIC,2025-12-06 02:24:24,2025-12-07 14:02:37,16.9845312,79.9651776,12049,8252,FixOK,A,ObV5CS1912,T417F6b453,"XXM8+V3 Kodad, Telangana, India",331702.25,39.42,IgnitionOn,1,111.54,92.4,5,-113
5bee7cb7-839b-4f36-8c39-482cb6b36654-17,EDC_BS6_PERIODIC,2025-12-06 02:24:30,2025-12-07 14:02:37,16.9845312,79.9658112,12050,8252,FixOK,A,ObV5CS1912,T417F6b453,"XXP8+6GH, Kodad, Telangana 508206, India",331702.375,41.93,IgnitionOn,1,111.76,91.59,5,-113
5bee7cb7-839b-4f36-8c39-482cb6b36654-18,EDC_BS6_PERIODIC,2025-12-06 02:24:36,2025-12-07 14:02:37,16.9845312,79.9664512,12051,8252,FixOK,A,ObV5CS1912,T417F6b453,"XXP8+6GH, Kodad, Telangana 508206, India",331702.375,43.05,IgnitionOn,1,111.785,91.3,5,-113
5bee7cb7-839b-4f36-8c39-482cb6b36654-19,EDC_BS6_PERIODIC,2025-12-06 02:24:42,2025-12-07 14:02:37,16.9845312,79.9671168,12052,8252,FixOK,A,ObV5CS1912,T417F6b453,"Mallacheru Road Kodad Kodad Suryapet, Telangana 508206, India",331702.5,44.37,IgnitionOn,1,112.18,93.09,5,-113
5bee7cb7-839b-4f36-8c39-482cb6b36654-20,EDC_BS6_PERIODIC,2025-12-06 02:24:48,2025-12-07 14:02:37,16.984528,79.9678208,12053,8252,FixOK,A,ObV5CS1912,T417F6b453,"Mallacheru Road Kodad Kodad Suryapet, Telangana 508206, India",331702.625,45.93,IgnitionOn,1,113.129,92.19,5,-113
5bee7cb7-839b-4f36-8c39-482cb6b36654-21,EDC_BS6_PERIODIC,2025-12-06 02:24:54,2025-12-07 14:02:37,16.9845088,79.9685248,12054,8252,FixOK,A,ObV5CS1912,T417F6b453,"Hyderabad - Vijayawada Hwy, Kodad, Telangana 508206, India",331702.625,46.12,IgnitionOn,1,113.769,93.59,5,-113
5bee7cb7-839b-4f36-8c39-482cb6b36654-22,EDC_BS6_PERIODIC,2025-12-06 02:25:00,2025-12-07 14:02:37,16.984528,79.96928,12055,8252,FixOK,A,ObV5CS1912,T417F6b453,"Hyderabad - Vijayawada Hwy, Kodad, Telangana 508206, India",331702.75,48.3,IgnitionOn,1,113.559,88.59,5,-113
5bee7cb7-839b-4f36-8c39-482cb6b36654-24,EDC_BS6_PERIODIC,2025-12-06 02:25:06,2025-12-07 14:02:37,16.984584,79.9700352,12056,8252,FixOK,A,ObV5CS1912,T417F6b453,"XXMC+V4 Kodad, Telangana, India",331702.875,49.54,IgnitionOn,1,112.849,87.09,5,-113
5bee7cb7-839b-4f36-8c39-482cb6b36654-25,EDC_BS6_PERIODIC,2025-12-06 02:25:12,2025-12-07 14:02:37,16.984616,79.9708224,12057,8252,FixOK,A,ObV5CS1912,T417F6b453,"XXPC+7Q, Kodad, Telangana 508206, India",331703,51.57,IgnitionOn,1,112.345,88.09,5,-113
5bee7cb7-839b-4f36-8c39-482cb6b36654-26,EDC_BS6_PERIODIC,2025-12-06 02:25:18,2025-12-07 14:02:37,16.9846528,79.9716416,12058,8252,FixOK,A,ObV5CS1912,T417F6b453,"XXPC+7Q, Kodad, Telangana 508206, India",331703,53.3,IgnitionOn,1,111.37,88.59,5,-113
5bee7cb7-839b-4f36-8c39-482cb6b36654-27,EDC_BS6_PERIODIC,2025-12-06 02:25:24,2025-12-07 14:02:37,16.984688,79.9724736,12059,8252,FixOK,A,ObV5CS1912,T417F6b453,"XXPC+7Q, Kodad, Telangana 508206, India",331703.125,54.61,IgnitionOn,1,110.48,89.09,5,-113
5bee7cb7-839b-4f36-8c39-482cb6b36654-28,EDC_BS6_PERIODIC,2025-12-06 02:25:30,2025-12-07 14:02:37,16.9846944,79.97328,12060,8252,FixOK,A,ObV5CS1912,T417F6b453,"DudhiyaThanda Dudhiya Thanda main road, Kodad, Telangana 508206, India",331703.25,54.98,IgnitionOn,1,109.83,90.8,5,-113
5bee7cb7-839b-4f36-8c39-482cb6b36654-29,EDC_BS6_PERIODIC,2025-12-06 02:25:36,2025-12-07 14:02:37,16.9847328,79.9740672,12061,8252,FixOK,A,ObV5CS1912,T417F6b453,"DudhiyaThanda Dudhiya Thanda main road, Kodad, Telangana 508206, India",331703.25,52.68,IgnitionOn,1,109.48,88.4,5,-113
5bee7cb7-839b-4f36-8c39-482cb6b36654-30,EDC_BS6_PERIODIC,2025-12-06 02:25:42,2025-12-07 14:02:37,16.9847808,79.9747968,12062,8252,FixOK,A,ObV5CS1912,T417F6b453,"XXPG+83W, Kodad, Telangana 508206, India",331703.375,49.26,IgnitionOn,1,109.66,87.5,5,-113
5bee7cb7-839b-4f36-8c39-482cb6b36654-31,EDC_BS6_PERIODIC,2025-12-06 02:25:48,2025-12-07 14:02:37,16.984816,79.9755008,12063,8252,FixOK,A,ObV5CS1912,T417F6b453,"XXPG+83W, Kodad, Telangana 508206, India",331703.5,46.66,IgnitionOn,1,109.771,87,5,-113
5bee7cb7-839b-4f36-8c39-482cb6b36654-32,EDC_BS6_PERIODIC,2025-12-06 02:25:54,2025-12-07 14:02:37,16.98484,79.97616,12064,8252,FixOK,A,ObV5CS1912,T417F6b453,"XXPG+83W, Kodad, Telangana 508206, India",331703.5,44.15,IgnitionOn,1,109.69,88.8,5,-113
5bee7cb7-839b-4f36-8c39-482cb6b36654-33,EDC_BS6_PERIODIC,2025-12-06 02:26:00,2025-12-07 14:02:37,16.9848672,79.9767936,12065,8252,FixOK,A,ObV5CS1912,T417F6b453,"Vijayawada - Hyderabad Hwy, Kodad, Telangana 508206, India",331703.625,41.6,IgnitionOn,1,109.639,88.3,5,-113
5bee7cb7-839b-4f36-8c39-482cb6b36654-34,EDC_BS6_PERIODIC,2025-12-06 02:26:06,2025-12-07 14:02:37,16.9849056,79.977376,12066,8252,FixOK,A,ObV5CS1912,T417F6b453,"Vijayawada - Hyderabad Hwy, Kodad, Telangana 508206, India",331703.75,39.14,IgnitionOn,1,109.069,87.19,5,-113
5bee7cb7-839b-4f36-8c39-482cb6b36654-35,EDC_BS6_PERIODIC,2025-12-06 02:26:12,2025-12-07 14:02:37,16.984928,79.97792,12067,8252,FixOK,A,ObV5CS1912,T417F6b453,"XXPH+7C5, Srirangapuram, Kodad, Telangana 508206, India",331703.75,36.94,IgnitionOn,1,107.79,87.69,5,-113
5bee7cb7-839b-4f36-8c39-482cb6b36654-36,EDC_BS6_PERIODIC,2025-12-06 02:26:18,2025-12-07 14:02:37,16.9849584,79.9784832,12068,8252,FixOK,A,ObV5CS1912,T417F6b453,"XXPH+7C5, Srirangapuram, Kodad, Telangana 508206, India",331703.875,36.61,IgnitionOn,1,106.8,89.5,5,-113
5bee7cb7-839b-4f36-8c39-482cb6b36654-37,EDC_BS6_PERIODIC,2025-12-06 02:26:24,2025-12-07 14:02:37,16.9849632,79.9790784,12069,8252,FixOK,A,ObV5CS1912,T417F6b453,"XXPH+7C5, Srirangapuram, Kodad, Telangana 508206, India",331703.875,40.02,IgnitionOn,1,106.202,90.5,5,-113
5bee7cb7-839b-4f36-8c39-482cb6b36654-38,EDC_BS6_PERIODIC,2025-12-06 02:26:30,2025-12-07 14:02:37,16.984976,79.9797056,12070,8252,FixOK,A,ObV5CS1912,T417F6b453,"XXPJ+65Q, NH 65, Kodad, Telangana 508206, India",331704,41.21,IgnitionOn,1,105.44,89.8,5,-113
5bee7cb7-839b-4f36-8c39-482cb6b36654-39,EDC_BS6_PERIODIC,2025-12-06 02:26:36,2025-12-07 14:02:37,16.984992,79.980352,12071,8252,FixOK,A,ObV5CS1912,T417F6b453,"XXPJ+65Q, NH 65, Kodad, Telangana 508206, India",331704,42.83,IgnitionOn,1,104.18,89.8,5,-113
5bee7cb7-839b-4f36-8c39-482cb6b36654-40,EDC_BS6_PERIODIC,2025-12-06 02:26:42,2025-12-07 14:02:37,16.9850256,79.981024,12072,8252,FixOK,A,ObV5CS1912,T417F6b453,"XXPJ+5P5, Kodad Bypass, Kodad, Telangana 508206, India",331704.125,44.71,IgnitionOn,1,103.43,87.8,5,-113
5bee7cb7-839b-4f36-8c39-482cb6b36654-41,EDC_BS6_PERIODIC,2025-12-06 02:26:48,2025-12-07 14:02:37,16.9850496,79.9816832,12073,8252,FixOK,A,ObV5CS1912,T417F6b453,"XXPJ+5P5, Kodad Bypass, Kodad, Telangana 508206, India",331704.25,43.84,IgnitionOn,1,103.15,87.5,5,-113
5bee7cb7-839b-4f36-8c39-482cb6b36654-42,EDC_BS6_PERIODIC,2025-12-06 02:26:54,2025-12-07 14:02:37,16.985072,79.9823232,12074,8252,FixOK,A,ObV5CS1912,T417F6b453,"XXPJ+5P5, Kodad Bypass, Kodad, Telangana 508206, India",331704.25,42.37,IgnitionOn,1,102.75,88.8,5,-113
5bee7cb7-839b-4f36-8c39-482cb6b36654-43,EDC_BS6_PERIODIC,2025-12-06 02:27:00,2025-12-07 14:02:37,16.985088,79.982944,12075,8252,FixOK,A,ObV5CS1912,T417F6b453,"XXPM+49 Kodad, Telangana, India",331704.375,41.23,IgnitionOn,1,102.405,88.3,5,-113
5bee7cb7-839b-4f36-8c39-482cb6b36654-44,EDC_BS6_PERIODIC,2025-12-06 02:27:06,2025-12-07 14:02:37,16.9851232,79.98352,12076,8252,FixOK,A,ObV5CS1912,T417F6b453,"Vijayawada - Hyderabad Hwy, Kodad, Telangana 508206, India",331704.375,38.35,IgnitionOn,1,101.989,86.5,5,-113
5bee7cb7-839b-4f36-8c39-482cb6b36654-45,EDC_BS6_PERIODIC,2025-12-06 02:27:12,2025-12-07 14:02:37,16.9851328,79.9841152,12077,8252,FixOK,A,ObV5CS1912,T417F6b453,"Vijayawada - Hyderabad Hwy, Kodad, Telangana 508206, India",331704.5,39.77,IgnitionOn,1,101.47,89.19,5,-113
5bee7cb7-839b-4f36-8c39-482cb6b36654-46,EDC_BS6_PERIODIC,2025-12-06 02:27:18,2025-12-07 14:02:37,16.9851424,79.9847424,12078,8252,FixOK,A,ObV5CS1912,T417F6b453,"Vijayawada - Hyderabad Hwy, Kodad, Telangana 508206, India",331704.5,41.32,IgnitionOn,1,101.37,88.5,5,-113
5bee7cb7-839b-4f36-8c39-482cb6b36654-47,EDC_BS6_PERIODIC,2025-12-06 02:27:24,2025-12-07 14:02:37,16.9851536,79.9853696,12079,8252,FixOK,A,ObV5CS1912,T417F6b453,"Vijayawada - Hyderabad Hwy, Kodad, Telangana 508206, India",331704.625,41.39,IgnitionOn,1,101.919,90.19,5,-113
5bee7cb7-839b-4f36-8c39-482cb6b36654-48,EDC_BS6_PERIODIC,2025-12-06 02:27:30,2025-12-07 14:02:37,16.9851824,79.9859904,12080,8252,FixOK,A,ObV5CS1912,T417F6b453,"XXPP+49 Kodad, Telangana, India",331704.75,41.39,IgnitionOn,1,102.51,87.3,5,-113
5bee7cb7-839b-4f36-8c39-482cb6b36654-49,EDC_BS6_PERIODIC,2025-12-06 02:27:36,2025-12-07 14:02:37,16.9852192,79.9866304,12081,8252,FixOK,A,ObV5CS1912,T417F6b453,"Vijayawada - Hyderabad Hwy, Kodad, Telangana 508206, India",331704.75,41.71,IgnitionOn,1,102.667,87.3,5,-113
5bee7cb7-839b-4f36-8c39-482cb6b36654-50,EDC_BS6_PERIODIC,2025-12-06 02:27:42,2025-12-07 14:02:37,16.9852624,79.9872896,12082,8252,FixOK,A,ObV5CS1912,T417F6b453,"Vijayawada - Hyderabad Hwy, Kodad, Telangana 508206, India",331704.875,43.17,IgnitionOn,1,102.309,87.4,5,-113
71ce7bc6-de47-41df-bdc7-567b6ebf7ab3-1,EDC_BS6_PERIODIC,2025-12-06 02:27:48,2025-12-07 14:02:58,16.9852768,79.987936,12083,8252,FixOK,A,ObV5CS1912,T417F6b453,"Vijayawada - Hyderabad Hwy, Kodad, Telangana 508206, India",331704.875,42.8,IgnitionOn,1,102.069,91.19,5,-113
71ce7bc6-de47-41df-bdc7-567b6ebf7ab3-2,EDC_BS6_PERIODIC,2025-12-06 02:27:54,2025-12-07 14:02:58,16.9852784,79.9885952,12084,8252,FixOK,A,ObV5CS1912,T417F6b453,"Vijayawada - Hyderabad Hwy, Kodad, Telangana 508206, India",331705,42.69,IgnitionOn,1,101.389,88.8,5,-113
71ce7bc6-de47-41df-bdc7-567b6ebf7ab3-3,EDC_BS6_PERIODIC,2025-12-06 02:28:00,2025-12-07 14:02:58,16.9852992,79.9892352,12085,8252,FixOK,A,ObV5CS1912,T417F6b453,"Vijayawada - Hyderabad Hwy, Kodad, Telangana 508206, India",331705.125,42.59,IgnitionOn,1,100.9,87.5,5,-113
71ce7bc6-de47-41df-bdc7-567b6ebf7ab3-4,EDC_BS6_PERIODIC,2025-12-06 02:28:06,2025-12-07 14:02:58,16.985328,79.9898752,12086,8252,FixOK,A,ObV5CS1912,T417F6b453,"Vijayawada - Hyderabad Hwy, Kodad, Telangana 508206, India",331705.125,41.85,IgnitionOn,1,99.93,87.4,5,-113
71ce7bc6-de47-41df-bdc7-567b6ebf7ab3-5,EDC_BS6_PERIODIC,2025-12-06 02:28:12,2025-12-07 14:02:58,16.98536,79.9904896,12087,8252,FixOK,A,ObV5CS1912,T417F6b453,"Vijayawada - Hyderabad Hwy, Kodad, Telangana 508206, India",331705.25,41.21,IgnitionOn,1,99.751,87.8,5,-113
71ce7bc6-de47-41df-bdc7-567b6ebf7ab3-6,EDC_BS6_PERIODIC,2025-12-06 02:28:18,2025-12-07 14:02:58,16.985376,79.9910976,12088,8252,FixOK,A,ObV5CS1912,T417F6b453,"Vijayawada - Hyderabad Hwy, Kodad, Telangana 508206, India",331705.25,40.34,IgnitionOn,1,99.41,87.4,5,-113
71ce7bc6-de47-41df-bdc7-567b6ebf7ab3-7,EDC_BS6_PERIODIC,2025-12-06 02:28:24,2025-12-07 14:02:58,16.9853824,79.9916736,12089,8252,FixOK,A,ObV5CS1912,T417F6b453,"Vijayawada - Hyderabad Hwy, Kodad, Telangana 508206, India",331705.375,38.62,IgnitionOn,1,99.08,88.4,5,-113
71ce7bc6-de47-41df-bdc7-567b6ebf7ab3-8,EDC_BS6_PERIODIC,2025-12-06 02:28:30,2025-12-07 14:02:58,16.9853936,79.9922432,12090,8252,FixOK,A,ObV5CS1912,T417F6b453,"Vijayawada - Hyderabad Hwy, Kodad, Telangana 508206, India",331705.375,36.57,IgnitionOn,1,98.98,87.69,5,-113
71ce7bc6-de47-41df-bdc7-567b6ebf7ab3-9,EDC_BS6_PERIODIC,2025-12-06 02:28:36,2025-12-07 14:02:58,16.985408,79.992832,12091,8252,FixOK,A,ObV5CS1912,T417F6b453,"NH65, Kodad, Telangana 508206, India",331705.5,39.71,IgnitionOn,1,98.94,89.3,5,-113
71ce7bc6-de47-41df-bdc7-567b6ebf7ab3-10,EDC_BS6_PERIODIC,2025-12-06 02:28:42,2025-12-07 14:02:58,16.9854368,79.9934208,12092,8252,FixOK,A,ObV5CS1912,T417F6b453,"NH65, Kodad, Telangana 508206, India",331705.5,40.34,IgnitionOn,1,98.65,88.3,5,-113
71ce7bc6-de47-41df-bdc7-567b6ebf7ab3-11,EDC_BS6_PERIODIC,2025-12-06 02:28:48,2025-12-07 14:02:58,16.985456,79.9939968,12093,8252,FixOK,A,ObV5CS1912,T417F6b453,"Vijayawada - Hyderabad Hwy, Kodad, Telangana 508206, India",331705.625,37.45,IgnitionOn,1,98.659,88.4,5,-113
71ce7bc6-de47-41df-bdc7-567b6ebf7ab3-12,EDC_BS6_PERIODIC,2025-12-06 02:28:54,2025-12-07 14:02:58,16.985472,79.99456,12094,8252,FixOK,A,ObV5CS1912,T417F6b453,"NH 65, Telangana 508206, India",331705.625,37.82,IgnitionOn,1,98.209,90.3,5,-113
71ce7bc6-de47-41df-bdc7-567b6ebf7ab3-13,EDC_BS6_PERIODIC,2025-12-06 02:29:00,2025-12-07 14:02:58,16.985456,79.9951936,12095,8252,FixOK,A,ObV5CS1912,T417F6b453,"NH 65, Telangana 508206, India",331705.75,41.07,IgnitionOn,1,97.73,93.69,5,-113
71ce7bc6-de47-41df-bdc7-567b6ebf7ab3-14,EDC_BS6_PERIODIC,2025-12-06 02:29:06,2025-12-07 14:02:58,16.9853936,79.9958528,12096,8252,FixOK,A,ObV5CS1912,T417F6b453,"NH 65, Telangana 508206, India",331705.875,44.91,IgnitionOn,1,97.37,95.19,5,-113
71ce7bc6-de47-41df-bdc7-567b6ebf7ab3-15,EDC_BS6_PERIODIC,2025-12-06 02:29:12,2025-12-07 14:02:58,16.9852608,79.9965504,12097,8252,FixOK,A,ObV5CS1912,T417F6b453,"NH 65, Telangana 508206, India",331705.875,46.54,IgnitionOn,1,96.959,101.9,5,-113
71ce7bc6-de47-41df-bdc7-567b6ebf7ab3-16,EDC_BS6_PERIODIC,2025-12-06 02:29:18,2025-12-07 14:02:58,16.9851072,79.9972608,12098,8252,FixOK,A,ObV5CS1912,T417F6b453,"NH 65, Telangana 508206, India",331706,47.75,IgnitionOn,1,96.65,102.19,5,-113
71ce7bc6-de47-41df-bdc7-567b6ebf7ab3-17,EDC_BS6_PERIODIC,2025-12-06 02:29:24,2025-12-07 14:02:58,16.984912,79.997984,12099,8252,FixOK,A,ObV5CS1912,T417F6b453,"NH 65, Telangana 508206, India",331706.125,48.88,IgnitionOn,1,96.237,103.4,5,-113
71ce7bc6-de47-41df-bdc7-567b6ebf7ab3-18,EDC_BS6_PERIODIC,2025-12-06 02:29:30,2025-12-07 14:02:58,16.984744,79.998688,12100,8252,FixOK,A,ObV5CS1912,T417F6b453,"NH 65, Telangana 508206, India",331706.125,48.4,IgnitionOn,1,95.19,103.5,4,-113
71ce7bc6-de47-41df-bdc7-567b6ebf7ab3-19,EDC_BS6_PERIODIC,2025-12-06 02:29:36,2025-12-07 14:02:58,16.9845536,79.9993728,12101,8252,FixOK,A,ObV5CS1912,T417F6b453,"NH 65, Telangana 508206, India",331706.25,46.52,IgnitionOn,1,94.19,105.69,5,-113
71ce7bc6-de47-41df-bdc7-567b6ebf7ab3-20,EDC_BS6_PERIODIC,2025-12-06 02:29:42,2025-12-07 14:02:58,16.9843296,80.0000064,12102,8252,FixOK,A,ObV5CS1912,T417F6b453,"NH 65, Telangana 508206, India",331706.375,44.64,IgnitionOn,1,93.37,109.5,5,-113
71ce7bc6-de47-41df-bdc7-567b6ebf7ab3-21,EDC_BS6_PERIODIC,2025-12-06 02:29:48,2025-12-07 14:02:58,16.9841024,80.0005888,12103,8252,FixOK,A,ObV5CS1912,T417F6b453,"NH 65, Telangana 508206, India",331706.375,41.76,IgnitionOn,1,92.5,112.9,5,-113
71ce7bc6-de47-41df-bdc7-567b6ebf7ab3-22,EDC_BS6_PERIODIC,2025-12-06 02:29:54,2025-12-07 14:02:58,16.9838464,80.0011392,12104,8252,FixOK,A,ObV5CS1912,T417F6b453,"NH 65, Telangana 508206, India",331706.5,39.35,IgnitionOn,1,92.3,116.4,5,-113
71ce7bc6-de47-41df-bdc7-567b6ebf7ab3-23,EDC_BS6_PERIODIC,2025-12-06 02:30:00,2025-12-07 14:02:58,16.9835712,80.0016384,12105,8252,FixOK,A,ObV5CS1912,T417F6b453,"X2M2+MXQ, Telangana 508206, India",331706.5,36.4,IgnitionOn,1,92.401,120.09,5,-113
71ce7bc6-de47-41df-bdc7-567b6ebf7ab3-24,EDC_BS6_PERIODIC,2025-12-06 02:30:06,2025-12-07 14:02:58,16.9832624,80.0021632,12106,8252,FixOK,A,ObV5CS1912,T417F6b453,"X2M2+MXQ, Telangana 508206, India",331706.625,40.59,IgnitionOn,1,93.019,120.8,5,-113
71ce7bc6-de47-41df-bdc7-567b6ebf7ab3-25,EDC_BS6_PERIODIC,2025-12-06 02:30:12,2025-12-07 14:02:58,16.9829424,80.002752,12107,8252,FixOK,A,ObV5CS1912,T417F6b453,"X2J3+VCR, Nalgonda, Telangana 508206, India",331706.625,44.35,IgnitionOn,1,93.519,120.9,4,-113
71ce7bc6-de47-41df-bdc7-567b6ebf7ab3-26,EDC_BS6_PERIODIC,2025-12-06 02:30:18,2025-12-07 14:02:58,16.9826912,80.0033792,12108,8252,FixOK,A,ObV5CS1912,T417F6b453,"X2J3+VCR, Nalgonda, Telangana 508206, India",331706.75,43.88,IgnitionOn,1,94.12,110.5,4,-113
71ce7bc6-de47-41df-bdc7-567b6ebf7ab3-27,EDC_BS6_PERIODIC,2025-12-06 02:30:24,2025-12-07 14:02:58,16.98248,80.0039808,12109,8252,FixOK,A,ObV5CS1912,T417F6b453,"X2J3+VCR, Nalgonda, Telangana 508206, India",331706.875,43.43,IgnitionOn,1,94.339,110.19,5,-113
71ce7bc6-de47-41df-bdc7-567b6ebf7ab3-28,EDC_BS6_PERIODIC,2025-12-06 02:30:30,2025-12-07 14:02:58,16.9822496,80.0046016,12110,8252,FixOK,A,ObV5CS1912,T417F6b453,"X2M3+6VG, NH 65, Telangana 508206, India",331706.875,44,IgnitionOn,1,94.44,110.8,5,-113
71ce7bc6-de47-41df-bdc7-567b6ebf7ab3-29,EDC_BS6_PERIODIC,2025-12-06 02:30:36,2025-12-07 14:02:58,16.982024,80.0052416,12111,8252,FixOK,A,ObV5CS1912,T417F6b453,"X2M3+6VG, NH 65, Telangana 508206, India",331707,44.74,IgnitionOn,1,94.165,109.69,4,-113
71ce7bc6-de47-41df-bdc7-567b6ebf7ab3-30,EDC_BS6_PERIODIC,2025-12-06 02:30:42,2025-12-07 14:02:58,16.9817584,80.0058624,12112,8252,FixOK,A,ObV5CS1912,T417F6b453,"X2J4+RG Dorakunta, Telangana, India",331707.125,44.71,IgnitionOn,1,93.61,113.9,5,-113
71ce7bc6-de47-41df-bdc7-567b6ebf7ab3-31,EDC_BS6_PERIODIC,2025-12-06 02:30:48,2025-12-07 14:02:58,16.9814752,80.0064896,12113,8252,FixOK,A,ObV5CS1912,T417F6b453,"NH65, Telangana 508206, India",331707.125,45.63,IgnitionOn,1,93.4,118.3,5,-113
71ce7bc6-de47-41df-bdc7-567b6ebf7ab3-32,EDC_BS6_PERIODIC,2025-12-06 02:30:54,2025-12-07 14:02:58,16.9811488,80.0071168,12114,8252,FixOK,A,ObV5CS1912,T417F6b453,"NH 65, Telangana 508206, India",331707.25,48.06,IgnitionOn,1,93.65,116.5,4,-113
71ce7bc6-de47-41df-bdc7-567b6ebf7ab3-33,EDC_BS6_PERIODIC,2025-12-06 02:31:00,2025-12-07 14:02:58,16.980808,80.0078208,12115,8252,FixOK,A,ObV5CS1912,T417F6b453,"NH 65, Telangana 508206, India",331707.375,53.32,IgnitionOn,1,93.87,116.5,4,-113
71ce7bc6-de47-41df-bdc7-567b6ebf7ab3-34,EDC_BS6_PERIODIC,2025-12-06 02:31:06,2025-12-07 14:02:58,16.9804448,80.0085504,12116,8252,FixOK,A,ObV5CS1912,T417F6b453,"NH 65, Telangana 508206, India",331707.375,54.38,IgnitionOn,1,93.949,118,4,-113
71ce7bc6-de47-41df-bdc7-567b6ebf7ab3-35,EDC_BS6_PERIODIC,2025-12-06 02:31:12,2025-12-07 14:02:58,16.98008,80.00928,12117,8252,FixOK,A,ObV5CS1912,T417F6b453,"NH 65, Telangana 508206, India",331707.5,53.41,IgnitionOn,1,94.165,117.9,4,-113
71ce7bc6-de47-41df-bdc7-567b6ebf7ab3-36,EDC_BS6_PERIODIC,2025-12-06 02:31:18,2025-12-07 14:02:58,16.97972,80.0099776,12118,8252,FixOK,A,ObV5CS1912,T417F6b453,"X2H5+XV Dorakunta, Telangana, India",331707.625,52.01,IgnitionOn,1,94.669,117.5,4,-113
71ce7bc6-de47-41df-bdc7-567b6ebf7ab3-37,EDC_BS6_PERIODIC,2025-12-06 02:31:24,2025-12-07 14:02:58,16.979368,80.0106368,12119,8252,FixOK,A,ObV5CS1912,T417F6b453,"X2H6+MC Dorakunta, Telangana, India",331707.625,49.29,IgnitionOn,1,94.91,120.9,4,-113
71ce7bc6-de47-41df-bdc7-567b6ebf7ab3-38,EDC_BS6_PERIODIC,2025-12-06 02:31:30,2025-12-07 14:02:58,16.9790368,80.0112576,12120,8252,FixOK,A,ObV5CS1912,T417F6b453,"X2H6+MC Dorakunta, Telangana, India",331707.75,47.12,IgnitionOn,1,95.36,119.69,4,-113
71ce7bc6-de47-41df-bdc7-567b6ebf7ab3-39,EDC_BS6_PERIODIC,2025-12-06 02:31:36,2025-12-07 14:02:58,16.9787488,80.0118144,12121,8252,FixOK,A,ObV5CS1912,T417F6b453,"Vijayawada - Hyderabad Hwy, Dorakunta, Telangana 508206, India",331707.875,44.34,IgnitionOn,1,95.79,118.3,4,-113
71ce7bc6-de47-41df-bdc7-567b6ebf7ab3-40,EDC_BS6_PERIODIC,2025-12-06 02:31:42,2025-12-07 14:02:58,16.97848,80.012352,12122,8252,FixOK,A,ObV5CS1912,T417F6b453,"Vijayawada - Hyderabad Hwy, Dorakunta, Telangana 508206, India",331707.875,40.98,IgnitionOn,1,95.709,117.59,5,-113
71ce7bc6-de47-41df-bdc7-567b6ebf7ab3-41,EDC_BS6_PERIODIC,2025-12-06 02:31:48,2025-12-07 14:02:58,16.9782256,80.0128704,12123,8252,FixOK,A,ObV5CS1912,T417F6b453,"X2H7+59 Dorakunta, Telangana, India",331708,39.26,IgnitionOn,1,95.583,119.59,5,-113
71ce7bc6-de47-41df-bdc7-567b6ebf7ab3-42,EDC_BS6_PERIODIC,2025-12-06 02:31:54,2025-12-07 14:02:58,16.9778816,80.0133888,12124,8252,FixOK,A,ObV5CS1912,T417F6b453,"X2H7+59 Dorakunta, Telangana, India",331708,42.24,IgnitionOn,1,94.709,127.4,5,-113
71ce7bc6-de47-41df-bdc7-567b6ebf7ab3-43,EDC_BS6_PERIODIC,2025-12-06 02:32:00,2025-12-07 14:02:58,16.977448,80.013888,12125,8252,FixOK,A,ObV5CS1912,T417F6b453,"X2G7+XH Dorakunta, Telangana, India",331708.125,43.23,IgnitionOn,1,93.809,132.3,4,-113
71ce7bc6-de47-41df-bdc7-567b6ebf7ab3-44,EDC_BS6_PERIODIC,2025-12-06 02:32:06,2025-12-07 14:02:58,16.977032,80.0143424,12126,8252,FixOK,A,ObV5CS1912,T417F6b453,"X2G7+XH Dorakunta, Telangana, India",331708.125,42.51,IgnitionOn,1,93.029,134.39,4,-113
71ce7bc6-de47-41df-bdc7-567b6ebf7ab3-45,EDC_BS6_PERIODIC,2025-12-06 02:32:12,2025-12-07 14:02:58,16.976624,80.0147968,12127,8252,FixOK,A,ObV5CS1912,T417F6b453,"X2G7+JW6, Dorakunta, Telangana 508206, India",331708.25,40.54,IgnitionOn,1,92.639,133.6,4,-113
71ce7bc6-de47-41df-bdc7-567b6ebf7ab3-46,EDC_BS6_PERIODIC,2025-12-06 02:32:18,2025-12-07 14:02:58,16.9762224,80.015232,12128,8252,FixOK,A,ObV5CS1912,T417F6b453,"X2G7+JW6, Dorakunta, Telangana 508206, India",331708.375,39.14,IgnitionOn,1,91.65,134.39,4,-113
71ce7bc6-de47-41df-bdc7-567b6ebf7ab3-47,EDC_BS6_PERIODIC,2025-12-06 02:32:24,2025-12-07 14:02:58,16.975864,80.01568,12129,8252,FixOK,A,ObV5CS1912,T417F6b453,"X2G8+FC4, Dorakunta, Telangana 508206, India",331708.375,39.1,IgnitionOn,1,91.393,129.3,4,-113
71ce7bc6-de47-41df-bdc7-567b6ebf7ab3-48,EDC_BS6_PERIODIC,2025-12-06 02:32:30,2025-12-07 14:02:58,16.9754912,80.0161792,12130,8252,FixOK,A,ObV5CS1912,T417F6b453,"X2G8+38F, Dorakunta, Telangana 508206, India",331708.5,40.62,IgnitionOn,1,91.269,128.39,4,-113
71ce7bc6-de47-41df-bdc7-567b6ebf7ab3-49,EDC_BS6_PERIODIC,2025-12-06 02:32:36,2025-12-07 14:02:58,16.9751232,80.016704,12131,8252,FixOK,A,ObV5CS1912,T417F6b453,"Hyderabad - Vijayawada Hwy, Dorakunta, Telangana 508206, India",331708.5,42.53,IgnitionOn,1,91.19,125,4,-113
71ce7bc6-de47-41df-bdc7-567b6ebf7ab3-50,EDC_BS6_PERIODIC,2025-12-06 02:32:42,2025-12-07 14:02:58,16.9747488,80.0172672,12132,8252,FixOK,A,ObV5CS1912,T417F6b453,"Hyderabad - Vijayawada Hwy, Dorakunta, Telangana 508206, India",331708.625,44.77,IgnitionOn,1,90.569,127,4,-113
31848777-bc2c-443b-b9f1-e1d62c4a2f53-1,EDC_BS6_PERIODIC,2025-12-06 02:32:48,2025-12-07 14:03:17,16.9743808,80.0178304,12133,8252,FixOK,A,ObV5CS1912,T417F6b453,"Hyderabad - Vijayawada Hwy, Dorakunta, Telangana 508206, India",331708.625,46.24,IgnitionOn,1,89.819,125.3,4,-113
31848777-bc2c-443b-b9f1-e1d62c4a2f53-2,EDC_BS6_PERIODIC,2025-12-06 02:32:54,2025-12-07 14:03:17,16.9739968,80.0184192,12134,8252,FixOK,A,ObV5CS1912,T417F6b453,"Hyderabad - Vijayawada Hwy, Dorakunta, Telangana 508206, India",331708.75,46.45,IgnitionOn,1,89.23,125.69,4,-113
31848777-bc2c-443b-b9f1-e1d62c4a2f53-3,EDC_BS6_PERIODIC,2025-12-06 02:33:00,2025-12-07 14:03:17,16.9736,80.0190144,12135,8252,FixOK,A,ObV5CS1912,T417F6b453,"X2F9+G82, Vijayawada - Hyderabad Hwy, Dorakunta, Telangana 508206, India",331708.875,48.41,IgnitionOn,1,88.941,124.8,4,-113
31848777-bc2c-443b-b9f1-e1d62c4a2f53-4,EDC_BS6_PERIODIC,2025-12-06 02:33:06,2025-12-07 14:03:17,16.9732192,80.0196416,12136,8252,FixOK,A,ObV5CS1912,T417F6b453,"Hyderabad - Vijayawada Hwy, Dorakunta, Telangana 508206, India",331709,49.56,IgnitionOn,1,88.099,122.8,4,-113
31848777-bc2c-443b-b9f1-e1d62c4a2f53-5,EDC_BS6_PERIODIC,2025-12-06 02:33:12,2025-12-07 14:03:17,16.972888,80.0203136,12137,8252,FixOK,A,ObV5CS1912,T417F6b453,"Hyderabad - Vijayawada Hwy, Dorakunta, Telangana 508206, India",331709,50.23,IgnitionOn,1,87.08,117.69,4,-113
31848777-bc2c-443b-b9f1-e1d62c4a2f53-6,EDC_BS6_PERIODIC,2025-12-06 02:33:18,2025-12-07 14:03:17,16.9725424,80.0210048,12138,8252,FixOK,A,ObV5CS1912,T417F6b453,"Hyderabad - Vijayawada Hwy, Dorakunta, Telangana 508206, India",331709.125,51.16,IgnitionOn,1,85.5,117.3,4,-113
31848777-bc2c-443b-b9f1-e1d62c4a2f53-7,EDC_BS6_PERIODIC,2025-12-06 02:33:24,2025-12-07 14:03:17,16.9721632,80.0217024,12139,8252,FixOK,A,ObV5CS1912,T417F6b453,"Hyderabad - Vijayawada Hwy, Dorakunta, Telangana 508206, India",331709.25,52.09,IgnitionOn,1,83.319,119.3,4,-113
31848777-bc2c-443b-b9f1-e1d62c4a2f53-8,EDC_BS6_PERIODIC,2025-12-06 02:33:30,2025-12-07 14:03:17,16.9717376,80.022368,12140,8252,FixOK,A,ObV5CS1912,T417F6b453,"Hyderabad - Vijayawada Hwy, Dorakunta, Telangana 508206, India",331709.25,52.61,IgnitionOn,1,81.779,124.4,4,-113
31848777-bc2c-443b-b9f1-e1d62c4a2f53-9,EDC_BS6_PERIODIC,2025-12-06 02:33:36,2025-12-07 14:03:17,16.9712544,80.0229824,12141,8252,FixOK,A,ObV5CS1912,T417F6b453,"X2CF+G4 Dorakunta, Telangana, India",331709.375,52.24,IgnitionOn,1,80.948,129.69,4,-113
31848777-bc2c-443b-b9f1-e1d62c4a2f53-10,EDC_BS6_PERIODIC,2025-12-06 02:33:42,2025-12-07 14:03:17,16.9707824,80.0235648,12142,8252,FixOK,A,ObV5CS1912,T417F6b453,"NH 65, Telangana 508206, India",331709.5,51.46,IgnitionOn,1,80,130.5,4,-113
31848777-bc2c-443b-b9f1-e1d62c4a2f53-11,EDC_BS6_PERIODIC,2025-12-06 02:33:48,2025-12-07 14:03:17,16.970312,80.0241344,12143,8252,FixOK,A,ObV5CS1912,T417F6b453,"NH65, Telangana 508206, India",331709.625,49.44,IgnitionOn,1,80.36,131.19,4,-113
31848777-bc2c-443b-b9f1-e1d62c4a2f53-12,EDC_BS6_PERIODIC,2025-12-06 02:33:54,2025-12-07 14:03:17,16.9698384,80.0246784,12144,8252,FixOK,A,ObV5CS1912,T417F6b453,"X29G+CCM, Vijayawada - Hyderabad Hwy, Telangana 508206, India",331709.625,46.16,IgnitionOn,1,80.959,132.19,5,-113
31848777-bc2c-443b-b9f1-e1d62c4a2f53-13,EDC_BS6_PERIODIC,2025-12-06 02:34:00,2025-12-07 14:03:17,16.9694432,80.0252032,12145,8252,FixOK,A,ObV5CS1912,T417F6b453,"X29G+CCM, Vijayawada - Hyderabad Hwy, Telangana 508206, India",331709.75,43.15,IgnitionOn,1,81.419,127.19,4,-113
31848777-bc2c-443b-b9f1-e1d62c4a2f53-14,EDC_BS6_PERIODIC,2025-12-06 02:34:06,2025-12-07 14:03:17,16.9691424,80.0257152,12146,8252,FixOK,A,ObV5CS1912,T417F6b453,"X29G+CCM, Vijayawada - Hyderabad Hwy, Telangana 508206, India",331709.75,39.22,IgnitionOn,1,81.87,121.59,5,-113
31848777-bc2c-443b-b9f1-e1d62c4a2f53-15,EDC_BS6_PERIODIC,2025-12-06 02:34:12,2025-12-07 14:03:17,16.9688512,80.02624,12147,8252,FixOK,A,ObV5CS1912,T417F6b453,"X29G+CCM, Vijayawada - Hyderabad Hwy, Telangana 508206, India",331709.875,40.46,IgnitionOn,1,82.091,120,5,-113
31848777-bc2c-443b-b9f1-e1d62c4a2f53-16,EDC_BS6_PERIODIC,2025-12-06 02:34:18,2025-12-07 14:03:17,16.9685584,80.026816,12148,8252,FixOK,A,ObV5CS1912,T417F6b453,"X29G+CCM, Vijayawada - Hyderabad Hwy, Telangana 508206, India",331710,41.51,IgnitionOn,1,83.05,118.9,5,-113
31848777-bc2c-443b-b9f1-e1d62c4a2f53-17,EDC_BS6_PERIODIC,2025-12-06 02:34:24,2025-12-07 14:03:17,16.9682592,80.0274048,12149,8252,FixOK,A,ObV5CS1912,T417F6b453,"NH 65, Telangana 508206, India",331710,43.89,IgnitionOn,1,84.05,119.4,5,-113
31848777-bc2c-443b-b9f1-e1d62c4a2f53-18,EDC_BS6_PERIODIC,2025-12-06 02:34:30,2025-12-07 14:03:17,16.967976,80.0280064,12150,8252,FixOK,A,ObV5CS1912,T417F6b453,"NH 65, Telangana 508206, India",331710.125,44.36,IgnitionOn,1,85.279,116.8,5,-113
31848777-bc2c-443b-b9f1-e1d62c4a2f53-19,EDC_BS6_PERIODIC,2025-12-06 02:34:36,2025-12-07 14:03:17,16.9676992,80.02864,12151,8252,FixOK,A,ObV5CS1912,T417F6b453,"X29H+6P, Nallabandagudem, Telangana 508206, India",331710.125,45.15,IgnitionOn,1,86.739,116.69,5,-113
31848777-bc2c-443b-b9f1-e1d62c4a2f53-20,EDC_BS6_PERIODIC,2025-12-06 02:34:42,2025-12-07 14:03:17,16.9673888,80.0292608,12152,8252,FixOK,A,ObV5CS1912,T417F6b453,"NH65, Telangana 508206, India",331710.25,45.84,IgnitionOn,1,88.01,116.5,4,-113
31848777-bc2c-443b-b9f1-e1d62c4a2f53-21,EDC_BS6_PERIODIC,2025-12-06 02:34:48,2025-12-07 14:03:17,16.9670912,80.0298816,12153,8252,FixOK,A,ObV5CS1912,T417F6b453,"X28J+R8Q, Chimiryala, Telangana 508206, India",331710.375,46.38,IgnitionOn,1,88.103,118.19,4,-113
31848777-bc2c-443b-b9f1-e1d62c4a2f53-22,EDC_BS6_PERIODIC,2025-12-06 02:34:54,2025-12-07 14:03:17,16.9668128,80.0304512,12154,8252,FixOK,A,ObV5CS1912,T417F6b453,"X28J+R8Q, Chimiryala, Telangana 508206, India",331710.375,43.23,IgnitionOn,1,87.61,119,4,-113
31848777-bc2c-443b-b9f1-e1d62c4a2f53-23,EDC_BS6_PERIODIC,2025-12-06 02:35:00,2025-12-07 14:03:17,16.9665616,80.0309632,12155,8252,FixOK,A,ObV5CS1912,T417F6b453,"X28J+R8Q, Chimiryala, Telangana 508206, India",331710.5,38.14,IgnitionOn,1,87.91,118.3,5,-113
31848777-bc2c-443b-b9f1-e1d62c4a2f53-25,EDC_BS6_PERIODIC,2025-12-06 02:35:06,2025-12-07 14:03:17,16.9663184,80.0314112,12156,8252,FixOK,A,ObV5CS1912,T417F6b453,"X28J+CH, Nallabandagudem, Telangana 508206, India",331710.5,35.05,IgnitionOn,1,87.889,117.69,4,-113
31848777-bc2c-443b-b9f1-e1d62c4a2f53-26,EDC_BS6_PERIODIC,2025-12-06 02:35:12,2025-12-07 14:03:17,16.96604,80.0319104,12157,8252,FixOK,A,ObV5CS1912,T417F6b453,"X28M+F2P, Nallabandagudem, Telangana 508206, India",331710.625,38.31,IgnitionOn,1,87.16,120.3,5,-113
31848777-bc2c-443b-b9f1-e1d62c4a2f53-27,EDC_BS6_PERIODIC,2025-12-06 02:35:18,2025-12-07 14:03:17,16.9657024,80.032448,12158,8252,FixOK,A,ObV5CS1912,T417F6b453,"X28M+F2P, Nallabandagudem, Telangana 508206, India",331710.625,42.56,IgnitionOn,1,86.97,123.5,5,-113
31848777-bc2c-443b-b9f1-e1d62c4a2f53-28,EDC_BS6_PERIODIC,2025-12-06 02:35:24,2025-12-07 14:03:17,16.9653504,80.0329984,12159,8252,FixOK,A,ObV5CS1912,T417F6b453,"X28M+C4Q, Nallabandagudem, Telangana 508206, India",331710.75,42.51,IgnitionOn,1,86.895,123,5,-113
31848777-bc2c-443b-b9f1-e1d62c4a2f53-29,EDC_BS6_PERIODIC,2025-12-06 02:35:30,2025-12-07 14:03:17,16.9649952,80.033568,12160,8252,FixOK,A,ObV5CS1912,T417F6b453,"X27P+Q5C, Nallabandagudem, Telangana 508206, India",331710.875,44.02,IgnitionOn,1,86.5,122.5,5,-113
31848777-bc2c-443b-b9f1-e1d62c4a2f53-30,EDC_BS6_PERIODIC,2025-12-06 02:35:36,2025-12-07 14:03:17,16.9646464,80.0341184,12161,8252,FixOK,A,ObV5CS1912,T417F6b453,"X27P+Q5C, Nallabandagudem, Telangana 508206, India",331710.875,43.35,IgnitionOn,1,86.379,122.8,4,-113
31848777-bc2c-443b-b9f1-e1d62c4a2f53-31,EDC_BS6_PERIODIC,2025-12-06 02:35:42,2025-12-07 14:03:17,16.9642912,80.0346752,12162,8252,FixOK,A,ObV5CS1912,T417F6b453,"X27P+FCW, Nallabandagudem, Telangana 508206, India",331711,43.89,IgnitionOn,1,86.29,124.3,5,-113
31848777-bc2c-443b-b9f1-e1d62c4a2f53-32,EDC_BS6_PERIODIC,2025-12-06 02:35:48,2025-12-07 14:03:17,16.963912,80.0352256,12163,8252,FixOK,A,ObV5CS1912,T417F6b453,"X27P+FCW, Nallabandagudem, Telangana 508206, India",331711,44.47,IgnitionOn,1,85.459,125.59,5,-113
31848777-bc2c-443b-b9f1-e1d62c4a2f53-33,EDC_BS6_PERIODIC,2025-12-06 02:35:54,2025-12-07 14:03:17,16.96352,80.0357696,12164,8252,FixOK,A,ObV5CS1912,T417F6b453,"X27P+FCW, Nallabandagudem, Telangana 508206, India",331711.125,44.76,IgnitionOn,1,84.809,128,5,-113
3e3d7f2e-5514-4ca2-8e1c-9f477f6e1d4e-1,EDC_BS6_PERIODIC,2025-12-06 02:36:00,2025-12-07 14:03:38,16.9631024,80.03632,12165,8252,FixOK,A,ObV5CS1912,T417F6b453,"X26P+WPX, Nallabandagudem, Telangana 508206, India",331711.25,45.93,IgnitionOn,1,84.629,128.3,5,-113
3e3d7f2e-5514-4ca2-8e1c-9f477f6e1d4e-2,EDC_BS6_PERIODIC,2025-12-06 02:36:06,2025-12-07 14:03:38,16.9626912,80.0369024,12166,8252,FixOK,A,ObV5CS1912,T417F6b453,"X26P+WPX, Nallabandagudem, Telangana 508206, India",331711.25,47.43,IgnitionOn,1,84.379,125.19,5,-113
3e3d7f2e-5514-4ca2-8e1c-9f477f6e1d4e-3,EDC_BS6_PERIODIC,2025-12-06 02:36:12,2025-12-07 14:03:38,16.9622688,80.037504,12167,8252,FixOK,A,ObV5CS1912,T417F6b453,"X26P+WPX, Nallabandagudem, Telangana 508206, India",331711.375,49.52,IgnitionOn,1,83.699,126.5,5,-113
3e3d7f2e-5514-4ca2-8e1c-9f477f6e1d4e-4,EDC_BS6_PERIODIC,2025-12-06 02:36:18,2025-12-07 14:03:38,16.9618368,80.0381312,12168,8252,FixOK,A,ObV5CS1912,T417F6b453,"X26P+WPX, Nallabandagudem, Telangana 508206, India",331711.5,50.43,IgnitionOn,1,82.819,126.59,5,-113
3e3d7f2e-5514-4ca2-8e1c-9f477f6e1d4e-5,EDC_BS6_PERIODIC,2025-12-06 02:36:24,2025-12-07 14:03:38,16.9613888,80.038752,12169,8252,FixOK,A,ObV5CS1912,T417F6b453,"NH 65, Nallabandagudem, Telangana 508206, India",331711.5,52.29,IgnitionOn,1,81.919,126.69,5,-113
3e3d7f2e-5514-4ca2-8e1c-9f477f6e1d4e-6,EDC_BS6_PERIODIC,2025-12-06 02:36:30,2025-12-07 14:03:38,16.9609152,80.0394112,12170,8252,FixOK,A,ObV5CS1912,T417F6b453,"NH 65, Nallabandagudem, Telangana 508206, India",331711.625,53.21,IgnitionOn,1,81.55,127.69,5,-113
3e3d7f2e-5514-4ca2-8e1c-9f477f6e1d4e-7,EDC_BS6_PERIODIC,2025-12-06 02:36:36,2025-12-07 14:03:38,16.960432,80.0400128,12171,8252,FixOK,A,ObV5CS1912,T417F6b453,"NH65, Nallabandagudem, Telangana 508206, India",331711.75,52.39,IgnitionOn,1,81.219,128.5,4,-113
3e3d7f2e-5514-4ca2-8e1c-9f477f6e1d4e-8,EDC_BS6_PERIODIC,2025-12-06 02:36:42,2025-12-07 14:03:38,16.9599136,80.0405248,12172,8252,FixOK,A,ObV5CS1912,T417F6b453,"NH65, Nallabandagudem, Telangana 508206, India",331711.875,50.47,IgnitionOn,1,78.989,135.69,4,-113
3e3d7f2e-5514-4ca2-8e1c-9f477f6e1d4e-9,EDC_BS6_PERIODIC,2025-12-06 02:36:48,2025-12-07 14:03:38,16.959336,80.0409088,12173,8252,FixOK,A,ObV5CS1912,T417F6b453,"Hyderabad - Vijayawada Hwy, Nallabandagudem, Telangana 508206, India",331711.875,47.73,IgnitionOn,1,77.55,153.19,4,-113
3e3d7f2e-5514-4ca2-8e1c-9f477f6e1d4e-10,EDC_BS6_PERIODIC,2025-12-06 02:36:54,2025-12-07 14:03:38,16.9587616,80.0411584,12174,8252,FixOK,A,ObV5CS1912,T417F6b453,"Hyderabad - Vijayawada Hwy, Nallabandagudem, Telangana 508206, India",331712,41.67,IgnitionOn,1,76.48,158.3,5,-113
3e3d7f2e-5514-4ca2-8e1c-9f477f6e1d4e-11,EDC_BS6_PERIODIC,2025-12-06 02:37:00,2025-12-07 14:03:38,16.958304,80.0413696,12175,8252,FixOK,A,ObV5CS1912,T417F6b453,"X25R+GW4, Nallabandagudem, Telangana 508206, India",331712,31.67,IgnitionOn,1,75.54,157,4,-113
3e3d7f2e-5514-4ca2-8e1c-9f477f6e1d4e-12,EDC_BS6_PERIODIC,2025-12-06 02:37:06,2025-12-07 14:03:38,16.9579424,80.041568,12176,8252,FixOK,A,ObV5CS1912,T417F6b453,"X25R+GW4, Nallabandagudem, Telangana 508206, India",331712.125,28.04,IgnitionOn,1,74.41,153.5,4,-113
3e3d7f2e-5514-4ca2-8e1c-9f477f6e1d4e-13,EDC_BS6_PERIODIC,2025-12-06 02:37:12,2025-12-07 14:03:38,16.95772,80.04176,12177,8252,FixOK,A,ObV5CS1912,T417F6b453,"X25R+GW4, Nallabandagudem, Telangana 508206, India",331712.125,16.23,IgnitionOn,1,73.285,146.19,4,-113
3e3d7f2e-5514-4ca2-8e1c-9f477f6e1d4e-14,EDC_BS6_PERIODIC,2025-12-06 02:37:18,2025-12-07 14:03:38,16.957536,80.0419264,12178,8252,FixOK,A,ObV5CS1912,T417F6b453,"X25R+GW4, Nallabandagudem, Telangana 508206, India",331712.125,19.58,IgnitionOn,1,71.83,144.39,4,-113
3e3d7f2e-5514-4ca2-8e1c-9f477f6e1d4e-15,EDC_BS6_PERIODIC,2025-12-06 02:37:24,2025-12-07 14:03:38,16.9572992,80.0421632,12179,8252,FixOK,A,ObV5CS1912,T417F6b453,"X24V+R6P, Suryapet, Telangana 508206, India",331712.25,26.42,IgnitionOn,1,71.139,135.89,4,-113
3e3d7f2e-5514-4ca2-8e1c-9f477f6e1d4e-16,EDC_BS6_PERIODIC,2025-12-06 02:37:30,2025-12-07 14:03:38,16.9569904,80.0425024,12180,8252,FixOK,A,ObV5CS1912,T417F6b453,"NH65, Nallabandagudem, Telangana 508206, India",331712.25,32.4,IgnitionOn,1,70.879,133.8,4,-113
3e3d7f2e-5514-4ca2-8e1c-9f477f6e1d4e-17,EDC_BS6_PERIODIC,2025-12-06 02:37:36,2025-12-07 14:03:38,16.956664,80.0429312,12181,8252,FixOK,A,ObV5CS1912,T417F6b453,"NH65, Nallabandagudem, Telangana 508206, India",331712.375,37.45,IgnitionOn,1,70.069,129.3,4,-113
3e3d7f2e-5514-4ca2-8e1c-9f477f6e1d4e-18,EDC_BS6_PERIODIC,2025-12-06 02:37:42,2025-12-07 14:03:38,16.956328,80.0434048,12182,8252,FixOK,A,ObV5CS1912,T417F6b453,"NH65, Nallabandagudem, Telangana 508206, India",331712.375,43.77,IgnitionOn,1,69.36,125.4,4,-113
3e3d7f2e-5514-4ca2-8e1c-9f477f6e1d4e-19,EDC_BS6_PERIODIC,2025-12-06 02:37:48,2025-12-07 14:03:38,16.95592,80.0438912,12183,8252,FixOK,A,ObV5CS1912,T417F6b453,"NH65, Nallabandagudem, Telangana 508206, India",331712.5,42.79,IgnitionOn,1,68.923,132.5,4,-113
3e3d7f2e-5514-4ca2-8e1c-9f477f6e1d4e-20,EDC_BS6_PERIODIC,2025-12-06 02:37:54,2025-12-07 14:03:38,16.955488,80.044352,12184,8252,FixOK,A,ObV5CS1912,T417F6b453,"X23V+PMJ, Nallabandagudem, Telangana 508206, India",331712.5,42.04,IgnitionOn,1,68.58,134.1,4,-113
3e3d7f2e-5514-4ca2-8e1c-9f477f6e1d4e-21,EDC_BS6_PERIODIC,2025-12-06 02:38:00,2025-12-07 14:03:38,16.955056,80.0447872,12185,8252,FixOK,A,ObV5CS1912,T417F6b453,"X24V+3X5, Rampuram Cross Rd, beside HP petrol bunk, Nallabandagudem, Telangana 508206, India",331712.625,39.61,IgnitionOn,1,67.849,137.39,4,-113
3e3d7f2e-5514-4ca2-8e1c-9f477f6e1d4e-22,EDC_BS6_PERIODIC,2025-12-06 02:38:06,2025-12-07 14:03:38,16.954688,80.0450688,12186,8252,FixOK,A,ObV5CS1912,T417F6b453,"X24V+3X5, Rampuram Cross Rd, beside HP petrol bunk, Nallabandagudem, Telangana 508206, India",331712.625,24.02,IgnitionOn,1,66.58,144,4,-113
3e3d7f2e-5514-4ca2-8e1c-9f477f6e1d4e-23,EDC_BS6_PERIODIC,2025-12-06 02:38:12,2025-12-07 14:03:38,16.9544144,80.0452352,12187,8252,FixOK,A,ObV5CS1912,T417F6b453,"X23W+P2F, Vijayawada - Hyderabad Hwy, Nallabandagudem, Telangana 508206, India",331712.75,19.54,IgnitionOn,1,65.8,151.39,4,-113
3e3d7f2e-5514-4ca2-8e1c-9f477f6e1d4e-24,EDC_BS6_PERIODIC,2025-12-06 02:38:18,2025-12-07 14:03:38,16.9541792,80.0454912,12188,8252,FixOK,A,ObV5CS1912,T417F6b453,"X23W+P2F, Vijayawada - Hyderabad Hwy, Nallabandagudem, Telangana 508206, India",331712.75,25.19,IgnitionOn,1,65.47,131.69,4,-113
3e3d7f2e-5514-4ca2-8e1c-9f477f6e1d4e-25,EDC_BS6_PERIODIC,2025-12-06 02:38:24,2025-12-07 14:03:38,16.95388,80.0458368,12189,8252,FixOK,A,ObV5CS1912,T417F6b453,"X23W+H76, Vijayawada - Hyderabad Hwy, Nallabandagudem, Telangana 508206, India",331712.75,32.26,IgnitionOn,1,65.089,131.89,4,-113
3e3d7f2e-5514-4ca2-8e1c-9f477f6e1d4e-26,EDC_BS6_PERIODIC,2025-12-06 02:38:30,2025-12-07 14:03:38,16.953528,80.04624,12190,8252,FixOK,A,ObV5CS1912,T417F6b453,"X23W+H76, Vijayawada - Hyderabad Hwy, Nallabandagudem, Telangana 508206, India",331712.875,36.18,IgnitionOn,1,64.22,131.39,4,-113
3e3d7f2e-5514-4ca2-8e1c-9f477f6e1d4e-27,EDC_BS6_PERIODIC,2025-12-06 02:38:36,2025-12-07 14:03:38,16.9531872,80.0467136,12191,8252,FixOK,A,ObV5CS1912,T417F6b453,"Vijayawada - Hyderabad Hwy, Nallabandagudem, Telangana 508206, India",331712.875,39.25,IgnitionOn,1,63.93,126.69,4,-113
3e3d7f2e-5514-4ca2-8e1c-9f477f6e1d4e-28,EDC_BS6_PERIODIC,2025-12-06 02:38:42,2025-12-07 14:03:38,16.952896,80.0472576,12192,8252,FixOK,A,ObV5CS1912,T417F6b453,"Vijayawada - Hyderabad Hwy, Nallabandagudem, Telangana 508206, India",331713,42.43,IgnitionOn,1,63.08,120.8,4,-113
3e3d7f2e-5514-4ca2-8e1c-9f477f6e1d4e-29,EDC_BS6_PERIODIC,2025-12-06 02:38:48,2025-12-07 14:03:38,16.9526304,80.0478336,12193,8252,FixOK,A,ObV5CS1912,T417F6b453,"Hyderabad - Vijayawada Hwy, Nallabandagudem, Telangana 508206, India",331713.125,42.65,IgnitionOn,1,61.54,115,4,-113
3e3d7f2e-5514-4ca2-8e1c-9f477f6e1d4e-30,EDC_BS6_PERIODIC,2025-12-06 02:38:54,2025-12-07 14:03:38,16.952392,80.04832,12194,8252,FixOK,A,ObV5CS1912,T417F6b453,"NH65, Nallabandagudem, Telangana 521175, India",331713.125,33.03,IgnitionOn,1,60.34,118.59,4,-113
3e3d7f2e-5514-4ca2-8e1c-9f477f6e1d4e-31,EDC_BS6_PERIODIC,2025-12-06 02:39:00,2025-12-07 14:03:38,16.9521888,80.0487936,12195,8252,FixOK,A,ObV5CS1912,T417F6b453,"Vijayawada - Hyderabad Hwy, Nallabandagudem, Telangana 521175, India",331713.25,35.51,IgnitionOn,1,59.629,114.59,4,-113
3e3d7f2e-5514-4ca2-8e1c-9f477f6e1d4e-32,EDC_BS6_PERIODIC,2025-12-06 02:39:06,2025-12-07 14:03:38,16.9519808,80.049312,12196,8252,FixOK,A,ObV5CS1912,T417F6b453,"Vijayawada - Hyderabad Hwy, Nallabandagudem, Telangana 521175, India",331713.25,38.15,IgnitionOn,1,58.68,114.09,4,-113
3e3d7f2e-5514-4ca2-8e1c-9f477f6e1d4e-33,EDC_BS6_PERIODIC,2025-12-06 02:39:12,2025-12-07 14:03:38,16.9517632,80.0498496,12197,8252,FixOK,A,ObV5CS1912,T417F6b453,"Vijayawada - Hyderabad Hwy, Nallabandagudem, Telangana 521175, India",331713.375,39.79,IgnitionOn,1,58.139,113.8,4,-113
3e3d7f2e-5514-4ca2-8e1c-9f477f6e1d4e-34,EDC_BS6_PERIODIC,2025-12-06 02:39:18,2025-12-07 14:03:38,16.9515648,80.050304,12198,8252,FixOK,A,ObV5CS1912,T417F6b453,"Vijayawada - Hyderabad Hwy, Nallabandagudem, Telangana 521175, India",331713.375,32.19,IgnitionOn,1,57.139,112.69,4,-113
3e3d7f2e-5514-4ca2-8e1c-9f477f6e1d4e-35,EDC_BS6_PERIODIC,2025-12-06 02:39:24,2025-12-07 14:03:38,16.9513632,80.0507648,12199,8252,FixOK,A,ObV5CS1912,T417F6b453,"X322+5Q5, Garikapadu, Andhra Pradesh 521175, India",331713.375,34.94,IgnitionOn,1,55.619,113.69,4,-113
3e3d7f2e-5514-4ca2-8e1c-9f477f6e1d4e-36,EDC_BS6_PERIODIC,2025-12-06 02:39:30,2025-12-07 14:03:38,16.9511488,80.0512704,12200,8252,FixOK,A,ObV5CS1912,T417F6b453,"X322+5Q5, Garikapadu, Andhra Pradesh 521175, India",331713.5,35.61,IgnitionOn,1,54.18,112.19,4,-113
3e3d7f2e-5514-4ca2-8e1c-9f477f6e1d4e-37,EDC_BS6_PERIODIC,2025-12-06 02:39:36,2025-12-07 14:03:38,16.9509088,80.0517888,12201,8252,FixOK,A,ObV5CS1912,T417F6b453,"X322+5Q5, Garikapadu, Andhra Pradesh 521175, India",331713.625,37.44,IgnitionOn,1,54.231,113.9,5,-113
3e3d7f2e-5514-4ca2-8e1c-9f477f6e1d4e-38,EDC_BS6_PERIODIC,2025-12-06 02:39:42,2025-12-07 14:03:38,16.9506256,80.052256,12202,8252,FixOK,A,ObV5CS1912,T417F6b453,"X322+5Q5, Garikapadu, Andhra Pradesh 521175, India",331713.625,37.99,IgnitionOn,1,55.299,118.8,4,-113
3e3d7f2e-5514-4ca2-8e1c-9f477f6e1d4e-39,EDC_BS6_PERIODIC,2025-12-06 02:39:48,2025-12-07 14:03:38,16.950304,80.0527232,12203,8252,FixOK,A,ObV5CS1912,T417F6b453,"NH65, Garikapadu, Andhra Pradesh 521175, India",331713.75,39.63,IgnitionOn,1,55.61,127.4,4,-113
3e3d7f2e-5514-4ca2-8e1c-9f477f6e1d4e-40,EDC_BS6_PERIODIC,2025-12-06 02:39:54,2025-12-07 14:03:38,16.949912,80.0531776,12204,8252,FixOK,A,ObV5CS1912,T417F6b453,"NH65, Garikapadu, Andhra Pradesh 521175, India",331713.75,42.6,IgnitionOn,1,55.95,132.6,4,-113
3e3d7f2e-5514-4ca2-8e1c-9f477f6e1d4e-41,EDC_BS6_PERIODIC,2025-12-06 02:40:00,2025-12-07 14:03:38,16.9494208,80.0536832,12205,8252,FixOK,A,ObV5CS1912,T417F6b453,"NH65, Garikapadu, Andhra Pradesh 521175, India",331713.875,45.49,IgnitionOn,1,58.799,133.69,4,-113
3e3d7f2e-5514-4ca2-8e1c-9f477f6e1d4e-42,EDC_BS6_PERIODIC,2025-12-06 02:40:06,2025-12-07 14:03:38,16.948928,80.0541952,12206,8252,FixOK,A,ObV5CS1912,T417F6b453,"NH65, Garikapadu, Andhra Pradesh 521175, India",331713.875,45.43,IgnitionOn,1,61.169,134.1,4,-113
3e3d7f2e-5514-4ca2-8e1c-9f477f6e1d4e-43,EDC_BS6_PERIODIC,2025-12-06 02:40:12,2025-12-07 14:03:38,16.9484288,80.05472,12207,8252,FixOK,A,ObV5CS1912,T417F6b453,"W3X4+3GF, Andhra Pradesh 521175, India",331714,47.07,IgnitionOn,1,62.627,132.3,4,-113
3e3d7f2e-5514-4ca2-8e1c-9f477f6e1d4e-44,EDC_BS6_PERIODIC,2025-12-06 02:40:18,2025-12-07 14:03:38,16.947912,80.0552576,12208,8252,FixOK,A,ObV5CS1912,T417F6b453,"W3X4+3GF, Andhra Pradesh 521175, India",331714.125,49.73,IgnitionOn,1,64.36,134.89,4,-113
3e3d7f2e-5514-4ca2-8e1c-9f477f6e1d4e-45,EDC_BS6_PERIODIC,2025-12-06 02:40:24,2025-12-07 14:03:38,16.9473792,80.055776,12209,8252,FixOK,A,ObV5CS1912,T417F6b453,"W3X4+3GF, Andhra Pradesh 521175, India",331714.125,50.39,IgnitionOn,1,64.519,136.89,4,-113
3e3d7f2e-5514-4ca2-8e1c-9f477f6e1d4e-46,EDC_BS6_PERIODIC,2025-12-06 02:40:30,2025-12-07 14:03:38,16.9468032,80.0562432,12210,8252,FixOK,A,ObV5CS1912,T417F6b453,"W3X4+3GF, Andhra Pradesh 521175, India",331714.25,49.15,IgnitionOn,1,65.15,143.19,4,-113
3e3d7f2e-5514-4ca2-8e1c-9f477f6e1d4e-47,EDC_BS6_PERIODIC,2025-12-06 02:40:36,2025-12-07 14:03:38,16.9461952,80.056608,12211,8252,FixOK,A,ObV5CS1912,T417F6b453,"Vijayawada - Hyderabad Hwy, Andhra Pradesh 521175, India",331714.375,48.37,IgnitionOn,1,66.459,148.8,4,-113
3e3d7f2e-5514-4ca2-8e1c-9f477f6e1d4e-48,EDC_BS6_PERIODIC,2025-12-06 02:40:42,2025-12-07 14:03:38,16.9456352,80.0569472,12212,8252,FixOK,A,ObV5CS1912,T417F6b453,"Vijayawada - Hyderabad Hwy, Andhra Pradesh 521175, India",331714.375,43.12,IgnitionOn,1,67.54,150.39,4,-113
3e3d7f2e-5514-4ca2-8e1c-9f477f6e1d4e-49,EDC_BS6_PERIODIC,2025-12-06 02:40:48,2025-12-07 14:03:38,16.9451168,80.05728,12213,8252,FixOK,A,ObV5CS1912,T417F6b453,"Vijayawada - Hyderabad Hwy, Andhra Pradesh 521175, India",331714.5,41.71,IgnitionOn,1,68.365,146.5,4,-113
3e3d7f2e-5514-4ca2-8e1c-9f477f6e1d4e-50,EDC_BS6_PERIODIC,2025-12-06 02:40:54,2025-12-07 14:03:38,16.944672,80.0576128,12214,8252,FixOK,A,ObV5CS1912,T417F6b453,"NH65, Andhra Pradesh 521175, India",331714.625,38.44,IgnitionOn,1,69.319,142.6,4,-113
7e1739a7-5f44-4e00-9060-dea2922c9dce-1,EDC_BS6_PERIODIC,2025-12-06 02:41:00,2025-12-07 14:03:59,16.9442912,80.0578624,12215,8252,FixOK,A,ObV5CS1912,T417F6b453,"NH65, Andhra Pradesh 521175, India",331714.625,32.96,IgnitionOn,1,69.779,147.19,4,-113
7e1739a7-5f44-4e00-9060-dea2922c9dce-2,EDC_BS6_PERIODIC,2025-12-06 02:41:06,2025-12-07 14:03:59,16.9439648,80.058048,12216,8252,FixOK,A,ObV5CS1912,T417F6b453,"NH65, Andhra Pradesh 521175, India",331714.625,25.15,IgnitionOn,1,70.5,158.1,4,-113
7e1739a7-5f44-4e00-9060-dea2922c9dce-3,EDC_BS6_PERIODIC,2025-12-06 02:41:12,2025-12-07 14:03:59,16.9436464,80.0582272,12217,8252,FixOK,A,ObV5CS1912,T417F6b453,"NH65, Andhra Pradesh 521175, India",331714.75,25.25,IgnitionOn,1,70.739,150.8,4,-113
7e1739a7-5f44-4e00-9060-dea2922c9dce-4,EDC_BS6_PERIODIC,2025-12-06 02:41:18,2025-12-07 14:03:59,16.9432768,80.0584576,12218,8252,FixOK,A,ObV5CS1912,T417F6b453,"Hyderabad - Vijayawada Hwy, Andhra Pradesh 521175, India",331714.75,31.29,IgnitionOn,1,71.62,144.3,4,-113
7e1739a7-5f44-4e00-9060-dea2922c9dce-5,EDC_BS6_PERIODIC,2025-12-06 02:41:24,2025-12-07 14:03:59,16.9429632,80.0586944,12219,8252,FixOK,A,ObV5CS1912,T417F6b453,"Hyderabad - Vijayawada Hwy, Andhra Pradesh 521175, India",331714.875,27.7,IgnitionOn,1,72.081,144.3,4,-113
7e1739a7-5f44-4e00-9060-dea2922c9dce-6,EDC_BS6_PERIODIC,2025-12-06 02:41:30,2025-12-07 14:03:59,16.942776,80.0588288,12220,8252,FixOK,A,ObV5CS1912,T417F6b453,"Hyderabad - Vijayawada Hwy, Andhra Pradesh 521175, India",331714.875,15.39,IgnitionOn,1,72.739,149.39,4,-113
7e1739a7-5f44-4e00-9060-dea2922c9dce-7,EDC_BS6_PERIODIC,2025-12-06 02:41:36,2025-12-07 14:03:59,16.9427456,80.058848,12221,8252,FixOK,A,ObV5CS1912,T417F6b453,"Hyderabad - Vijayawada Hwy, Andhra Pradesh 521175, India",331714.875,0,IgnitionOn,1,72.66,168.3,4,-113
7e1739a7-5f44-4e00-9060-dea2922c9dce-8,EDC_BS6_PERIODIC,2025-12-06 02:41:42,2025-12-07 14:03:59,16.9427456,80.058848,12222,8252,FixOK,A,ObV5CS1912,T417F6b453,"Hyderabad - Vijayawada Hwy, Andhra Pradesh 521175, India",331714.875,0,IgnitionOn,1,72.66,168.3,4,-113
7e1739a7-5f44-4e00-9060-dea2922c9dce-9,EDC_BS6_PERIODIC,2025-12-06 02:41:48,2025-12-07 14:03:59,16.9427456,80.058848,12223,8252,FixOK,A,ObV5CS1912,T417F6b453,"Hyderabad - Vijayawada Hwy, Andhra Pradesh 521175, India",331714.875,0,IgnitionOn,1,72.66,168.3,4,-113
7e1739a7-5f44-4e00-9060-dea2922c9dce-10,EDC_BS6_PERIODIC,2025-12-06 02:41:54,2025-12-07 14:03:59,16.9427456,80.058848,12224,8252,FixOK,A,ObV5CS1912,T417F6b453,"Hyderabad - Vijayawada Hwy, Andhra Pradesh 521175, India",331714.875,0,IgnitionOn,1,72.66,168.3,4,-113
7e1739a7-5f44-4e00-9060-dea2922c9dce-11,EDC_BS6_PERIODIC,2025-12-06 02:42:00,2025-12-07 14:03:59,16.9427456,80.058848,12225,8252,FixOK,A,ObV5CS1912,T417F6b453,"Hyderabad - Vijayawada Hwy, Andhra Pradesh 521175, India",331714.875,0,IgnitionOn,1,72.66,168.3,4,-113
7e1739a7-5f44-4e00-9060-dea2922c9dce-12,EDC_BS6_PERIODIC,2025-12-06 02:42:06,2025-12-07 14:03:59,16.9427456,80.058848,12226,8252,FixOK,A,ObV5CS1912,T417F6b453,"Hyderabad - Vijayawada Hwy, Andhra Pradesh 521175, India",331714.875,0,IgnitionOn,1,72.66,168.3,4,-113
7e1739a7-5f44-4e00-9060-dea2922c9dce-13,EDC_BS6_PERIODIC,2025-12-06 02:42:12,2025-12-07 14:03:59,16.9427456,80.058848,12227,8252,FixOK,A,ObV5CS1912,T417F6b453,"Hyderabad - Vijayawada Hwy, Andhra Pradesh 521175, India",331714.875,0,IgnitionOn,1,72.66,168.3,4,-113
7e1739a7-5f44-4e00-9060-dea2922c9dce-14,EDC_BS6_PERIODIC,2025-12-06 02:42:18,2025-12-07 14:03:59,16.942752,80.058848,12228,8252,FixOK,A,ObV5CS1912,T417F6b453,"Hyderabad - Vijayawada Hwy, Andhra Pradesh 521175, India",331714.875,0,IgnitionOn,1,73.44,168.3,4,-113
7e1739a7-5f44-4e00-9060-dea2922c9dce-15,EDC_BS6_PERIODIC,2025-12-06 02:42:24,2025-12-07 14:03:59,16.942752,80.058848,12229,8252,FixOK,A,ObV5CS1912,T417F6b453,"Hyderabad - Vijayawada Hwy, Andhra Pradesh 521175, India",331714.875,0,IgnitionOn,1,73.44,168.3,4,-113
7e1739a7-5f44-4e00-9060-dea2922c9dce-16,EDC_BS6_PERIODIC,2025-12-06 02:42:30,2025-12-07 14:03:59,16.942752,80.058848,12230,8252,FixOK,A,ObV5CS1912,T417F6b453,"Hyderabad - Vijayawada Hwy, Andhra Pradesh 521175, India",331714.875,0,IgnitionOn,1,73.44,168.3,4,-113
7e1739a7-5f44-4e00-9060-dea2922c9dce-17,EDC_BS6_PERIODIC,2025-12-06 02:42:36,2025-12-07 14:03:59,16.942752,80.058848,12231,8252,FixOK,A,ObV5CS1912,T417F6b453,"Hyderabad - Vijayawada Hwy, Andhra Pradesh 521175, India",331714.875,0,IgnitionOn,1,73.44,168.3,4,-113
7e1739a7-5f44-4e00-9060-dea2922c9dce-18,EDC_BS6_PERIODIC,2025-12-06 02:42:42,2025-12-07 14:03:59,16.942752,80.058848,12232,8252,FixOK,A,ObV5CS1912,T417F6b453,"Hyderabad - Vijayawada Hwy, Andhra Pradesh 521175, India",331714.875,0,IgnitionOn,1,73.44,168.3,4,-113
7e1739a7-5f44-4e00-9060-dea2922c9dce-19,EDC_BS6_PERIODIC,2025-12-06 02:42:48,2025-12-07 14:03:59,16.942752,80.058848,12233,8252,FixOK,A,ObV5CS1912,T417F6b453,"Hyderabad - Vijayawada Hwy, Andhra Pradesh 521175, India",331714.875,0,IgnitionOn,1,73.44,168.3,4,-113
7e1739a7-5f44-4e00-9060-dea2922c9dce-20,EDC_BS6_PERIODIC,2025-12-06 02:42:54,2025-12-07 14:03:59,16.9427648,80.058848,12234,8252,FixOK,A,ObV5CS1912,T417F6b453,"Hyderabad - Vijayawada Hwy, Andhra Pradesh 521175, India",331714.875,0,IgnitionOn,1,74.3,168.3,4,-113
7e1739a7-5f44-4e00-9060-dea2922c9dce-21,EDC_BS6_PERIODIC,2025-12-06 02:43:00,2025-12-07 14:03:59,16.9427648,80.058848,12235,8252,FixOK,A,ObV5CS1912,T417F6b453,"Hyderabad - Vijayawada Hwy, Andhra Pradesh 521175, India",331714.875,0,IgnitionOn,1,74.3,168.3,4,-113
7e1739a7-5f44-4e00-9060-dea2922c9dce-22,EDC_BS6_PERIODIC,2025-12-06 02:43:06,2025-12-07 14:03:59,16.9427648,80.058848,12236,8252,FixOK,A,ObV5CS1912,T417F6b453,"Hyderabad - Vijayawada Hwy, Andhra Pradesh 521175, India",331714.875,0,IgnitionOn,1,74.3,168.3,4,-113
7e1739a7-5f44-4e00-9060-dea2922c9dce-23,EDC_BS6_PERIODIC,2025-12-06 02:43:12,2025-12-07 14:03:59,16.9427648,80.058848,12237,8252,FixOK,A,ObV5CS1912,T417F6b453,"Hyderabad - Vijayawada Hwy, Andhra Pradesh 521175, India",331714.875,0,IgnitionOn,1,74.3,168.3,4,-113
7e1739a7-5f44-4e00-9060-dea2922c9dce-24,EDC_BS6_PERIODIC,2025-12-06 02:43:18,2025-12-07 14:03:59,16.9427648,80.058848,12238,8252,FixOK,A,ObV5CS1912,T417F6b453,"Hyderabad - Vijayawada Hwy, Andhra Pradesh 521175, India",331714.875,0,IgnitionOn,1,74.3,168.3,4,-113
7e1739a7-5f44-4e00-9060-dea2922c9dce-25,EDC_BS6_PERIODIC,2025-12-06 02:43:24,2025-12-07 14:03:59,16.9427648,80.058848,12239,8252,FixOK,A,ObV5CS1912,T417F6b453,"Hyderabad - Vijayawada Hwy, Andhra Pradesh 521175, India",331714.875,0,IgnitionOn,1,74.3,168.3,4,-113
7e1739a7-5f44-4e00-9060-dea2922c9dce-26,EDC_BS6_PERIODIC,2025-12-06 02:43:30,2025-12-07 14:03:59,16.9427648,80.058848,12240,8252,FixOK,A,ObV5CS1912,T417F6b453,"Hyderabad - Vijayawada Hwy, Andhra Pradesh 521175, India",331714.875,0,IgnitionOn,1,74.3,168.3,4,-113
7e1739a7-5f44-4e00-9060-dea2922c9dce-27,EDC_BS6_PERIODIC,2025-12-06 02:43:36,2025-12-07 14:03:59,16.942768,80.058848,12241,8252,FixOK,A,ObV5CS1912,T417F6b453,"Hyderabad - Vijayawada Hwy, Andhra Pradesh 521175, India",331714.875,0,IgnitionOn,1,75.099,168.3,4,-113
7e1739a7-5f44-4e00-9060-dea2922c9dce-28,EDC_BS6_PERIODIC,2025-12-06 02:43:42,2025-12-07 14:03:59,16.942768,80.058848,12242,8252,FixOK,A,ObV5CS1912,T417F6b453,"Hyderabad - Vijayawada Hwy, Andhra Pradesh 521175, India",331714.875,0,IgnitionOn,1,75.099,168.3,4,-113
7e1739a7-5f44-4e00-9060-dea2922c9dce-29,EDC_BS6_PERIODIC,2025-12-06 02:43:48,2025-12-07 14:03:59,16.942768,80.058848,12243,8252,FixOK,A,ObV5CS1912,T417F6b453,"Hyderabad - Vijayawada Hwy, Andhra Pradesh 521175, India",331714.875,0,IgnitionOn,1,75.099,168.3,4,-113
7e1739a7-5f44-4e00-9060-dea2922c9dce-30,EDC_BS6_PERIODIC,2025-12-06 02:43:54,2025-12-07 14:03:59,16.942768,80.058848,12244,8252,FixOK,A,ObV5CS1912,T417F6b453,"Hyderabad - Vijayawada Hwy, Andhra Pradesh 521175, India",331714.875,0,IgnitionOn,1,75.099,168.3,4,-113
7e1739a7-5f44-4e00-9060-dea2922c9dce-31,EDC_BS6_PERIODIC,2025-12-06 02:44:00,2025-12-07 14:03:59,16.942768,80.058848,12245,8252,FixOK,A,ObV5CS1912,T417F6b453,"Hyderabad - Vijayawada Hwy, Andhra Pradesh 521175, India",331714.875,0,IgnitionOn,1,75.099,168.3,4,-113
7e1739a7-5f44-4e00-9060-dea2922c9dce-32,EDC_BS6_PERIODIC,2025-12-06 02:44:06,2025-12-07 14:03:59,16.942768,80.058848,12246,8252,FixOK,A,ObV5CS1912,T417F6b453,"Hyderabad - Vijayawada Hwy, Andhra Pradesh 521175, India",331714.875,0,IgnitionOn,1,75.099,168.3,4,-113
7e1739a7-5f44-4e00-9060-dea2922c9dce-33,EDC_BS6_PERIODIC,2025-12-06 02:44:12,2025-12-07 14:03:59,16.942768,80.058848,12247,8252,FixOK,A,ObV5CS1912,T417F6b453,"Hyderabad - Vijayawada Hwy, Andhra Pradesh 521175, India",331714.875,0,IgnitionOn,1,75.099,168.3,4,-113
7e1739a7-5f44-4e00-9060-dea2922c9dce-34,EDC_BS6_PERIODIC,2025-12-06 02:44:18,2025-12-07 14:03:59,16.9427712,80.058848,12248,8252,FixOK,A,ObV5CS1912,T417F6b453,"Hyderabad - Vijayawada Hwy, Andhra Pradesh 521175, India",331714.875,0,IgnitionOn,1,75.419,168.3,4,-113
7e1739a7-5f44-4e00-9060-dea2922c9dce-35,EDC_BS6_PERIODIC,2025-12-06 02:44:24,2025-12-07 14:03:59,16.9427712,80.058848,12249,8252,FixOK,A,ObV5CS1912,T417F6b453,"Hyderabad - Vijayawada Hwy, Andhra Pradesh 521175, India",331714.875,0,IgnitionOn,1,75.419,168.3,4,-113
7e1739a7-5f44-4e00-9060-dea2922c9dce-36,EDC_BS6_PERIODIC,2025-12-06 02:44:30,2025-12-07 14:03:59,16.9427712,80.058848,12250,8252,FixOK,A,ObV5CS1912,T417F6b453,"Hyderabad - Vijayawada Hwy, Andhra Pradesh 521175, India",331714.875,0,IgnitionOn,1,75.419,168.3,4,-113
7e1739a7-5f44-4e00-9060-dea2922c9dce-37,EDC_BS6_PERIODIC,2025-12-06 02:44:36,2025-12-07 14:03:59,16.9427712,80.058848,12251,8252,FixOK,A,ObV5CS1912,T417F6b453,"Hyderabad - Vijayawada Hwy, Andhra Pradesh 521175, India",331714.875,0,IgnitionOn,1,75.419,168.3,4,-113
7e1739a7-5f44-4e00-9060-dea2922c9dce-38,EDC_BS6_PERIODIC,2025-12-06 02:44:42,2025-12-07 14:03:59,16.9427712,80.058848,12252,8252,FixOK,A,ObV5CS1912,T417F6b453,"Hyderabad - Vijayawada Hwy, Andhra Pradesh 521175, India",331714.875,0,IgnitionOn,1,75.419,168.3,4,-113
7e1739a7-5f44-4e00-9060-dea2922c9dce-39,EDC_BS6_PERIODIC,2025-12-06 02:44:48,2025-12-07 14:03:59,16.9427712,80.058848,12253,8252,FixOK,A,ObV5CS1912,T417F6b453,"Hyderabad - Vijayawada Hwy, Andhra Pradesh 521175, India",331714.875,0,IgnitionOn,1,75.419,168.3,4,-113
7e1739a7-5f44-4e00-9060-dea2922c9dce-40,EDC_BS6_PERIODIC,2025-12-06 02:44:54,2025-12-07 14:03:59,16.9427552,80.05888,12254,8252,FixOK,A,ObV5CS1912,T417F6b453,"Hyderabad - Vijayawada Hwy, Andhra Pradesh 521175, India",331714.875,5.89,IgnitionOn,1,77.529,137.8,4,-113
7e1739a7-5f44-4e00-9060-dea2922c9dce-41,EDC_BS6_PERIODIC,2025-12-06 02:45:00,2025-12-07 14:03:59,16.942656,80.0589568,12255,8252,FixOK,A,ObV5CS1912,T417F6b453,"Hyderabad - Vijayawada Hwy, Andhra Pradesh 521175, India",331714.875,10.73,IgnitionOn,1,80.135,139.69,4,-113
7e1739a7-5f44-4e00-9060-dea2922c9dce-43,EDC_BS6_PERIODIC,2025-12-06 02:45:06,2025-12-07 14:03:59,16.9424576,80.0591872,12256,8252,FixOK,A,ObV5CS1912,T417F6b453,"W3R5+HG, Garikapadu, Andhra Pradesh 521175, India",331714.875,19.05,IgnitionOn,1,81.809,134.19,4,-113
7e1739a7-5f44-4e00-9060-dea2922c9dce-44,EDC_BS6_PERIODIC,2025-12-06 02:45:12,2025-12-07 14:03:59,16.9422048,80.0594688,12257,8252,FixOK,A,ObV5CS1912,T417F6b453,"W3R5+HG, Garikapadu, Andhra Pradesh 521175, India",331715,26.36,IgnitionOn,1,81.589,132.39,4,-113
7e1739a7-5f44-4e00-9060-dea2922c9dce-45,EDC_BS6_PERIODIC,2025-12-06 02:45:18,2025-12-07 14:03:59,16.941944,80.0598144,12258,8252,FixOK,A,ObV5CS1912,T417F6b453,"Vijayawada - Hyderabad Hwy, Andhra Pradesh 521175, India",331715,29.53,IgnitionOn,1,80.889,130.1,4,-113
7e1739a7-5f44-4e00-9060-dea2922c9dce-46,EDC_BS6_PERIODIC,2025-12-06 02:45:24,2025-12-07 14:03:59,16.9416512,80.060224,12259,8252,FixOK,A,ObV5CS1912,T417F6b453,"Vijayawada - Hyderabad Hwy, Andhra Pradesh 521175, India",331715.125,33.95,IgnitionOn,1,79.709,124.8,4,-113
7e1739a7-5f44-4e00-9060-dea2922c9dce-47,EDC_BS6_PERIODIC,2025-12-06 02:45:30,2025-12-07 14:03:59,16.941376,80.060672,12260,8252,FixOK,A,ObV5CS1912,T417F6b453,"Hyderabad - Vijayawada Hwy, Andhra Pradesh 521175, India",331715.125,35.53,IgnitionOn,1,79.19,122.09,4,-113
7e1739a7-5f44-4e00-9060-dea2922c9dce-48,EDC_BS6_PERIODIC,2025-12-06 02:45:36,2025-12-07 14:03:59,16.9411008,80.0611776,12261,8252,FixOK,A,ObV5CS1912,T417F6b453,"Hyderabad - Vijayawada Hwy, Andhra Pradesh 521175, India",331715.25,39.42,IgnitionOn,1,79.071,119.3,4,-113
7e1739a7-5f44-4e00-9060-dea2922c9dce-49,EDC_BS6_PERIODIC,2025-12-06 02:45:42,2025-12-07 14:03:59,16.940784,80.0617216,12262,8252,FixOK,A,ObV5CS1912,T417F6b453,"Vijayawada - Hyderabad Hwy, Andhra Pradesh 521175, India",331715.25,43.21,IgnitionOn,1,79.18,119.8,4,-113
7e1739a7-5f44-4e00-9060-dea2922c9dce-50,EDC_BS6_PERIODIC,2025-12-06 02:45:48,2025-12-07 14:03:59,16.940432,80.0623232,12263,8252,FixOK,A,ObV5CS1912,T417F6b453,"NH65, Andhra Pradesh 521175, India",331715.375,45.37,IgnitionOn,1,79.29,120.19,4,-113
5498ab0e-fb83-4056-af86-934cbaa61919-1,EDC_BS6_PERIODIC,2025-12-06 02:45:54,2025-12-07 14:04:18,16.940096,80.0629248,12264,8252,FixOK,A,ObV5CS1912,T417F6b453,"W3R7+496, Hyderabad - Vijayawada Hwy, Andhra Pradesh 521175, India",331715.375,44.62,IgnitionOn,1,79.139,114,4,-113
5498ab0e-fb83-4056-af86-934cbaa61919-2,EDC_BS6_PERIODIC,2025-12-06 02:46:00,2025-12-07 14:04:18,16.939832,80.0635456,12265,8252,FixOK,A,ObV5CS1912,T417F6b453,"NH65, Andhra Pradesh 521175, India",331715.5,43.81,IgnitionOn,1,78.309,114,4,-113
5498ab0e-fb83-4056-af86-934cbaa61919-3,EDC_BS6_PERIODIC,2025-12-06 02:46:06,2025-12-07 14:04:18,16.939576,80.0641344,12266,8252,FixOK,A,ObV5CS1912,T417F6b453,"NH65, Andhra Pradesh 521175, India",331715.625,42.9,IgnitionOn,1,77.809,113.09,4,-113
5498ab0e-fb83-4056-af86-934cbaa61919-4,DEVICE_METRICS,2025-12-06 02:46:22,2025-12-07 14:04:18,16.939576,80.0641344,,8252,FixOK,,ObV5CS1912,T417F6b453,"NH65, Andhra Pradesh 521175, India",287157,,IgnitionOn,1,,,,
5498ab0e-fb83-4056-af86-934cbaa61919-5,EDC_BS6_PERIODIC,2025-12-06 02:46:22,2025-12-07 14:04:18,16.938904,80.065568,12267,8252,FixOK,A,ObV5CS1912,T417F6b453,"W3Q7+HRV, NH 65, opp. RTA Check post, Anumanchipalli, Andhra Pradesh 521175, India",331715.75,40.93,IgnitionOn,1,75.639,113.09,4,-113
5498ab0e-fb83-4056-af86-934cbaa61919-6,EDC_BS6_PERIODIC,2025-12-06 02:46:28,2025-12-07 14:04:18,16.938512,80.066144,12268,8252,FixOK,A,ObV5CS1912,T417F6b453,"W3Q7+HRV, NH 65, opp. RTA Check post, Anumanchipalli, Andhra Pradesh 521175, India",331715.875,40.11,IgnitionOn,1,74.3,130.39,4,-113
5498ab0e-fb83-4056-af86-934cbaa61919-7,EDC_BS6_PERIODIC,2025-12-06 02:46:34,2025-12-07 14:04:18,16.9380944,80.066592,12269,8252,FixOK,A,ObV5CS1912,T417F6b453,"W3Q8+5X4, Hyderabad - Vijayawada Hwy, Andhra Pradesh 521175, India",331715.875,42.07,IgnitionOn,1,72.87,136.19,4,-113
5498ab0e-fb83-4056-af86-934cbaa61919-8,EDC_BS6_PERIODIC,2025-12-06 02:46:40,2025-12-07 14:04:18,16.9376032,80.0670336,12270,8252,FixOK,A,ObV5CS1912,T417F6b453,"W3Q8+5X4, Hyderabad - Vijayawada Hwy, Andhra Pradesh 521175, India",331716,44.95,IgnitionOn,1,71.709,139.5,4,-113
5498ab0e-fb83-4056-af86-934cbaa61919-9,EDC_BS6_PERIODIC,2025-12-06 02:46:46,2025-12-07 14:04:18,16.937096,80.067488,12271,8252,FixOK,A,ObV5CS1912,T417F6b453,"NH65, Andhra Pradesh 521175, India",331716,45.47,IgnitionOn,1,71.979,139.1,4,-113
5498ab0e-fb83-4056-af86-934cbaa61919-10,EDC_BS6_PERIODIC,2025-12-06 02:46:52,2025-12-07 14:04:18,16.936592,80.0679424,12272,8252,FixOK,A,ObV5CS1912,T417F6b453,"NH65, Andhra Pradesh 521175, India",331716.125,44.93,IgnitionOn,1,72.75,138.8,4,-113
5498ab0e-fb83-4056-af86-934cbaa61919-11,EDC_BS6_PERIODIC,2025-12-06 02:46:58,2025-12-07 14:04:18,16.9360992,80.068416,12273,8252,FixOK,A,ObV5CS1912,T417F6b453,"Krishna, Andhra Pradesh 521175, India",331716.25,45.05,IgnitionOn,1,73.65,135.8,4,-113
5498ab0e-fb83-4056-af86-934cbaa61919-12,EDC_BS6_PERIODIC,2025-12-06 02:47:04,2025-12-07 14:04:18,16.9356448,80.068928,12274,8252,FixOK,A,ObV5CS1912,T417F6b453,"NH65, Andhra Pradesh 521175, India",331716.25,45.66,IgnitionOn,1,74.209,130.89,4,-113
5498ab0e-fb83-4056-af86-934cbaa61919-13,EDC_BS6_PERIODIC,2025-12-06 02:47:10,2025-12-07 14:04:18,16.9352128,80.0694656,12275,8252,FixOK,A,ObV5CS1912,T417F6b453,"Vijayawada - Hyderabad Hwy, Andhra Pradesh 521175, India",331716.375,46.34,IgnitionOn,1,74.01,128.1,4,-113
5498ab0e-fb83-4056-af86-934cbaa61919-14,EDC_BS6_PERIODIC,2025-12-06 02:47:16,2025-12-07 14:04:18,16.9347712,80.0700224,12276,8252,FixOK,A,ObV5CS1912,T417F6b453,"Om Kartikeya Polymers, Anumanchipalli, beside NH 65, Jaggaihpet Mandal, Anumanchipalli, Andhra Pradesh 521175, India",331716.5,46.7,IgnitionOn,1,73.51,129.19,4,-113
5498ab0e-fb83-4056-af86-934cbaa61919-15,EDC_BS6_PERIODIC,2025-12-06 02:47:22,2025-12-07 14:04:18,16.9343456,80.07056,12277,8252,FixOK,A,ObV5CS1912,T417F6b453,"Om Kartikeya Polymers, Anumanchipalli, beside NH 65, Jaggaihpet Mandal, Krishna Dist, Anumanchipalli, Andhra Pradesh 521175, India",331716.5,46.2,IgnitionOn,1,73.245,129,4,-113
5498ab0e-fb83-4056-af86-934cbaa61919-16,EDC_BS6_PERIODIC,2025-12-06 02:47:28,2025-12-07 14:04:18,16.933928,80.0710912,12278,8252,FixOK,A,ObV5CS1912,T417F6b453,"Om Kartikeya Polymers, Anumanchipalli, beside NH 65, Jaggaihpet Mandal, Krishna Dist, Anumanchipalli, Andhra Pradesh 521175, India",331716.625,44.01,IgnitionOn,1,72.589,129.89,4,-113
5498ab0e-fb83-4056-af86-934cbaa61919-17,EDC_BS6_PERIODIC,2025-12-06 02:47:34,2025-12-07 14:04:18,16.933544,80.0715648,12279,8252,FixOK,A,ObV5CS1912,T417F6b453,"W3MC+7GX, Anumanchipalli, Andhra Pradesh 521175, India",331716.75,40.55,IgnitionOn,1,72.25,129.3,4,-113
5498ab0e-fb83-4056-af86-934cbaa61919-18,EDC_BS6_PERIODIC,2025-12-06 02:47:40,2025-12-07 14:04:18,16.9332032,80.0720256,12280,8252,FixOK,A,ObV5CS1912,T417F6b453,"NH65, Anumanchipalli, Andhra Pradesh 521175, India",331716.75,37.89,IgnitionOn,1,71.69,128.3,4,-113
5498ab0e-fb83-4056-af86-934cbaa61919-19,EDC_BS6_PERIODIC,2025-12-06 02:47:46,2025-12-07 14:04:18,16.9329296,80.0724992,12281,8252,FixOK,A,ObV5CS1912,T417F6b453,"NH65, Anumanchipalli, Andhra Pradesh 521175, India",331716.875,37.68,IgnitionOn,1,71,123.4,4,-113
5498ab0e-fb83-4056-af86-934cbaa61919-20,EDC_BS6_PERIODIC,2025-12-06 02:47:52,2025-12-07 14:04:18,16.932664,80.0730304,12282,8252,FixOK,A,ObV5CS1912,T417F6b453,"W3JF+W9P, NH 65, Anumanchipalli, Andhra Pradesh 521175, India",331716.875,41.26,IgnitionOn,1,70,119.4,4,-113
5498ab0e-fb83-4056-af86-934cbaa61919-21,EDC_BS6_PERIODIC,2025-12-06 02:47:58,2025-12-07 14:04:18,16.9324192,80.0736256,12283,8252,FixOK,A,ObV5CS1912,T417F6b453,"W3JF+XC5, Anumanchipalli, Andhra Pradesh 521175, India",331717,44.91,IgnitionOn,1,69.327,110.8,4,-113
5498ab0e-fb83-4056-af86-934cbaa61919-22,EDC_BS6_PERIODIC,2025-12-06 02:48:04,2025-12-07 14:04:18,16.9322304,80.074304,12284,8252,FixOK,A,ObV5CS1912,T417F6b453,"W3JF+XC5, Anumanchipalli, Andhra Pradesh 521175, India",331717,45.83,IgnitionOn,1,67.93,101.8,4,-113
5498ab0e-fb83-4056-af86-934cbaa61919-23,EDC_BS6_PERIODIC,2025-12-06 02:48:10,2025-12-07 14:04:18,16.9321216,80.0750208,12285,8252,FixOK,A,ObV5CS1912,T417F6b453,"NH65, Anumanchipalli, Andhra Pradesh 521175, India",331717.125,47.21,IgnitionOn,1,67.19,100.09,4,-113
5498ab0e-fb83-4056-af86-934cbaa61919-24,EDC_BS6_PERIODIC,2025-12-06 02:48:16,2025-12-07 14:04:18,16.931976,80.075776,12286,8252,FixOK,A,ObV5CS1912,T417F6b453,"2-52, Balusupadu - Garikapadu Road, Jaggaiahpet, Andhra Pradesh 521175, India",331717.25,49.93,IgnitionOn,1,66.51,101.19,4,-113
5498ab0e-fb83-4056-af86-934cbaa61919-25,EDC_BS6_PERIODIC,2025-12-06 02:48:22,2025-12-07 14:04:18,16.9317344,80.0764928,12287,8252,FixOK,A,ObV5CS1912,T417F6b453,"2-52, Balusupadu - Garikapadu Road, Jaggaiahpet, Andhra Pradesh 521175, India",331717.25,52.84,IgnitionOn,1,65.51,107.19,4,-113
5498ab0e-fb83-4056-af86-934cbaa61919-26,EDC_BS6_PERIODIC,2025-12-06 02:48:28,2025-12-07 14:04:18,16.931336,80.0772096,12288,8252,FixOK,A,ObV5CS1912,T417F6b453,"NH 65, Anumanchipalli, Andhra Pradesh 521175, India",331717.375,54.8,IgnitionOn,1,64.029,123.09,4,-113
5498ab0e-fb83-4056-af86-934cbaa61919-27,EDC_BS6_PERIODIC,2025-12-06 02:48:34,2025-12-07 14:04:18,16.930872,80.0779008,12289,8252,FixOK,A,ObV5CS1912,T417F6b453,"Hyderabad - Vijayawada Hwy, Andhra Pradesh 521175, India",331717.5,55.37,IgnitionOn,1,63.565,124.69,4,-113
5498ab0e-fb83-4056-af86-934cbaa61919-28,EDC_BS6_PERIODIC,2025-12-06 02:48:40,2025-12-07 14:04:18,16.9303968,80.0786176,12290,8252,FixOK,A,ObV5CS1912,T417F6b453,"W3JH+3J Anumanchipalli, Andhra Pradesh, India",331717.625,56.21,IgnitionOn,1,62.06,124.3,4,-113
5498ab0e-fb83-4056-af86-934cbaa61919-29,EDC_BS6_PERIODIC,2025-12-06 02:48:46,2025-12-07 14:04:18,16.929912,80.0793024,12291,8252,FixOK,A,ObV5CS1912,T417F6b453,"W3JH+3J Anumanchipalli, Andhra Pradesh, India",331717.625,56.68,IgnitionOn,1,60.83,125.3,4,-113
5498ab0e-fb83-4056-af86-934cbaa61919-30,EDC_BS6_PERIODIC,2025-12-06 02:48:52,2025-12-07 14:04:18,16.929392,80.0799872,12292,8252,FixOK,A,ObV5CS1912,T417F6b453,"Vijayawada - Hyderabad Hwy, Jaggaiahpet, Andhra Pradesh 521175, India",331717.75,56.99,IgnitionOn,1,60.009,126.9,4,-113
5498ab0e-fb83-4056-af86-934cbaa61919-31,EDC_BS6_PERIODIC,2025-12-06 02:48:58,2025-12-07 14:04:18,16.92884,80.0806528,12293,8252,FixOK,A,ObV5CS1912,T417F6b453,"Hyderabad - Vijayawada Hwy, Andhra Pradesh 521175, India",331717.875,57.29,IgnitionOn,1,58.68,129.8,4,-113
5498ab0e-fb83-4056-af86-934cbaa61919-32,EDC_BS6_PERIODIC,2025-12-06 02:49:04,2025-12-07 14:04:18,16.928264,80.081312,12294,8252,FixOK,A,ObV5CS1912,T417F6b453,"Vijayawada - Hyderabad Hwy, Jaggaiahpet, Andhra Pradesh 521175, India",331718,57.09,IgnitionOn,1,57.43,133,4,-113
5498ab0e-fb83-4056-af86-934cbaa61919-33,EDC_BS6_PERIODIC,2025-12-06 02:49:10,2025-12-07 14:04:18,16.927696,80.0819584,12295,8252,FixOK,A,ObV5CS1912,T417F6b453,"Hyderabad - Vijayawada Hwy, Andhra Pradesh 521175, India",331718.125,57.29,IgnitionOn,1,56.733,133.6,4,-113
2bbb9bb0-1a8a-4b4c-9b15-e192910f2103-1,EDC_BS6_PERIODIC,2025-12-06 02:49:16,2025-12-07 14:04:39,16.9271376,80.0825856,12296,8252,FixOK,A,ObV5CS1912,T417F6b453,"Vijayawada - Hyderabad Hwy, Jaggaiahpet, Andhra Pradesh 521175, India",331718.25,56.25,IgnitionOn,1,55.099,134.1,4,-113
2bbb9bb0-1a8a-4b4c-9b15-e192910f2103-2,EDC_BS6_PERIODIC,2025-12-06 02:49:22,2025-12-07 14:04:39,16.9265952,80.0831616,12297,8252,FixOK,A,ObV5CS1912,T417F6b453,"Vijayawada - Hyderabad Hwy, Jaggaiahpet, Andhra Pradesh 521175, India",331718.25,53.61,IgnitionOn,1,54.229,134.69,4,-113
2bbb9bb0-1a8a-4b4c-9b15-e192910f2103-3,EDC_BS6_PERIODIC,2025-12-06 02:49:28,2025-12-07 14:04:39,16.9261056,80.083712,12298,8252,FixOK,A,ObV5CS1912,T417F6b453,"Vijayawada - Hyderabad Hwy, Jaggaiahpet, Andhra Pradesh 521175, India",331718.375,49.67,IgnitionOn,1,53.33,133.89,4,-113
2bbb9bb0-1a8a-4b4c-9b15-e192910f2103-4,EDC_BS6_PERIODIC,2025-12-06 02:49:34,2025-12-07 14:04:39,16.9256144,80.0842368,12299,8252,FixOK,A,ObV5CS1912,T417F6b453,"Vijayawada - Hyderabad Hwy, Jaggaiahpet, Andhra Pradesh 521175, India",331718.5,48.27,IgnitionOn,1,52.159,134.39,4,-113
2bbb9bb0-1a8a-4b4c-9b15-e192910f2103-5,EDC_BS6_PERIODIC,2025-12-06 02:49:40,2025-12-07 14:04:39,16.9251232,80.0847424,12300,8252,FixOK,A,ObV5CS1912,T417F6b453,"W3GM+2W Shermohammedpet, Andhra Pradesh, India",331718.5,48.96,IgnitionOn,1,51.159,136.5,4,-113
2bbb9bb0-1a8a-4b4c-9b15-e192910f2103-6,EDC_BS6_PERIODIC,2025-12-06 02:49:46,2025-12-07 14:04:39,16.92464,80.0852352,12301,8252,FixOK,A,ObV5CS1912,T417F6b453,"W3GM+2W Shermohammedpet, Andhra Pradesh, India",331718.625,46.93,IgnitionOn,1,50.987,135.89,4,-113
2bbb9bb0-1a8a-4b4c-9b15-e192910f2103-7,EDC_BS6_PERIODIC,2025-12-06 02:49:52,2025-12-07 14:04:39,16.9241728,80.085696,12302,8252,FixOK,A,ObV5CS1912,T417F6b453,"Hyderabad - Vijayawada Hwy, Andhra Pradesh 521175, India",331718.625,45.53,IgnitionOn,1,50.33,136.39,4,-113
2bbb9bb0-1a8a-4b4c-9b15-e192910f2103-8,EDC_BS6_PERIODIC,2025-12-06 02:49:58,2025-12-07 14:04:39,16.9237312,80.0861312,12303,8252,FixOK,A,ObV5CS1912,T417F6b453,"Hyderabad - Vijayawada Hwy, Andhra Pradesh 521175, India",331718.75,42.51,IgnitionOn,1,50.409,136.69,4,-113
2bbb9bb0-1a8a-4b4c-9b15-e192910f2103-9,EDC_BS6_PERIODIC,2025-12-06 02:50:04,2025-12-07 14:04:39,16.923312,80.0865536,12304,8252,FixOK,A,ObV5CS1912,T417F6b453,"W3FP+MVQ, Shermohammedpet, Andhra Pradesh 521175, India",331718.875,40.09,IgnitionOn,1,50.549,134.89,4,-113
2bbb9bb0-1a8a-4b4c-9b15-e192910f2103-10,EDC_BS6_PERIODIC,2025-12-06 02:50:10,2025-12-07 14:04:39,16.9228944,80.087008,12305,8252,FixOK,A,ObV5CS1912,T417F6b453,"W3FP+MVQ, Shermohammedpet, Andhra Pradesh 521175, India",331718.875,41.62,IgnitionOn,1,51.119,134.6,4,-113
2bbb9bb0-1a8a-4b4c-9b15-e192910f2103-11,EDC_BS6_PERIODIC,2025-12-06 02:50:16,2025-12-07 14:04:39,16.9224576,80.0875008,12306,8252,FixOK,A,ObV5CS1912,T417F6b453,"Hyderabad - Vijayawada Hwy, Andhra Pradesh 521175, India",331719,44.23,IgnitionOn,1,51.59,133.1,4,-113
2bbb9bb0-1a8a-4b4c-9b15-e192910f2103-12,EDC_BS6_PERIODIC,2025-12-06 02:50:22,2025-12-07 14:04:39,16.9220032,80.088,12307,8252,FixOK,A,ObV5CS1912,T417F6b453,"Hyderabad - Vijayawada Hwy, Andhra Pradesh 521175, India",331719,45.5,IgnitionOn,1,51.181,133.39,4,-113
2bbb9bb0-1a8a-4b4c-9b15-e192910f2103-13,EDC_BS6_PERIODIC,2025-12-06 02:50:28,2025-12-07 14:04:39,16.921536,80.0885248,12308,8252,FixOK,A,ObV5CS1912,T417F6b453,"W3CQ+7M, Shermohammedpet, Andhra Pradesh 521175, India",331719.125,46.86,IgnitionOn,1,50.83,132.89,4,-113
2bbb9bb0-1a8a-4b4c-9b15-e192910f2103-14,EDC_BS6_PERIODIC,2025-12-06 02:50:34,2025-12-07 14:04:39,16.9210416,80.0890752,12309,8252,FixOK,A,ObV5CS1912,T417F6b453,"W3CQ+7M, Shermohammedpet, Andhra Pradesh 521175, India",331719.25,49.37,IgnitionOn,1,50.54,133,4,-113
2bbb9bb0-1a8a-4b4c-9b15-e192910f2103-15,EDC_BS6_PERIODIC,2025-12-06 02:50:40,2025-12-07 14:04:39,16.9205504,80.0896128,12310,8252,FixOK,A,ObV5CS1912,T417F6b453,"Hyderabad - Vijayawada Hwy, Andhra Pradesh 521175, India",331719.25,49.48,IgnitionOn,1,49.779,133.19,4,-113
2bbb9bb0-1a8a-4b4c-9b15-e192910f2103-16,EDC_BS6_PERIODIC,2025-12-06 02:50:46,2025-12-07 14:04:39,16.9200608,80.090144,12311,8252,FixOK,A,ObV5CS1912,T417F6b453,"W3CR+543, Hyderabad - Vijayawada Hwy, Shermohammedpet, Andhra Pradesh 521175, India",331719.375,49.29,IgnitionOn,1,49.419,133.6,4,-113
2bbb9bb0-1a8a-4b4c-9b15-e192910f2103-17,EDC_BS6_PERIODIC,2025-12-06 02:50:52,2025-12-07 14:04:39,16.9195968,80.090656,12312,8252,FixOK,A,ObV5CS1912,T417F6b453,"W3CR+543, Hyderabad - Vijayawada Hwy, Shermohammedpet, Andhra Pradesh 521175, India",331719.5,47.46,IgnitionOn,1,48.779,133.39,4,-113
2bbb9bb0-1a8a-4b4c-9b15-e192910f2103-18,EDC_BS6_PERIODIC,2025-12-06 02:50:58,2025-12-07 14:04:39,16.919144,80.091136,12313,8252,FixOK,A,ObV5CS1912,T417F6b453,"Hyderabad - Vijayawada Hwy, Andhra Pradesh 521175, India",331719.5,43.99,IgnitionOn,1,48.369,134.69,4,-113
2bbb9bb0-1a8a-4b4c-9b15-e192910f2103-19,EDC_BS6_PERIODIC,2025-12-06 02:51:04,2025-12-07 14:04:39,16.918712,80.0915904,12314,8252,FixOK,A,ObV5CS1912,T417F6b453,"Hyderabad - Vijayawada Hwy, Andhra Pradesh 521175, India",331719.625,41.74,IgnitionOn,1,47.709,134.19,4,-113
2bbb9bb0-1a8a-4b4c-9b15-e192910f2103-20,EDC_BS6_PERIODIC,2025-12-06 02:51:10,2025-12-07 14:04:39,16.918264,80.0920448,12315,8252,FixOK,A,ObV5CS1912,T417F6b453,"Hyderabad - Vijayawada Hwy, Shermohammedpet, Andhra Pradesh 521175, India",331719.75,42,IgnitionOn,1,47.939,135.39,4,-113
2bbb9bb0-1a8a-4b4c-9b15-e192910f2103-21,EDC_BS6_PERIODIC,2025-12-06 02:51:16,2025-12-07 14:04:39,16.9178272,80.0924928,12316,8252,FixOK,A,ObV5CS1912,T417F6b453,"Hyderabad - Vijayawada Hwy, Shermohammedpet, Andhra Pradesh 521175, India",331719.75,41.07,IgnitionOn,1,48.299,135.5,4,-113
2bbb9bb0-1a8a-4b4c-9b15-e192910f2103-22,EDC_BS6_PERIODIC,2025-12-06 02:51:22,2025-12-07 14:04:39,16.9174048,80.0929536,12317,8252,FixOK,A,ObV5CS1912,T417F6b453,"Hyderabad - Vijayawada Hwy, Shermohammedpet, Andhra Pradesh 521175, India",331719.875,42.13,IgnitionOn,1,48.75,134.1,4,-113
2bbb9bb0-1a8a-4b4c-9b15-e192910f2103-23,EDC_BS6_PERIODIC,2025-12-06 02:51:28,2025-12-07 14:04:39,16.9169632,80.093408,12318,8252,FixOK,A,ObV5CS1912,T417F6b453,"Hyderabad - Vijayawada Hwy, Shermohammedpet, Andhra Pradesh 521175, India",331719.875,42.14,IgnitionOn,1,48.979,133.89,4,-113
2bbb9bb0-1a8a-4b4c-9b15-e192910f2103-24,EDC_BS6_PERIODIC,2025-12-06 02:51:34,2025-12-07 14:04:39,16.9165664,80.0938816,12319,8252,FixOK,A,ObV5CS1912,T417F6b453,"Hyderabad - Vijayawada Hwy, Andhra Pradesh 521175, India",331720,41.25,IgnitionOn,1,49.431,129.5,4,-113
2bbb9bb0-1a8a-4b4c-9b15-e192910f2103-25,EDC_BS6_PERIODIC,2025-12-06 02:51:40,2025-12-07 14:04:39,16.9162528,80.0943744,12320,8252,FixOK,A,ObV5CS1912,T417F6b453,"Vijayawada - Hyderabad Hwy, Jaggaiahpet, Andhra Pradesh 521175, India",331720,40.18,IgnitionOn,1,50.169,121.8,4,-113
2bbb9bb0-1a8a-4b4c-9b15-e192910f2103-26,EDC_BS6_PERIODIC,2025-12-06 02:51:46,2025-12-07 14:04:39,16.9159968,80.0949184,12321,8252,FixOK,A,ObV5CS1912,T417F6b453,"Hyderabad - Vijayawada Hwy, Jaggaiahpet, Andhra Pradesh 521175, India",331720.125,40.04,IgnitionOn,1,50.169,116.5,4,-113
2bbb9bb0-1a8a-4b4c-9b15-e192910f2103-27,EDC_BS6_PERIODIC,2025-12-06 02:51:52,2025-12-07 14:04:39,16.915752,80.0955392,12322,8252,FixOK,A,ObV5CS1912,T417F6b453,"national highway, Vijayawada - Hyderabad Hwy, Jaggaiahpet, Andhra Pradesh 521175, India",331720.25,42.65,IgnitionOn,1,50.569,114.19,5,-113
2bbb9bb0-1a8a-4b4c-9b15-e192910f2103-28,EDC_BS6_PERIODIC,2025-12-06 02:51:58,2025-12-07 14:04:39,16.9156288,80.0962048,12323,8252,FixOK,A,ObV5CS1912,T417F6b453,"national highway, Vijayawada - Hyderabad Hwy, Jaggaiahpet, Andhra Pradesh 521175, India",331720.25,44.71,IgnitionOn,1,51.209,98.3,4,-113
2bbb9bb0-1a8a-4b4c-9b15-e192910f2103-29,EDC_BS6_PERIODIC,2025-12-06 02:52:04,2025-12-07 14:04:39,16.915584,80.0968832,12324,8252,FixOK,A,ObV5CS1912,T417F6b453,"national highway, Vijayawada - Hyderabad Hwy, Jaggaiahpet, Andhra Pradesh 521175, India",331720.375,44.36,IgnitionOn,1,51.77,96.19,4,-113
2bbb9bb0-1a8a-4b4c-9b15-e192910f2103-30,EDC_BS6_PERIODIC,2025-12-06 02:52:10,2025-12-07 14:04:39,16.915536,80.097536,12325,8252,FixOK,A,ObV5CS1912,T417F6b453,"Hyderabad - Vijayawada Hwy, Jaggaiahpet, Andhra Pradesh 521175, India",331720.375,43.79,IgnitionOn,1,51.739,96.69,4,-113
2bbb9bb0-1a8a-4b4c-9b15-e192910f2103-31,EDC_BS6_PERIODIC,2025-12-06 02:52:16,2025-12-07 14:04:39,16.9154816,80.0981824,12326,8252,FixOK,A,ObV5CS1912,T417F6b453,"Vijayawada - Hyderabad Hwy, Jaggaiahpet, Andhra Pradesh 521175, India",331720.5,43.23,IgnitionOn,1,51.909,96.9,4,-113
2bbb9bb0-1a8a-4b4c-9b15-e192910f2103-32,EDC_BS6_PERIODIC,2025-12-06 02:52:22,2025-12-07 14:04:39,16.915416,80.0988288,12327,8252,FixOK,A,ObV5CS1912,T417F6b453,"Vijayawada - Hyderabad Hwy, Jaggaiahpet, Andhra Pradesh 521175, India",331720.625,42.64,IgnitionOn,1,52.15,98.09,4,-113
2bbb9bb0-1a8a-4b4c-9b15-e192910f2103-33,EDC_BS6_PERIODIC,2025-12-06 02:52:28,2025-12-07 14:04:39,16.9153536,80.099456,12328,8252,FixOK,A,ObV5CS1912,T417F6b453,"Vijayawada - Hyderabad Hwy, Jaggaiahpet, Andhra Pradesh 521175, India",331720.625,41.65,IgnitionOn,1,52.009,97.19,4,-113
2bbb9bb0-1a8a-4b4c-9b15-e192910f2103-34,EDC_BS6_PERIODIC,2025-12-06 02:52:34,2025-12-07 14:04:39,16.9152832,80.100064,12329,8252,FixOK,A,ObV5CS1912,T417F6b453,"Vijayawada - Hyderabad Hwy, Jaggaiahpet, Andhra Pradesh 521175, India",331720.75,40.41,IgnitionOn,1,51.729,97.9,4,-113
2bbb9bb0-1a8a-4b4c-9b15-e192910f2103-35,EDC_BS6_PERIODIC,2025-12-06 02:52:40,2025-12-07 14:04:39,16.9152176,80.1006592,12330,8252,FixOK,A,ObV5CS1912,T417F6b453,"Vijayawada - Hyderabad Hwy, Jaggaiahpet, Andhra Pradesh 521175, India",331720.75,39.31,IgnitionOn,1,51.419,98.09,4,-113
2bbb9bb0-1a8a-4b4c-9b15-e192910f2103-36,EDC_BS6_PERIODIC,2025-12-06 02:52:46,2025-12-07 14:04:39,16.9151648,80.1012352,12331,8252,FixOK,A,ObV5CS1912,T417F6b453,"Vijayawada - Hyderabad Hwy, Jaggaiahpet, Andhra Pradesh 521175, India",331720.875,37.79,IgnitionOn,1,51.309,96.3,4,-113
2bbb9bb0-1a8a-4b4c-9b15-e192910f2103-37,EDC_BS6_PERIODIC,2025-12-06 02:52:52,2025-12-07 14:04:39,16.9150976,80.1018368,12332,8252,FixOK,A,ObV5CS1912,T417F6b453,"W482+3W Jaggaiahpet, Andhra Pradesh, India",331720.875,40.25,IgnitionOn,1,50.419,96.8,4,-113
2bbb9bb0-1a8a-4b4c-9b15-e192910f2103-38,EDC_BS6_PERIODIC,2025-12-06 02:52:58,2025-12-07 14:04:39,16.915032,80.1024512,12333,8252,FixOK,A,ObV5CS1912,T417F6b453,"W482+3W Jaggaiahpet, Andhra Pradesh, India",331721,41.12,IgnitionOn,1,50.209,97.59,4,-113
2bbb9bb0-1a8a-4b4c-9b15-e192910f2103-39,EDC_BS6_PERIODIC,2025-12-06 02:53:04,2025-12-07 14:04:39,16.914968,80.10304,12334,8252,FixOK,A,ObV5CS1912,T417F6b453,"Vijayawada - Hyderabad Hwy, Jaggaiahpet, Andhra Pradesh 521175, India",331721.125,39.86,IgnitionOn,1,50.209,96.8,4,-113
2bbb9bb0-1a8a-4b4c-9b15-e192910f2103-40,EDC_BS6_PERIODIC,2025-12-06 02:53:10,2025-12-07 14:04:39,16.9148928,80.1036416,12335,8252,FixOK,A,ObV5CS1912,T417F6b453,"W474+W34, NH 65, Jaggaiahpet, Andhra Pradesh 521175, India",331721.125,39.09,IgnitionOn,1,50.75,97.4,4,-113
2bbb9bb0-1a8a-4b4c-9b15-e192910f2103-41,EDC_BS6_PERIODIC,2025-12-06 02:53:16,2025-12-07 14:04:39,16.9148192,80.1042304,12336,8252,FixOK,A,ObV5CS1912,T417F6b453,"W474+W34, NH 65, Jaggaiahpet, Andhra Pradesh 521175, India",331721.25,39.68,IgnitionOn,1,51.61,97.8,5,-113
2bbb9bb0-1a8a-4b4c-9b15-e192910f2103-42,EDC_BS6_PERIODIC,2025-12-06 02:53:22,2025-12-07 14:04:39,16.9147392,80.1048192,12337,8252,FixOK,A,ObV5CS1912,T417F6b453,"W474+W34, NH 65, Jaggaiahpet, Andhra Pradesh 521175, India",331721.25,39.98,IgnitionOn,1,52.291,98.09,5,-113
2bbb9bb0-1a8a-4b4c-9b15-e192910f2103-43,EDC_BS6_PERIODIC,2025-12-06 02:53:28,2025-12-07 14:04:39,16.9146416,80.105408,12338,8252,FixOK,A,ObV5CS1912,T417F6b453,"W474+W34, NH 65, Jaggaiahpet, Andhra Pradesh 521175, India",331721.375,40.73,IgnitionOn,1,54.09,100.09,5,-113
2bbb9bb0-1a8a-4b4c-9b15-e192910f2103-44,EDC_BS6_PERIODIC,2025-12-06 02:53:34,2025-12-07 14:04:39,16.914528,80.1060416,12339,8252,FixOK,A,ObV5CS1912,T417F6b453,"Vijayawada - Hyderabad Hwy, Jaggaiahpet, Andhra Pradesh 521175, India",331721.375,41.77,IgnitionOn,1,54.849,100.69,5,-113
2bbb9bb0-1a8a-4b4c-9b15-e192910f2103-45,EDC_BS6_PERIODIC,2025-12-06 02:53:40,2025-12-07 14:04:39,16.9144,80.1066624,12340,8252,FixOK,A,ObV5CS1912,T417F6b453,"6-995/2, Hyderabad Rd, Teachers Colony, Mjcm Colony, Jaggaiahpeta, Andhra Pradesh 521175, India",331721.5,43.11,IgnitionOn,1,56.029,101.9,4,-113
2bbb9bb0-1a8a-4b4c-9b15-e192910f2103-46,EDC_BS6_PERIODIC,2025-12-06 02:53:46,2025-12-07 14:04:39,16.9142528,80.1073152,12341,8252,FixOK,A,ObV5CS1912,T417F6b453,"6-995/2, Hyderabad Rd, Teachers Colony, Mjcm Colony, Jaggaiahpeta, Andhra Pradesh 521175, India",331721.625,43.49,IgnitionOn,1,56.99,102.69,5,-113
2bbb9bb0-1a8a-4b4c-9b15-e192910f2103-47,EDC_BS6_PERIODIC,2025-12-06 02:53:52,2025-12-07 14:04:39,16.9141088,80.1079616,12342,8252,FixOK,A,ObV5CS1912,T417F6b453,"Hyderabad - Vijayawada Hwy, Jaggaiahpet, Andhra Pradesh 521175, India",331721.625,44.24,IgnitionOn,1,57.619,103.09,5,-113
2bbb9bb0-1a8a-4b4c-9b15-e192910f2103-48,EDC_BS6_PERIODIC,2025-12-06 02:53:58,2025-12-07 14:04:39,16.913976,80.1086016,12343,8252,FixOK,A,ObV5CS1912,T417F6b453,"Hyderabad - Vijayawada Hwy, Jaggaiahpet, Andhra Pradesh 521175, India",331721.75,43.62,IgnitionOn,1,57.827,100.5,5,-113
2bbb9bb0-1a8a-4b4c-9b15-e192910f2103-49,EDC_BS6_PERIODIC,2025-12-06 02:54:04,2025-12-07 14:04:39,16.913864,80.1092352,12344,8252,FixOK,A,ObV5CS1912,T417F6b453,"Hyderabad - Vijayawada Hwy, Jaggaiahpet, Andhra Pradesh 521175, India",331721.75,42.54,IgnitionOn,1,58.06,101,5,-113
2bbb9bb0-1a8a-4b4c-9b15-e192910f2103-50,EDC_BS6_PERIODIC,2025-12-06 02:54:10,2025-12-07 14:04:39,16.9137568,80.109824,12345,8252,FixOK,A,ObV5CS1912,T417F6b453,"W476+P5F, Jaggaiahpet, Andhra Pradesh 521175, India",331721.875,40.41,IgnitionOn,1,58.06,100.9,4,-113
239a31c2-f5a4-4f59-930d-2b09f5e79cff-1,EDC_BS6_PERIODIC,2025-12-06 02:54:16,2025-12-07 14:05:00,16.9136816,80.110208,12346,8252,FixOK,A,ObV5CS1912,T417F6b453,"W476+P5F, Jaggaiahpet, Andhra Pradesh 521175, India",331721.875,24.78,IgnitionOn,1,58.029,100.8,4,-113
239a31c2-f5a4-4f59-930d-2b09f5e79cff-2,EDC_BS6_PERIODIC,2025-12-06 02:54:22,2025-12-07 14:05:00,16.913624,80.1105024,12347,8252,FixOK,A,ObV5CS1912,T417F6b453,"SURVEY NO. 239/2, I&II, APIIC AUTONAGAR, beside FOOD PLAZA, Jaggaiahpet, Andhra Pradesh 521175, India",331722,22.86,IgnitionOn,1,58.159,97.5,4,-113
239a31c2-f5a4-4f59-930d-2b09f5e79cff-3,EDC_BS6_PERIODIC,2025-12-06 02:54:28,2025-12-07 14:05:00,16.9135232,80.110848,12348,8252,FixOK,A,ObV5CS1912,T417F6b453,"SURVEY NO. 239/2, I&II, APIIC AUTONAGAR, beside FOOD PLAZA, Jaggaiahpet, Andhra Pradesh 521175, India",331722,23.94,IgnitionOn,1,58.049,106,4,-113
239a31c2-f5a4-4f59-930d-2b09f5e79cff-4,EDC_BS6_PERIODIC,2025-12-06 02:54:34,2025-12-07 14:05:00,16.91344,80.111296,12349,8252,FixOK,A,ObV5CS1912,T417F6b453,"SURVEY NO. 239/2, I&II, APIIC AUTONAGAR, beside FOOD PLAZA, Jaggaiahpet, Andhra Pradesh 521175, India",331722,30.75,IgnitionOn,1,58.019,98.09,5,-113
239a31c2-f5a4-4f59-930d-2b09f5e79cff-5,EDC_BS6_PERIODIC,2025-12-06 02:54:40,2025-12-07 14:05:00,16.91332,80.1118016,12350,8252,FixOK,A,ObV5CS1912,T417F6b453,"Hyderabad - Vijayawada Hwy, Jaggaiahpet, Andhra Pradesh 521175, India",331722.125,33.43,IgnitionOn,1,58.13,104.9,4,-113
239a31c2-f5a4-4f59-930d-2b09f5e79cff-6,EDC_BS6_PERIODIC,2025-12-06 02:54:46,2025-12-07 14:05:00,16.913144,80.11232,12351,8252,FixOK,A,ObV5CS1912,T417F6b453,"Hyderabad - Vijayawada Hwy, Jaggaiahpet, Andhra Pradesh 521175, India",331722.125,36.28,IgnitionOn,1,58.52,106.09,4,-113
239a31c2-f5a4-4f59-930d-2b09f5e79cff-7,EDC_BS6_PERIODIC,2025-12-06 02:54:52,2025-12-07 14:05:00,16.912944,80.1128576,12352,8252,FixOK,A,ObV5CS1912,T417F6b453,"W477+85Q, Jaggaiahpet, Andhra Pradesh 521175, India",331722.25,37.16,IgnitionOn,1,58.139,109.4,4,-113
239a31c2-f5a4-4f59-930d-2b09f5e79cff-8,EDC_BS6_PERIODIC,2025-12-06 02:54:58,2025-12-07 14:05:00,16.9127648,80.11344,12353,8252,FixOK,A,ObV5CS1912,T417F6b453,"W477+85Q, Jaggaiahpet, Andhra Pradesh 521175, India",331722.25,40.89,IgnitionOn,1,58.08,108.69,4,-113
239a31c2-f5a4-4f59-930d-2b09f5e79cff-10,EDC_BS6_PERIODIC,2025-12-06 02:55:04,2025-12-07 14:05:00,16.91256,80.1140736,12354,8252,FixOK,A,ObV5CS1912,T417F6b453,"W477+85Q, Jaggaiahpet, Andhra Pradesh 521175, India",331722.375,43.96,IgnitionOn,1,57.68,109,4,-113
239a31c2-f5a4-4f59-930d-2b09f5e79cff-11,EDC_BS6_PERIODIC,2025-12-06 02:55:10,2025-12-07 14:05:00,16.9123328,80.114688,12355,8252,FixOK,A,ObV5CS1912,T417F6b453,"W467+GP9, NH 65, Jaggaiahpet, Andhra Pradesh 521175, India",331722.5,43.84,IgnitionOn,1,57.287,109.8,4,-113
239a31c2-f5a4-4f59-930d-2b09f5e79cff-12,EDC_BS6_PERIODIC,2025-12-06 02:55:16,2025-12-07 14:05:00,16.912056,80.1152768,12356,8252,FixOK,A,ObV5CS1912,T417F6b453,"W467+GP9, NH 65, Jaggaiahpet, Andhra Pradesh 521175, India",331722.5,43.38,IgnitionOn,1,56.77,115,5,-113
239a31c2-f5a4-4f59-930d-2b09f5e79cff-13,EDC_BS6_PERIODIC,2025-12-06 02:55:22,2025-12-07 14:05:00,16.9117264,80.1158528,12357,8252,FixOK,A,ObV5CS1912,T417F6b453,"Vijayawada - Hyderabad Hwy, Jaggaiahpet, Andhra Pradesh 521175, India",331722.625,42.48,IgnitionOn,1,56.79,118.19,4,-113
239a31c2-f5a4-4f59-930d-2b09f5e79cff-14,EDC_BS6_PERIODIC,2025-12-06 02:55:28,2025-12-07 14:05:00,16.9113776,80.116384,12358,8252,FixOK,A,ObV5CS1912,T417F6b453,"Vijayawada - Hyderabad Hwy, Jaggaiahpet, Andhra Pradesh 521175, India",331722.75,42.7,IgnitionOn,1,56.04,121.69,4,-113
239a31c2-f5a4-4f59-930d-2b09f5e79cff-15,EDC_BS6_PERIODIC,2025-12-06 02:55:34,2025-12-07 14:05:00,16.9110432,80.1169216,12359,8252,FixOK,A,ObV5CS1912,T417F6b453,"W469+24Q, NH 65, Jaggaiahpet, Andhra Pradesh 521178, India",331722.75,41.6,IgnitionOn,1,55.24,121.9,4,-113
239a31c2-f5a4-4f59-930d-2b09f5e79cff-16,EDC_BS6_PERIODIC,2025-12-06 02:55:40,2025-12-07 14:05:00,16.91072,80.1174464,12360,8252,FixOK,A,ObV5CS1912,T417F6b453,"W469+24Q, NH 65, Jaggaiahpet, Andhra Pradesh 521178, India",331722.875,41.3,IgnitionOn,1,55.27,121.8,4,-113
239a31c2-f5a4-4f59-930d-2b09f5e79cff-17,EDC_BS6_PERIODIC,2025-12-06 02:55:46,2025-12-07 14:05:00,16.9103936,80.1179584,12361,8252,FixOK,A,ObV5CS1912,T417F6b453,"W469+24Q, NH 65, Jaggaiahpet, Andhra Pradesh 521178, India",331722.875,40.87,IgnitionOn,1,55.423,122.4,4,-113
239a31c2-f5a4-4f59-930d-2b09f5e79cff-18,EDC_BS6_PERIODIC,2025-12-06 02:55:52,2025-12-07 14:05:00,16.9100768,80.1184768,12362,8252,FixOK,A,ObV5CS1912,T417F6b453,"W469+24Q, NH 65, Jaggaiahpet, Andhra Pradesh 521178, India",331723,39.67,IgnitionOn,1,55.959,121.4,4,-113
239a31c2-f5a4-4f59-930d-2b09f5e79cff-19,EDC_BS6_PERIODIC,2025-12-06 02:55:58,2025-12-07 14:05:00,16.90976,80.1189888,12363,8252,FixOK,A,ObV5CS1912,T417F6b453,"NH65, Shermohammedpet, Andhra Pradesh 521178, India",331723,40.15,IgnitionOn,1,56.119,122,4,-113
239a31c2-f5a4-4f59-930d-2b09f5e79cff-20,EDC_BS6_PERIODIC,2025-12-06 02:56:04,2025-12-07 14:05:00,16.9094496,80.1194944,12364,8252,FixOK,A,ObV5CS1912,T417F6b453,"Vijayawada - Hyderabad Hwy, Jaggayyapet, Andhra Pradesh 521175, India",331723.125,39.12,IgnitionOn,1,56.279,121.8,4,-113
239a31c2-f5a4-4f59-930d-2b09f5e79cff-21,EDC_BS6_PERIODIC,2025-12-06 02:56:10,2025-12-07 14:05:00,16.9091376,80.12,12365,8252,FixOK,A,ObV5CS1912,T417F6b453,"NH65, Shermohammedpet, Andhra Pradesh 521178, India",331723.125,39.1,IgnitionOn,1,56.4,122.8,4,-113
239a31c2-f5a4-4f59-930d-2b09f5e79cff-22,EDC_BS6_PERIODIC,2025-12-06 02:56:16,2025-12-07 14:05:00,16.9088128,80.1205248,12366,8252,FixOK,A,ObV5CS1912,T417F6b453,"NH65, Shermohammedpet, Andhra Pradesh 521178, India",331723.25,42.48,IgnitionOn,1,55.419,121.69,4,-113
239a31c2-f5a4-4f59-930d-2b09f5e79cff-23,EDC_BS6_PERIODIC,2025-12-06 02:56:22,2025-12-07 14:05:00,16.9084832,80.1210368,12367,8252,FixOK,A,ObV5CS1912,T417F6b453,"Hyderabad - Vijayawada Hwy, Shermohammedpet, Andhra Pradesh 521178, India",331723.375,40.66,IgnitionOn,1,54.797,123.5,4,-113
239a31c2-f5a4-4f59-930d-2b09f5e79cff-24,EDC_BS6_PERIODIC,2025-12-06 02:56:28,2025-12-07 14:05:00,16.9080928,80.121504,12368,8252,FixOK,A,ObV5CS1912,T417F6b453,"Hyderabad - Vijayawada Hwy, Shermohammedpet, Andhra Pradesh 521178, India",331723.375,39.88,IgnitionOn,1,53.36,129.69,4,-113
239a31c2-f5a4-4f59-930d-2b09f5e79cff-25,EDC_BS6_PERIODIC,2025-12-06 02:56:34,2025-12-07 14:05:00,16.9077136,80.121952,12369,8252,FixOK,A,ObV5CS1912,T417F6b453,"Hyderabad - Vijayawada Hwy, Shermohammedpet, Andhra Pradesh 521178, India",331723.5,39.66,IgnitionOn,1,52.799,131.6,4,-113
239a31c2-f5a4-4f59-930d-2b09f5e79cff-26,EDC_BS6_PERIODIC,2025-12-06 02:56:40,2025-12-07 14:05:00,16.9072992,80.1223936,12370,8252,FixOK,A,ObV5CS1912,T417F6b453,"NH65, Shermohammedpet, Andhra Pradesh 521178, India",331723.5,39.96,IgnitionOn,1,52.95,134,5,-113
239a31c2-f5a4-4f59-930d-2b09f5e79cff-27,EDC_BS6_PERIODIC,2025-12-06 02:56:46,2025-12-07 14:05:00,16.906872,80.1228288,12371,8252,FixOK,A,ObV5CS1912,T417F6b453,"Vijayawada - Hyderabad Hwy, Shermohammedpet, Andhra Pradesh 521178, India",331723.625,40.98,IgnitionOn,1,53.74,134.69,5,-113
239a31c2-f5a4-4f59-930d-2b09f5e79cff-28,EDC_BS6_PERIODIC,2025-12-06 02:56:52,2025-12-07 14:05:00,16.9064448,80.1232896,12372,8252,FixOK,A,ObV5CS1912,T417F6b453,"NH65, Shermohammedpet, Andhra Pradesh 521178, India",331723.625,41.11,IgnitionOn,1,55.139,133.89,5,-113
239a31c2-f5a4-4f59-930d-2b09f5e79cff-29,EDC_BS6_PERIODIC,2025-12-06 02:56:58,2025-12-07 14:05:00,16.906024,80.1237248,12373,8252,FixOK,A,ObV5CS1912,T417F6b453,"Hyderabad - Vijayawada Hwy, Shermohammedpet, Andhra Pradesh 521178, India",331723.75,40.64,IgnitionOn,1,56.075,134.19,5,-113
239a31c2-f5a4-4f59-930d-2b09f5e79cff-30,EDC_BS6_PERIODIC,2025-12-06 02:57:04,2025-12-07 14:05:00,16.9055904,80.1241664,12374,8252,FixOK,A,ObV5CS1912,T417F6b453,"Hyderabad - Vijayawada Hwy, Shermohammedpet, Andhra Pradesh 521178, India",331723.875,40.34,IgnitionOn,1,57.959,135.19,5,-113
239a31c2-f5a4-4f59-930d-2b09f5e79cff-31,EDC_BS6_PERIODIC,2025-12-06 02:57:10,2025-12-07 14:05:00,16.9051808,80.1246208,12375,8252,FixOK,A,ObV5CS1912,T417F6b453,"Vijayawada - Hyderabad Hwy, Shermohammedpet, Andhra Pradesh 521178, India",331723.875,40.13,IgnitionOn,1,59.09,132.89,5,-113
239a31c2-f5a4-4f59-930d-2b09f5e79cff-32,EDC_BS6_PERIODIC,2025-12-06 02:57:16,2025-12-07 14:05:00,16.9047968,80.1251072,12376,8252,FixOK,A,ObV5CS1912,T417F6b453,"Vijayawada - Hyderabad Hwy, Shermohammedpet, Andhra Pradesh 521178, India",331723.875,40.79,IgnitionOn,1,60.11,130.19,5,-113
239a31c2-f5a4-4f59-930d-2b09f5e79cff-33,EDC_BS6_PERIODIC,2025-12-06 02:57:22,2025-12-07 14:05:00,16.9044096,80.1256,12377,8252,FixOK,A,ObV5CS1912,T417F6b453,"NH65, Shermohammedpet, Andhra Pradesh 521178, India",331724,43.27,IgnitionOn,1,60.47,128.69,5,-113
239a31c2-f5a4-4f59-930d-2b09f5e79cff-34,EDC_BS6_PERIODIC,2025-12-06 02:57:28,2025-12-07 14:05:00,16.9040032,80.126112,12378,8252,FixOK,A,ObV5CS1912,T417F6b453,"NH65, Shermohammedpet, Andhra Pradesh 521178, India",331724.125,44.27,IgnitionOn,1,61.209,128.69,5,-113
239a31c2-f5a4-4f59-930d-2b09f5e79cff-35,EDC_BS6_PERIODIC,2025-12-06 02:57:34,2025-12-07 14:05:00,16.903632,80.1266432,12379,8252,FixOK,A,ObV5CS1912,T417F6b453,"Hyderabad - Vijayawada Hwy, Jaggaiahpet, Andhra Pradesh 521178, India",331724.125,43.69,IgnitionOn,1,61.744,125.9,4,-113
239a31c2-f5a4-4f59-930d-2b09f5e79cff-36,EDC_BS6_PERIODIC,2025-12-06 02:57:40,2025-12-07 14:05:00,16.9033104,80.1271552,12380,8252,FixOK,A,ObV5CS1912,T417F6b453,"Hyderabad - Vijayawada Hwy, Jaggaiahpet, Andhra Pradesh 521178, India",331724.25,40.82,IgnitionOn,1,62.229,123.3,4,-113
239a31c2-f5a4-4f59-930d-2b09f5e79cff-37,EDC_BS6_PERIODIC,2025-12-06 02:57:46,2025-12-07 14:05:00,16.9030432,80.127648,12381,8252,FixOK,A,ObV5CS1912,T417F6b453,"Vijayawada - Hyderabad Hwy, Jaggaiahpet, Andhra Pradesh 521175, India",331724.25,37.71,IgnitionOn,1,62.38,119.59,5,-113
239a31c2-f5a4-4f59-930d-2b09f5e79cff-38,EDC_BS6_PERIODIC,2025-12-06 02:57:52,2025-12-07 14:05:00,16.902808,80.12816,12382,8252,FixOK,A,ObV5CS1912,T417F6b453,"Vijayawada - Hyderabad Hwy, Jaggaiahpet, Andhra Pradesh 521175, India",331724.375,37.79,IgnitionOn,1,62.819,116.3,5,-113
239a31c2-f5a4-4f59-930d-2b09f5e79cff-39,EDC_BS6_PERIODIC,2025-12-06 02:57:58,2025-12-07 14:05:00,16.9026064,80.1286784,12383,8252,FixOK,A,ObV5CS1912,T417F6b453,"Hyderabad - Vijayawada Hwy, Jaggaiahpet, Andhra Pradesh 521178, India",331724.375,38.76,IgnitionOn,1,63.159,111.59,4,-113
239a31c2-f5a4-4f59-930d-2b09f5e79cff-40,EDC_BS6_PERIODIC,2025-12-06 02:58:04,2025-12-07 14:05:00,16.9024096,80.1291776,12384,8252,FixOK,A,ObV5CS1912,T417F6b453,"Hyderabad - Vijayawada Hwy, Jaggaiahpet, Andhra Pradesh 521178, India",331724.5,38.09,IgnitionOn,1,63.169,111.4,4,-113
239a31c2-f5a4-4f59-930d-2b09f5e79cff-41,EDC_BS6_PERIODIC,2025-12-06 02:58:10,2025-12-07 14:05:00,16.902192,80.1297408,12385,8252,FixOK,A,ObV5CS1912,T417F6b453,"Hyderabad - Vijayawada Hwy, Jaggaiahpet, Andhra Pradesh 521178, India",331724.5,40.13,IgnitionOn,1,62.955,112.4,4,-113
239a31c2-f5a4-4f59-930d-2b09f5e79cff-42,EDC_BS6_PERIODIC,2025-12-06 02:58:16,2025-12-07 14:05:00,16.9019968,80.130304,12386,8252,FixOK,A,ObV5CS1912,T417F6b453,"Hyderabad - Vijayawada Hwy, Jaggaiahpet, Andhra Pradesh 521178, India",331724.625,40.38,IgnitionOn,1,62.939,108.3,4,-113
239a31c2-f5a4-4f59-930d-2b09f5e79cff-43,EDC_BS6_PERIODIC,2025-12-06 02:58:22,2025-12-07 14:05:00,16.9017568,80.1308416,12387,8252,FixOK,A,ObV5CS1912,T417F6b453,"Hyderabad - Vijayawada Hwy, Jaggaiahpet, Andhra Pradesh 521175, India",331724.75,39.73,IgnitionOn,1,62.84,112.59,4,-113
239a31c2-f5a4-4f59-930d-2b09f5e79cff-44,EDC_BS6_PERIODIC,2025-12-06 02:58:28,2025-12-07 14:05:00,16.90148,80.1313792,12388,8252,FixOK,A,ObV5CS1912,T417F6b453,"Hyderabad - Vijayawada Hwy, Jaggaiahpet, Andhra Pradesh 521175, India",331724.75,39.12,IgnitionOn,1,63.229,120.8,4,-113
239a31c2-f5a4-4f59-930d-2b09f5e79cff-45,EDC_BS6_PERIODIC,2025-12-06 02:58:34,2025-12-07 14:05:00,16.901128,80.131872,12389,8252,FixOK,A,ObV5CS1912,T417F6b453,"Hyderabad - Vijayawada Hwy, Jaggaiahpet, Andhra Pradesh 521175, India",331724.875,39.06,IgnitionOn,1,63.779,125.3,4,-113
239a31c2-f5a4-4f59-930d-2b09f5e79cff-46,EDC_BS6_PERIODIC,2025-12-06 02:58:40,2025-12-07 14:05:00,16.900792,80.1323392,12390,8252,FixOK,A,ObV5CS1912,T417F6b453,"Hyderabad - Vijayawada Hwy, Jaggaiahpet, Andhra Pradesh 521175, India",331724.875,38.69,IgnitionOn,1,64.309,125.59,4,-113
239a31c2-f5a4-4f59-930d-2b09f5e79cff-47,EDC_BS6_PERIODIC,2025-12-06 02:58:46,2025-12-07 14:05:00,16.9004608,80.132832,12391,8252,FixOK,A,ObV5CS1912,T417F6b453,"W42M+9CR, Andhra Pradesh 521178, India",331725,39.43,IgnitionOn,1,64.725,124.9,4,-113
239a31c2-f5a4-4f59-930d-2b09f5e79cff-48,EDC_BS6_PERIODIC,2025-12-06 02:58:52,2025-12-07 14:05:00,16.900112,80.1333376,12392,8252,FixOK,A,ObV5CS1912,T417F6b453,"W42M+9CR, Andhra Pradesh 521178, India",331725,41.28,IgnitionOn,1,65.339,124.19,4,-113
239a31c2-f5a4-4f59-930d-2b09f5e79cff-49,EDC_BS6_PERIODIC,2025-12-06 02:58:58,2025-12-07 14:05:00,16.8997632,80.1338496,12393,8252,FixOK,A,ObV5CS1912,T417F6b453,"W42M+9CR, Andhra Pradesh 521178, India",331725.125,41.18,IgnitionOn,1,65.41,123.69,4,-113
239a31c2-f5a4-4f59-930d-2b09f5e79cff-50,EDC_BS6_PERIODIC,2025-12-06 02:59:04,2025-12-07 14:05:00,16.8994208,80.1343872,12394,8252,FixOK,A,ObV5CS1912,T417F6b453,"Vijayawada - Hyderabad Hwy, Jaggaiahpet, Andhra Pradesh 521175, India",331725.25,42.61,IgnitionOn,1,65.319,123.19,4,-113
e07d78fc-de6d-4c0c-bd87-a1b8bc20808e-1,EDC_BS6_PERIODIC,2025-12-06 02:59:10,2025-12-07 14:05:19,16.8990624,80.1349248,12395,8252,FixOK,A,ObV5CS1912,T417F6b453,"Hyderabad - Vijayawada Hwy, Jaggaiahpet, Andhra Pradesh 521175, India",331725.25,43.41,IgnitionOn,1,65.169,124.3,4,-113
e07d78fc-de6d-4c0c-bd87-a1b8bc20808e-2,EDC_BS6_PERIODIC,2025-12-06 02:59:16,2025-12-07 14:05:19,16.898688,80.135488,12396,8252,FixOK,A,ObV5CS1912,T417F6b453,"Hyderabad - Vijayawada Hwy, Jaggaiahpet, Andhra Pradesh 521175, India",331725.375,44.51,IgnitionOn,1,65.16,124.09,4,-113
e07d78fc-de6d-4c0c-bd87-a1b8bc20808e-3,EDC_BS6_PERIODIC,2025-12-06 02:59:22,2025-12-07 14:05:19,16.8982912,80.1360768,12397,8252,FixOK,A,ObV5CS1912,T417F6b453,"V4XP+94M, Anumanchipalli, Andhra Pradesh 521175, India",331725.375,47.35,IgnitionOn,1,64.969,125.69,4,-113
e07d78fc-de6d-4c0c-bd87-a1b8bc20808e-4,EDC_BS6_PERIODIC,2025-12-06 02:59:28,2025-12-07 14:05:19,16.8979024,80.1366528,12398,8252,FixOK,A,ObV5CS1912,T417F6b453,"V4WP+JQM, Chillakallu, Andhra Pradesh 521175, India",331725.5,47.14,IgnitionOn,1,65.419,126.3,4,-113
e07d78fc-de6d-4c0c-bd87-a1b8bc20808e-5,EDC_BS6_PERIODIC,2025-12-06 02:59:34,2025-12-07 14:05:19,16.8974592,80.137152,12399,8252,FixOK,A,ObV5CS1912,T417F6b453,"NH65, Chillakallu, Andhra Pradesh 521178, India",331725.625,46.55,IgnitionOn,1,65.099,136.39,5,-113
e07d78fc-de6d-4c0c-bd87-a1b8bc20808e-6,EDC_BS6_PERIODIC,2025-12-06 02:59:40,2025-12-07 14:05:19,16.8969456,80.1375744,12400,8252,FixOK,A,ObV5CS1912,T417F6b453,"V4WP+JQM, Chillakallu, Andhra Pradesh 521175, India",331725.625,45.04,IgnitionOn,1,64.26,142.39,5,-113
e07d78fc-de6d-4c0c-bd87-a1b8bc20808e-7,EDC_BS6_PERIODIC,2025-12-06 02:59:46,2025-12-07 14:05:19,16.8964448,80.1379328,12401,8252,FixOK,A,ObV5CS1912,T417F6b453,"NH65, Chillakallu, Andhra Pradesh 521178, India",331725.75,43.4,IgnitionOn,1,62.779,145.19,5,-113
e07d78fc-de6d-4c0c-bd87-a1b8bc20808e-8,EDC_BS6_PERIODIC,2025-12-06 02:59:52,2025-12-07 14:05:19,16.8959808,80.1382784,12402,8252,FixOK,A,ObV5CS1912,T417F6b453,"NH65, Chillakallu, Andhra Pradesh 521178, India",331725.875,40.3,IgnitionOn,1,62.63,145.6,4,-113
e07d78fc-de6d-4c0c-bd87-a1b8bc20808e-9,EDC_BS6_PERIODIC,2025-12-06 02:59:58,2025-12-07 14:05:19,16.895544,80.1385984,12403,8252,FixOK,A,ObV5CS1912,T417F6b453,"NH65, Chillakallu, Andhra Pradesh 521178, India",331725.875,36.2,IgnitionOn,1,63.097,144.8,4,-113
e07d78fc-de6d-4c0c-bd87-a1b8bc20808e-10,EDC_BS6_PERIODIC,2025-12-06 03:00:04,2025-12-07 14:05:19,16.8951072,80.1389312,12404,8252,FixOK,A,ObV5CS1912,T417F6b453,"V4WQ+2FP, Chillakallu Entry Ramp, Chillakallu, Andhra Pradesh 521178, India",331726,37.36,IgnitionOn,1,64.419,144.39,4,-113
e07d78fc-de6d-4c0c-bd87-a1b8bc20808e-11,EDC_BS6_PERIODIC,2025-12-06 03:00:10,2025-12-07 14:05:19,16.8946528,80.1392704,12405,8252,FixOK,A,ObV5CS1912,T417F6b453,"V4WQ+2FP, Chillakallu Entry Ramp, Chillakallu, Andhra Pradesh 521178, India",331726,40.06,IgnitionOn,1,65.37,144.39,4,-113
e07d78fc-de6d-4c0c-bd87-a1b8bc20808e-12,EDC_BS6_PERIODIC,2025-12-06 03:00:16,2025-12-07 14:05:19,16.8941632,80.1396416,12406,8252,FixOK,A,ObV5CS1912,T417F6b453,"V4VQ+PWX, Chillakallu, Andhra Pradesh 521178, India",331726.125,41.07,IgnitionOn,1,65.98,143.6,4,-113
e07d78fc-de6d-4c0c-bd87-a1b8bc20808e-13,EDC_BS6_PERIODIC,2025-12-06 03:00:22,2025-12-07 14:05:19,16.8936928,80.1400704,12407,8252,FixOK,A,ObV5CS1912,T417F6b453,"V4VQ+PWX, Chillakallu, Andhra Pradesh 521178, India",331726.125,42.28,IgnitionOn,1,66.98,140.8,4,-113
e07d78fc-de6d-4c0c-bd87-a1b8bc20808e-14,EDC_BS6_PERIODIC,2025-12-06 03:00:28,2025-12-07 14:05:19,16.893224,80.140608,12408,8252,FixOK,A,ObV5CS1912,T417F6b453,"V4VR+4JV, NH 65, Chillakallu, Andhra Pradesh 521178, India",331726.25,46.24,IgnitionOn,1,67.79,128.39,4,-113
e07d78fc-de6d-4c0c-bd87-a1b8bc20808e-15,EDC_BS6_PERIODIC,2025-12-06 03:00:34,2025-12-07 14:05:19,16.8928128,80.1412352,12409,8252,FixOK,A,ObV5CS1912,T417F6b453,"V4VR+4JV, NH 65, Chillakallu, Andhra Pradesh 521178, India",331726.375,49.11,IgnitionOn,1,67.549,121,4,-113
e07d78fc-de6d-4c0c-bd87-a1b8bc20808e-16,EDC_BS6_PERIODIC,2025-12-06 03:00:40,2025-12-07 14:05:19,16.892456,80.141952,12410,8252,FixOK,A,ObV5CS1912,T417F6b453,"Vijayawada - Hyderabad Hwy, Jaggaiahpet, Andhra Pradesh 521178, India",331726.375,51.98,IgnitionOn,1,66.599,116.8,4,-113
e07d78fc-de6d-4c0c-bd87-a1b8bc20808e-17,EDC_BS6_PERIODIC,2025-12-06 03:00:46,2025-12-07 14:05:19,16.8920832,80.1427072,12411,8252,FixOK,A,ObV5CS1912,T417F6b453,"NH65, Chillakallu, Andhra Pradesh 521178, India",331726.5,55.28,IgnitionOn,1,66.169,117.8,5,-113
e07d78fc-de6d-4c0c-bd87-a1b8bc20808e-18,EDC_BS6_PERIODIC,2025-12-06 03:00:52,2025-12-07 14:05:19,16.891704,80.1434624,12412,8252,FixOK,A,ObV5CS1912,T417F6b453,"NH65, Chillakallu, Andhra Pradesh 521178, India",331726.625,56.69,IgnitionOn,1,65.569,116.69,5,-113
e07d78fc-de6d-4c0c-bd87-a1b8bc20808e-19,EDC_BS6_PERIODIC,2025-12-06 03:00:58,2025-12-07 14:05:19,16.891304,80.1441984,12413,8252,FixOK,A,ObV5CS1912,T417F6b453,"Vijayawada - Hyderabad Hwy, Jaggaiahpet, Andhra Pradesh 521178, India",331726.75,55.5,IgnitionOn,1,64.76,121.59,4,-113
e07d78fc-de6d-4c0c-bd87-a1b8bc20808e-20,EDC_BS6_PERIODIC,2025-12-06 03:01:04,2025-12-07 14:05:19,16.89088,80.1448704,12414,8252,FixOK,A,ObV5CS1912,T417F6b453,"V4RW+75 Torraguntapalem, Andhra Pradesh, India",331726.75,53.25,IgnitionOn,1,64.279,122.4,4,-113
e07d78fc-de6d-4c0c-bd87-a1b8bc20808e-21,EDC_BS6_PERIODIC,2025-12-06 03:01:10,2025-12-07 14:05:19,16.8904672,80.1455104,12415,8252,FixOK,A,ObV5CS1912,T417F6b453,"Hyderabad - Vijayawada Hwy, Chillakallu, Andhra Pradesh 521178, India",331726.875,50.19,IgnitionOn,1,63.793,123.59,4,-113
e07d78fc-de6d-4c0c-bd87-a1b8bc20808e-22,EDC_BS6_PERIODIC,2025-12-06 03:01:16,2025-12-07 14:05:19,16.8900832,80.1461184,12416,8252,FixOK,A,ObV5CS1912,T417F6b453,"Hyderabad - Vijayawada Hwy, Chillakallu, Andhra Pradesh 521178, India",331727,47.61,IgnitionOn,1,63.79,123.9,4,-113
e07d78fc-de6d-4c0c-bd87-a1b8bc20808e-23,EDC_BS6_PERIODIC,2025-12-06 03:01:22,2025-12-07 14:05:19,16.8897456,80.1467392,12417,8252,FixOK,A,ObV5CS1912,T417F6b453,"NH65, Chillakallu, Andhra Pradesh 521178, India",331727.125,46.75,IgnitionOn,1,63.88,120,5,-113
e07d78fc-de6d-4c0c-bd87-a1b8bc20808e-24,EDC_BS6_PERIODIC,2025-12-06 03:01:28,2025-12-07 14:05:19,16.8894528,80.1473664,12418,8252,FixOK,A,ObV5CS1912,T417F6b453,"Vijayawada - Hyderabad Hwy, Jaggaiahpet, Andhra Pradesh 521178, India",331727.125,45.1,IgnitionOn,1,63.86,113.59,4,-113
e07d78fc-de6d-4c0c-bd87-a1b8bc20808e-25,EDC_BS6_PERIODIC,2025-12-06 03:01:34,2025-12-07 14:05:19,16.889216,80.1479808,12419,8252,FixOK,A,ObV5CS1912,T417F6b453,"V4QX+96W, Andhra Pradesh 521178, India",331727.25,43.62,IgnitionOn,1,64.19,111.59,4,-113
e07d78fc-de6d-4c0c-bd87-a1b8bc20808e-26,EDC_BS6_PERIODIC,2025-12-06 03:01:40,2025-12-07 14:05:19,16.8890048,80.1485696,12420,8252,FixOK,A,ObV5CS1912,T417F6b453,"V4QX+QHV, Torraguntapalem, Andhra Pradesh 521178, India",331727.25,41.1,IgnitionOn,1,64.37,111.59,4,-113
e07d78fc-de6d-4c0c-bd87-a1b8bc20808e-27,EDC_BS6_PERIODIC,2025-12-06 03:01:46,2025-12-07 14:05:19,16.8887968,80.1490944,12421,8252,FixOK,A,ObV5CS1912,T417F6b453,"V4QX+QHV, Torraguntapalem, Andhra Pradesh 521178, India",331727.375,37.61,IgnitionOn,1,64.473,113,4,-113
e07d78fc-de6d-4c0c-bd87-a1b8bc20808e-28,EDC_BS6_PERIODIC,2025-12-06 03:01:52,2025-12-07 14:05:19,16.8886064,80.1496384,12422,8252,FixOK,A,ObV5CS1912,T417F6b453,"V4QX+QHV, Torraguntapalem, Andhra Pradesh 521178, India",331727.375,39.41,IgnitionOn,1,64.54,110,4,-113
e07d78fc-de6d-4c0c-bd87-a1b8bc20808e-29,EDC_BS6_PERIODIC,2025-12-06 03:01:58,2025-12-07 14:05:19,16.888416,80.1501568,12423,8252,FixOK,A,ObV5CS1912,T417F6b453,"Vijayawada - Hyderabad Hwy, Jaggaiahpet, Andhra Pradesh 521178, India",331727.5,39.89,IgnitionOn,1,64.01,111.59,4,-113
e07d78fc-de6d-4c0c-bd87-a1b8bc20808e-30,EDC_BS6_PERIODIC,2025-12-06 03:02:04,2025-12-07 14:05:19,16.888224,80.1506944,12424,8252,FixOK,A,ObV5CS1912,T417F6b453,"Hyderabad - Vijayawada Hwy, Jaggaiahpet, Andhra Pradesh 521178, India",331727.5,38.85,IgnitionOn,1,63.709,112.59,4,-113
e07d78fc-de6d-4c0c-bd87-a1b8bc20808e-31,EDC_BS6_PERIODIC,2025-12-06 03:02:10,2025-12-07 14:05:19,16.888016,80.151232,12425,8252,FixOK,A,ObV5CS1912,T417F6b453,"Hyderabad - Vijayawada Hwy, Jaggaiahpet, Andhra Pradesh 521178, India",331727.625,38.14,IgnitionOn,1,63.4,112,4,-113
e07d78fc-de6d-4c0c-bd87-a1b8bc20808e-32,EDC_BS6_PERIODIC,2025-12-06 03:02:16,2025-12-07 14:05:19,16.8878208,80.1517824,12426,8252,FixOK,A,ObV5CS1912,T417F6b453,"V5P2+XJ2, Vijayawada - Hyderabad Hwy, Jaggaiahpet, Andhra Pradesh 521178, India",331727.75,38.43,IgnitionOn,1,63.5,112,4,-113
e07d78fc-de6d-4c0c-bd87-a1b8bc20808e-33,EDC_BS6_PERIODIC,2025-12-06 03:02:22,2025-12-07 14:05:19,16.8876304,80.1523136,12427,8252,FixOK,A,ObV5CS1912,T417F6b453,"V5P2+XJ2, Vijayawada - Hyderabad Hwy, Jaggaiahpet, Andhra Pradesh 521178, India",331727.75,40.54,IgnitionOn,1,63.567,112.09,4,-113
da22f10d-a311-438a-985c-173ef907334e-1,EDC_BS6_PERIODIC,2025-12-06 03:02:28,2025-12-07 14:05:40,16.8874304,80.1528896,12428,8252,FixOK,A,ObV5CS1912,T417F6b453,"NH65, Torraguntapalem, Andhra Pradesh 521457, India",331727.875,43.56,IgnitionOn,1,63,112.3,4,-113
da22f10d-a311-438a-985c-173ef907334e-2,EDC_BS6_PERIODIC,2025-12-06 03:02:34,2025-12-07 14:05:40,16.8872288,80.153472,12429,8252,FixOK,A,ObV5CS1912,T417F6b453,"NH65, Torraguntapalem, Andhra Pradesh 521457, India",331727.875,41.19,IgnitionOn,1,61.97,110.5,4,-113
da22f10d-a311-438a-985c-173ef907334e-3,EDC_BS6_PERIODIC,2025-12-06 03:02:40,2025-12-07 14:05:40,16.8870496,80.154016,12430,8252,FixOK,A,ObV5CS1912,T417F6b453,"V5P3+MR5, Chillakallu, Andhra Pradesh 521178, India",331728,38.96,IgnitionOn,1,61.459,109.5,4,-113
da22f10d-a311-438a-985c-173ef907334e-4,EDC_BS6_PERIODIC,2025-12-06 03:02:46,2025-12-07 14:05:40,16.8868672,80.154496,12431,8252,FixOK,A,ObV5CS1912,T417F6b453,"V5P3+MR5, Chillakallu, Andhra Pradesh 521178, India",331728,37.02,IgnitionOn,1,61.18,113.5,4,-113
da22f10d-a311-438a-985c-173ef907334e-5,EDC_BS6_PERIODIC,2025-12-06 03:02:52,2025-12-07 14:05:40,16.88668,80.1549952,12432,8252,FixOK,A,ObV5CS1912,T417F6b453,"V5P3+MR5, Chillakallu, Andhra Pradesh 521178, India",331728.125,37.43,IgnitionOn,1,60.27,112.19,4,-113
da22f10d-a311-438a-985c-173ef907334e-6,EDC_BS6_PERIODIC,2025-12-06 03:02:58,2025-12-07 14:05:40,16.8864864,80.1555136,12433,8252,FixOK,A,ObV5CS1912,T417F6b453,"V5P4+C29, Andhra Pradesh 521457, India",331728.125,39.12,IgnitionOn,1,59.767,112.3,4,-113
da22f10d-a311-438a-985c-173ef907334e-7,EDC_BS6_PERIODIC,2025-12-06 03:03:04,2025-12-07 14:05:40,16.886288,80.1561472,12434,8252,FixOK,A,ObV5CS1912,T417F6b453,"V5P4+C29, Andhra Pradesh 521457, India",331728.25,40.71,IgnitionOn,1,58.75,106.9,4,-113
da22f10d-a311-438a-985c-173ef907334e-8,EDC_BS6_PERIODIC,2025-12-06 03:03:10,2025-12-07 14:05:40,16.8860976,80.1568256,12435,8252,FixOK,A,ObV5CS1912,T417F6b453,"NH65, Torraguntapalem, Andhra Pradesh 521457, India",331728.375,42.78,IgnitionOn,1,58.459,108.59,4,-113
da22f10d-a311-438a-985c-173ef907334e-9,EDC_BS6_PERIODIC,2025-12-06 03:03:16,2025-12-07 14:05:40,16.8859392,80.1575104,12436,8252,FixOK,A,ObV5CS1912,T417F6b453,"NH65, Torraguntapalem, Andhra Pradesh 521457, India",331728.375,44.17,IgnitionOn,1,58.009,106,4,-113
da22f10d-a311-438a-985c-173ef907334e-10,EDC_BS6_PERIODIC,2025-12-06 03:03:22,2025-12-07 14:05:40,16.8857792,80.1581184,12437,8252,FixOK,A,ObV5CS1912,T417F6b453,"NH65, Torraguntapalem, Andhra Pradesh 521457, India",331728.5,41.55,IgnitionOn,1,56.869,107.5,4,-113
da22f10d-a311-438a-985c-173ef907334e-11,EDC_BS6_PERIODIC,2025-12-06 03:03:28,2025-12-07 14:05:40,16.885632,80.1586624,12438,8252,FixOK,A,ObV5CS1912,T417F6b453,"Vijayawada - Hyderabad Hwy, Andhra Pradesh 521457, India",331728.5,37.83,IgnitionOn,1,55.47,107.8,4,-113
da22f10d-a311-438a-985c-173ef907334e-12,EDC_BS6_PERIODIC,2025-12-06 03:03:34,2025-12-07 14:05:40,16.88548,80.1591744,12439,8252,FixOK,A,ObV5CS1912,T417F6b453,"Vijayawada - Hyderabad Hwy, Andhra Pradesh 521457, India",331728.625,35.64,IgnitionOn,1,54.421,107.5,4,-113
da22f10d-a311-438a-985c-173ef907334e-13,EDC_BS6_PERIODIC,2025-12-06 03:03:40,2025-12-07 14:05:40,16.885352,80.1596416,12440,8252,FixOK,A,ObV5CS1912,T417F6b453,"V5P6+35 Torraguntapalem, Andhra Pradesh, India",331728.625,31.61,IgnitionOn,1,51.759,106.19,4,-113
da22f10d-a311-438a-985c-173ef907334e-14,EDC_BS6_PERIODIC,2025-12-06 03:03:46,2025-12-07 14:05:40,16.885272,80.160064,12441,8252,FixOK,A,ObV5CS1912,T417F6b453,"V5P6+35 Torraguntapalem, Andhra Pradesh, India",331728.75,26.89,IgnitionOn,1,50.779,104,4,-113
da22f10d-a311-438a-985c-173ef907334e-15,EDC_BS6_PERIODIC,2025-12-06 03:03:52,2025-12-07 14:05:40,16.88524,80.160384,12442,8252,FixOK,A,ObV5CS1912,T417F6b453,"V5P6+35 Torraguntapalem, Andhra Pradesh, India",331728.75,17.3,IgnitionOn,1,53.36,95.3,4,-113
da22f10d-a311-438a-985c-173ef907334e-16,EDC_BS6_PERIODIC,2025-12-06 03:03:58,2025-12-07 14:05:40,16.8851984,80.1605184,12443,8252,FixOK,A,ObV5CS1912,T417F6b453,"V5M6+X8 Torraguntapalem, Andhra Pradesh, India",331728.75,9.39,IgnitionOn,1,53.06,122.4,4,-113
da22f10d-a311-438a-985c-173ef907334e-17,EDC_BS6_PERIODIC,2025-12-06 03:04:04,2025-12-07 14:05:40,16.885144,80.1605824,12444,8252,FixOK,A,ObV5CS1912,T417F6b453,"V5M6+X8 Torraguntapalem, Andhra Pradesh, India",331728.75,5.17,IgnitionOn,1,52.38,119.8,4,-113
da22f10d-a311-438a-985c-173ef907334e-18,EDC_BS6_PERIODIC,2025-12-06 03:04:10,2025-12-07 14:05:40,16.8851424,80.1606528,12445,8252,FixOK,A,ObV5CS1912,T417F6b453,"V5M6+X8 Torraguntapalem, Andhra Pradesh, India",331728.75,5.07,IgnitionOn,1,51.963,89.9,4,-113
da22f10d-a311-438a-985c-173ef907334e-19,EDC_BS6_PERIODIC,2025-12-06 03:04:16,2025-12-07 14:05:40,16.8851744,80.160704,12446,8252,FixOK,A,ObV5CS1912,T417F6b453,"V5M6+X8 Torraguntapalem, Andhra Pradesh, India",331728.75,1.72,IgnitionOn,1,51.869,62.7,4,-113
da22f10d-a311-438a-985c-173ef907334e-20,EDC_BS6_PERIODIC,2025-12-06 03:04:22,2025-12-07 14:05:40,16.8852352,80.160736,12447,8252,FixOK,A,ObV5CS1912,T417F6b453,"V5M6+X8 Torraguntapalem, Andhra Pradesh, India",331728.75,0,IgnitionOn,1,51.409,29.2,3,-113
da22f10d-a311-438a-985c-173ef907334e-21,EDC_BS6_PERIODIC,2025-12-06 03:04:28,2025-12-07 14:05:40,16.8852352,80.160736,12448,8252,FixOK,A,ObV5CS1912,T417F6b453,"V5M6+X8 Torraguntapalem, Andhra Pradesh, India",331728.75,5.16,IgnitionOn,1,51.409,29.2,3,-113
da22f10d-a311-438a-985c-173ef907334e-22,EDC_BS6_PERIODIC,2025-12-06 03:04:34,2025-12-07 14:05:40,16.8852352,80.160736,12449,8252,FixOK,A,ObV5CS1912,T417F6b453,"V5M6+X8 Torraguntapalem, Andhra Pradesh, India",331728.875,6.86,IgnitionOn,1,51.409,29.2,3,-113
da22f10d-a311-438a-985c-173ef907334e-23,EDC_BS6_PERIODIC,2025-12-06 03:04:40,2025-12-07 14:05:40,16.8852352,80.160736,12450,8252,FixOK,A,ObV5CS1912,T417F6b453,"V5M6+X8 Torraguntapalem, Andhra Pradesh, India",331728.875,15.46,IgnitionOn,1,51.409,136.6,3,-113
da22f10d-a311-438a-985c-173ef907334e-24,EDC_BS6_PERIODIC,2025-12-06 03:04:46,2025-12-07 14:05:40,16.8847712,80.1613184,12451,8252,FixOK,A,ObV5CS1912,T417F6b453,"V5M6+X8 Torraguntapalem, Andhra Pradesh, India",331728.875,20.11,IgnitionOn,1,59.049,126.3,5,-113
da22f10d-a311-438a-985c-173ef907334e-25,EDC_BS6_PERIODIC,2025-12-06 03:04:52,2025-12-07 14:05:40,16.8845472,80.1616704,12452,8252,FixOK,A,ObV5CS1912,T417F6b453,"Near toll plaza, NH65, Andhra Pradesh 521457, India",331728.875,26.32,IgnitionOn,1,59.885,120.69,4,-113
da22f10d-a311-438a-985c-173ef907334e-26,EDC_BS6_PERIODIC,2025-12-06 03:04:58,2025-12-07 14:05:40,16.8843008,80.162048,12453,8252,FixOK,A,ObV5CS1912,T417F6b453,"Near toll plaza, V5M6+VR4, NH 65, Andhra Pradesh 521457, India",331729,28.82,IgnitionOn,1,60.52,121.5,4,-113
da22f10d-a311-438a-985c-173ef907334e-28,EDC_BS6_PERIODIC,2025-12-06 03:05:04,2025-12-07 14:05:40,16.8840096,80.162464,12454,8252,FixOK,A,ObV5CS1912,T417F6b453,"Near toll plaza, V5M6+VR4, NH 65, Andhra Pradesh 521457, India",331729,32.29,IgnitionOn,1,61.22,123.3,4,-113
da22f10d-a311-438a-985c-173ef907334e-29,EDC_BS6_PERIODIC,2025-12-06 03:05:10,2025-12-07 14:05:40,16.883704,80.1629184,12455,8252,FixOK,A,ObV5CS1912,T417F6b453,"Near toll plaza, V5M6+VR4, NH 65, Andhra Pradesh 521457, India",331729.125,34.29,IgnitionOn,1,63.139,121.9,4,-113
da22f10d-a311-438a-985c-173ef907334e-30,EDC_BS6_PERIODIC,2025-12-06 03:05:16,2025-12-07 14:05:40,16.8833824,80.1633984,12456,8252,FixOK,A,ObV5CS1912,T417F6b453,"Hyderabad - Vijayawada Hwy, Andhra Pradesh 521457, India",331729.125,37.26,IgnitionOn,1,63.38,123.19,4,-113
da22f10d-a311-438a-985c-173ef907334e-31,EDC_BS6_PERIODIC,2025-12-06 03:05:22,2025-12-07 14:05:40,16.8830368,80.1638976,12457,8252,FixOK,A,ObV5CS1912,T417F6b453,"Vijayawada - Hyderabad Hwy, Andhra Pradesh 521457, India",331729.25,39.88,IgnitionOn,1,63.619,125.8,4,-113
da22f10d-a311-438a-985c-173ef907334e-32,EDC_BS6_PERIODIC,2025-12-06 03:05:28,2025-12-07 14:05:40,16.882704,80.1644032,12458,8252,FixOK,A,ObV5CS1912,T417F6b453,"Vijayawada - Hyderabad Hwy, Andhra Pradesh 521457, India",331729.25,41.42,IgnitionOn,1,64.339,122.9,4,-113
da22f10d-a311-438a-985c-173ef907334e-33,EDC_BS6_PERIODIC,2025-12-06 03:05:34,2025-12-07 14:05:40,16.8824192,80.1648064,12459,8252,FixOK,A,ObV5CS1912,T417F6b453,"V5M7+6PW, Torraguntapalem, Andhra Pradesh, India",331729.375,33.51,IgnitionOn,1,65.72,124.9,4,-113
da22f10d-a311-438a-985c-173ef907334e-34,EDC_BS6_PERIODIC,2025-12-06 03:05:40,2025-12-07 14:05:40,16.8821408,80.1651968,12460,8252,FixOK,A,ObV5CS1912,T417F6b453,"V5M7+6PW, Torraguntapalem, Andhra Pradesh, India",331729.375,33.38,IgnitionOn,1,65.4,126.09,4,-113
da22f10d-a311-438a-985c-173ef907334e-35,EDC_BS6_PERIODIC,2025-12-06 03:05:46,2025-12-07 14:05:40,16.8818624,80.1656,12461,8252,FixOK,A,ObV5CS1912,T417F6b453,"Hyderabad - Vijayawada Hwy, Andhra Pradesh 521457, India",331729.5,34.14,IgnitionOn,1,64,130.5,4,-113
da22f10d-a311-438a-985c-173ef907334e-36,EDC_BS6_PERIODIC,2025-12-06 03:05:52,2025-12-07 14:05:40,16.881584,80.1660288,12462,8252,FixOK,A,ObV5CS1912,T417F6b453,"Hyderabad - Vijayawada Hwy, Andhra Pradesh 521457, India",331729.5,35.29,IgnitionOn,1,62.729,124.09,4,-113
da22f10d-a311-438a-985c-173ef907334e-37,EDC_BS6_PERIODIC,2025-12-06 03:05:58,2025-12-07 14:05:40,16.8812864,80.1664768,12463,8252,FixOK,A,ObV5CS1912,T417F6b453,"Hyderabad - Vijayawada Hwy, Andhra Pradesh 521457, India",331729.625,36.78,IgnitionOn,1,61.439,124,4,-113
da22f10d-a311-438a-985c-173ef907334e-38,EDC_BS6_PERIODIC,2025-12-06 03:06:04,2025-12-07 14:05:40,16.880944,80.1669248,12464,8252,FixOK,A,ObV5CS1912,T417F6b453,"NH 65, Andhra Pradesh 521178, India",331729.625,38.8,IgnitionOn,1,60.843,130.5,4,-113
da22f10d-a311-438a-985c-173ef907334e-39,EDC_BS6_PERIODIC,2025-12-06 03:06:10,2025-12-07 14:05:40,16.8805408,80.1673728,12465,8252,FixOK,A,ObV5CS1912,T417F6b453,"NH 65, Andhra Pradesh 521178, India",331729.75,41.3,IgnitionOn,1,59.619,135.3,4,-113
da22f10d-a311-438a-985c-173ef907334e-40,EDC_BS6_PERIODIC,2025-12-06 03:06:16,2025-12-07 14:05:40,16.8800192,80.1678464,12466,8252,FixOK,A,ObV5CS1912,T417F6b453,"283, NH 65, Andhra Pradesh 521178, India",331729.75,44.69,IgnitionOn,1,60.06,140.8,4,-113
da22f10d-a311-438a-985c-173ef907334e-41,EDC_BS6_PERIODIC,2025-12-06 03:06:22,2025-12-07 14:05:40,16.879424,80.1682816,12467,8252,FixOK,A,ObV5CS1912,T417F6b453,"283, NH65, Bhimavaram, Andhra Pradesh 521178, India",331729.875,49.38,IgnitionOn,1,62.259,145.3,4,-113
da22f10d-a311-438a-985c-173ef907334e-42,EDC_BS6_PERIODIC,2025-12-06 03:06:28,2025-12-07 14:05:40,16.8787968,80.1686912,12468,8252,FixOK,A,ObV5CS1912,T417F6b453,"283, NH 65, Andhra Pradesh 521178, India",331730,48.34,IgnitionOn,1,65.12,147.1,4,-113
da22f10d-a311-438a-985c-173ef907334e-43,EDC_BS6_PERIODIC,2025-12-06 03:06:34,2025-12-07 14:05:40,16.8781632,80.169088,12469,8252,FixOK,A,ObV5CS1912,T417F6b453,"283, NH 65, Andhra Pradesh 521178, India",331730,48.43,IgnitionOn,1,66.54,147.89,4,-113
da22f10d-a311-438a-985c-173ef907334e-44,EDC_BS6_PERIODIC,2025-12-06 03:06:40,2025-12-07 14:05:40,16.87756,80.1694784,12470,8252,FixOK,A,ObV5CS1912,T417F6b453,"283, NH 65, Andhra Pradesh 521178, India",331730.125,48.99,IgnitionOn,1,66.506,147.6,4,-113
da22f10d-a311-438a-985c-173ef907334e-45,EDC_BS6_PERIODIC,2025-12-06 03:06:46,2025-12-07 14:05:40,16.876968,80.1698816,12471,8252,FixOK,A,ObV5CS1912,T417F6b453,"V5G9+RW Torraguntapalem, Andhra Pradesh, India",331730.25,48.32,IgnitionOn,1,66.98,146.6,4,-113
da22f10d-a311-438a-985c-173ef907334e-46,EDC_BS6_PERIODIC,2025-12-06 03:06:52,2025-12-07 14:05:40,16.876376,80.170272,12472,8252,FixOK,A,ObV5CS1912,T417F6b453,"Hyderabad - Vijayawada Hwy, Bhimavaram, Andhra Pradesh 521178, India",331730.25,48.33,IgnitionOn,1,67.29,147.3,4,-113
da22f10d-a311-438a-985c-173ef907334e-47,EDC_BS6_PERIODIC,2025-12-06 03:06:58,2025-12-07 14:05:40,16.8757792,80.1706752,12473,8252,FixOK,A,ObV5CS1912,T417F6b453,"NH65, Bhimavaram, Andhra Pradesh 521178, India",331730.375,47.85,IgnitionOn,1,67.739,147.39,4,-113
da22f10d-a311-438a-985c-173ef907334e-48,EDC_BS6_PERIODIC,2025-12-06 03:07:04,2025-12-07 14:05:40,16.8752,80.1710656,12474,8252,FixOK,A,ObV5CS1912,T417F6b453,"Hyderabad - Vijayawada Hwy, Bhimavaram, Andhra Pradesh 521178, India",331730.5,48.07,IgnitionOn,1,68.239,145.6,4,-113
da22f10d-a311-438a-985c-173ef907334e-49,EDC_BS6_PERIODIC,2025-12-06 03:07:10,2025-12-07 14:05:40,16.8746688,80.171488,12475,8252,FixOK,A,ObV5CS1912,T417F6b453,"Hyderabad - Vijayawada Hwy, Bhimavaram, Andhra Pradesh 521178, India",331730.5,46.29,IgnitionOn,1,70.139,139.8,4,-113
da22f10d-a311-438a-985c-173ef907334e-50,EDC_BS6_PERIODIC,2025-12-06 03:07:16,2025-12-07 14:05:40,16.874208,80.172,12476,8252,FixOK,A,ObV5CS1912,T417F6b453,"V5FF+X4C, Andhra Pradesh 521178, India",331730.625,45.58,IgnitionOn,1,71.145,132.39,4,-113
579f3b8a-12c0-4bd5-86d4-447b94773356-1,EDC_BS6_PERIODIC,2025-12-06 03:07:22,2025-12-07 14:06:01,16.8738208,80.172544,12477,8252,FixOK,A,ObV5CS1912,T417F6b453,"V5FF+X4C, Andhra Pradesh 521178, India",331730.75,44.55,IgnitionOn,1,73.199,126.8,4,-113
579f3b8a-12c0-4bd5-86d4-447b94773356-2,EDC_BS6_PERIODIC,2025-12-06 03:07:28,2025-12-07 14:06:01,16.873464,80.173088,12478,8252,FixOK,A,ObV5CS1912,T417F6b453,"NH65, Bhimavaram, Andhra Pradesh 521178, India",331730.75,43.69,IgnitionOn,1,74.23,123.69,4,-113
579f3b8a-12c0-4bd5-86d4-447b94773356-3,EDC_BS6_PERIODIC,2025-12-06 03:07:34,2025-12-07 14:06:01,16.873112,80.173632,12479,8252,FixOK,A,ObV5CS1912,T417F6b453,"Hyderabad - Vijayawada Hwy, Bhimavaram, Andhra Pradesh 521178, India",331730.875,43.03,IgnitionOn,1,74.91,123.9,4,-113
579f3b8a-12c0-4bd5-86d4-447b94773356-4,EDC_BS6_PERIODIC,2025-12-06 03:07:40,2025-12-07 14:06:01,16.87276,80.1741696,12480,8252,FixOK,A,ObV5CS1912,T417F6b453,"Hyderabad - Vijayawada Hwy, Bhimavaram, Andhra Pradesh 521178, India",331731,42.22,IgnitionOn,1,75.529,123.5,4,-113
579f3b8a-12c0-4bd5-86d4-447b94773356-5,EDC_BS6_PERIODIC,2025-12-06 03:07:46,2025-12-07 14:06:01,16.8724224,80.174688,12481,8252,FixOK,A,ObV5CS1912,T417F6b453,"Hyderabad - Vijayawada Hwy, Bhimavaram, Andhra Pradesh 521178, India",331731,41.23,IgnitionOn,1,76.839,124.3,4,-113
579f3b8a-12c0-4bd5-86d4-447b94773356-6,EDC_BS6_PERIODIC,2025-12-06 03:07:52,2025-12-07 14:06:01,16.8720928,80.1752,12482,8252,FixOK,A,ObV5CS1912,T417F6b453,"Hyderabad - Vijayawada Hwy, Bhimavaram, Andhra Pradesh 521178, India",331731.125,40.93,IgnitionOn,1,77.395,123.4,4,-113
579f3b8a-12c0-4bd5-86d4-447b94773356-7,EDC_BS6_PERIODIC,2025-12-06 03:07:58,2025-12-07 14:06:01,16.8717632,80.175712,12483,8252,FixOK,A,ObV5CS1912,T417F6b453,"Hyderabad - Vijayawada Hwy, Bhimavaram, Andhra Pradesh 521178, India",331731.125,40.61,IgnitionOn,1,78.33,123.5,4,-113
579f3b8a-12c0-4bd5-86d4-447b94773356-8,EDC_BS6_PERIODIC,2025-12-06 03:08:04,2025-12-07 14:06:01,16.8714432,80.1762048,12484,8252,FixOK,A,ObV5CS1912,T417F6b453,"NH65, Bhimavaram, Andhra Pradesh 521178, India",331731.25,39.7,IgnitionOn,1,79.16,123.3,4,-113
579f3b8a-12c0-4bd5-86d4-447b94773356-9,EDC_BS6_PERIODIC,2025-12-06 03:08:10,2025-12-07 14:06:01,16.8711232,80.1766912,12485,8252,FixOK,A,ObV5CS1912,T417F6b453,"Hyderabad - Vijayawada Hwy, Bhimavaram, Andhra Pradesh 521178, India",331731.25,39.05,IgnitionOn,1,80.069,123.59,4,-113
579f3b8a-12c0-4bd5-86d4-447b94773356-10,EDC_BS6_PERIODIC,2025-12-06 03:08:16,2025-12-07 14:06:01,16.870832,80.1771648,12486,8252,FixOK,A,ObV5CS1912,T417F6b453,"Hyderabad - Vijayawada Hwy, Bhimavaram, Andhra Pradesh 521178, India",331731.375,37.52,IgnitionOn,1,80.569,122.3,4,-113
579f3b8a-12c0-4bd5-86d4-447b94773356-11,EDC_BS6_PERIODIC,2025-12-06 03:08:22,2025-12-07 14:06:01,16.8705376,80.1776512,12487,8252,FixOK,A,ObV5CS1912,T417F6b453,"NH65, Bhimavaram, Andhra Pradesh 521178, India",331731.375,37.25,IgnitionOn,1,80.379,125.09,4,-113
579f3b8a-12c0-4bd5-86d4-447b94773356-12,EDC_BS6_PERIODIC,2025-12-06 03:08:28,2025-12-07 14:06:01,16.8702096,80.1781248,12488,8252,FixOK,A,ObV5CS1912,T417F6b453,"NH65, Bhimavaram, Andhra Pradesh 521178, India",331731.5,37.65,IgnitionOn,1,80.321,123.3,4,-113
579f3b8a-12c0-4bd5-86d4-447b94773356-13,EDC_BS6_PERIODIC,2025-12-06 03:08:34,2025-12-07 14:06:01,16.8698,80.1786176,12489,8252,FixOK,A,ObV5CS1912,T417F6b453,"Hyderabad - Vijayawada Hwy, Bhimavaram, Andhra Pradesh 521178, India",331731.5,43.61,IgnitionOn,1,79.66,135.1,4,-113
579f3b8a-12c0-4bd5-86d4-447b94773356-14,EDC_BS6_PERIODIC,2025-12-06 03:08:40,2025-12-07 14:06:01,16.869328,80.17904,12490,8252,FixOK,A,ObV5CS1912,T417F6b453,"Hyderabad - Vijayawada Hwy, Bhimavaram, Andhra Pradesh 521178, India",331731.625,43.63,IgnitionOn,1,78.94,140.3,4,-113
579f3b8a-12c0-4bd5-86d4-447b94773356-15,EDC_BS6_PERIODIC,2025-12-06 03:08:46,2025-12-07 14:06:01,16.86884,80.1794176,12491,8252,FixOK,A,ObV5CS1912,T417F6b453,"Hyderabad - Vijayawada Hwy, Bhimavaram, Andhra Pradesh 521178, India",331731.75,41.84,IgnitionOn,1,77.41,145,4,-113
579f3b8a-12c0-4bd5-86d4-447b94773356-16,EDC_BS6_PERIODIC,2025-12-06 03:08:52,2025-12-07 14:06:01,16.868328,80.1798016,12492,8252,FixOK,A,ObV5CS1912,T417F6b453,"NH65, Bhimavaram, Andhra Pradesh 521178, India",331731.75,43.86,IgnitionOn,1,76.37,144,4,-113
579f3b8a-12c0-4bd5-86d4-447b94773356-17,EDC_BS6_PERIODIC,2025-12-06 03:08:58,2025-12-07 14:06:01,16.8678112,80.1802624,12493,8252,FixOK,A,ObV5CS1912,T417F6b453,"NH65, Bhimavaram, Andhra Pradesh 521178, India",331731.875,45.83,IgnitionOn,1,75.639,140.1,4,-113
579f3b8a-12c0-4bd5-86d4-447b94773356-18,EDC_BS6_PERIODIC,2025-12-06 03:09:04,2025-12-07 14:06:01,16.8673248,80.1807872,12494,8252,FixOK,A,ObV5CS1912,T417F6b453,"Vijayawada - Hyderabad Hwy, Bhimavaram, Andhra Pradesh 521178, India",331732,47.77,IgnitionOn,1,75.321,133,4,-113
579f3b8a-12c0-4bd5-86d4-447b94773356-19,EDC_BS6_PERIODIC,2025-12-06 03:09:10,2025-12-07 14:06:01,16.8668448,80.1813632,12495,8252,FixOK,A,ObV5CS1912,T417F6b453,"Vijayawada - Hyderabad Hwy, Bhimavaram, Andhra Pradesh 521178, India",331732,48.96,IgnitionOn,1,74.989,127.9,4,-113
579f3b8a-12c0-4bd5-86d4-447b94773356-20,EDC_BS6_PERIODIC,2025-12-06 03:09:16,2025-12-07 14:06:01,16.8664224,80.1819648,12496,8252,FixOK,A,ObV5CS1912,T417F6b453,"Hyderabad - Vijayawada Hwy, Andhra Pradesh 521190, India",331732.125,48.44,IgnitionOn,1,74.87,124.8,4,-113
579f3b8a-12c0-4bd5-86d4-447b94773356-21,EDC_BS6_PERIODIC,2025-12-06 03:09:22,2025-12-07 14:06:01,16.8660496,80.1825856,12497,8252,FixOK,A,ObV5CS1912,T417F6b453,"NH 65, Andhra Pradesh 521190, India",331732.25,46.45,IgnitionOn,1,74.919,122.3,4,-113
579f3b8a-12c0-4bd5-86d4-447b94773356-22,EDC_BS6_PERIODIC,2025-12-06 03:09:28,2025-12-07 14:06:01,16.865712,80.1831552,12498,8252,FixOK,A,ObV5CS1912,T417F6b453,"NH 65, Andhra Pradesh 521190, India",331732.25,43.68,IgnitionOn,1,75.279,121.19,4,-113
579f3b8a-12c0-4bd5-86d4-447b94773356-23,EDC_BS6_PERIODIC,2025-12-06 03:09:34,2025-12-07 14:06:01,16.865416,80.183648,12499,8252,FixOK,A,ObV5CS1912,T417F6b453,"Hyderabad - Vijayawada Hwy, Andhra Pradesh 521190, India",331732.375,41.05,IgnitionOn,1,75.459,122.9,4,-113
579f3b8a-12c0-4bd5-86d4-447b94773356-24,EDC_BS6_PERIODIC,2025-12-06 03:09:40,2025-12-07 14:06:01,16.8651216,80.1841536,12500,8252,FixOK,A,ObV5CS1912,T417F6b453,"Hyderabad - Vijayawada Hwy, Andhra Pradesh 521190, India",331732.375,39.97,IgnitionOn,1,75.555,120.9,4,-113
579f3b8a-12c0-4bd5-86d4-447b94773356-25,EDC_BS6_PERIODIC,2025-12-06 03:09:46,2025-12-07 14:06:01,16.8648128,80.18464,12501,8252,FixOK,A,ObV5CS1912,T417F6b453,"NH 65, Andhra Pradesh 521190, India",331732.5,39.4,IgnitionOn,1,75.599,123.59,4,-113
579f3b8a-12c0-4bd5-86d4-447b94773356-26,EDC_BS6_PERIODIC,2025-12-06 03:09:52,2025-12-07 14:06:01,16.8644992,80.1852224,12502,8252,FixOK,A,ObV5CS1912,T417F6b453,"Vijayawada - Hyderabad Hwy, Andhra Pradesh 521190, India",331732.5,44.42,IgnitionOn,1,76.139,118.4,4,-113
579f3b8a-12c0-4bd5-86d4-447b94773356-27,EDC_BS6_PERIODIC,2025-12-06 03:09:58,2025-12-07 14:06:01,16.8641792,80.1858496,12503,8252,FixOK,A,ObV5CS1912,T417F6b453,"NH 65, Andhra Pradesh 521190, India",331732.625,46.5,IgnitionOn,1,76.849,117,4,-113
579f3b8a-12c0-4bd5-86d4-447b94773356-28,EDC_BS6_PERIODIC,2025-12-06 03:10:04,2025-12-07 14:06:01,16.8638496,80.1864704,12504,8252,FixOK,A,ObV5CS1912,T417F6b453,"NH 65, Andhra Pradesh 521190, India",331732.75,47.36,IgnitionOn,1,77.029,117.69,4,-113
579f3b8a-12c0-4bd5-86d4-447b94773356-29,EDC_BS6_PERIODIC,2025-12-06 03:10:10,2025-12-07 14:06:01,16.863512,80.1871232,12505,8252,FixOK,A,ObV5CS1912,T417F6b453,"NH 65, Andhra Pradesh 521190, India",331732.75,47.89,IgnitionOn,1,77.199,117.8,5,-113
579f3b8a-12c0-4bd5-86d4-447b94773356-30,EDC_BS6_PERIODIC,2025-12-06 03:10:16,2025-12-07 14:06:01,16.8631808,80.1877696,12506,8252,FixOK,A,ObV5CS1912,T417F6b453,"NH 65, Andhra Pradesh 521190, India",331732.875,48.16,IgnitionOn,1,77.129,118.69,5,-113
579f3b8a-12c0-4bd5-86d4-447b94773356-31,EDC_BS6_PERIODIC,2025-12-06 03:10:22,2025-12-07 14:06:01,16.8628352,80.1883776,12507,8252,FixOK,A,ObV5CS1912,T417F6b453,"NH 65, Andhra Pradesh 521190, India",331733,47.05,IgnitionOn,1,76.269,120.8,5,-113
579f3b8a-12c0-4bd5-86d4-447b94773356-32,EDC_BS6_PERIODIC,2025-12-06 03:10:28,2025-12-07 14:06:01,16.8624384,80.1889792,12508,8252,FixOK,A,ObV5CS1912,T417F6b453,"NH65, Gowarawaram, Andhra Pradesh 521190, India",331733,47.3,IgnitionOn,1,75.22,124.5,4,-113
579f3b8a-12c0-4bd5-86d4-447b94773356-33,EDC_BS6_PERIODIC,2025-12-06 03:10:34,2025-12-07 14:06:01,16.8620128,80.1895552,12509,8252,FixOK,A,ObV5CS1912,T417F6b453,"Hyderabad - Vijayawada Hwy, Gowarawaram, Andhra Pradesh 521190, India",331733.125,47.28,IgnitionOn,1,73.839,126.69,4,-113
579f3b8a-12c0-4bd5-86d4-447b94773356-34,EDC_BS6_PERIODIC,2025-12-06 03:10:40,2025-12-07 14:06:01,16.8615936,80.1901312,12510,8252,FixOK,A,ObV5CS1912,T417F6b453,"Hyderabad - Vijayawada Hwy, Gowarawaram, Andhra Pradesh 521190, India",331733.25,46.86,IgnitionOn,1,72.41,126.3,4,-113
579f3b8a-12c0-4bd5-86d4-447b94773356-35,EDC_BS6_PERIODIC,2025-12-06 03:10:46,2025-12-07 14:06:01,16.8612288,80.1907328,12511,8252,FixOK,A,ObV5CS1912,T417F6b453,"V56R+CV, Gowarawaram, Andhra Pradesh 521190, India",331733.25,47.32,IgnitionOn,1,70.889,121.4,4,-113
579f3b8a-12c0-4bd5-86d4-447b94773356-36,EDC_BS6_PERIODIC,2025-12-06 03:10:52,2025-12-07 14:06:01,16.8608784,80.1913472,12512,8252,FixOK,A,ObV5CS1912,T417F6b453,"V56R+CV, Gowarawaram, Andhra Pradesh 521190, India",331733.375,47.09,IgnitionOn,1,70.007,120,4,-113
579f3b8a-12c0-4bd5-86d4-447b94773356-37,EDC_BS6_PERIODIC,2025-12-06 03:10:58,2025-12-07 14:06:01,16.8605376,80.191936,12513,8252,FixOK,A,ObV5CS1912,T417F6b453,"V56R+CV, Gowarawaram, Andhra Pradesh 521190, India",331733.5,45.38,IgnitionOn,1,68.48,120.4,3,-113
579f3b8a-12c0-4bd5-86d4-447b94773356-38,EDC_BS6_PERIODIC,2025-12-06 03:11:04,2025-12-07 14:06:01,16.8602112,80.192512,12514,8252,FixOK,A,ObV5CS1912,T417F6b453,"V56V+2F2, Gowarawaram, Andhra Pradesh 521190, India",331733.5,44.33,IgnitionOn,1,68.29,120.5,3,-113
579f3b8a-12c0-4bd5-86d4-447b94773356-39,EDC_BS6_PERIODIC,2025-12-06 03:11:10,2025-12-07 14:06:01,16.8599056,80.193056,12515,8252,FixOK,A,ObV5CS1912,T417F6b453,"V56V+2F2, Gowarawaram, Andhra Pradesh 521190, India",331733.625,42.21,IgnitionOn,1,68.169,120,3,-113
579f3b8a-12c0-4bd5-86d4-447b94773356-40,EDC_BS6_PERIODIC,2025-12-06 03:11:16,2025-12-07 14:06:01,16.859608,80.1935744,12516,8252,FixOK,A,ObV5CS1912,T417F6b453,"V56V+2F2, Gowarawaram, Andhra Pradesh 521190, India",331733.75,40.2,IgnitionOn,1,68.169,120.59,3,-113
579f3b8a-12c0-4bd5-86d4-447b94773356-41,EDC_BS6_PERIODIC,2025-12-06 03:11:22,2025-12-07 14:06:01,16.8593216,80.19408,12517,8252,FixOK,A,ObV5CS1912,T417F6b453,"NH65, Gowarawaram, Andhra Pradesh 521190, India",331733.75,38.17,IgnitionOn,1,68.089,121,4,-113
579f3b8a-12c0-4bd5-86d4-447b94773356-42,EDC_BS6_PERIODIC,2025-12-06 03:11:28,2025-12-07 14:06:01,16.8590592,80.1946624,12518,8252,FixOK,A,ObV5CS1912,T417F6b453,"V55W+G3H, beside NH65, Gowarawaram, Andhra Pradesh 521190, India",331733.875,43.51,IgnitionOn,1,68.117,116.69,4,-113
579f3b8a-12c0-4bd5-86d4-447b94773356-43,EDC_BS6_PERIODIC,2025-12-06 03:11:34,2025-12-07 14:06:01,16.858784,80.1953152,12519,8252,FixOK,A,ObV5CS1912,T417F6b453,"V55W+G3H, beside NH65, Gowarawaram, Andhra Pradesh 521190, India",331733.875,47.3,IgnitionOn,1,68.68,113.09,5,-113
579f3b8a-12c0-4bd5-86d4-447b94773356-44,EDC_BS6_PERIODIC,2025-12-06 03:11:40,2025-12-07 14:06:01,16.8585152,80.195968,12520,8252,FixOK,A,ObV5CS1912,T417F6b453,"V55W+6FW, Main Rd, Jaggaiahpet, Andhra Pradesh 521178, India",331734,46.61,IgnitionOn,1,68.879,111.8,5,-113
579f3b8a-12c0-4bd5-86d4-447b94773356-45,EDC_BS6_PERIODIC,2025-12-06 03:11:46,2025-12-07 14:06:01,16.8582944,80.1966464,12521,8252,FixOK,A,ObV5CS1912,T417F6b453,"V55X+92M, Gowarawaram, Andhra Pradesh 521190, India",331734.125,46.73,IgnitionOn,1,68.459,108,5,-113
579f3b8a-12c0-4bd5-86d4-447b94773356-46,EDC_BS6_PERIODIC,2025-12-06 03:11:52,2025-12-07 14:06:01,16.8580448,80.197344,12522,8252,FixOK,A,ObV5CS1912,T417F6b453,"V55X+92M, Gowarawaram, Andhra Pradesh 521190, India",331734.125,48.21,IgnitionOn,1,68.47,111.19,4,-113
579f3b8a-12c0-4bd5-86d4-447b94773356-47,EDC_BS6_PERIODIC,2025-12-06 03:11:58,2025-12-07 14:06:01,16.857784,80.1980224,12523,8252,FixOK,A,ObV5CS1912,T417F6b453,"V55X+377, NH 65, Gowarawaram, Andhra Pradesh 521190, India",331734.25,49.88,IgnitionOn,1,68.93,112.8,5,-113
579f3b8a-12c0-4bd5-86d4-447b94773356-48,EDC_BS6_PERIODIC,2025-12-06 03:12:04,2025-12-07 14:06:01,16.8574336,80.198688,12524,8252,FixOK,A,ObV5CS1912,T417F6b453,"V55X+3C4, Vijayawada - Hyderabad Hwy, Gowarawaram, Andhra Pradesh 521190, India",331734.375,51.03,IgnitionOn,1,68.323,121.19,5,-113
579f3b8a-12c0-4bd5-86d4-447b94773356-49,EDC_BS6_PERIODIC,2025-12-06 03:12:10,2025-12-07 14:06:01,16.8570272,80.1993472,12525,8252,FixOK,A,ObV5CS1912,T417F6b453,"V55X+3C4, Vijayawada - Hyderabad Hwy, Gowarawaram, Andhra Pradesh 521190, India",331734.375,51.13,IgnitionOn,1,67.069,124.09,5,-113
579f3b8a-12c0-4bd5-86d4-447b94773356-50,EDC_BS6_PERIODIC,2025-12-06 03:12:16,2025-12-07 14:06:01,16.8566144,80.1999616,12526,8252,FixOK,A,ObV5CS1912,T417F6b453,"V54X+VW, Gowarawaram, Andhra Pradesh 521190, India",331734.5,50.54,IgnitionOn,1,65.55,123.5,5,-113
5df58adb-cc16-4a07-b3df-93041011b9bc-1,EDC_BS6_PERIODIC,2025-12-06 03:12:22,2025-12-07 14:06:20,16.8561952,80.200544,12527,8252,FixOK,A,ObV5CS1912,T417F6b453,"V632+QMM, Gowarawaram, Andhra Pradesh 521190, India",331734.5,47.69,IgnitionOn,1,64.25,125.69,5,-113
5df58adb-cc16-4a07-b3df-93041011b9bc-2,EDC_BS6_PERIODIC,2025-12-06 03:12:28,2025-12-07 14:06:20,16.8557952,80.2010944,12528,8252,FixOK,A,ObV5CS1912,T417F6b453,"V632+QMM, Gowarawaram, Andhra Pradesh 521190, India",331734.625,45.74,IgnitionOn,1,63.33,126.69,4,-113
5df58adb-cc16-4a07-b3df-93041011b9bc-3,EDC_BS6_PERIODIC,2025-12-06 03:12:34,2025-12-07 14:06:20,16.855416,80.2016512,12529,8252,FixOK,A,ObV5CS1912,T417F6b453,"V632+QMM, Gowarawaram, Andhra Pradesh 521190, India",331734.75,44.88,IgnitionOn,1,63.63,126,4,-113
5df58adb-cc16-4a07-b3df-93041011b9bc-4,EDC_BS6_PERIODIC,2025-12-06 03:12:40,2025-12-07 14:06:20,16.855048,80.2021888,12530,8252,FixOK,A,ObV5CS1912,T417F6b453,"V632+QMM, Gowarawaram, Andhra Pradesh 521190, India",331734.75,43.1,IgnitionOn,1,63.829,127.19,4,-113
5df58adb-cc16-4a07-b3df-93041011b9bc-5,EDC_BS6_PERIODIC,2025-12-06 03:12:46,2025-12-07 14:06:20,16.854672,80.2026816,12531,8252,FixOK,A,ObV5CS1912,T417F6b453,"V632+QMM, Gowarawaram, Andhra Pradesh 521190, India",331734.875,41.39,IgnitionOn,1,65,128.6,4,-113
5df58adb-cc16-4a07-b3df-93041011b9bc-6,EDC_BS6_PERIODIC,2025-12-06 03:12:52,2025-12-07 14:06:20,16.8543008,80.2031616,12532,8252,FixOK,A,ObV5CS1912,T417F6b453,"Hyderabad - Vijayawada Hwy, Gowarawaram, Andhra Pradesh 521190, India",331735,40.77,IgnitionOn,1,65.54,128.8,4,-113
5df58adb-cc16-4a07-b3df-93041011b9bc-7,EDC_BS6_PERIODIC,2025-12-06 03:12:58,2025-12-07 14:06:20,16.8538912,80.2036224,12533,8252,FixOK,A,ObV5CS1912,T417F6b453,"V633+HJ Gowarawaram, Andhra Pradesh, India",331735,39.47,IgnitionOn,1,66.01,131.5,4,-113
5df58adb-cc16-4a07-b3df-93041011b9bc-8,EDC_BS6_PERIODIC,2025-12-06 03:13:04,2025-12-07 14:06:20,16.85348,80.2041024,12534,8252,FixOK,A,ObV5CS1912,T417F6b453,"NH65, Gowarawaram, Andhra Pradesh 521190, India",331735.125,40.68,IgnitionOn,1,66.36,130.3,4,-113
5df58adb-cc16-4a07-b3df-93041011b9bc-9,EDC_BS6_PERIODIC,2025-12-06 03:13:10,2025-12-07 14:06:20,16.8530816,80.204608,12535,8252,FixOK,A,ObV5CS1912,T417F6b453,"Hyderabad - Vijayawada Hwy, Gowarawaram, Andhra Pradesh 521190, India",331735.125,42.97,IgnitionOn,1,66.41,129,4,-113
5df58adb-cc16-4a07-b3df-93041011b9bc-10,EDC_BS6_PERIODIC,2025-12-06 03:13:16,2025-12-07 14:06:20,16.852688,80.2051328,12536,8252,FixOK,A,ObV5CS1912,T417F6b453,"Hyderabad - Vijayawada Hwy, Gowarawaram, Andhra Pradesh 521190, India",331735.25,44.39,IgnitionOn,1,66.499,128.3,4,-113
5df58adb-cc16-4a07-b3df-93041011b9bc-11,EDC_BS6_PERIODIC,2025-12-06 03:13:22,2025-12-07 14:06:20,16.852304,80.2056576,12537,8252,FixOK,A,ObV5CS1912,T417F6b453,"Hyderabad - Vijayawada Hwy, Gowarawaram, Andhra Pradesh 521190, India",331735.25,44.22,IgnitionOn,1,66.37,126.8,4,-113
5df58adb-cc16-4a07-b3df-93041011b9bc-12,EDC_BS6_PERIODIC,2025-12-06 03:13:28,2025-12-07 14:06:20,16.8518912,80.206176,12538,8252,FixOK,A,ObV5CS1912,T417F6b453,"Hyderabad - Vijayawada Hwy, Gowarawaram, Andhra Pradesh 521190, India",331735.375,43.54,IgnitionOn,1,66.639,130.1,4,-113
5df58adb-cc16-4a07-b3df-93041011b9bc-13,EDC_BS6_PERIODIC,2025-12-06 03:13:34,2025-12-07 14:06:20,16.8514912,80.2066816,12539,8252,FixOK,A,ObV5CS1912,T417F6b453,"V624+HV Gowarawaram, Andhra Pradesh, India",331735.5,42.77,IgnitionOn,1,66.86,129.6,4,-113
5df58adb-cc16-4a07-b3df-93041011b9bc-14,EDC_BS6_PERIODIC,2025-12-06 03:13:40,2025-12-07 14:06:20,16.8511104,80.2071808,12540,8252,FixOK,A,ObV5CS1912,T417F6b453,"V624+HV Gowarawaram, Andhra Pradesh, India",331735.5,42.36,IgnitionOn,1,66.809,128.8,4,-113
5df58adb-cc16-4a07-b3df-93041011b9bc-15,EDC_BS6_PERIODIC,2025-12-06 03:13:46,2025-12-07 14:06:20,16.850752,80.2076736,12541,8252,FixOK,A,ObV5CS1912,T417F6b453,"NH 65, Andhra Pradesh 521190, India",331735.625,42.19,IgnitionOn,1,66.26,129.3,4,-113
5df58adb-cc16-4a07-b3df-93041011b9bc-16,EDC_BS6_PERIODIC,2025-12-06 03:13:52,2025-12-07 14:06:20,16.8503808,80.20816,12542,8252,FixOK,A,ObV5CS1912,T417F6b453,"Vijayawada - Hyderabad Hwy, Andhra Pradesh 521190, India",331735.625,40.96,IgnitionOn,1,66.013,129.8,4,-113
5df58adb-cc16-4a07-b3df-93041011b9bc-17,EDC_BS6_PERIODIC,2025-12-06 03:13:58,2025-12-07 14:06:20,16.8500256,80.2086272,12543,8252,FixOK,A,ObV5CS1912,T417F6b453,"R6X5+QJG, Vijayawada - Hyderabad Hwy, Andhra Pradesh 521190, India",331735.75,39.58,IgnitionOn,1,65.419,130.8,4,-113
5df58adb-cc16-4a07-b3df-93041011b9bc-18,EDC_BS6_PERIODIC,2025-12-06 03:14:04,2025-12-07 14:06:20,16.8497152,80.2091008,12544,8252,FixOK,A,ObV5CS1912,T417F6b453,"R6X5+QJG, Vijayawada - Hyderabad Hwy, Andhra Pradesh 521190, India",331735.75,40.11,IgnitionOn,1,64.5,127.59,4,-113
5df58adb-cc16-4a07-b3df-93041011b9bc-19,EDC_BS6_PERIODIC,2025-12-06 03:14:10,2025-12-07 14:06:20,16.849344,80.2096,12545,8252,FixOK,A,ObV5CS1912,T417F6b453,"Vijayawada - Hyderabad Hwy, Andhra Pradesh 521190, India",331735.875,41.66,IgnitionOn,1,63.7,128.39,4,-113
5df58adb-cc16-4a07-b3df-93041011b9bc-20,EDC_BS6_PERIODIC,2025-12-06 03:14:16,2025-12-07 14:06:20,16.8489472,80.210112,12546,8252,FixOK,A,ObV5CS1912,T417F6b453,"Vijayawada - Hyderabad Hwy, Andhra Pradesh 521190, India",331736,43.57,IgnitionOn,1,63.409,128.19,4,-113
5df58adb-cc16-4a07-b3df-93041011b9bc-21,EDC_BS6_PERIODIC,2025-12-06 03:14:22,2025-12-07 14:06:20,16.8485568,80.2106368,12547,8252,FixOK,A,ObV5CS1912,T417F6b453,"NH 65, Andhra Pradesh 521190, India",331736,45.2,IgnitionOn,1,63.439,127.59,4,-113
5df58adb-cc16-4a07-b3df-93041011b9bc-22,EDC_BS6_PERIODIC,2025-12-06 03:14:28,2025-12-07 14:06:20,16.8481584,80.211168,12548,8252,FixOK,A,ObV5CS1912,T417F6b453,"Hyderabad - Vijayawada Hwy, Andhra Pradesh 521190, India",331736.125,43.75,IgnitionOn,1,63.511,128.69,4,-113
5df58adb-cc16-4a07-b3df-93041011b9bc-23,EDC_BS6_PERIODIC,2025-12-06 03:14:34,2025-12-07 14:06:20,16.8477728,80.2116864,12549,8252,FixOK,A,ObV5CS1912,T417F6b453,"R6W6+PWH, Vijayawada - Hyderabad Hwy, Andhra Pradesh 521190, India",331736.125,43.64,IgnitionOn,1,63.689,127.9,4,-113
5df58adb-cc16-4a07-b3df-93041011b9bc-24,EDC_BS6_PERIODIC,2025-12-06 03:14:40,2025-12-07 14:06:20,16.8473728,80.2122176,12550,8252,FixOK,A,ObV5CS1912,T417F6b453,"Hyderabad - Vijayawada Hwy, Andhra Pradesh 521190, India",331736.25,44.29,IgnitionOn,1,63.61,128,4,-113
5df58adb-cc16-4a07-b3df-93041011b9bc-25,EDC_BS6_PERIODIC,2025-12-06 03:14:46,2025-12-07 14:06:20,16.8469568,80.212768,12551,8252,FixOK,A,ObV5CS1912,T417F6b453,"R6W7+J4P, Gowarawaram, Andhra Pradesh 521190, India",331736.375,46.11,IgnitionOn,1,63.639,127.69,4,-113
5df58adb-cc16-4a07-b3df-93041011b9bc-26,EDC_BS6_PERIODIC,2025-12-06 03:14:52,2025-12-07 14:06:20,16.8465136,80.2133184,12552,8252,FixOK,A,ObV5CS1912,T417F6b453,"R6W7+J4P, Gowarawaram, Andhra Pradesh 521190, India",331736.375,47.88,IgnitionOn,1,63.569,130.39,4,-113
5df58adb-cc16-4a07-b3df-93041011b9bc-27,EDC_BS6_PERIODIC,2025-12-06 03:14:58,2025-12-07 14:06:20,16.8460992,80.2138624,12553,8252,FixOK,A,ObV5CS1912,T417F6b453,"R6W7+8FJ, Penuganchiprolu, Andhra Pradesh 521190, India",331736.5,47.23,IgnitionOn,1,62.979,128.19,4,-113
5df58adb-cc16-4a07-b3df-93041011b9bc-29,EDC_BS6_PERIODIC,2025-12-06 03:15:04,2025-12-07 14:06:20,16.8456944,80.2144,12554,8252,FixOK,A,ObV5CS1912,T417F6b453,"R6W7+8FJ, Penuganchiprolu, Andhra Pradesh 521190, India",331736.625,44.6,IgnitionOn,1,62.939,128.8,4,-113
5df58adb-cc16-4a07-b3df-93041011b9bc-30,EDC_BS6_PERIODIC,2025-12-06 03:15:10,2025-12-07 14:06:20,16.8453056,80.214912,12555,8252,FixOK,A,ObV5CS1912,T417F6b453,"NH 65, Andhra Pradesh 521190, India",331736.625,43.38,IgnitionOn,1,62.77,126.09,4,-113
5df58adb-cc16-4a07-b3df-93041011b9bc-31,EDC_BS6_PERIODIC,2025-12-06 03:15:16,2025-12-07 14:06:20,16.8449472,80.2154752,12556,8252,FixOK,A,ObV5CS1912,T417F6b453,"NH 65, Andhra Pradesh 521190, India",331736.75,43.47,IgnitionOn,1,62.58,123,4,-113
5df58adb-cc16-4a07-b3df-93041011b9bc-32,EDC_BS6_PERIODIC,2025-12-06 03:15:22,2025-12-07 14:06:20,16.844624,80.216032,12557,8252,FixOK,A,ObV5CS1912,T417F6b453,"Hyderabad - Vijayawada Hwy, Konakanchi, Andhra Pradesh 521190, India",331736.875,43.57,IgnitionOn,1,62.479,120.5,4,-113
5df58adb-cc16-4a07-b3df-93041011b9bc-33,EDC_BS6_PERIODIC,2025-12-06 03:15:28,2025-12-07 14:06:20,16.8442912,80.216608,12558,8252,FixOK,A,ObV5CS1912,T417F6b453,"Hyderabad - Vijayawada Hwy, Konakanchi, Andhra Pradesh 521190, India",331736.875,43.24,IgnitionOn,1,62.5,120.5,4,-113
5df58adb-cc16-4a07-b3df-93041011b9bc-34,EDC_BS6_PERIODIC,2025-12-06 03:15:34,2025-12-07 14:06:20,16.8439488,80.2171648,12559,8252,FixOK,A,ObV5CS1912,T417F6b453,"Hyderabad - Vijayawada Hwy, Konakanchi, Andhra Pradesh 521190, India",331737,43.15,IgnitionOn,1,62.529,123.4,4,-113
4add33fd-aac9-4220-b88e-5e7eb4ba3165-1,EDC_BS6_PERIODIC,2025-12-06 03:15:40,2025-12-07 14:06:41,16.8435968,80.217728,12560,8252,FixOK,A,ObV5CS1912,T417F6b453,"R6V9+268, Konakanchi, Andhra Pradesh 521190, India",331737,43.7,IgnitionOn,1,62.509,123.69,4,-113
4add33fd-aac9-4220-b88e-5e7eb4ba3165-2,EDC_BS6_PERIODIC,2025-12-06 03:15:46,2025-12-07 14:06:41,16.84324,80.218272,12561,8252,FixOK,A,ObV5CS1912,T417F6b453,"R6V9+268, Konakanchi, Andhra Pradesh 521190, India",331737.125,44.23,IgnitionOn,1,62,124,4,-113
4add33fd-aac9-4220-b88e-5e7eb4ba3165-3,EDC_BS6_PERIODIC,2025-12-06 03:15:52,2025-12-07 14:06:41,16.842888,80.2188288,12562,8252,FixOK,A,ObV5CS1912,T417F6b453,"R6V9+268, Konakanchi, Andhra Pradesh 521190, India",331737.25,44.11,IgnitionOn,1,61.61,123.4,4,-113
4add33fd-aac9-4220-b88e-5e7eb4ba3165-4,EDC_BS6_PERIODIC,2025-12-06 03:15:58,2025-12-07 14:06:41,16.842496,80.2193856,12563,8252,FixOK,A,ObV5CS1912,T417F6b453,"site, Andhra Pradesh 521190, India",331737.25,44.04,IgnitionOn,1,61.439,126.9,4,-113
4add33fd-aac9-4220-b88e-5e7eb4ba3165-5,EDC_BS6_PERIODIC,2025-12-06 03:16:04,2025-12-07 14:06:41,16.842096,80.219936,12564,8252,FixOK,A,ObV5CS1912,T417F6b453,"R6R9+GVJ, Hyderabad - Vijayawada Hwy, Andhra Pradesh 521190, India",331737.375,44.81,IgnitionOn,1,61.02,126.69,4,-113
4add33fd-aac9-4220-b88e-5e7eb4ba3165-6,EDC_BS6_PERIODIC,2025-12-06 03:16:10,2025-12-07 14:06:41,16.8416992,80.2204864,12565,8252,FixOK,A,ObV5CS1912,T417F6b453,"R6R9+GVJ, Hyderabad - Vijayawada Hwy, Andhra Pradesh 521190, India",331737.5,44.88,IgnitionOn,1,59.7,126.5,4,-113
4add33fd-aac9-4220-b88e-5e7eb4ba3165-7,EDC_BS6_PERIODIC,2025-12-06 03:16:16,2025-12-07 14:06:41,16.841376,80.2210688,12566,8252,FixOK,A,ObV5CS1912,T417F6b453,"site, Andhra Pradesh 521190, India",331737.5,44.99,IgnitionOn,1,58.919,121.5,4,-113
4add33fd-aac9-4220-b88e-5e7eb4ba3165-8,EDC_BS6_PERIODIC,2025-12-06 03:16:22,2025-12-07 14:06:41,16.8410784,80.221664,12567,8252,FixOK,A,ObV5CS1912,T417F6b453,"Hyderabad - Vijayawada Hwy, Konakanchi, Andhra Pradesh 521190, India",331737.625,45.17,IgnitionOn,1,57.15,118.8,4,-113
4add33fd-aac9-4220-b88e-5e7eb4ba3165-9,DEVICE_METRICS,2025-12-06 03:16:38,2025-12-07 14:06:41,16.8410784,80.221664,,8252,FixOK,,ObV5CS1912,T417F6b453,"Hyderabad - Vijayawada Hwy, Konakanchi, Andhra Pradesh 521190, India",287177,,IgnitionOn,1,,,,
4add33fd-aac9-4220-b88e-5e7eb4ba3165-10,EDC_BS6_PERIODIC,2025-12-06 03:16:38,2025-12-07 14:06:41,16.840352,80.2231104,12568,8252,FixOK,A,ObV5CS1912,T417F6b453,"Hyderabad - Vijayawada Hwy, Konakanchi, Andhra Pradesh 521190, India",331737.75,42.35,IgnitionOn,1,55.02,118.8,4,-113
4add33fd-aac9-4220-b88e-5e7eb4ba3165-11,EDC_BS6_PERIODIC,2025-12-06 03:16:44,2025-12-07 14:06:41,16.840032,80.2237056,12569,8252,FixOK,A,ObV5CS1912,T417F6b453,"R6RF+3C Nawabupeta, Andhra Pradesh, India",331737.875,38.52,IgnitionOn,1,54.599,122.59,4,-113
4add33fd-aac9-4220-b88e-5e7eb4ba3165-12,EDC_BS6_PERIODIC,2025-12-06 03:16:50,2025-12-07 14:06:41,16.8396992,80.2241792,12570,8252,FixOK,A,ObV5CS1912,T417F6b453,"R6RF+3C Nawabupeta, Andhra Pradesh, India",331737.875,39.73,IgnitionOn,1,54.343,127.69,4,-113
4add33fd-aac9-4220-b88e-5e7eb4ba3165-13,EDC_BS6_PERIODIC,2025-12-06 03:16:56,2025-12-07 14:06:41,16.839336,80.2246336,12571,8252,FixOK,A,ObV5CS1912,T417F6b453,"Hyderabad - Vijayawada Hwy, Konakanchi, Andhra Pradesh 521190, India",331738,42.08,IgnitionOn,1,54.4,130.39,4,-113
4add33fd-aac9-4220-b88e-5e7eb4ba3165-14,EDC_BS6_PERIODIC,2025-12-06 03:17:02,2025-12-07 14:06:41,16.8389248,80.225056,12572,8252,FixOK,A,ObV5CS1912,T417F6b453,"Hyderabad - Vijayawada Hwy, Konakanchi, Andhra Pradesh 521190, India",331738.125,41.07,IgnitionOn,1,53.75,136.3,4,-113
4add33fd-aac9-4220-b88e-5e7eb4ba3165-15,EDC_BS6_PERIODIC,2025-12-06 03:17:08,2025-12-07 14:06:41,16.838472,80.2254336,12573,8252,FixOK,A,ObV5CS1912,T417F6b453,"NH65, Konakanchi, Andhra Pradesh 521190, India",331738.125,40.62,IgnitionOn,1,53.24,141.5,4,-113
4add33fd-aac9-4220-b88e-5e7eb4ba3165-16,EDC_BS6_PERIODIC,2025-12-06 03:17:14,2025-12-07 14:06:41,16.838,80.2258176,12574,8252,FixOK,A,ObV5CS1912,T417F6b453,"Vijayawada - Hyderabad Hwy, Konakanchi, Andhra Pradesh 521190, India",331738.25,40.88,IgnitionOn,1,54.409,141,4,-113
4add33fd-aac9-4220-b88e-5e7eb4ba3165-17,EDC_BS6_PERIODIC,2025-12-06 03:17:20,2025-12-07 14:06:41,16.8375056,80.226208,12575,8252,FixOK,A,ObV5CS1912,T417F6b453,"Vijayawada - Hyderabad Hwy, Konakanchi, Andhra Pradesh 521190, India",331738.25,42.43,IgnitionOn,1,55.259,141.89,4,-113
4add33fd-aac9-4220-b88e-5e7eb4ba3165-18,EDC_BS6_PERIODIC,2025-12-06 03:17:26,2025-12-07 14:06:41,16.836992,80.226624,12576,8252,FixOK,A,ObV5CS1912,T417F6b453,"Hyderabad - Vijayawada Hwy, Konakanchi, Andhra Pradesh 521190, India",331738.375,45.12,IgnitionOn,1,55.285,141.8,4,-113
4add33fd-aac9-4220-b88e-5e7eb4ba3165-19,EDC_BS6_PERIODIC,2025-12-06 03:17:32,2025-12-07 14:06:41,16.836464,80.2270656,12577,8252,FixOK,A,ObV5CS1912,T417F6b453,"Hyderabad - Vijayawada Hwy, Konakanchi, Andhra Pradesh 521190, India",331738.5,47.64,IgnitionOn,1,55.029,142,4,-113
4add33fd-aac9-4220-b88e-5e7eb4ba3165-20,EDC_BS6_PERIODIC,2025-12-06 03:17:38,2025-12-07 14:06:41,16.8359168,80.2275072,12578,8252,FixOK,A,ObV5CS1912,T417F6b453,"Hyderabad - Vijayawada Hwy, Konakanchi, Andhra Pradesh 521190, India",331738.5,47.05,IgnitionOn,1,56.209,141.89,4,-113
4add33fd-aac9-4220-b88e-5e7eb4ba3165-21,EDC_BS6_PERIODIC,2025-12-06 03:17:44,2025-12-07 14:06:41,16.835368,80.227968,12579,8252,FixOK,A,ObV5CS1912,T417F6b453,"Hyderabad - Vijayawada Hwy, Konakanchi, Andhra Pradesh 521190, India",331738.625,47.5,IgnitionOn,1,57.2,139.69,4,-113
4add33fd-aac9-4220-b88e-5e7eb4ba3165-22,EDC_BS6_PERIODIC,2025-12-06 03:17:50,2025-12-07 14:06:41,16.8348512,80.2284928,12580,8252,FixOK,A,ObV5CS1912,T417F6b453,"Hyderabad - Vijayawada Hwy, Konakanchi, Andhra Pradesh 521190, India",331738.75,48.71,IgnitionOn,1,57.54,134.3,4,-113
4add33fd-aac9-4220-b88e-5e7eb4ba3165-23,EDC_BS6_PERIODIC,2025-12-06 03:17:56,2025-12-07 14:06:41,16.834352,80.229056,12581,8252,FixOK,A,ObV5CS1912,T417F6b453,"R6MH+JP Nawabupeta, Andhra Pradesh, India",331738.75,50.68,IgnitionOn,1,57.04,132.1,4,-113
4add33fd-aac9-4220-b88e-5e7eb4ba3165-24,EDC_BS6_PERIODIC,2025-12-06 03:18:02,2025-12-07 14:06:41,16.8338496,80.2296384,12582,8252,FixOK,A,ObV5CS1912,T417F6b453,"NH65, Konakanchi, Andhra Pradesh 521190, India",331738.875,51.23,IgnitionOn,1,56.727,132.5,4,-113
4add33fd-aac9-4220-b88e-5e7eb4ba3165-25,EDC_BS6_PERIODIC,2025-12-06 03:18:08,2025-12-07 14:06:41,16.833336,80.2302144,12583,8252,FixOK,A,ObV5CS1912,T417F6b453,"Hyderabad - Vijayawada Hwy, Konakanchi, Andhra Pradesh 521190, India",331739,51.88,IgnitionOn,1,55.33,132.89,4,-113
4add33fd-aac9-4220-b88e-5e7eb4ba3165-26,EDC_BS6_PERIODIC,2025-12-06 03:18:14,2025-12-07 14:06:41,16.8328192,80.2307904,12584,8252,FixOK,A,ObV5CS1912,T417F6b453,"Hyderabad - Vijayawada Hwy, Konakanchi, Andhra Pradesh 521190, India",331739,51.48,IgnitionOn,1,54.139,131.89,4,-113
4add33fd-aac9-4220-b88e-5e7eb4ba3165-27,EDC_BS6_PERIODIC,2025-12-06 03:18:20,2025-12-07 14:06:41,16.8323072,80.2313344,12585,8252,FixOK,A,ObV5CS1912,T417F6b453,"Ginjupalli Veeraiah Circle Bus Stop, NAWABUPETA, NH65, Andhra Pradesh 521185, India",331739.125,50.95,IgnitionOn,1,53.479,134.19,4,-113
4add33fd-aac9-4220-b88e-5e7eb4ba3165-28,EDC_BS6_PERIODIC,2025-12-06 03:18:26,2025-12-07 14:06:41,16.8317472,80.2317824,12586,8252,FixOK,A,ObV5CS1912,T417F6b453,"Ginjupalli Veeraiah Circle Bus Stop, NAWABUPETA, NH 65, Andhra Pradesh 521185, India",331739.25,49.39,IgnitionOn,1,53.259,141.69,4,-113
4add33fd-aac9-4220-b88e-5e7eb4ba3165-29,EDC_BS6_PERIODIC,2025-12-06 03:18:32,2025-12-07 14:06:41,16.831144,80.2321792,12587,8252,FixOK,A,ObV5CS1912,T417F6b453,"Ginjupalli Veeraiah Circle Bus Stop, NAWABUPETA, NH 65, Andhra Pradesh 521185, India",331739.375,49.28,IgnitionOn,1,52.68,147,4,-113
4add33fd-aac9-4220-b88e-5e7eb4ba3165-30,EDC_BS6_PERIODIC,2025-12-06 03:18:38,2025-12-07 14:06:41,16.830496,80.2325696,12588,8252,FixOK,A,ObV5CS1912,T417F6b453,"R6JJ+8QW, Nawabupeta, Andhra Pradesh 521190, India",331739.375,52.24,IgnitionOn,1,52.183,149.19,4,-113
4add33fd-aac9-4220-b88e-5e7eb4ba3165-31,EDC_BS6_PERIODIC,2025-12-06 03:18:44,2025-12-07 14:06:41,16.829824,80.2329856,12589,8252,FixOK,A,ObV5CS1912,T417F6b453,"R6JJ+8QW, Nawabupeta, Andhra Pradesh 521190, India",331739.5,54.07,IgnitionOn,1,51.06,149.89,4,-113
4add33fd-aac9-4220-b88e-5e7eb4ba3165-32,EDC_BS6_PERIODIC,2025-12-06 03:18:50,2025-12-07 14:06:41,16.8291376,80.2334016,12590,8252,FixOK,A,ObV5CS1912,T417F6b453,"NH65, Konakanchi, Andhra Pradesh 521190, India",331739.625,55.07,IgnitionOn,1,50.5,149.69,4,-113
4add33fd-aac9-4220-b88e-5e7eb4ba3165-33,EDC_BS6_PERIODIC,2025-12-06 03:18:56,2025-12-07 14:06:41,16.8284544,80.2338176,12591,8252,FixOK,A,ObV5CS1912,T417F6b453,"NH65, Konakanchi, Andhra Pradesh 521190, India",331739.75,54.29,IgnitionOn,1,49.799,150,4,-113
4add33fd-aac9-4220-b88e-5e7eb4ba3165-34,EDC_BS6_PERIODIC,2025-12-06 03:19:02,2025-12-07 14:06:41,16.827808,80.2341888,12592,8252,FixOK,A,ObV5CS1912,T417F6b453,"NH65, Konakanchi, Andhra Pradesh 521190, India",331739.75,50.96,IgnitionOn,1,49.45,150.19,5,-113
4add33fd-aac9-4220-b88e-5e7eb4ba3165-35,EDC_BS6_PERIODIC,2025-12-06 03:19:08,2025-12-07 14:06:41,16.8271968,80.23456,12593,8252,FixOK,A,ObV5CS1912,T417F6b453,"Hyderabad - Vijayawada Hwy, Konakanchi, Andhra Pradesh 521190, India",331739.875,48.05,IgnitionOn,1,49.04,149.5,6,-113
4add33fd-aac9-4220-b88e-5e7eb4ba3165-36,EDC_BS6_PERIODIC,2025-12-06 03:19:14,2025-12-07 14:06:41,16.8266112,80.2349312,12594,8252,FixOK,A,ObV5CS1912,T417F6b453,"Hyderabad - Vijayawada Hwy, Konakanchi, Andhra Pradesh 521190, India",331740,46.54,IgnitionOn,1,48.751,149,6,-113
4add33fd-aac9-4220-b88e-5e7eb4ba3165-37,EDC_BS6_PERIODIC,2025-12-06 03:19:20,2025-12-07 14:06:41,16.8260352,80.2353216,12595,8252,FixOK,A,ObV5CS1912,T417F6b453,"Vijayawada - Hyderabad Hwy, Konakanchi, Andhra Pradesh 521190, India",331740,45.34,IgnitionOn,1,47.25,145.39,6,-113
4add33fd-aac9-4220-b88e-5e7eb4ba3165-38,EDC_BS6_PERIODIC,2025-12-06 03:19:26,2025-12-07 14:06:41,16.8255056,80.2357504,12596,8252,FixOK,A,ObV5CS1912,T417F6b453,"Hyderabad - Vijayawada Hwy, Konakanchi, Andhra Pradesh 521190, India",331740.125,45.7,IgnitionOn,1,45.88,142.39,6,-113
4add33fd-aac9-4220-b88e-5e7eb4ba3165-39,EDC_BS6_PERIODIC,2025-12-06 03:19:32,2025-12-07 14:06:41,16.8250112,80.2361984,12597,8252,FixOK,A,ObV5CS1912,T417F6b453,"R6FP+XG Nawabupeta, Andhra Pradesh, India",331740.125,44.49,IgnitionOn,1,45.2,139.19,5,-113
4add33fd-aac9-4220-b88e-5e7eb4ba3165-40,EDC_BS6_PERIODIC,2025-12-06 03:19:38,2025-12-07 14:06:41,16.8245408,80.2366336,12598,8252,FixOK,A,ObV5CS1912,T417F6b453,"NH65, Konakanchi, Andhra Pradesh 521190, India",331740.25,42.12,IgnitionOn,1,44.869,138.69,5,-113
4add33fd-aac9-4220-b88e-5e7eb4ba3165-41,EDC_BS6_PERIODIC,2025-12-06 03:19:44,2025-12-07 14:06:41,16.8240816,80.2370688,12599,8252,FixOK,A,ObV5CS1912,T417F6b453,"Hyderabad - Vijayawada Hwy, Konakanchi, Andhra Pradesh 521190, India",331740.375,42.84,IgnitionOn,1,45.049,137.5,5,-113
4add33fd-aac9-4220-b88e-5e7eb4ba3165-42,EDC_BS6_PERIODIC,2025-12-06 03:19:50,2025-12-07 14:06:41,16.8236,80.2375168,12600,8252,FixOK,A,ObV5CS1912,T417F6b453,"Hyderabad - Vijayawada Hwy, Konakanchi, Andhra Pradesh 521190, India",331740.375,44.36,IgnitionOn,1,45.079,138.69,5,-113
4add33fd-aac9-4220-b88e-5e7eb4ba3165-43,EDC_BS6_PERIODIC,2025-12-06 03:19:56,2025-12-07 14:06:41,16.823096,80.2379648,12601,8252,FixOK,A,ObV5CS1912,T417F6b453,"Hyderabad - Vijayawada Hwy, Konakanchi, Andhra Pradesh 521190, India",331740.5,44.56,IgnitionOn,1,44.4,138.69,4,-113
4add33fd-aac9-4220-b88e-5e7eb4ba3165-44,EDC_BS6_PERIODIC,2025-12-06 03:20:02,2025-12-07 14:06:41,16.822608,80.2384128,12602,8252,FixOK,A,ObV5CS1912,T417F6b453,"Hyderabad - Vijayawada Hwy, Konakanchi, Andhra Pradesh 521190, India",331740.5,43.6,IgnitionOn,1,43.74,138.8,5,-113
4add33fd-aac9-4220-b88e-5e7eb4ba3165-45,EDC_BS6_PERIODIC,2025-12-06 03:20:08,2025-12-07 14:06:41,16.8221312,80.2388736,12603,8252,FixOK,A,ObV5CS1912,T417F6b453,"R6CQ+JQ Nawabupeta, Andhra Pradesh, India",331740.625,44.52,IgnitionOn,1,43.189,138,4,-113
4add33fd-aac9-4220-b88e-5e7eb4ba3165-46,EDC_BS6_PERIODIC,2025-12-06 03:20:14,2025-12-07 14:06:41,16.821648,80.239328,12604,8252,FixOK,A,ObV5CS1912,T417F6b453,"R6CQ+JQ Nawabupeta, Andhra Pradesh, India",331740.75,45.38,IgnitionOn,1,42.43,137.6,4,-113
4add33fd-aac9-4220-b88e-5e7eb4ba3165-47,EDC_BS6_PERIODIC,2025-12-06 03:20:20,2025-12-07 14:06:41,16.8211584,80.2397952,12605,8252,FixOK,A,ObV5CS1912,T417F6b453,"Hyderabad - Vijayawada Hwy, Konakanchi, Andhra Pradesh 521190, India",331740.75,45.64,IgnitionOn,1,40.939,138.3,6,-113
4add33fd-aac9-4220-b88e-5e7eb4ba3165-48,EDC_BS6_PERIODIC,2025-12-06 03:20:26,2025-12-07 14:06:41,16.8206704,80.240256,12606,8252,FixOK,A,ObV5CS1912,T417F6b453,"Hyderabad - Vijayawada Hwy, Konakanchi, Andhra Pradesh 521190, India",331740.875,45.34,IgnitionOn,1,40.649,137.89,6,-113
4add33fd-aac9-4220-b88e-5e7eb4ba3165-49,EDC_BS6_PERIODIC,2025-12-06 03:20:32,2025-12-07 14:06:41,16.820176,80.240704,12607,8252,FixOK,A,ObV5CS1912,T417F6b453,"R69R+RH Nawabupeta, Andhra Pradesh, India",331741,44.18,IgnitionOn,1,40.31,138.8,4,-113
4add33fd-aac9-4220-b88e-5e7eb4ba3165-50,EDC_BS6_PERIODIC,2025-12-06 03:20:38,2025-12-07 14:06:41,16.8197104,80.2411392,12608,8252,FixOK,A,ObV5CS1912,T417F6b453,"R69R+RH Nawabupeta, Andhra Pradesh, India",331741,42.95,IgnitionOn,1,40.159,138.19,5,-113
3776c65d-783c-4ccb-8c36-034887341e91-1,EDC_BS6_PERIODIC,2025-12-06 03:20:44,2025-12-07 14:07:02,16.8192608,80.2415616,12609,8252,FixOK,A,ObV5CS1912,T417F6b453,"R69R+GR Nawabupeta, Andhra Pradesh, India",331741.125,41.32,IgnitionOn,1,40.259,137.8,5,-113
3776c65d-783c-4ccb-8c36-034887341e91-2,EDC_BS6_PERIODIC,2025-12-06 03:20:50,2025-12-07 14:07:02,16.8188352,80.2419712,12610,8252,FixOK,A,ObV5CS1912,T417F6b453,"R69R+GR Nawabupeta, Andhra Pradesh, India",331741.125,37.5,IgnitionOn,1,40.63,137.19,5,-113
3776c65d-783c-4ccb-8c36-034887341e91-3,EDC_BS6_PERIODIC,2025-12-06 03:20:56,2025-12-07 14:07:02,16.8184032,80.2423744,12611,8252,FixOK,A,ObV5CS1912,T417F6b453,"NH65, Konakanchi, Andhra Pradesh 521190, India",331741.25,40.93,IgnitionOn,1,40.86,137.8,5,-113
3776c65d-783c-4ccb-8c36-034887341e91-4,EDC_BS6_PERIODIC,2025-12-06 03:21:02,2025-12-07 14:07:02,16.8179664,80.2428032,12612,8252,FixOK,A,ObV5CS1912,T417F6b453,"Hyderabad - Vijayawada Hwy, Konakanchi, Andhra Pradesh 521190, India",331741.375,41.67,IgnitionOn,1,40.896,137.19,6,-113
3776c65d-783c-4ccb-8c36-034887341e91-5,EDC_BS6_PERIODIC,2025-12-06 03:21:08,2025-12-07 14:07:02,16.8175024,80.2432384,12613,8252,FixOK,A,ObV5CS1912,T417F6b453,"Hyderabad - Vijayawada Hwy, Konakanchi, Andhra Pradesh 521190, India",331741.375,43.45,IgnitionOn,1,40.93,138.19,6,-113
3776c65d-783c-4ccb-8c36-034887341e91-6,EDC_BS6_PERIODIC,2025-12-06 03:21:14,2025-12-07 14:07:02,16.8170304,80.24368,12614,8252,FixOK,A,ObV5CS1912,T417F6b453,"Hyderabad - Vijayawada Hwy, Konakanchi, Andhra Pradesh 521190, India",331741.5,43.84,IgnitionOn,1,40.99,137.8,6,-113
3776c65d-783c-4ccb-8c36-034887341e91-7,EDC_BS6_PERIODIC,2025-12-06 03:21:20,2025-12-07 14:07:02,16.8165456,80.2441472,12615,8252,FixOK,A,ObV5CS1912,T417F6b453,"Hyderabad - Vijayawada Hwy, Konakanchi, Andhra Pradesh 521190, India",331741.5,45.64,IgnitionOn,1,41.2,137.89,6,-113
3776c65d-783c-4ccb-8c36-034887341e91-8,EDC_BS6_PERIODIC,2025-12-06 03:21:26,2025-12-07 14:07:02,16.8160448,80.2446208,12616,8252,FixOK,A,ObV5CS1912,T417F6b453,"Hyderabad - Vijayawada Hwy, Konakanchi, Andhra Pradesh 521190, India",331741.625,46.29,IgnitionOn,1,41.509,137.69,5,-113
3776c65d-783c-4ccb-8c36-034887341e91-9,EDC_BS6_PERIODIC,2025-12-06 03:21:32,2025-12-07 14:07:02,16.815536,80.245088,12617,8252,FixOK,A,ObV5CS1912,T417F6b453,"Hyderabad - Vijayawada Hwy, Konakanchi, Andhra Pradesh 521190, India",331741.75,45.98,IgnitionOn,1,41.49,138.69,5,-113
3776c65d-783c-4ccb-8c36-034887341e91-10,EDC_BS6_PERIODIC,2025-12-06 03:21:38,2025-12-07 14:07:02,16.815064,80.2455552,12618,8252,FixOK,A,ObV5CS1912,T417F6b453,"Hyderabad - Vijayawada Hwy, Konakanchi, Andhra Pradesh 521190, India",331741.75,44.39,IgnitionOn,1,41.927,136.69,4,-113
3776c65d-783c-4ccb-8c36-034887341e91-11,EDC_BS6_PERIODIC,2025-12-06 03:21:44,2025-12-07 14:07:02,16.814592,80.246016,12619,8252,FixOK,A,ObV5CS1912,T417F6b453,"Hyderabad - Vijayawada Hwy, Konakanchi, Andhra Pradesh 521190, India",331741.875,44.29,IgnitionOn,1,42.93,137.19,4,-113
3776c65d-783c-4ccb-8c36-034887341e91-12,EDC_BS6_PERIODIC,2025-12-06 03:21:50,2025-12-07 14:07:02,16.8141152,80.2464576,12620,8252,FixOK,A,ObV5CS1912,T417F6b453,"Hyderabad - Vijayawada Hwy, Konakanchi, Andhra Pradesh 521190, India",331742,44.42,IgnitionOn,1,44.13,137.69,4,-113
3776c65d-783c-4ccb-8c36-034887341e91-13,EDC_BS6_PERIODIC,2025-12-06 03:21:56,2025-12-07 14:07:02,16.813648,80.2469184,12621,8252,FixOK,A,ObV5CS1912,T417F6b453,"Hyderabad - Vijayawada Hwy, Konakanchi, Andhra Pradesh 521190, India",331742,45.12,IgnitionOn,1,44.799,136.89,4,-113
3776c65d-783c-4ccb-8c36-034887341e91-14,EDC_BS6_PERIODIC,2025-12-06 03:22:02,2025-12-07 14:07:02,16.813192,80.2474368,12622,8252,FixOK,A,ObV5CS1912,T417F6b453,"MDR78, Andhra Pradesh 521185, India",331742.125,46.54,IgnitionOn,1,45.419,135.6,4,-113
3776c65d-783c-4ccb-8c36-034887341e91-15,EDC_BS6_PERIODIC,2025-12-06 03:22:08,2025-12-07 14:07:02,16.8127696,80.2480256,12623,8252,FixOK,A,ObV5CS1912,T417F6b453,"Hyderabad - Vijayawada Hwy, Konakanchi, Andhra Pradesh 521190, India",331742.125,48.14,IgnitionOn,1,45.729,123.3,4,-113
3776c65d-783c-4ccb-8c36-034887341e91-16,EDC_BS6_PERIODIC,2025-12-06 03:22:14,2025-12-07 14:07:02,16.8124096,80.2486528,12624,8252,FixOK,A,ObV5CS1912,T417F6b453,"R762+Q3R, Totacharla, Andhra Pradesh 521185, India",331742.25,48.95,IgnitionOn,1,46.215,119.69,3,-113
3776c65d-783c-4ccb-8c36-034887341e91-17,EDC_BS6_PERIODIC,2025-12-06 03:22:20,2025-12-07 14:07:02,16.8120624,80.249312,12625,8252,FixOK,A,ObV5CS1912,T417F6b453,"R762+Q3R, Totacharla, Andhra Pradesh 521185, India",331742.375,50.85,IgnitionOn,1,46.229,119,3,-113
3776c65d-783c-4ccb-8c36-034887341e91-18,EDC_BS6_PERIODIC,2025-12-06 03:22:26,2025-12-07 14:07:02,16.8117152,80.2499776,12626,8252,FixOK,A,ObV5CS1912,T417F6b453,"R762+Q3R, Totacharla, Andhra Pradesh 521185, India",331742.375,50.06,IgnitionOn,1,45.86,117.8,4,-113
3776c65d-783c-4ccb-8c36-034887341e91-19,EDC_BS6_PERIODIC,2025-12-06 03:22:32,2025-12-07 14:07:02,16.81136,80.250624,12627,8252,FixOK,A,ObV5CS1912,T417F6b453,"R762+H25, Totacharla, Andhra Pradesh 521190, India",331742.5,50.03,IgnitionOn,1,45.61,118.69,4,-113
3776c65d-783c-4ccb-8c36-034887341e91-20,EDC_BS6_PERIODIC,2025-12-06 03:22:38,2025-12-07 14:07:02,16.811008,80.2512704,12628,8252,FixOK,A,ObV5CS1912,T417F6b453,"R762+H25, Totacharla, Andhra Pradesh 521190, India",331742.625,49.43,IgnitionOn,1,45.24,121.19,4,-113
3776c65d-783c-4ccb-8c36-034887341e91-21,EDC_BS6_PERIODIC,2025-12-06 03:22:44,2025-12-07 14:07:02,16.8106384,80.2518784,12629,8252,FixOK,A,ObV5CS1912,T417F6b453,"Hyderabad - Vijayawada Hwy, Totacharla, Andhra Pradesh 521185, India",331742.625,48.56,IgnitionOn,1,45.169,123.3,4,-113
3776c65d-783c-4ccb-8c36-034887341e91-22,EDC_BS6_PERIODIC,2025-12-06 03:22:50,2025-12-07 14:07:02,16.810216,80.2524544,12630,8252,FixOK,A,ObV5CS1912,T417F6b453,"Hyderabad - Vijayawada Hwy, Andhra Pradesh 521185, India",331742.75,48.08,IgnitionOn,1,44.891,128.5,4,-113
3776c65d-783c-4ccb-8c36-034887341e91-23,EDC_BS6_PERIODIC,2025-12-06 03:22:56,2025-12-07 14:07:02,16.809744,80.252992,12631,8252,FixOK,A,ObV5CS1912,T417F6b453,"Vijayawada - Hyderabad Hwy, Andhra Pradesh 521185, India",331742.875,47.71,IgnitionOn,1,43.72,133,4,-113
3776c65d-783c-4ccb-8c36-034887341e91-24,EDC_BS6_PERIODIC,2025-12-06 03:23:02,2025-12-07 14:07:02,16.8092448,80.2534784,12632,8252,FixOK,A,ObV5CS1912,T417F6b453,"NH 65, Andhra Pradesh 521185, India",331742.875,47.27,IgnitionOn,1,43.02,136.19,4,-113
3776c65d-783c-4ccb-8c36-034887341e91-25,EDC_BS6_PERIODIC,2025-12-06 03:23:08,2025-12-07 14:07:02,16.8087696,80.253952,12633,8252,FixOK,A,ObV5CS1912,T417F6b453,"R753+CX8, Andhra Pradesh 521185, India",331743,45.93,IgnitionOn,1,41.849,137,5,-113
3776c65d-783c-4ccb-8c36-034887341e91-26,EDC_BS6_PERIODIC,2025-12-06 03:23:14,2025-12-07 14:07:02,16.8083072,80.2544064,12634,8252,FixOK,A,ObV5CS1912,T417F6b453,"Hyderabad - Vijayawada Hwy, Andhra Pradesh 521185, India",331743.125,44.71,IgnitionOn,1,40.31,136.1,4,-113
3776c65d-783c-4ccb-8c36-034887341e91-27,EDC_BS6_PERIODIC,2025-12-06 03:23:20,2025-12-07 14:07:02,16.807856,80.2548736,12635,8252,FixOK,A,ObV5CS1912,T417F6b453,"R753+CX8, Andhra Pradesh 521185, India",331743.125,43.23,IgnitionOn,1,38.779,135.3,4,-113
3776c65d-783c-4ccb-8c36-034887341e91-28,EDC_BS6_PERIODIC,2025-12-06 03:23:26,2025-12-07 14:07:02,16.807424,80.255328,12636,8252,FixOK,A,ObV5CS1912,T417F6b453,"R744+V64, Vijayawada - Hyderabad Hwy, Andhra Pradesh 521185, India",331743.25,42.61,IgnitionOn,1,38.039,133.6,4,-113
3776c65d-783c-4ccb-8c36-034887341e91-29,EDC_BS6_PERIODIC,2025-12-06 03:23:32,2025-12-07 14:07:02,16.8070432,80.2558016,12637,8252,FixOK,A,ObV5CS1912,T417F6b453,"R744+P68, Munagacherla, Andhra Pradesh 521190, India",331743.25,40.57,IgnitionOn,1,36.5,130.5,4,-113
3776c65d-783c-4ccb-8c36-034887341e91-30,EDC_BS6_PERIODIC,2025-12-06 03:23:38,2025-12-07 14:07:02,16.8066848,80.2562816,12638,8252,FixOK,A,ObV5CS1912,T417F6b453,"R744+P68, Munagacherla, Andhra Pradesh 521190, India",331743.375,40.27,IgnitionOn,1,35.86,128.69,4,-113
3776c65d-783c-4ccb-8c36-034887341e91-31,EDC_BS6_PERIODIC,2025-12-06 03:23:44,2025-12-07 14:07:02,16.8062976,80.256768,12639,8252,FixOK,A,ObV5CS1912,T417F6b453,"R744+P68, Munagacherla, Andhra Pradesh 521190, India",331743.375,41.35,IgnitionOn,1,35.369,129.3,4,-113
3776c65d-783c-4ccb-8c36-034887341e91-32,EDC_BS6_PERIODIC,2025-12-06 03:23:50,2025-12-07 14:07:02,16.805888,80.2572544,12640,8252,FixOK,A,ObV5CS1912,T417F6b453,"R744+P68, Munagacherla, Andhra Pradesh 521190, India",331743.5,42.95,IgnitionOn,1,35.06,130.6,4,-113
3776c65d-783c-4ccb-8c36-034887341e91-33,EDC_BS6_PERIODIC,2025-12-06 03:23:56,2025-12-07 14:07:02,16.8054624,80.257792,12641,8252,FixOK,A,ObV5CS1912,T417F6b453,"R735+V6V, Munagacherla, Andhra Pradesh 521190, India",331743.625,45.28,IgnitionOn,1,34.479,129.8,4,-113
3776c65d-783c-4ccb-8c36-034887341e91-34,EDC_BS6_PERIODIC,2025-12-06 03:24:02,2025-12-07 14:07:02,16.8050272,80.2583168,12642,8252,FixOK,A,ObV5CS1912,T417F6b453,"R735+V6V, Munagacherla, Andhra Pradesh 521190, India",331743.625,46.38,IgnitionOn,1,34.315,130.19,4,-113
3776c65d-783c-4ccb-8c36-034887341e91-35,EDC_BS6_PERIODIC,2025-12-06 03:24:08,2025-12-07 14:07:02,16.804584,80.2588544,12643,8252,FixOK,A,ObV5CS1912,T417F6b453,"Hyderabad - Vijayawada Hwy, Andhra Pradesh 521185, India",331743.75,46.05,IgnitionOn,1,34.509,131.5,4,-113
3776c65d-783c-4ccb-8c36-034887341e91-36,EDC_BS6_PERIODIC,2025-12-06 03:24:14,2025-12-07 14:07:02,16.804128,80.2593792,12644,8252,FixOK,A,ObV5CS1912,T417F6b453,"R735+V6V, Munagacherla, Andhra Pradesh 521190, India",331743.875,46.7,IgnitionOn,1,33.709,131.69,4,-113
3776c65d-783c-4ccb-8c36-034887341e91-37,EDC_BS6_PERIODIC,2025-12-06 03:24:20,2025-12-07 14:07:02,16.8036864,80.2599104,12645,8252,FixOK,A,ObV5CS1912,T417F6b453,"R735+6W2, Vijayawada - Hyderabad Hwy, Andhra Pradesh 521185, India",331743.875,46.5,IgnitionOn,1,32.659,131.19,4,-113
3776c65d-783c-4ccb-8c36-034887341e91-38,EDC_BS6_PERIODIC,2025-12-06 03:24:26,2025-12-07 14:07:02,16.803256,80.2604416,12646,8252,FixOK,A,ObV5CS1912,T417F6b453,"R735+6W2, Vijayawada - Hyderabad Hwy, Andhra Pradesh 521185, India",331744,45.48,IgnitionOn,1,32.38,131.3,4,-113
3776c65d-783c-4ccb-8c36-034887341e91-39,EDC_BS6_PERIODIC,2025-12-06 03:24:32,2025-12-07 14:07:02,16.802824,80.26096,12647,8252,FixOK,A,ObV5CS1912,T417F6b453,"Hyderabad - Vijayawada Hwy, Andhra Pradesh 521185, India",331744.125,44.7,IgnitionOn,1,32.209,130.8,4,-113
3776c65d-783c-4ccb-8c36-034887341e91-40,EDC_BS6_PERIODIC,2025-12-06 03:24:38,2025-12-07 14:07:02,16.8024064,80.2614656,12648,8252,FixOK,A,ObV5CS1912,T417F6b453,"Hyderabad - Vijayawada Hwy, Andhra Pradesh 521185, India",331744.125,43.99,IgnitionOn,1,31.893,131.3,4,-113
3776c65d-783c-4ccb-8c36-034887341e91-41,EDC_BS6_PERIODIC,2025-12-06 03:24:44,2025-12-07 14:07:02,16.8020032,80.2619456,12649,8252,FixOK,A,ObV5CS1912,T417F6b453,"NH 65, Andhra Pradesh 521185, India",331744.25,42.82,IgnitionOn,1,31.079,130.5,4,-113
3776c65d-783c-4ccb-8c36-034887341e91-42,EDC_BS6_PERIODIC,2025-12-06 03:24:50,2025-12-07 14:07:02,16.801616,80.2624256,12650,8252,FixOK,A,ObV5CS1912,T417F6b453,"NH 65, Andhra Pradesh 521185, India",331744.25,41.51,IgnitionOn,1,30.25,130.3,4,-113
3776c65d-783c-4ccb-8c36-034887341e91-43,EDC_BS6_PERIODIC,2025-12-06 03:24:56,2025-12-07 14:07:02,16.8012288,80.26288,12651,8252,FixOK,A,ObV5CS1912,T417F6b453,"NH 65, Andhra Pradesh 521185, India",331744.375,40.61,IgnitionOn,1,29.309,131.8,4,-113
3776c65d-783c-4ccb-8c36-034887341e91-45,EDC_BS6_PERIODIC,2025-12-06 03:25:02,2025-12-07 14:07:02,16.8008032,80.263328,12652,8252,FixOK,A,ObV5CS1912,T417F6b453,"NH 65, Andhra Pradesh 521185, India",331744.5,42.22,IgnitionOn,1,28.37,133.5,5,-113
3776c65d-783c-4ccb-8c36-034887341e91-46,EDC_BS6_PERIODIC,2025-12-06 03:25:08,2025-12-07 14:07:02,16.8003232,80.263776,12653,8252,FixOK,A,ObV5CS1912,T417F6b453,"Vijayawada - Hyderabad Hwy, Andhra Pradesh 521185, India",331744.5,45.37,IgnitionOn,1,27.43,139.89,5,-113
3776c65d-783c-4ccb-8c36-034887341e91-47,EDC_BS6_PERIODIC,2025-12-06 03:25:14,2025-12-07 14:07:02,16.7998208,80.2642048,12654,8252,FixOK,A,ObV5CS1912,T417F6b453,"Vijayawada - Hyderabad Hwy, Andhra Pradesh 521185, India",331744.625,44.57,IgnitionOn,1,27.077,140.19,4,-113
3776c65d-783c-4ccb-8c36-034887341e91-48,EDC_BS6_PERIODIC,2025-12-06 03:25:20,2025-12-07 14:07:02,16.799344,80.2646272,12655,8252,FixOK,A,ObV5CS1912,T417F6b453,"Q7X8+46, Munagacherla, Andhra Pradesh 521185, India",331744.625,42.22,IgnitionOn,1,26.29,140.3,4,-113
3776c65d-783c-4ccb-8c36-034887341e91-49,EDC_BS6_PERIODIC,2025-12-06 03:25:26,2025-12-07 14:07:02,16.7988784,80.2650304,12656,8252,FixOK,A,ObV5CS1912,T417F6b453,"Q7X8+46, Munagacherla, Andhra Pradesh 521185, India",331744.75,42.31,IgnitionOn,1,25.92,139.19,4,-113
3776c65d-783c-4ccb-8c36-034887341e91-50,EDC_BS6_PERIODIC,2025-12-06 03:25:32,2025-12-07 14:07:02,16.7983968,80.2654592,12657,8252,FixOK,A,ObV5CS1912,T417F6b453,"munagachala, nandigam, Andhra Pradesh 521185, India",331744.875,43.07,IgnitionOn,1,26.399,139.39,4,-113
f175f1de-b1ff-46c8-9596-ed0fc73caab4-1,EDC_BS6_PERIODIC,2025-12-06 03:25:38,2025-12-07 14:07:21,16.7979168,80.2659072,12658,8252,FixOK,A,ObV5CS1912,T417F6b453,"Q7X8+46, Munagacherla, Andhra Pradesh 521185, India",331744.875,44.57,IgnitionOn,1,26.709,138.5,4,-113
f175f1de-b1ff-46c8-9596-ed0fc73caab4-2,EDC_BS6_PERIODIC,2025-12-06 03:25:44,2025-12-07 14:07:21,16.7974208,80.266368,12659,8252,FixOK,A,ObV5CS1912,T417F6b453,"munagachala, nandigam, Andhra Pradesh 521185, India",331745,45.75,IgnitionOn,1,27.12,137.6,4,-113
f175f1de-b1ff-46c8-9596-ed0fc73caab4-3,EDC_BS6_PERIODIC,2025-12-06 03:25:50,2025-12-07 14:07:21,16.7969344,80.2668416,12660,8252,FixOK,A,ObV5CS1912,T417F6b453,"NH65, Anasagaram, Andhra Pradesh 521185, India",331745,45.79,IgnitionOn,1,27.251,137.39,4,-113
f175f1de-b1ff-46c8-9596-ed0fc73caab4-4,EDC_BS6_PERIODIC,2025-12-06 03:25:56,2025-12-07 14:07:21,16.7964512,80.2673152,12661,8252,FixOK,A,ObV5CS1912,T417F6b453,"NH65, Anasagaram, Andhra Pradesh 521185, India",331745.125,45,IgnitionOn,1,28.01,136.19,4,-113
f175f1de-b1ff-46c8-9596-ed0fc73caab4-5,EDC_BS6_PERIODIC,2025-12-06 03:26:02,2025-12-07 14:07:21,16.795976,80.2677696,12662,8252,FixOK,A,ObV5CS1912,T417F6b453,"NH65, Anasagaram, Andhra Pradesh 521185, India",331745.25,44.52,IgnitionOn,1,28.04,137,4,-113
f175f1de-b1ff-46c8-9596-ed0fc73caab4-6,EDC_BS6_PERIODIC,2025-12-06 03:26:08,2025-12-07 14:07:21,16.795512,80.268224,12663,8252,FixOK,A,ObV5CS1912,T417F6b453,"NH65, Anasagaram, Andhra Pradesh 521185, India",331745.25,43.96,IgnitionOn,1,27.819,137,4,-113
f175f1de-b1ff-46c8-9596-ed0fc73caab4-7,EDC_BS6_PERIODIC,2025-12-06 03:26:14,2025-12-07 14:07:21,16.7950592,80.268672,12664,8252,FixOK,A,ObV5CS1912,T417F6b453,"NH65, Anasagaram, Andhra Pradesh 521185, India",331745.375,42.21,IgnitionOn,1,28.29,136.19,4,-113
f175f1de-b1ff-46c8-9596-ed0fc73caab4-8,EDC_BS6_PERIODIC,2025-12-06 03:26:20,2025-12-07 14:07:21,16.794632,80.26912,12665,8252,FixOK,A,ObV5CS1912,T417F6b453,"NH65, Anasagaram, Andhra Pradesh 521185, India",331745.375,41.25,IgnitionOn,1,28.979,135.3,4,-113
f175f1de-b1ff-46c8-9596-ed0fc73caab4-9,EDC_BS6_PERIODIC,2025-12-06 03:26:26,2025-12-07 14:07:21,16.794184,80.2696,12666,8252,FixOK,A,ObV5CS1912,T417F6b453,"Q7V9+HX8, Vijayawada - Hyderabad Hwy, Anasagaram, Andhra Pradesh 521185, India",331745.5,43.53,IgnitionOn,1,28.915,134.89,4,-113
f175f1de-b1ff-46c8-9596-ed0fc73caab4-10,EDC_BS6_PERIODIC,2025-12-06 03:26:32,2025-12-07 14:07:21,16.793728,80.2700672,12667,8252,FixOK,A,ObV5CS1912,T417F6b453,"Q7V9+HX8, Vijayawada - Hyderabad Hwy, Anasagaram, Andhra Pradesh 521185, India",331745.625,45.03,IgnitionOn,1,28.36,134.89,4,-113
f175f1de-b1ff-46c8-9596-ed0fc73caab4-11,EDC_BS6_PERIODIC,2025-12-06 03:26:38,2025-12-07 14:07:21,16.7932896,80.270528,12668,8252,FixOK,A,ObV5CS1912,T417F6b453,"NH65, Anasagaram, Andhra Pradesh 521185, India",331745.625,43.47,IgnitionOn,1,29.53,133.5,4,-113
f175f1de-b1ff-46c8-9596-ed0fc73caab4-12,EDC_BS6_PERIODIC,2025-12-06 03:26:44,2025-12-07 14:07:21,16.7928928,80.2709632,12669,8252,FixOK,A,ObV5CS1912,T417F6b453,"NH65, Anasagaram, Andhra Pradesh 521185, India",331745.75,40.71,IgnitionOn,1,29.889,133.69,4,-113
f175f1de-b1ff-46c8-9596-ed0fc73caab4-13,EDC_BS6_PERIODIC,2025-12-06 03:26:50,2025-12-07 14:07:21,16.7924656,80.2713728,12670,8252,FixOK,A,ObV5CS1912,T417F6b453,"NH65, Anasagaram, Andhra Pradesh 521185, India",331745.875,41.16,IgnitionOn,1,29.7,137,4,-113
f175f1de-b1ff-46c8-9596-ed0fc73caab4-14,EDC_BS6_PERIODIC,2025-12-06 03:26:56,2025-12-07 14:07:21,16.7919856,80.2717568,12671,8252,FixOK,A,ObV5CS1912,T417F6b453,"NH65, Anasagaram, Andhra Pradesh 521185, India",331745.875,42.07,IgnitionOn,1,29.5,142.3,4,-113
f175f1de-b1ff-46c8-9596-ed0fc73caab4-15,EDC_BS6_PERIODIC,2025-12-06 03:27:02,2025-12-07 14:07:21,16.7914752,80.272096,12672,8252,FixOK,A,ObV5CS1912,T417F6b453,"37-132, Sivalayam Temple Area, Anasagaram, Nandigama, Andhra Pradesh 521185, India",331746,42.48,IgnitionOn,1,29.277,146.5,4,-113
f175f1de-b1ff-46c8-9596-ed0fc73caab4-16,EDC_BS6_PERIODIC,2025-12-06 03:27:08,2025-12-07 14:07:21,16.7909408,80.2723776,12673,8252,FixOK,A,ObV5CS1912,T417F6b453,"37-132, Sivalayam Temple Area, Anasagaram, Nandigama, Andhra Pradesh 521185, India",331746,42.9,IgnitionOn,1,28.489,154.3,5,-113
f175f1de-b1ff-46c8-9596-ed0fc73caab4-17,EDC_BS6_PERIODIC,2025-12-06 03:27:14,2025-12-07 14:07:21,16.7903712,80.2726336,12674,8252,FixOK,A,ObV5CS1912,T417F6b453,"37-50/1, Sivalayam Temple Area, Anasagaram, Nandigama, Andhra Pradesh 521185, India",331746.125,42.02,IgnitionOn,1,28.219,158.39,4,-113
f175f1de-b1ff-46c8-9596-ed0fc73caab4-18,EDC_BS6_PERIODIC,2025-12-06 03:27:20,2025-12-07 14:07:21,16.7898272,80.2728256,12675,8252,FixOK,A,ObV5CS1912,T417F6b453,"37-50/1, Sivalayam Temple Area, Anasagaram, Nandigama, Andhra Pradesh 521185, India",331746.125,42.65,IgnitionOn,1,28.19,161.3,4,-113
f175f1de-b1ff-46c8-9596-ed0fc73caab4-19,EDC_BS6_PERIODIC,2025-12-06 03:27:26,2025-12-07 14:07:21,16.7892704,80.2729664,12676,8252,FixOK,A,ObV5CS1912,T417F6b453,"37-10, Sivalayam Temple Area, Anasagaram, Nandigama, Andhra Pradesh 521185, India",331746.25,43.73,IgnitionOn,1,28.28,165.89,5,-113
f175f1de-b1ff-46c8-9596-ed0fc73caab4-20,EDC_BS6_PERIODIC,2025-12-06 03:27:32,2025-12-07 14:07:21,16.7886368,80.273056,12677,8252,FixOK,A,ObV5CS1912,T417F6b453,"37-10, Sivalayam Temple Area, Anasagaram, Nandigama, Andhra Pradesh 521185, India",331746.375,45.23,IgnitionOn,1,29.09,170.5,4,-113
f175f1de-b1ff-46c8-9596-ed0fc73caab4-21,EDC_BS6_PERIODIC,2025-12-06 03:27:38,2025-12-07 14:07:21,16.7879552,80.273088,12678,8252,FixOK,A,ObV5CS1912,T417F6b453,"Q7QF+957, NH 65, Anasagaram, Andhra Pradesh 521185, India",331746.375,45.51,IgnitionOn,1,29.647,179.5,4,-113
f175f1de-b1ff-46c8-9596-ed0fc73caab4-22,EDC_BS6_PERIODIC,2025-12-06 03:27:44,2025-12-07 14:07:21,16.7872832,80.273056,12679,8252,FixOK,A,ObV5CS1912,T417F6b453,"Q7PF+V58, Nandigama Bypass, Anasagaram, Andhra Pradesh 521185, India",331746.5,45.09,IgnitionOn,1,30.079,184.39,4,-113
f175f1de-b1ff-46c8-9596-ed0fc73caab4-23,EDC_BS6_PERIODIC,2025-12-06 03:27:50,2025-12-07 14:07:21,16.786608,80.27296,12680,8252,FixOK,A,ObV5CS1912,T417F6b453,"Q7PF+V58, Nandigama Bypass, Anasagaram, Andhra Pradesh 521185, India",331746.625,45.45,IgnitionOn,1,30.52,188.8,4,-113
f175f1de-b1ff-46c8-9596-ed0fc73caab4-24,EDC_BS6_PERIODIC,2025-12-06 03:27:56,2025-12-07 14:07:21,16.7859488,80.2728,12681,8252,FixOK,A,ObV5CS1912,T417F6b453,"NH65, Anasagaram, Andhra Pradesh 521185, India",331746.625,45.88,IgnitionOn,1,31.329,192.5,4,-113
f175f1de-b1ff-46c8-9596-ed0fc73caab4-25,EDC_BS6_PERIODIC,2025-12-06 03:28:02,2025-12-07 14:07:21,16.785304,80.2726528,12682,8252,FixOK,A,ObV5CS1912,T417F6b453,"39-526, Sivalayam Temple Area, Anasagaram, Nandigama, Andhra Pradesh 521185, India",331746.75,44.55,IgnitionOn,1,32.04,193,4,-113
f175f1de-b1ff-46c8-9596-ed0fc73caab4-26,EDC_BS6_PERIODIC,2025-12-06 03:28:08,2025-12-07 14:07:21,16.7847072,80.2725184,12683,8252,FixOK,A,ObV5CS1912,T417F6b453,"39-526, Sivalayam Temple Area, Anasagaram, Nandigama, Andhra Pradesh 521185, India",331746.75,40.96,IgnitionOn,1,32.959,192.89,4,-113
f175f1de-b1ff-46c8-9596-ed0fc73caab4-27,EDC_BS6_PERIODIC,2025-12-06 03:28:14,2025-12-07 14:07:21,16.784152,80.272384,12684,8252,FixOK,A,ObV5CS1912,T417F6b453,"NH65, Anasagaram, Andhra Pradesh 521185, India",331746.875,39.43,IgnitionOn,1,33.329,192.5,4,-113
f175f1de-b1ff-46c8-9596-ed0fc73caab4-28,EDC_BS6_PERIODIC,2025-12-06 03:28:20,2025-12-07 14:07:21,16.78356,80.2722432,12685,8252,FixOK,A,ObV5CS1912,T417F6b453,"NH65, Anasagaram, Andhra Pradesh 521185, India",331747,42.44,IgnitionOn,1,34,192.8,4,-113
f175f1de-b1ff-46c8-9596-ed0fc73caab4-29,EDC_BS6_PERIODIC,2025-12-06 03:28:26,2025-12-07 14:07:21,16.7829424,80.2721024,12686,8252,FixOK,A,ObV5CS1912,T417F6b453,"Vijayawada - Hyderabad Hwy, Andhra Pradesh 521185, India",331747,43.06,IgnitionOn,1,34.369,193.19,4,-113
f175f1de-b1ff-46c8-9596-ed0fc73caab4-30,EDC_BS6_PERIODIC,2025-12-06 03:28:32,2025-12-07 14:07:21,16.7823392,80.2719488,12687,8252,FixOK,A,ObV5CS1912,T417F6b453,"Vijayawada - Hyderabad Hwy, Andhra Pradesh 521185, India",331747.125,42.65,IgnitionOn,1,34.79,193,4,-113
f175f1de-b1ff-46c8-9596-ed0fc73caab4-31,EDC_BS6_PERIODIC,2025-12-06 03:28:38,2025-12-07 14:07:21,16.7817456,80.2718144,12688,8252,FixOK,A,ObV5CS1912,T417F6b453,"Vijayawada - Hyderabad Hwy, Andhra Pradesh 521185, India",331747.125,41.74,IgnitionOn,1,34.889,193.39,4,-113
f175f1de-b1ff-46c8-9596-ed0fc73caab4-32,EDC_BS6_PERIODIC,2025-12-06 03:28:44,2025-12-07 14:07:21,16.7811776,80.2716736,12689,8252,FixOK,A,ObV5CS1912,T417F6b453,"Vijayawada - Hyderabad Hwy, Andhra Pradesh 521185, India",331747.25,40.66,IgnitionOn,1,34.529,193,4,-113
f175f1de-b1ff-46c8-9596-ed0fc73caab4-33,EDC_BS6_PERIODIC,2025-12-06 03:28:50,2025-12-07 14:07:21,16.780624,80.2715456,12690,8252,FixOK,A,ObV5CS1912,T417F6b453,"Vijayawada - Hyderabad Hwy, Andhra Pradesh 521185, India",331747.375,39.24,IgnitionOn,1,34.777,193.1,4,-113
258287d9-9477-4e5b-afb1-bb1e9c9c756b-1,EDC_BS6_PERIODIC,2025-12-06 03:28:56,2025-12-07 14:07:42,16.7800784,80.2714176,12691,8252,FixOK,A,ObV5CS1912,T417F6b453,"Vijayawada - Hyderabad Hwy, Andhra Pradesh 521185, India",331747.375,38.19,IgnitionOn,1,35.259,191.39,4,-113
258287d9-9477-4e5b-afb1-bb1e9c9c756b-2,EDC_BS6_PERIODIC,2025-12-06 03:29:02,2025-12-07 14:07:42,16.7795072,80.2713344,12692,8252,FixOK,A,ObV5CS1912,T417F6b453,"Vijayawada - Hyderabad Hwy, Andhra Pradesh 521185, India",331747.5,39.79,IgnitionOn,1,35.619,188.89,4,-113
258287d9-9477-4e5b-afb1-bb1e9c9c756b-3,EDC_BS6_PERIODIC,2025-12-06 03:29:08,2025-12-07 14:07:42,16.7788832,80.2712832,12693,8252,FixOK,A,ObV5CS1912,T417F6b453,"Vijayawada - Hyderabad Hwy, Andhra Pradesh 521185, India",331747.5,43.99,IgnitionOn,1,36.15,184.69,4,-113
258287d9-9477-4e5b-afb1-bb1e9c9c756b-4,EDC_BS6_PERIODIC,2025-12-06 03:29:14,2025-12-07 14:07:42,16.7782,80.2712704,12694,8252,FixOK,A,ObV5CS1912,T417F6b453,"39-448-3, Ramalayam Temple Area, Kurugantivari Khandrika, Nandigama, Andhra Pradesh 521185, India",331747.625,49.35,IgnitionOn,1,37.349,180.69,4,-113
258287d9-9477-4e5b-afb1-bb1e9c9c756b-5,EDC_BS6_PERIODIC,2025-12-06 03:29:20,2025-12-07 14:07:42,16.7774688,80.271296,12695,8252,FixOK,A,ObV5CS1912,T417F6b453,"Vijayawada - Hyderabad Hwy, Andhra Pradesh 521185, India",331747.75,48.97,IgnitionOn,1,38.639,177.39,4,-113
258287d9-9477-4e5b-afb1-bb1e9c9c756b-6,EDC_BS6_PERIODIC,2025-12-06 03:29:26,2025-12-07 14:07:42,16.7767424,80.2713344,12696,8252,FixOK,A,ObV5CS1912,T417F6b453,"Vijayawada - Hyderabad Hwy, Andhra Pradesh 521185, India",331747.75,49.65,IgnitionOn,1,39.349,176.8,4,-113
258287d9-9477-4e5b-afb1-bb1e9c9c756b-7,EDC_BS6_PERIODIC,2025-12-06 03:29:32,2025-12-07 14:07:42,16.7760064,80.2713856,12697,8252,FixOK,A,ObV5CS1912,T417F6b453,"Vijayawada - Hyderabad Hwy, Andhra Pradesh 521185, India",331747.875,49.84,IgnitionOn,1,40.639,177,4,-113
258287d9-9477-4e5b-afb1-bb1e9c9c756b-8,EDC_BS6_PERIODIC,2025-12-06 03:29:38,2025-12-07 14:07:42,16.775272,80.271424,12698,8252,FixOK,A,ObV5CS1912,T417F6b453,"Vijayawada - Hyderabad Hwy, Andhra Pradesh 521185, India",331748,50.03,IgnitionOn,1,41.13,176.6,4,-113
258287d9-9477-4e5b-afb1-bb1e9c9c756b-9,EDC_BS6_PERIODIC,2025-12-06 03:29:44,2025-12-07 14:07:42,16.7745376,80.2714752,12699,8252,FixOK,A,ObV5CS1912,T417F6b453,"Vijayawada - Hyderabad Hwy, Andhra Pradesh 521185, India",331748,49.82,IgnitionOn,1,42.13,177,4,-113
258287d9-9477-4e5b-afb1-bb1e9c9c756b-10,EDC_BS6_PERIODIC,2025-12-06 03:29:50,2025-12-07 14:07:42,16.7738624,80.2715264,12700,8252,FixOK,A,ObV5CS1912,T417F6b453,"39-15, Ramalayam Temple Area, Kurugantivari Khandrika, Nandigama, Andhra Pradesh 521185, India",331748.125,45.48,IgnitionOn,1,43.549,175.6,4,-113
258287d9-9477-4e5b-afb1-bb1e9c9c756b-11,EDC_BS6_PERIODIC,2025-12-06 03:29:56,2025-12-07 14:07:42,16.7732576,80.2716416,12701,8252,FixOK,A,ObV5CS1912,T417F6b453,"39-12A, Ramalayam Temple Area, Kurugantivari Khandrika, Nandigama, Andhra Pradesh 521185, India",331748.125,42.98,IgnitionOn,1,44.93,169.6,4,-113
258287d9-9477-4e5b-afb1-bb1e9c9c756b-12,EDC_BS6_PERIODIC,2025-12-06 03:30:02,2025-12-07 14:07:42,16.7726752,80.2718016,12702,8252,FixOK,A,ObV5CS1912,T417F6b453,"39-12A, Ramalayam Temple Area, Kurugantivari Khandrika, Nandigama, Andhra Pradesh 521185, India",331748.25,41.38,IgnitionOn,1,45.737,165.6,4,-113
258287d9-9477-4e5b-afb1-bb1e9c9c756b-13,EDC_BS6_PERIODIC,2025-12-06 03:30:08,2025-12-07 14:07:42,16.7721056,80.272032,12703,8252,FixOK,A,ObV5CS1912,T417F6b453,"Vijayawada - Hyderabad Hwy, Andhra Pradesh 521185, India",331748.25,43.08,IgnitionOn,1,46.63,156.19,4,-113
258287d9-9477-4e5b-afb1-bb1e9c9c756b-14,EDC_BS6_PERIODIC,2025-12-06 03:30:14,2025-12-07 14:07:42,16.7715408,80.27232,12704,8252,FixOK,A,ObV5CS1912,T417F6b453,"Vijayawada - Hyderabad Hwy, Andhra Pradesh 521185, India",331748.375,43.03,IgnitionOn,1,46.529,152.39,5,-113
258287d9-9477-4e5b-afb1-bb1e9c9c756b-15,EDC_BS6_PERIODIC,2025-12-06 03:30:20,2025-12-07 14:07:42,16.7709664,80.2727104,12705,8252,FixOK,A,ObV5CS1912,T417F6b453,"NH65, Nandigama, Andhra Pradesh 521185, India",331748.5,45.9,IgnitionOn,1,45.95,145.69,4,-113
258287d9-9477-4e5b-afb1-bb1e9c9c756b-16,EDC_BS6_PERIODIC,2025-12-06 03:30:26,2025-12-07 14:07:42,16.7703888,80.273184,12706,8252,FixOK,A,ObV5CS1912,T417F6b453,"NH65, Nandigama, Andhra Pradesh 521185, India",331748.5,49.33,IgnitionOn,1,45.63,140.1,4,-113
258287d9-9477-4e5b-afb1-bb1e9c9c756b-17,EDC_BS6_PERIODIC,2025-12-06 03:30:32,2025-12-07 14:07:42,16.769832,80.2737216,12707,8252,FixOK,A,ObV5CS1912,T417F6b453,"NH65, Nandigama, Andhra Pradesh 521185, India",331748.625,50.12,IgnitionOn,1,45.63,137.39,4,-113
258287d9-9477-4e5b-afb1-bb1e9c9c756b-18,EDC_BS6_PERIODIC,2025-12-06 03:30:38,2025-12-07 14:07:42,16.769256,80.2742912,12708,8252,FixOK,A,ObV5CS1912,T417F6b453,"NH65, Nandigama, Andhra Pradesh 521185, India",331748.75,52.39,IgnitionOn,1,45.217,135.89,4,-113
258287d9-9477-4e5b-afb1-bb1e9c9c756b-19,EDC_BS6_PERIODIC,2025-12-06 03:30:44,2025-12-07 14:07:42,16.7686624,80.2749056,12709,8252,FixOK,A,ObV5CS1912,T417F6b453,"NH65, Nandigama, Andhra Pradesh 521185, India",331748.875,55.64,IgnitionOn,1,44.169,135.1,4,-113
258287d9-9477-4e5b-afb1-bb1e9c9c756b-20,EDC_BS6_PERIODIC,2025-12-06 03:30:50,2025-12-07 14:07:42,16.7680336,80.2755264,12710,8252,FixOK,A,ObV5CS1912,T417F6b453,"NH65, Nandigama, Andhra Pradesh 521185, India",331748.875,59.11,IgnitionOn,1,43.529,136.3,3,-113
258287d9-9477-4e5b-afb1-bb1e9c9c756b-21,EDC_BS6_PERIODIC,2025-12-06 03:30:56,2025-12-07 14:07:42,16.7674064,80.27616,12711,8252,FixOK,A,ObV5CS1912,T417F6b453,"NH65, Nandigama, Andhra Pradesh 521185, India",331749,60.12,IgnitionOn,1,43.669,135.6,4,-113
258287d9-9477-4e5b-afb1-bb1e9c9c756b-22,EDC_BS6_PERIODIC,2025-12-06 03:31:02,2025-12-07 14:07:42,16.7667824,80.2768,12712,8252,FixOK,A,ObV5CS1912,T417F6b453,"NH65, Nandigama, Andhra Pradesh 521185, India",331749.125,58.86,IgnitionOn,1,43.509,135.89,4,-113
258287d9-9477-4e5b-afb1-bb1e9c9c756b-23,EDC_BS6_PERIODIC,2025-12-06 03:31:08,2025-12-07 14:07:42,16.7661616,80.277408,12713,8252,FixOK,A,ObV5CS1912,T417F6b453,"NH65, Nandigama, Andhra Pradesh 521185, India",331749.25,58.05,IgnitionOn,1,43.33,136.6,4,-113
258287d9-9477-4e5b-afb1-bb1e9c9c756b-24,EDC_BS6_PERIODIC,2025-12-06 03:31:14,2025-12-07 14:07:42,16.7655968,80.2779648,12714,8252,FixOK,A,ObV5CS1912,T417F6b453,"22-65/D, Sri Ramalingeswara Nagar, Sub Post Office Area, Sri Ramalingeswara Nagar, Nandigama, Andhra Pradesh 521185, India",331749.375,53.66,IgnitionOn,1,43.349,135.8,5,-113
258287d9-9477-4e5b-afb1-bb1e9c9c756b-25,EDC_BS6_PERIODIC,2025-12-06 03:31:20,2025-12-07 14:07:42,16.765096,80.2784576,12715,8252,FixOK,A,ObV5CS1912,T417F6b453,"24-86/3, Chandapuram 'x' Road, Chandapuram Rd, Nandigama, Andhra Pradesh 521185, India",331749.375,47.38,IgnitionOn,1,43.069,136,4,-113
258287d9-9477-4e5b-afb1-bb1e9c9c756b-26,EDC_BS6_PERIODIC,2025-12-06 03:31:26,2025-12-07 14:07:42,16.7646368,80.2788992,12716,8252,FixOK,A,ObV5CS1912,T417F6b453,"22-63/2, Chandarlapadu Rd, Patamata Bazar, Nandigama, Andhra Pradesh 521185, India",331749.5,43.48,IgnitionOn,1,42.569,137.6,5,-113
258287d9-9477-4e5b-afb1-bb1e9c9c756b-27,EDC_BS6_PERIODIC,2025-12-06 03:31:32,2025-12-07 14:07:42,16.7642208,80.2793088,12717,8252,FixOK,A,ObV5CS1912,T417F6b453,"22-63/2, Chandarlapadu Rd, Patamata Bazar, Nandigama, Andhra Pradesh 521185, India",331749.5,39.95,IgnitionOn,1,42.18,135.3,5,-113
258287d9-9477-4e5b-afb1-bb1e9c9c756b-28,EDC_BS6_PERIODIC,2025-12-06 03:31:38,2025-12-07 14:07:42,16.76384,80.2797056,12718,8252,FixOK,A,ObV5CS1912,T417F6b453,"51 Ayyappa Samay Road, Sri Ramalingeswara Nagar, Nandigama, Andhra Pradesh 521185, India",331749.625,37.83,IgnitionOn,1,42.08,135.39,4,-113
258287d9-9477-4e5b-afb1-bb1e9c9c756b-29,EDC_BS6_PERIODIC,2025-12-06 03:31:44,2025-12-07 14:07:42,16.7634352,80.280128,12719,8252,FixOK,A,ObV5CS1912,T417F6b453,"Vijayawada - Hyderabad Hwy, Sri Ramalingeswara Nagar, Nandigama, Andhra Pradesh 521185, India",331749.75,39.39,IgnitionOn,1,42,135.3,4,-113
258287d9-9477-4e5b-afb1-bb1e9c9c756b-30,EDC_BS6_PERIODIC,2025-12-06 03:31:50,2025-12-07 14:07:42,16.7629376,80.28064,12720,8252,FixOK,A,ObV5CS1912,T417F6b453,"Vijayawada - Hyderabad Hwy, Sri Ramalingeswara Nagar, Nandigama, Andhra Pradesh 521185, India",331749.75,46.29,IgnitionOn,1,41.849,135.8,4,-113
258287d9-9477-4e5b-afb1-bb1e9c9c756b-31,EDC_BS6_PERIODIC,2025-12-06 03:31:56,2025-12-07 14:07:42,16.762416,80.2811648,12721,8252,FixOK,A,ObV5CS1912,T417F6b453,"Vijayawada - Hyderabad Hwy, Sri Ramalingeswara Nagar, Nandigama, Andhra Pradesh 521185, India",331749.875,50.22,IgnitionOn,1,40.889,136,4,-113
258287d9-9477-4e5b-afb1-bb1e9c9c756b-32,EDC_BS6_PERIODIC,2025-12-06 03:32:02,2025-12-07 14:07:42,16.7618592,80.2817216,12722,8252,FixOK,A,ObV5CS1912,T417F6b453,"Vijayawada - Hyderabad Hwy, Sri Ramalingeswara Nagar, Nandigama, Andhra Pradesh 521185, India",331750,52.13,IgnitionOn,1,39.979,135.1,4,-113
258287d9-9477-4e5b-afb1-bb1e9c9c756b-33,EDC_BS6_PERIODIC,2025-12-06 03:32:08,2025-12-07 14:07:42,16.7612784,80.2823168,12723,8252,FixOK,A,ObV5CS1912,T417F6b453,"Vijayawada - Hyderabad Hwy, Sri Ramalingeswara Nagar, Nandigama, Andhra Pradesh 521185, India",331750,55.18,IgnitionOn,1,38.569,135.69,4,-113
258287d9-9477-4e5b-afb1-bb1e9c9c756b-34,EDC_BS6_PERIODIC,2025-12-06 03:32:14,2025-12-07 14:07:42,16.7606864,80.2829568,12724,8252,FixOK,A,ObV5CS1912,T417F6b453,"Vijayawada - Hyderabad Hwy, Sri Ramalingeswara Nagar, Nandigama, Andhra Pradesh 521185, India",331750.125,58.41,IgnitionOn,1,36.79,133.5,4,-113
258287d9-9477-4e5b-afb1-bb1e9c9c756b-35,EDC_BS6_PERIODIC,2025-12-06 03:32:20,2025-12-07 14:07:42,16.7600944,80.2835712,12725,8252,FixOK,A,ObV5CS1912,T417F6b453,"Vijayawada - Hyderabad Hwy, Sri Ramalingeswara Nagar, Nandigama, Andhra Pradesh 521185, India",331750.25,57.39,IgnitionOn,1,35.24,135.8,4,-113
258287d9-9477-4e5b-afb1-bb1e9c9c756b-36,EDC_BS6_PERIODIC,2025-12-06 03:32:26,2025-12-07 14:07:42,16.7595152,80.2841856,12726,8252,FixOK,A,ObV5CS1912,T417F6b453,"Vijayawada - Hyderabad Hwy, Sri Ramalingeswara Nagar, Nandigama, Andhra Pradesh 521185, India",331750.375,57.08,IgnitionOn,1,34.261,134.6,4,-113
258287d9-9477-4e5b-afb1-bb1e9c9c756b-37,EDC_BS6_PERIODIC,2025-12-06 03:32:32,2025-12-07 14:07:42,16.7589888,80.2848384,12727,8252,FixOK,A,ObV5CS1912,T417F6b453,"Q75P+G4 Nandigama, Andhra Pradesh, India",331750.375,55.16,IgnitionOn,1,31.989,130.1,4,-113
258287d9-9477-4e5b-afb1-bb1e9c9c756b-38,EDC_BS6_PERIODIC,2025-12-06 03:32:38,2025-12-07 14:07:42,16.7585968,80.2855168,12728,8252,FixOK,A,ObV5CS1912,T417F6b453,"Vijayawada - Hyderabad Hwy, Sri Ramalingeswara Nagar, Nandigama, Andhra Pradesh 521185, India",331750.5,53.66,IgnitionOn,1,30.639,115.69,4,-113
258287d9-9477-4e5b-afb1-bb1e9c9c756b-39,EDC_BS6_PERIODIC,2025-12-06 03:32:44,2025-12-07 14:07:42,16.7583184,80.286208,12729,8252,FixOK,A,ObV5CS1912,T417F6b453,"Vijayawada - Hyderabad Hwy, Sri Ramalingeswara Nagar, Nandigama, Andhra Pradesh 521185, India",331750.625,49.55,IgnitionOn,1,29.979,112.9,4,-113
258287d9-9477-4e5b-afb1-bb1e9c9c756b-40,EDC_BS6_PERIODIC,2025-12-06 03:32:50,2025-12-07 14:07:42,16.7581104,80.2868544,12730,8252,FixOK,A,ObV5CS1912,T417F6b453,"Vijayawada - Hyderabad Hwy, Sri Ramalingeswara Nagar, Nandigama, Andhra Pradesh 521185, India",331750.75,45.73,IgnitionOn,1,29.559,107.4,4,-113
258287d9-9477-4e5b-afb1-bb1e9c9c756b-41,EDC_BS6_PERIODIC,2025-12-06 03:32:56,2025-12-07 14:07:42,16.7579872,80.287456,12731,8252,FixOK,A,ObV5CS1912,T417F6b453,"Vijayawada - Hyderabad Hwy, Sri Ramalingeswara Nagar, Nandigama, Andhra Pradesh 521185, India",331750.75,41.46,IgnitionOn,1,29.2,103,5,-113
258287d9-9477-4e5b-afb1-bb1e9c9c756b-42,EDC_BS6_PERIODIC,2025-12-06 03:33:02,2025-12-07 14:07:42,16.7579744,80.2880128,12732,8252,FixOK,A,ObV5CS1912,T417F6b453,"Vijayawada - Hyderabad Hwy, Sri Ramalingeswara Nagar, Nandigama, Andhra Pradesh 521185, India",331750.875,37.54,IgnitionOn,1,28.895,94.9,5,-113
258287d9-9477-4e5b-afb1-bb1e9c9c756b-43,EDC_BS6_PERIODIC,2025-12-06 03:33:08,2025-12-07 14:07:42,16.7579728,80.2886144,12733,8252,FixOK,A,ObV5CS1912,T417F6b453,"Vijayawada - Hyderabad Hwy, Sri Ramalingeswara Nagar, Nandigama, Andhra Pradesh 521185, India",331750.875,38.59,IgnitionOn,1,27.639,92.5,5,-113
258287d9-9477-4e5b-afb1-bb1e9c9c756b-44,EDC_BS6_PERIODIC,2025-12-06 03:33:14,2025-12-07 14:07:42,16.757952,80.2892224,12734,8252,FixOK,A,ObV5CS1912,T417F6b453,"Vijayawada - Hyderabad Hwy, Sri Ramalingeswara Nagar, Nandigama, Andhra Pradesh 521185, India",331751,40.13,IgnitionOn,1,26.989,93.5,5,-113
258287d9-9477-4e5b-afb1-bb1e9c9c756b-45,EDC_BS6_PERIODIC,2025-12-06 03:33:20,2025-12-07 14:07:42,16.7579504,80.2898688,12735,8252,FixOK,A,ObV5CS1912,T417F6b453,"Vijayawada - Hyderabad Hwy, Sri Ramalingeswara Nagar, Nandigama, Andhra Pradesh 521185, India",331751,41.91,IgnitionOn,1,26.209,91.4,5,-113
258287d9-9477-4e5b-afb1-bb1e9c9c756b-46,EDC_BS6_PERIODIC,2025-12-06 03:33:26,2025-12-07 14:07:42,16.7579296,80.2905472,12736,8252,FixOK,A,ObV5CS1912,T417F6b453,"Vijayawada - Hyderabad Hwy, Sri Ramalingeswara Nagar, Nandigama, Andhra Pradesh 521185, India",331751.125,45.17,IgnitionOn,1,25.6,92.3,4,-113
258287d9-9477-4e5b-afb1-bb1e9c9c756b-47,EDC_BS6_PERIODIC,2025-12-06 03:33:32,2025-12-07 14:07:42,16.7578976,80.2911296,12737,8252,FixOK,A,ObV5CS1912,T417F6b453,"Vijayawada - Hyderabad Hwy, Sri Ramalingeswara Nagar, Nandigama, Andhra Pradesh 521185, India",331751.25,37.86,IgnitionOn,1,25.319,92.9,5,-113
258287d9-9477-4e5b-afb1-bb1e9c9c756b-48,EDC_BS6_PERIODIC,2025-12-06 03:33:38,2025-12-07 14:07:42,16.7578768,80.2916544,12738,8252,FixOK,A,ObV5CS1912,T417F6b453,"Main Road Main Road, Nandigama, Andhra Pradesh 521185, India",331751.25,36.06,IgnitionOn,1,25.267,90.09,4,-113
258287d9-9477-4e5b-afb1-bb1e9c9c756b-49,EDC_BS6_PERIODIC,2025-12-06 03:33:44,2025-12-07 14:07:42,16.7578928,80.2921344,12739,8252,FixOK,A,ObV5CS1912,T417F6b453,"Main Road Main Road, Nandigama, Andhra Pradesh 521185, India",331751.375,32.85,IgnitionOn,1,25.09,89.9,4,-113
258287d9-9477-4e5b-afb1-bb1e9c9c756b-50,EDC_BS6_PERIODIC,2025-12-06 03:33:50,2025-12-07 14:07:42,16.7578896,80.2924416,12740,8252,FixOK,A,ObV5CS1912,T417F6b453,"Main Road Main Road, Nandigama, Andhra Pradesh 521185, India",331751.375,18.38,IgnitionOn,1,24.86,88.09,5,-113
51f7e0dd-b6a2-47b7-8ef7-8bd5108d0ab6-1,EDC_BS6_PERIODIC,2025-12-06 03:33:56,2025-12-07 14:08:03,16.7578464,80.292704,12741,8252,FixOK,A,ObV5CS1912,T417F6b453,"Vijayawada - Hyderabad Hwy, Sri Ramalingeswara Nagar, Nandigama, Andhra Pradesh 521185, India",331751.375,18.28,IgnitionOn,1,24.629,94.9,5,-113
51f7e0dd-b6a2-47b7-8ef7-8bd5108d0ab6-2,EDC_BS6_PERIODIC,2025-12-06 03:34:02,2025-12-07 14:08:03,16.7577504,80.2930816,12742,8252,FixOK,A,ObV5CS1912,T417F6b453,"Vijayawada - Hyderabad Hwy, Sri Ramalingeswara Nagar, Nandigama, Andhra Pradesh 521185, India",331751.5,25.48,IgnitionOn,1,24.03,103.59,5,-113
51f7e0dd-b6a2-47b7-8ef7-8bd5108d0ab6-3,EDC_BS6_PERIODIC,2025-12-06 03:34:08,2025-12-07 14:08:03,16.757592,80.2935936,12743,8252,FixOK,A,ObV5CS1912,T417F6b453,"Vijayawada - Hyderabad Hwy, Sri Ramalingeswara Nagar, Nandigama, Andhra Pradesh 521185, India",331751.5,35.64,IgnitionOn,1,23.43,108.4,4,-113
51f7e0dd-b6a2-47b7-8ef7-8bd5108d0ab6-4,EDC_BS6_PERIODIC,2025-12-06 03:34:14,2025-12-07 14:08:03,16.7573664,80.2941696,12744,8252,FixOK,A,ObV5CS1912,T417F6b453,"Vijayawada - Hyderabad Hwy, Sri Ramalingeswara Nagar, Nandigama, Andhra Pradesh 521185, India",331751.625,41.21,IgnitionOn,1,23.027,112.5,5,-113
51f7e0dd-b6a2-47b7-8ef7-8bd5108d0ab6-5,EDC_BS6_PERIODIC,2025-12-06 03:34:20,2025-12-07 14:08:03,16.7571568,80.294624,12745,8252,FixOK,A,ObV5CS1912,T417F6b453,"Vijayawada - Hyderabad Hwy, Sri Ramalingeswara Nagar, Nandigama, Andhra Pradesh 521185, India",331751.625,41.61,IgnitionOn,1,21.94,116.5,4,-113
51f7e0dd-b6a2-47b7-8ef7-8bd5108d0ab6-6,EDC_BS6_PERIODIC,2025-12-06 03:34:26,2025-12-07 14:08:03,16.7571568,80.294624,12746,8252,FixOK,A,ObV5CS1912,T417F6b453,"Vijayawada - Hyderabad Hwy, Sri Ramalingeswara Nagar, Nandigama, Andhra Pradesh 521185, India",331751.75,41.03,IgnitionOn,1,21.94,116.5,4,-113
51f7e0dd-b6a2-47b7-8ef7-8bd5108d0ab6-7,EDC_BS6_PERIODIC,2025-12-06 03:34:32,2025-12-07 14:08:03,16.7565584,80.2955648,12747,8252,FixOK,V,ObV5CS1912,T417F6b453,"Hyderabad - Vijayawada Hwy, Andhra Pradesh 521185, India",331751.75,28.89,IgnitionOn,1,21.549,116.5,2,-113
51f7e0dd-b6a2-47b7-8ef7-8bd5108d0ab6-8,EDC_BS6_PERIODIC,2025-12-06 03:34:38,2025-12-07 14:08:03,16.7563232,80.295744,12748,8252,FixOK,V,ObV5CS1912,T417F6b453,"Hyderabad - Vijayawada Hwy, Andhra Pradesh 521185, India",331751.875,16.85,IgnitionOn,1,21.45,116.5,2,-113
51f7e0dd-b6a2-47b7-8ef7-8bd5108d0ab6-9,EDC_BS6_PERIODIC,2025-12-06 03:34:44,2025-12-07 14:08:03,16.7561376,80.29584,12749,8252,FixOK,V,ObV5CS1912,T417F6b453,"Hyderabad - Vijayawada Hwy, Andhra Pradesh 521185, India",331751.875,9.27,IgnitionOn,1,21.34,116.5,2,-113
51f7e0dd-b6a2-47b7-8ef7-8bd5108d0ab6-10,EDC_BS6_PERIODIC,2025-12-06 03:34:50,2025-12-07 14:08:03,16.7561376,80.29584,12750,8252,FixOK,V,ObV5CS1912,T417F6b453,"Hyderabad - Vijayawada Hwy, Andhra Pradesh 521185, India",331751.875,4.86,IgnitionOn,1,21.34,116.5,2,-113
51f7e0dd-b6a2-47b7-8ef7-8bd5108d0ab6-11,EDC_BS6_PERIODIC,2025-12-06 03:34:56,2025-12-07 14:08:03,16.7561376,80.29584,12751,8252,FixOK,V,ObV5CS1912,T417F6b453,"Hyderabad - Vijayawada Hwy, Andhra Pradesh 521185, India",331751.875,8.65,IgnitionOn,1,21.34,116.5,2,-113
51f7e0dd-b6a2-47b7-8ef7-8bd5108d0ab6-13,EDC_BS6_PERIODIC,2025-12-06 03:35:02,2025-12-07 14:08:03,16.7561376,80.29584,12752,8252,FixOK,V,ObV5CS1912,T417F6b453,"Hyderabad - Vijayawada Hwy, Andhra Pradesh 521185, India",331751.875,12.99,IgnitionOn,1,21.34,116.5,2,-113
51f7e0dd-b6a2-47b7-8ef7-8bd5108d0ab6-14,EDC_BS6_PERIODIC,2025-12-06 03:35:08,2025-12-07 14:08:03,16.7561376,80.29584,12753,8252,FixOK,V,ObV5CS1912,T417F6b453,"Hyderabad - Vijayawada Hwy, Andhra Pradesh 521185, India",331751.875,13.12,IgnitionOn,1,21.34,116.5,2,-113
51f7e0dd-b6a2-47b7-8ef7-8bd5108d0ab6-15,EDC_BS6_PERIODIC,2025-12-06 03:35:14,2025-12-07 14:08:03,16.7561376,80.29584,12754,8252,FixOK,V,ObV5CS1912,T417F6b453,"Hyderabad - Vijayawada Hwy, Andhra Pradesh 521185, India",331751.875,8.48,IgnitionOn,1,21.34,116.5,2,-113
51f7e0dd-b6a2-47b7-8ef7-8bd5108d0ab6-16,EDC_BS6_PERIODIC,2025-12-06 03:35:20,2025-12-07 14:08:03,16.7561376,80.29584,12755,8252,FixOK,V,ObV5CS1912,T417F6b453,"Hyderabad - Vijayawada Hwy, Andhra Pradesh 521185, India",331752,14.97,IgnitionOn,1,21.34,116.5,2,-113
51f7e0dd-b6a2-47b7-8ef7-8bd5108d0ab6-17,EDC_BS6_PERIODIC,2025-12-06 03:35:26,2025-12-07 14:08:03,16.7561376,80.29584,12756,8252,FixOK,V,ObV5CS1912,T417F6b453,"Hyderabad - Vijayawada Hwy, Andhra Pradesh 521185, India",331752,17.33,IgnitionOn,1,21.34,116.5,2,-113
51f7e0dd-b6a2-47b7-8ef7-8bd5108d0ab6-18,EDC_BS6_PERIODIC,2025-12-06 03:35:32,2025-12-07 14:08:03,16.7561376,80.29584,12757,8252,FixOK,V,ObV5CS1912,T417F6b453,"Hyderabad - Vijayawada Hwy, Andhra Pradesh 521185, India",331752,25.73,IgnitionOn,1,21.34,116.5,2,-113
51f7e0dd-b6a2-47b7-8ef7-8bd5108d0ab6-19,EDC_BS6_PERIODIC,2025-12-06 03:35:38,2025-12-07 14:08:03,16.7561376,80.29584,12758,8252,FixOK,V,ObV5CS1912,T417F6b453,"Hyderabad - Vijayawada Hwy, Andhra Pradesh 521185, India",331752.125,31.64,IgnitionOn,1,21.34,116.5,2,-113
51f7e0dd-b6a2-47b7-8ef7-8bd5108d0ab6-20,EDC_BS6_PERIODIC,2025-12-06 03:35:44,2025-12-07 14:08:03,16.7561376,80.29584,12759,8252,FixOK,V,ObV5CS1912,T417F6b453,"Hyderabad - Vijayawada Hwy, Andhra Pradesh 521185, India",331752.125,22.29,IgnitionOn,1,21.34,116.5,2,-113
51f7e0dd-b6a2-47b7-8ef7-8bd5108d0ab6-21,EDC_BS6_PERIODIC,2025-12-06 03:35:50,2025-12-07 14:08:03,16.7561376,80.29584,12760,8252,FixOK,V,ObV5CS1912,T417F6b453,"Hyderabad - Vijayawada Hwy, Andhra Pradesh 521185, India",331752.125,14.25,IgnitionOn,1,21.34,116.5,2,-113
51f7e0dd-b6a2-47b7-8ef7-8bd5108d0ab6-22,EDC_BS6_PERIODIC,2025-12-06 03:35:56,2025-12-07 14:08:03,16.7561376,80.29584,12761,8252,FixOK,V,ObV5CS1912,T417F6b453,"Hyderabad - Vijayawada Hwy, Andhra Pradesh 521185, India",331752.125,2.98,IgnitionOn,1,21.34,116.5,2,-113
51f7e0dd-b6a2-47b7-8ef7-8bd5108d0ab6-23,EDC_BS6_PERIODIC,2025-12-06 03:36:02,2025-12-07 14:08:03,16.7561376,80.29584,12762,8252,FixOK,V,ObV5CS1912,T417F6b453,"Hyderabad - Vijayawada Hwy, Andhra Pradesh 521185, India",331752.125,5.89,IgnitionOn,1,21.34,116.5,2,-113
51f7e0dd-b6a2-47b7-8ef7-8bd5108d0ab6-24,EDC_BS6_PERIODIC,2025-12-06 03:36:08,2025-12-07 14:08:03,16.7561376,80.29584,12763,8252,FixOK,V,ObV5CS1912,T417F6b453,"Hyderabad - Vijayawada Hwy, Andhra Pradesh 521185, India",331752.125,12.45,IgnitionOn,1,21.34,116.5,2,-113
51f7e0dd-b6a2-47b7-8ef7-8bd5108d0ab6-25,EDC_BS6_PERIODIC,2025-12-06 03:36:14,2025-12-07 14:08:03,16.7561376,80.29584,12764,8252,FixOK,V,ObV5CS1912,T417F6b453,"Hyderabad - Vijayawada Hwy, Andhra Pradesh 521185, India",331752.25,18.23,IgnitionOn,1,21.34,116.5,2,-113
51f7e0dd-b6a2-47b7-8ef7-8bd5108d0ab6-26,EDC_BS6_PERIODIC,2025-12-06 03:36:20,2025-12-07 14:08:03,16.7561376,80.29584,12765,8252,FixOK,V,ObV5CS1912,T417F6b453,"Hyderabad - Vijayawada Hwy, Andhra Pradesh 521185, India",331752.25,26.59,IgnitionOn,1,21.34,157.1,5,-113
51f7e0dd-b6a2-47b7-8ef7-8bd5108d0ab6-27,EDC_BS6_PERIODIC,2025-12-06 03:36:26,2025-12-07 14:08:03,16.7529264,80.297856,12766,8252,FixOK,A,ObV5CS1912,T417F6b453,"Hyderabad - Vijayawada Hwy, Andhra Pradesh 521185, India",331752.25,24.16,IgnitionOn,1,27.94,159.5,4,-113
51f7e0dd-b6a2-47b7-8ef7-8bd5108d0ab6-28,EDC_BS6_PERIODIC,2025-12-06 03:36:32,2025-12-07 14:08:03,16.7526752,80.29792,12767,8252,FixOK,A,ObV5CS1912,T417F6b453,"Hyderabad - Vijayawada Hwy, Andhra Pradesh 521185, India",331752.375,9.41,IgnitionOn,1,26.52,169.1,4,-113
51f7e0dd-b6a2-47b7-8ef7-8bd5108d0ab6-29,EDC_BS6_PERIODIC,2025-12-06 03:36:38,2025-12-07 14:08:03,16.7524528,80.2980096,12768,8252,FixOK,A,ObV5CS1912,T417F6b453,"Vijayawada - Hyderabad Hwy, Andhra Pradesh 521185, India",331752.375,16.2,IgnitionOn,1,25.847,158.89,5,-113
51f7e0dd-b6a2-47b7-8ef7-8bd5108d0ab6-30,EDC_BS6_PERIODIC,2025-12-06 03:36:44,2025-12-07 14:08:03,16.7522096,80.298144,12769,8252,FixOK,A,ObV5CS1912,T417F6b453,"Vijayawada - Hyderabad Hwy, Andhra Pradesh 521185, India",331752.375,24.57,IgnitionOn,1,24.829,155.5,4,-113
51f7e0dd-b6a2-47b7-8ef7-8bd5108d0ab6-31,EDC_BS6_PERIODIC,2025-12-06 03:36:50,2025-12-07 14:08:03,16.751888,80.298304,12770,8252,FixOK,A,ObV5CS1912,T417F6b453,"Vijayawada - Hyderabad Hwy, Andhra Pradesh 521185, India",331752.375,21.75,IgnitionOn,1,25.53,161.69,4,-113
51f7e0dd-b6a2-47b7-8ef7-8bd5108d0ab6-32,EDC_BS6_PERIODIC,2025-12-06 03:36:56,2025-12-07 14:08:03,16.7516288,80.2983808,12771,8252,FixOK,A,ObV5CS1912,T417F6b453,"Vijayawada - Hyderabad Hwy, Andhra Pradesh 521185, India",331752.5,9.84,IgnitionOn,1,25.649,168.39,5,-113
51f7e0dd-b6a2-47b7-8ef7-8bd5108d0ab6-33,EDC_BS6_PERIODIC,2025-12-06 03:37:02,2025-12-07 14:08:03,16.7515056,80.2984384,12772,8252,FixOK,A,ObV5CS1912,T417F6b453,"Vijayawada - Hyderabad Hwy, Andhra Pradesh 521185, India",331752.5,6.37,IgnitionOn,1,25.309,160.1,5,-113
51f7e0dd-b6a2-47b7-8ef7-8bd5108d0ab6-34,EDC_BS6_PERIODIC,2025-12-06 03:37:08,2025-12-07 14:08:03,16.7514528,80.2984832,12773,8252,FixOK,A,ObV5CS1912,T417F6b453,"Vijayawada - Hyderabad Hwy, Andhra Pradesh 521185, India",331752.5,11.29,IgnitionOn,1,25.309,153.19,5,-113
51f7e0dd-b6a2-47b7-8ef7-8bd5108d0ab6-35,EDC_BS6_PERIODIC,2025-12-06 03:37:14,2025-12-07 14:08:03,16.7513456,80.2985216,12774,8252,FixOK,A,ObV5CS1912,T417F6b453,"Hyderabad - Vijayawada Hwy, Andhra Pradesh 521185, India",331752.5,18.1,IgnitionOn,1,25.613,165.5,4,-113
51f7e0dd-b6a2-47b7-8ef7-8bd5108d0ab6-36,EDC_BS6_PERIODIC,2025-12-06 03:37:20,2025-12-07 14:08:03,16.751104,80.298688,12775,8252,FixOK,A,ObV5CS1912,T417F6b453,"Hyderabad - Vijayawada Hwy, Andhra Pradesh 521185, India",331752.5,28.3,IgnitionOn,1,26.569,144,5,-113
51f7e0dd-b6a2-47b7-8ef7-8bd5108d0ab6-37,EDC_BS6_PERIODIC,2025-12-06 03:37:26,2025-12-07 14:08:03,16.7507984,80.298912,12776,8252,FixOK,A,ObV5CS1912,T417F6b453,"Hyderabad - Vijayawada Hwy, Andhra Pradesh 521185, India",331752.625,32.26,IgnitionOn,1,25.899,144.8,5,-113
51f7e0dd-b6a2-47b7-8ef7-8bd5108d0ab6-38,EDC_BS6_PERIODIC,2025-12-06 03:37:32,2025-12-07 14:08:03,16.7503776,80.2991616,12777,8252,FixOK,A,ObV5CS1912,T417F6b453,"Hyderabad - Vijayawada Hwy, Andhra Pradesh 521185, India",331752.625,39.3,IgnitionOn,1,24.739,149.3,5,-113
51f7e0dd-b6a2-47b7-8ef7-8bd5108d0ab6-39,EDC_BS6_PERIODIC,2025-12-06 03:37:38,2025-12-07 14:08:03,16.7498384,80.2994816,12778,8252,FixOK,A,ObV5CS1912,T417F6b453,"Hyderabad - Vijayawada Hwy, Andhra Pradesh 521185, India",331752.75,41.3,IgnitionOn,1,23.61,149.19,5,-113
51f7e0dd-b6a2-47b7-8ef7-8bd5108d0ab6-40,EDC_BS6_PERIODIC,2025-12-06 03:37:44,2025-12-07 14:08:03,16.7492784,80.2998272,12779,8252,FixOK,A,ObV5CS1912,T417F6b453,"Hyderabad - Vijayawada Hwy, Andhra Pradesh 521185, India",331752.75,44.1,IgnitionOn,1,23.409,148,5,-113
51f7e0dd-b6a2-47b7-8ef7-8bd5108d0ab6-41,EDC_BS6_PERIODIC,2025-12-06 03:37:50,2025-12-07 14:08:03,16.7487344,80.3001472,12780,8252,FixOK,A,ObV5CS1912,T417F6b453,"Hyderabad - Vijayawada Hwy, Andhra Pradesh 521185, India",331752.875,43.86,IgnitionOn,1,23.219,150.8,5,-113
51f7e0dd-b6a2-47b7-8ef7-8bd5108d0ab6-42,EDC_BS6_PERIODIC,2025-12-06 03:37:56,2025-12-07 14:08:03,16.7482096,80.3004416,12781,8252,FixOK,A,ObV5CS1912,T417F6b453,"P8W2+WF3, Ithavaram, Andhra Pradesh 521185, India",331753,43.26,IgnitionOn,1,22.709,152,5,-113
51f7e0dd-b6a2-47b7-8ef7-8bd5108d0ab6-43,EDC_BS6_PERIODIC,2025-12-06 03:38:02,2025-12-07 14:08:03,16.7476352,80.3007488,12782,8252,FixOK,A,ObV5CS1912,T417F6b453,"Hyderabad - Vijayawada Hwy, Andhra Pradesh 521185, India",331753,42.27,IgnitionOn,1,22.389,152,5,-113
51f7e0dd-b6a2-47b7-8ef7-8bd5108d0ab6-44,EDC_BS6_PERIODIC,2025-12-06 03:38:08,2025-12-07 14:08:03,16.7470256,80.3010688,12783,8252,FixOK,A,ObV5CS1912,T417F6b453,"P8W2+WF3, Ithavaram, Andhra Pradesh 521185, India",331753,44.14,IgnitionOn,1,22.239,151.69,5,-113
51f7e0dd-b6a2-47b7-8ef7-8bd5108d0ab6-45,EDC_BS6_PERIODIC,2025-12-06 03:38:14,2025-12-07 14:08:03,16.746384,80.3014336,12784,8252,FixOK,A,ObV5CS1912,T417F6b453,"Vijayawada - Hyderabad Hwy, Andhra Pradesh 521185, India",331753.125,46.06,IgnitionOn,1,22.139,148.5,5,-113
51f7e0dd-b6a2-47b7-8ef7-8bd5108d0ab6-46,EDC_BS6_PERIODIC,2025-12-06 03:38:20,2025-12-07 14:08:03,16.7458,80.30176,12785,8252,FixOK,A,ObV5CS1912,T417F6b453,"P8W2+3GX, NH 65, Ambarupeta, Andhra Pradesh 521185, India",331753.25,44.74,IgnitionOn,1,21.909,155.3,4,-113
51f7e0dd-b6a2-47b7-8ef7-8bd5108d0ab6-47,EDC_BS6_PERIODIC,2025-12-06 03:38:26,2025-12-07 14:08:03,16.7452128,80.3020096,12786,8252,FixOK,A,ObV5CS1912,T417F6b453,"Shop No 4, 114, Ambarupeta, Andhra Pradesh 521185, India",331753.25,42.82,IgnitionOn,1,21.541,159.3,5,-113
51f7e0dd-b6a2-47b7-8ef7-8bd5108d0ab6-48,EDC_BS6_PERIODIC,2025-12-06 03:38:32,2025-12-07 14:08:03,16.7446592,80.3021952,12787,8252,FixOK,A,ObV5CS1912,T417F6b453,"Shop No 4, 114, Ambarupeta, Andhra Pradesh 521185, India",331753.375,39.88,IgnitionOn,1,21.12,162.6,5,-113
51f7e0dd-b6a2-47b7-8ef7-8bd5108d0ab6-49,EDC_BS6_PERIODIC,2025-12-06 03:38:38,2025-12-07 14:08:03,16.7441136,80.3023296,12788,8252,FixOK,A,ObV5CS1912,T417F6b453,"114, Ambarupeta, Andhra Pradesh 521185, India",331753.5,38.95,IgnitionOn,1,21.799,166.89,4,-113
51f7e0dd-b6a2-47b7-8ef7-8bd5108d0ab6-50,EDC_BS6_PERIODIC,2025-12-06 03:38:44,2025-12-07 14:08:03,16.7435664,80.302464,12789,8252,FixOK,A,ObV5CS1912,T417F6b453,"114, Ambarupeta, Andhra Pradesh 521185, India",331753.5,38.42,IgnitionOn,1,22.17,166.6,4,-113
890b9e45-31eb-405e-8e18-5f2074dfc747-1,EDC_BS6_PERIODIC,2025-12-06 03:38:50,2025-12-07 14:08:22,16.7429536,80.3026048,12790,8252,FixOK,A,ObV5CS1912,T417F6b453,"Hyderabad - Vijayawada Hwy, Andhra Pradesh 521185, India",331753.625,41.12,IgnitionOn,1,22.53,167.1,4,-113
890b9e45-31eb-405e-8e18-5f2074dfc747-2,EDC_BS6_PERIODIC,2025-12-06 03:38:56,2025-12-07 14:08:22,16.7423312,80.302752,12791,8252,FixOK,A,ObV5CS1912,T417F6b453,"Vijayawada - Hyderabad Hwy, Andhra Pradesh 521185, India",331753.625,41.87,IgnitionOn,1,22.489,169.8,4,-113
890b9e45-31eb-405e-8e18-5f2074dfc747-3,EDC_BS6_PERIODIC,2025-12-06 03:39:02,2025-12-07 14:08:22,16.7417104,80.3028544,12792,8252,FixOK,A,ObV5CS1912,T417F6b453,"Vijayawada - Hyderabad Hwy, Andhra Pradesh 521185, India",331753.75,41.87,IgnitionOn,1,22.647,170.69,4,-113
890b9e45-31eb-405e-8e18-5f2074dfc747-4,EDC_BS6_PERIODIC,2025-12-06 03:39:08,2025-12-07 14:08:22,16.7410816,80.3029248,12793,8252,FixOK,A,ObV5CS1912,T417F6b453,"Vijayawada - Hyderabad Hwy, Andhra Pradesh 521185, India",331753.75,41.16,IgnitionOn,1,22.77,172.8,5,-113
890b9e45-31eb-405e-8e18-5f2074dfc747-5,EDC_BS6_PERIODIC,2025-12-06 03:39:14,2025-12-07 14:08:22,16.740488,80.3030016,12794,8252,FixOK,A,ObV5CS1912,T417F6b453,"9, NH 65, Sanath Nagar, Vijayawada, Andhra Pradesh 520007, India",331753.875,40.79,IgnitionOn,1,23.149,173.69,4,-113
890b9e45-31eb-405e-8e18-5f2074dfc747-6,EDC_BS6_PERIODIC,2025-12-06 03:39:20,2025-12-07 14:08:22,16.7399232,80.3030912,12795,8252,FixOK,A,ObV5CS1912,T417F6b453,"9, NH 65, Sanath Nagar, Vijayawada, Andhra Pradesh 520007, India",331754,37.88,IgnitionOn,1,23.26,171.1,5,-113
890b9e45-31eb-405e-8e18-5f2074dfc747-7,EDC_BS6_PERIODIC,2025-12-06 03:39:26,2025-12-07 14:08:22,16.7394256,80.3032064,12796,8252,FixOK,A,ObV5CS1912,T417F6b453,"Ithavaram, 2-149, post, ambarupeta, Nandigama, Andhra Pradesh 521185, India",331754,36.07,IgnitionOn,1,22.68,167.5,4,-113
890b9e45-31eb-405e-8e18-5f2074dfc747-8,EDC_BS6_PERIODIC,2025-12-06 03:39:32,2025-12-07 14:08:22,16.7389184,80.30336,12797,8252,FixOK,A,ObV5CS1912,T417F6b453,"Ithavaram, 2-149, post, ambarupeta, Nandigama, Andhra Pradesh 521185, India",331754,39.37,IgnitionOn,1,22.11,163.8,4,-113
890b9e45-31eb-405e-8e18-5f2074dfc747-9,EDC_BS6_PERIODIC,2025-12-06 03:39:38,2025-12-07 14:08:22,16.7383376,80.303584,12798,8252,FixOK,A,ObV5CS1912,T417F6b453,"Vasantha Bhavan, NH65, Ithavaram, Andhra Pradesh 521183, India",331754.125,41.21,IgnitionOn,1,22.367,158.39,5,-113
890b9e45-31eb-405e-8e18-5f2074dfc747-10,EDC_BS6_PERIODIC,2025-12-06 03:39:44,2025-12-07 14:08:22,16.7377952,80.3039296,12799,8252,FixOK,A,ObV5CS1912,T417F6b453,"Vasantha Bhavan, NH65, Ithavaram, Andhra Pradesh 521183, India",331754.25,41.78,IgnitionOn,1,22.69,150.89,5,-113
890b9e45-31eb-405e-8e18-5f2074dfc747-11,EDC_BS6_PERIODIC,2025-12-06 03:39:50,2025-12-07 14:08:22,16.7373248,80.3043712,12800,8252,FixOK,A,ObV5CS1912,T417F6b453,"Vasantha Bhavan, NH65, Ithavaram, Andhra Pradesh 521183, India",331754.25,42.39,IgnitionOn,1,22.969,134.8,4,-113
890b9e45-31eb-405e-8e18-5f2074dfc747-12,EDC_BS6_PERIODIC,2025-12-06 03:39:56,2025-12-07 14:08:22,16.7368896,80.304864,12801,8252,FixOK,A,ObV5CS1912,T417F6b453,"Ithavaram, Ithavaram, Nandigama Mandal, Krishna District, NH65, Ithavaram, Andhra Pradesh 521185, India",331754.375,44.02,IgnitionOn,1,22.7,132,4,-113
890b9e45-31eb-405e-8e18-5f2074dfc747-13,EDC_BS6_PERIODIC,2025-12-06 03:40:02,2025-12-07 14:08:22,16.7364576,80.3053824,12802,8252,FixOK,A,ObV5CS1912,T417F6b453,"Ithavaram, Ithavaram, Nandigama Mandal, Krishna District, NH65, Ithavaram, Andhra Pradesh 521185, India",331754.375,44.95,IgnitionOn,1,21.989,131.3,4,-113
890b9e45-31eb-405e-8e18-5f2074dfc747-14,EDC_BS6_PERIODIC,2025-12-06 03:40:08,2025-12-07 14:08:22,16.7359984,80.30592,12803,8252,FixOK,A,ObV5CS1912,T417F6b453,"Hyderabad - Vijayawada Hwy, Ithavaram, Andhra Pradesh 521183, India",331754.5,46.68,IgnitionOn,1,21.35,132.39,4,-113
890b9e45-31eb-405e-8e18-5f2074dfc747-15,EDC_BS6_PERIODIC,2025-12-06 03:40:14,2025-12-07 14:08:22,16.7355392,80.3064576,12804,8252,FixOK,A,ObV5CS1912,T417F6b453,"Hyderabad - Vijayawada Hwy, Ithavaram, Andhra Pradesh 521183, India",331754.625,47.25,IgnitionOn,1,21.497,131.69,4,-113
890b9e45-31eb-405e-8e18-5f2074dfc747-16,EDC_BS6_PERIODIC,2025-12-06 03:40:20,2025-12-07 14:08:22,16.7350848,80.306976,12805,8252,FixOK,A,ObV5CS1912,T417F6b453,"Vijayawada - Hyderabad Hwy, Ithavaram, Andhra Pradesh 521183, India",331754.625,46.73,IgnitionOn,1,21.02,134.1,4,-113
890b9e45-31eb-405e-8e18-5f2074dfc747-17,EDC_BS6_PERIODIC,2025-12-06 03:40:26,2025-12-07 14:08:22,16.7346128,80.307424,12806,8252,FixOK,A,ObV5CS1912,T417F6b453,"Vijayawada - Hyderabad Hwy, Ithavaram, Andhra Pradesh 521183, India",331754.75,45.44,IgnitionOn,1,20.479,140.19,4,-113
890b9e45-31eb-405e-8e18-5f2074dfc747-18,EDC_BS6_PERIODIC,2025-12-06 03:40:32,2025-12-07 14:08:22,16.7341104,80.3077504,12807,8252,FixOK,A,ObV5CS1912,T417F6b453,"Hyderabad - Vijayawada Hwy, Ithavaram, Andhra Pradesh 521183, India",331754.875,42.97,IgnitionOn,1,19.69,149,4,-113
890b9e45-31eb-405e-8e18-5f2074dfc747-19,EDC_BS6_PERIODIC,2025-12-06 03:40:38,2025-12-07 14:08:22,16.7335936,80.3080384,12808,8252,FixOK,A,ObV5CS1912,T417F6b453,"Hyderabad - Vijayawada Hwy, Ithavaram, Andhra Pradesh 521183, India",331754.875,43.3,IgnitionOn,1,18.62,153.19,4,-113
890b9e45-31eb-405e-8e18-5f2074dfc747-20,EDC_BS6_PERIODIC,2025-12-06 03:40:44,2025-12-07 14:08:22,16.7330864,80.3083008,12809,8252,FixOK,A,ObV5CS1912,T417F6b453,"Hyderabad - Vijayawada Hwy, Ithavaram, Andhra Pradesh 521183, India",331755,45.31,IgnitionOn,1,18.25,152.89,5,-113
890b9e45-31eb-405e-8e18-5f2074dfc747-21,EDC_BS6_PERIODIC,2025-12-06 03:40:50,2025-12-07 14:08:22,16.7325568,80.308576,12810,8252,FixOK,A,ObV5CS1912,T417F6b453,"Hyderabad - Vijayawada Hwy, Ithavaram, Andhra Pradesh 521183, India",331755.125,45.82,IgnitionOn,1,18.173,156.5,5,-113
890b9e45-31eb-405e-8e18-5f2074dfc747-22,EDC_BS6_PERIODIC,2025-12-06 03:40:56,2025-12-07 14:08:22,16.7319408,80.308736,12811,8252,FixOK,A,ObV5CS1912,T417F6b453,"Hyderabad - Vijayawada Hwy, Ithavaram, Andhra Pradesh 521183, India",331755.125,45.27,IgnitionOn,1,17.5,166.69,4,-113
890b9e45-31eb-405e-8e18-5f2074dfc747-23,EDC_BS6_PERIODIC,2025-12-06 03:41:02,2025-12-07 14:08:22,16.7313104,80.3088704,12812,8252,FixOK,A,ObV5CS1912,T417F6b453,"Hyderabad - Vijayawada Hwy, Ithavaram, Andhra Pradesh 521183, India",331755.25,43.73,IgnitionOn,1,16.989,167.8,5,-113
890b9e45-31eb-405e-8e18-5f2074dfc747-24,EDC_BS6_PERIODIC,2025-12-06 03:41:08,2025-12-07 14:08:22,16.730688,80.309056,12813,8252,FixOK,A,ObV5CS1912,T417F6b453,"Hyderabad - Vijayawada Hwy, Ithavaram, Andhra Pradesh 521183, India",331755.25,41.1,IgnitionOn,1,17.52,162.19,5,-113
890b9e45-31eb-405e-8e18-5f2074dfc747-25,EDC_BS6_PERIODIC,2025-12-06 03:41:14,2025-12-07 14:08:22,16.7301056,80.3093504,12814,8252,FixOK,A,ObV5CS1912,T417F6b453,"NH65, Ithavaram, Andhra Pradesh 521183, India",331755.375,41.62,IgnitionOn,1,17.659,154.19,4,-113
890b9e45-31eb-405e-8e18-5f2074dfc747-26,EDC_BS6_PERIODIC,2025-12-06 03:41:20,2025-12-07 14:08:22,16.7295536,80.3097472,12815,8252,FixOK,A,ObV5CS1912,T417F6b453,"NH65, Ithavaram, Andhra Pradesh 521183, India",331755.5,43.5,IgnitionOn,1,17.93,142,5,-113
890b9e45-31eb-405e-8e18-5f2074dfc747-27,EDC_BS6_PERIODIC,2025-12-06 03:41:26,2025-12-07 14:08:22,16.7289984,80.310144,12816,8252,FixOK,A,ObV5CS1912,T417F6b453,"NH65, Ithavaram, Andhra Pradesh 521183, India",331755.5,44.34,IgnitionOn,1,17.785,143.69,4,-113
890b9e45-31eb-405e-8e18-5f2074dfc747-28,EDC_BS6_PERIODIC,2025-12-06 03:41:32,2025-12-07 14:08:22,16.7285008,80.310528,12817,8252,FixOK,A,ObV5CS1912,T417F6b453,"NH65, Ithavaram, Andhra Pradesh 521183, India",331755.625,42.26,IgnitionOn,1,17.17,144.3,5,-113
890b9e45-31eb-405e-8e18-5f2074dfc747-29,EDC_BS6_PERIODIC,2025-12-06 03:41:38,2025-12-07 14:08:22,16.7280064,80.3108352,12818,8252,FixOK,A,ObV5CS1912,T417F6b453,"NH65, Ithavaram, Andhra Pradesh 521183, India",331755.625,39.83,IgnitionOn,1,16.899,148.19,4,-113
890b9e45-31eb-405e-8e18-5f2074dfc747-30,EDC_BS6_PERIODIC,2025-12-06 03:41:44,2025-12-07 14:08:22,16.7275424,80.3110912,12819,8252,FixOK,A,ObV5CS1912,T417F6b453,"NH65, Ithavaram, Andhra Pradesh 521183, India",331755.75,37.75,IgnitionOn,1,16.579,148.3,5,-113
890b9e45-31eb-405e-8e18-5f2074dfc747-31,EDC_BS6_PERIODIC,2025-12-06 03:41:50,2025-12-07 14:08:22,16.727048,80.31136,12820,8252,FixOK,A,ObV5CS1912,T417F6b453,"NH65, Ithavaram, Andhra Pradesh 521183, India",331755.75,35.6,IgnitionOn,1,16.479,151.69,4,-113
890b9e45-31eb-405e-8e18-5f2074dfc747-32,EDC_BS6_PERIODIC,2025-12-06 03:41:56,2025-12-07 14:08:22,16.7264896,80.3116544,12821,8252,FixOK,A,ObV5CS1912,T417F6b453,"NH65, Ithavaram, Andhra Pradesh 521183, India",331755.875,41.25,IgnitionOn,1,15.96,153.5,5,-113
890b9e45-31eb-405e-8e18-5f2074dfc747-33,EDC_BS6_PERIODIC,2025-12-06 03:42:02,2025-12-07 14:08:22,16.7259248,80.3119744,12822,8252,FixOK,A,ObV5CS1912,T417F6b453,"NH65, Ithavaram, Andhra Pradesh 521183, India",331755.875,42.89,IgnitionOn,1,15.741,151.5,5,-113
b1c5545e-8753-4356-b003-cf3462a00955-1,EDC_BS6_PERIODIC,2025-12-06 03:42:08,2025-12-07 14:08:43,16.7254016,80.3122944,12823,8252,FixOK,A,ObV5CS1912,T417F6b453,"NH65, Ithavaram, Andhra Pradesh 521183, India",331756,43.02,IgnitionOn,1,15.56,151.1,4,-113
b1c5545e-8753-4356-b003-cf3462a00955-2,EDC_BS6_PERIODIC,2025-12-06 03:42:14,2025-12-07 14:08:43,16.7249088,80.3125888,12824,8252,FixOK,A,ObV5CS1912,T417F6b453,"P8F7+V59, NH 65, Gowarawaram, Andhra Pradesh 521183, India",331756.125,41.34,IgnitionOn,1,15.46,149.8,5,-113
b1c5545e-8753-4356-b003-cf3462a00955-3,EDC_BS6_PERIODIC,2025-12-06 03:42:20,2025-12-07 14:08:43,16.7244288,80.3128448,12825,8252,FixOK,A,ObV5CS1912,T417F6b453,"NH65, Ithavaram, Andhra Pradesh 521183, India",331756.125,39.5,IgnitionOn,1,14.489,155.69,5,-113
b1c5545e-8753-4356-b003-cf3462a00955-4,EDC_BS6_PERIODIC,2025-12-06 03:42:26,2025-12-07 14:08:43,16.7239488,80.3130112,12826,8252,FixOK,A,ObV5CS1912,T417F6b453,"NH65, Ithavaram, Andhra Pradesh 521183, India",331756.25,38.79,IgnitionOn,1,13.529,166.1,4,-113
b1c5545e-8753-4356-b003-cf3462a00955-5,EDC_BS6_PERIODIC,2025-12-06 03:42:32,2025-12-07 14:08:43,16.7233632,80.313024,12827,8252,FixOK,A,ObV5CS1912,T417F6b453,"NH65, Ithavaram, Andhra Pradesh 521183, India",331756.25,39.95,IgnitionOn,1,14.27,178.5,4,-113
b1c5545e-8753-4356-b003-cf3462a00955-6,EDC_BS6_PERIODIC,2025-12-06 03:42:38,2025-12-07 14:08:43,16.7227552,80.312992,12828,8252,FixOK,A,ObV5CS1912,T417F6b453,"NH65, Ithavaram, Andhra Pradesh 521183, India",331756.375,40.79,IgnitionOn,1,14.651,184.3,4,-113
b1c5545e-8753-4356-b003-cf3462a00955-7,EDC_BS6_PERIODIC,2025-12-06 03:42:44,2025-12-07 14:08:43,16.7221392,80.313024,12829,8252,FixOK,A,ObV5CS1912,T417F6b453,"NH65, Ithavaram, Andhra Pradesh 521183, India",331756.5,43.31,IgnitionOn,1,16.5,179.69,4,-113
b1c5545e-8753-4356-b003-cf3462a00955-8,EDC_BS6_PERIODIC,2025-12-06 03:42:50,2025-12-07 14:08:43,16.7214896,80.3132032,12830,8252,FixOK,A,ObV5CS1912,T417F6b453,"Hyderabad - Vijayawada Hwy, Ithavaram, Andhra Pradesh 521183, India",331756.5,44.89,IgnitionOn,1,17.829,159,5,-113
b1c5545e-8753-4356-b003-cf3462a00955-9,EDC_BS6_PERIODIC,2025-12-06 03:42:56,2025-12-07 14:08:43,16.7209104,80.3135104,12831,8252,FixOK,A,ObV5CS1912,T417F6b453,"NH65, Ithavaram, Andhra Pradesh 521183, India",331756.625,43.1,IgnitionOn,1,18.399,147.39,5,-113
b1c5545e-8753-4356-b003-cf3462a00955-10,EDC_BS6_PERIODIC,2025-12-06 03:43:02,2025-12-07 14:08:43,16.720408,80.3139328,12832,8252,FixOK,A,ObV5CS1912,T417F6b453,"P898+R56 Keesara Bridge, NH 65, Kanchela, Andhra Pradesh 521183, India",331756.625,41.11,IgnitionOn,1,19.37,138.3,5,-113
b1c5545e-8753-4356-b003-cf3462a00955-11,EDC_BS6_PERIODIC,2025-12-06 03:43:08,2025-12-07 14:08:43,16.7200496,80.3144576,12833,8252,FixOK,A,ObV5CS1912,T417F6b453,"P898+R56 Keesara Bridge, NH 65, Kanchela, Andhra Pradesh 521183, India",331756.75,42.15,IgnitionOn,1,20.12,126.59,4,-113
b1c5545e-8753-4356-b003-cf3462a00955-12,EDC_BS6_PERIODIC,2025-12-06 03:43:14,2025-12-07 14:08:43,16.7197616,80.3150336,12834,8252,FixOK,A,ObV5CS1912,T417F6b453,"Keesara Bridge, NH65, Kanchela, Andhra Pradesh 521183, India",331756.875,42.64,IgnitionOn,1,20.583,117.4,4,-113
b1c5545e-8753-4356-b003-cf3462a00955-13,EDC_BS6_PERIODIC,2025-12-06 03:43:20,2025-12-07 14:08:43,16.7194752,80.3155968,12835,8252,FixOK,A,ObV5CS1912,T417F6b453,"Keesara Bridge, NH65, Kanchela, Andhra Pradesh 521183, India",331756.875,42.52,IgnitionOn,1,21.11,117,4,-113
b1c5545e-8753-4356-b003-cf3462a00955-14,EDC_BS6_PERIODIC,2025-12-06 03:43:26,2025-12-07 14:08:43,16.7192016,80.3161472,12836,8252,FixOK,A,ObV5CS1912,T417F6b453,"Keesara Bridge, NH65, Kanchela, Andhra Pradesh 521183, India",331757,40.38,IgnitionOn,1,21.53,116.5,4,-113
b1c5545e-8753-4356-b003-cf3462a00955-15,EDC_BS6_PERIODIC,2025-12-06 03:43:32,2025-12-07 14:08:43,16.7189424,80.3166848,12837,8252,FixOK,A,ObV5CS1912,T417F6b453,"P898+CWH Devineni Venkata Ramana Bridge, ROB, Vijayawada - Hyderabad Hwy, Kanchela, Andhra Pradesh 521180, India",331757,40.68,IgnitionOn,1,21.959,116.9,4,-113
b1c5545e-8753-4356-b003-cf3462a00955-16,EDC_BS6_PERIODIC,2025-12-06 03:43:38,2025-12-07 14:08:43,16.7186688,80.317248,12838,8252,FixOK,A,ObV5CS1912,T417F6b453,"P898+CWH Devineni Venkata Ramana Bridge, ROB, Vijayawada - Hyderabad Hwy, Kanchela, Andhra Pradesh 521180, India",331757.125,41.18,IgnitionOn,1,22.319,117.3,4,-113
b1c5545e-8753-4356-b003-cf3462a00955-17,EDC_BS6_PERIODIC,2025-12-06 03:43:44,2025-12-07 14:08:43,16.7183888,80.317824,12839,8252,FixOK,A,ObV5CS1912,T417F6b453,"Devineni Venkata Ramana Bridge, ROB, Vijayawada - Hyderabad Hwy, Kanchela, Andhra Pradesh 521180, India",331757.125,41.23,IgnitionOn,1,22.79,116.5,5,-113
b1c5545e-8753-4356-b003-cf3462a00955-18,EDC_BS6_PERIODIC,2025-12-06 03:43:50,2025-12-07 14:08:43,16.7181392,80.3183872,12840,8252,FixOK,A,ObV5CS1912,T417F6b453,"Devineni Venkata Ramana Bridge, ROB, Vijayawada - Hyderabad Hwy, Kanchela, Andhra Pradesh 521180, India",331757.25,41.44,IgnitionOn,1,22.691,116.5,4,-113
b1c5545e-8753-4356-b003-cf3462a00955-19,EDC_BS6_PERIODIC,2025-12-06 03:43:56,2025-12-07 14:08:43,16.7178624,80.3189504,12841,8252,FixOK,A,ObV5CS1912,T417F6b453,"NH65, Kanchela, Andhra Pradesh 521183, India",331757.375,42.09,IgnitionOn,1,22.69,117.09,5,-113
b1c5545e-8753-4356-b003-cf3462a00955-20,EDC_BS6_PERIODIC,2025-12-06 03:44:02,2025-12-07 14:08:43,16.7175872,80.3195008,12842,8252,FixOK,A,ObV5CS1912,T417F6b453,"NH65, Kanchela, Andhra Pradesh 521180, India",331757.375,41.87,IgnitionOn,1,23.129,116.5,4,-113
b1c5545e-8753-4356-b003-cf3462a00955-21,EDC_BS6_PERIODIC,2025-12-06 03:44:08,2025-12-07 14:08:43,16.7173584,80.3201216,12843,8252,FixOK,A,ObV5CS1912,T417F6b453,"NH65, Kanchela, Andhra Pradesh 521180, India",331757.5,44.58,IgnitionOn,1,22.809,111.69,4,-113
b1c5545e-8753-4356-b003-cf3462a00955-22,EDC_BS6_PERIODIC,2025-12-06 03:44:14,2025-12-07 14:08:43,16.7171952,80.3208256,12844,8252,FixOK,A,ObV5CS1912,T417F6b453,"NH65, Kanchela, Andhra Pradesh 521180, India",331757.5,47.38,IgnitionOn,1,22.639,106.59,4,-113
b1c5545e-8753-4356-b003-cf3462a00955-23,EDC_BS6_PERIODIC,2025-12-06 03:44:20,2025-12-07 14:08:43,16.7172192,80.3215872,12845,8252,FixOK,A,ObV5CS1912,T417F6b453,"NH65, Kanchela, Andhra Pradesh 521180, India",331757.625,49.29,IgnitionOn,1,22.569,85.69,5,-113
b1c5545e-8753-4356-b003-cf3462a00955-24,EDC_BS6_PERIODIC,2025-12-06 03:44:26,2025-12-07 14:08:43,16.7173152,80.3222784,12846,8252,FixOK,A,ObV5CS1912,T417F6b453,"NH65, Kanchela, Andhra Pradesh 521180, India",331757.75,43.92,IgnitionOn,1,22.339,81.69,4,-113
b1c5545e-8753-4356-b003-cf3462a00955-25,EDC_BS6_PERIODIC,2025-12-06 03:44:32,2025-12-07 14:08:43,16.7174704,80.3228928,12847,8252,FixOK,A,ObV5CS1912,T417F6b453,"NH65, Kanchela, Andhra Pradesh 521180, India",331757.75,41.49,IgnitionOn,1,22.469,75.59,4,-113
b1c5545e-8753-4356-b003-cf3462a00955-26,EDC_BS6_PERIODIC,2025-12-06 03:44:38,2025-12-07 14:08:43,16.71772,80.3233344,12848,8252,FixOK,A,ObV5CS1912,T417F6b453,"P89F+54H, Kesara, Andhra Pradesh 521180, India",331757.875,33.93,IgnitionOn,1,22.809,62.5,3,-113
b1c5545e-8753-4356-b003-cf3462a00955-27,EDC_BS6_PERIODIC,2025-12-06 03:44:44,2025-12-07 14:08:43,16.7179808,80.323648,12849,8252,FixOK,A,ObV5CS1912,T417F6b453,"NH65, Kesara, Andhra Pradesh 521180, India",331757.875,18.09,IgnitionOn,1,22.86,51.7,3,-113
b1c5545e-8753-4356-b003-cf3462a00955-28,EDC_BS6_PERIODIC,2025-12-06 03:44:50,2025-12-07 14:08:43,16.7181088,80.3238144,12850,8252,FixOK,A,ObV5CS1912,T417F6b453,"NH65, Kesara, Andhra Pradesh 521180, India",331757.875,13.25,IgnitionOn,1,22.889,55.09,3,-113
b1c5545e-8753-4356-b003-cf3462a00955-29,EDC_BS6_PERIODIC,2025-12-06 03:44:56,2025-12-07 14:08:43,16.7181984,80.3239744,12851,8252,FixOK,A,ObV5CS1912,T417F6b453,"NH65, Kesara, Andhra Pradesh 521180, India",331758,14.73,IgnitionOn,1,22.899,60.7,3,-113
b1c5545e-8753-4356-b003-cf3462a00955-31,EDC_BS6_PERIODIC,2025-12-06 03:45:02,2025-12-07 14:08:43,16.7182848,80.3241344,12852,8252,FixOK,A,ObV5CS1912,T417F6b453,"NH65, Kesara, Andhra Pradesh 521180, India",331758,10.86,IgnitionOn,1,23.097,65.19,4,-113
b1c5545e-8753-4356-b003-cf3462a00955-32,EDC_BS6_PERIODIC,2025-12-06 03:45:08,2025-12-07 14:08:43,16.7184736,80.3241984,12853,8252,FixOK,A,ObV5CS1912,T417F6b453,"NH65, Kesara, Andhra Pradesh 521180, India",331758,11.02,IgnitionOn,1,24.84,12.19,4,-113
b1c5545e-8753-4356-b003-cf3462a00955-33,EDC_BS6_PERIODIC,2025-12-06 03:45:14,2025-12-07 14:08:43,16.71864,80.3242496,12854,8252,FixOK,A,ObV5CS1912,T417F6b453,"Unnamed Road, Kesara, Andhra Pradesh 521185, India",331758,0,IgnitionOn,1,25.03,9.8,4,-113
b1c5545e-8753-4356-b003-cf3462a00955-34,EDC_BS6_PERIODIC,2025-12-06 03:45:20,2025-12-07 14:08:43,16.7187536,80.3242496,12855,8252,FixOK,A,ObV5CS1912,T417F6b453,"Unnamed Road, Kesara, Andhra Pradesh 521185, India",331758,0,IgnitionOn,1,24.52,342.7,4,-113
b1c5545e-8753-4356-b003-cf3462a00955-35,EDC_BS6_PERIODIC,2025-12-06 03:45:26,2025-12-07 14:08:43,16.7187744,80.324256,12856,8252,FixOK,A,ObV5CS1912,T417F6b453,"Unnamed Road, Kesara, Andhra Pradesh 521185, India",331758,1.78,IgnitionOn,1,24.02,342.7,4,-113
b1c5545e-8753-4356-b003-cf3462a00955-36,EDC_BS6_PERIODIC,2025-12-06 03:45:32,2025-12-07 14:08:43,16.7187696,80.3243008,12857,8252,FixOK,A,ObV5CS1912,T417F6b453,"Unnamed Road, Kesara, Andhra Pradesh 521185, India",331758,8.39,IgnitionOn,1,24.02,342.7,3,-113
b1c5545e-8753-4356-b003-cf3462a00955-37,EDC_BS6_PERIODIC,2025-12-06 03:45:38,2025-12-07 14:08:43,16.7187248,80.324544,12858,8252,FixOK,A,ObV5CS1912,T417F6b453,"NH65 Kesara, Andhra Pradeshgjjgf, Kesara, Andhra Pradesh 521180, India",331758,10.68,IgnitionOn,1,23.881,76.09,3,-113
b1c5545e-8753-4356-b003-cf3462a00955-38,EDC_BS6_PERIODIC,2025-12-06 03:45:44,2025-12-07 14:08:43,16.7186192,80.3249024,12859,8252,FixOK,A,ObV5CS1912,T417F6b453,"NH65 Kesara, Andhra Pradeshgjjgf, Kesara, Andhra Pradesh 521180, India",331758,18.56,IgnitionOn,1,23.95,96.59,5,-113
b1c5545e-8753-4356-b003-cf3462a00955-39,EDC_BS6_PERIODIC,2025-12-06 03:45:50,2025-12-07 14:08:43,16.7185056,80.3253184,12860,8252,FixOK,A,ObV5CS1912,T417F6b453,"NH65 Kesara, Andhra Pradeshgjjgf, Kesara, Andhra Pradesh 521180, India",331758.125,26.92,IgnitionOn,1,23.729,95.69,4,-113
b1c5545e-8753-4356-b003-cf3462a00955-40,EDC_BS6_PERIODIC,2025-12-06 03:45:56,2025-12-07 14:08:43,16.7183872,80.3257472,12861,8252,FixOK,A,ObV5CS1912,T417F6b453,"J.Saideswararao,DNO:-1-126-1,Kesara(v),(p),Kanchikacharla(md, NH 65, Kesara, Andhra Pradesh 521180, India",331758.125,31.1,IgnitionOn,1,23.37,105.59,4,-113
b1c5545e-8753-4356-b003-cf3462a00955-41,EDC_BS6_PERIODIC,2025-12-06 03:46:02,2025-12-07 14:08:43,16.7182336,80.3260288,12862,8252,FixOK,A,ObV5CS1912,T417F6b453,"J.Saideswararao,DNO:-1-126-1,Kesara(v),(p),Kanchikacharla(md, NH 65, Kesara, Andhra Pradesh 521180, India",331758.125,18.74,IgnitionOn,1,23.03,109.4,4,-113
b1c5545e-8753-4356-b003-cf3462a00955-42,EDC_BS6_PERIODIC,2025-12-06 03:46:08,2025-12-07 14:08:43,16.7180624,80.326336,12863,8252,FixOK,A,ObV5CS1912,T417F6b453,"J.Saideswararao,DNO:-1-126-1,Kesara(v),(p),Kanchikacharla(md, NH 65, Kesara, Andhra Pradesh 521180, India",331758.25,19.05,IgnitionOn,1,22.62,115.19,4,-113
b1c5545e-8753-4356-b003-cf3462a00955-43,EDC_BS6_PERIODIC,2025-12-06 03:46:14,2025-12-07 14:08:43,16.7179008,80.3267072,12864,8252,FixOK,A,ObV5CS1912,T417F6b453,"P89G+3J3, NH 65, Kesara, Andhra Pradesh 521180, India",331758.25,25.1,IgnitionOn,1,22.383,109.3,4,-113
b1c5545e-8753-4356-b003-cf3462a00955-44,EDC_BS6_PERIODIC,2025-12-06 03:46:20,2025-12-07 14:08:43,16.7177552,80.3270656,12865,8252,FixOK,A,ObV5CS1912,T417F6b453,"P89G+3J3, NH 65, Kesara, Andhra Pradesh 521180, India",331758.25,24.85,IgnitionOn,1,22.059,108.69,4,-113
b1c5545e-8753-4356-b003-cf3462a00955-45,EDC_BS6_PERIODIC,2025-12-06 03:46:26,2025-12-07 14:08:43,16.7176224,80.3275136,12866,8252,FixOK,A,ObV5CS1912,T417F6b453,"NH65, Ithavaram, Andhra Pradesh 521180, India",331758.375,28.88,IgnitionOn,1,21.7,104.9,5,-113
b1c5545e-8753-4356-b003-cf3462a00955-46,EDC_BS6_PERIODIC,2025-12-06 03:46:32,2025-12-07 14:08:43,16.7174576,80.3280256,12867,8252,FixOK,A,ObV5CS1912,T417F6b453,"NH65, Ithavaram, Andhra Pradesh 521180, India",331758.375,35.77,IgnitionOn,1,21.61,107.3,5,-113
b1c5545e-8753-4356-b003-cf3462a00955-47,EDC_BS6_PERIODIC,2025-12-06 03:46:38,2025-12-07 14:08:43,16.7171488,80.3286144,12868,8252,FixOK,A,ObV5CS1912,T417F6b453,"NH65, Ithavaram, Andhra Pradesh 521180, India",331758.5,41.09,IgnitionOn,1,22.629,114.09,5,-113
b1c5545e-8753-4356-b003-cf3462a00955-48,DEVICE_METRICS,2025-12-06 03:46:54,2025-12-07 14:08:43,16.7171488,80.3286144,,8252,FixOK,,ObV5CS1912,T417F6b453,"NH65, Ithavaram, Andhra Pradesh 521180, India",287195,,IgnitionOn,1,,,,
b1c5545e-8753-4356-b003-cf3462a00955-49,EDC_BS6_PERIODIC,2025-12-06 03:46:54,2025-12-07 14:08:43,16.7164,80.3303616,12869,8252,FixOK,A,ObV5CS1912,T417F6b453,"NH65, Ithavaram, Andhra Pradesh 521180, India",331758.75,53.62,IgnitionOn,1,22.645,114.09,5,-113
b1c5545e-8753-4356-b003-cf3462a00955-50,EDC_BS6_PERIODIC,2025-12-06 03:47:00,2025-12-07 14:08:43,16.7160176,80.331232,12870,8252,FixOK,A,ObV5CS1912,T417F6b453,"NH65, Ithavaram, Andhra Pradesh 521180, India",331758.875,53.39,IgnitionOn,1,24.469,114.69,5,-113
8d27f8a9-6dfe-4ce5-9a63-02022865d075-1,EDC_BS6_PERIODIC,2025-12-06 03:47:06,2025-12-07 14:09:04,16.7156896,80.3319744,12871,8252,FixOK,A,ObV5CS1912,T417F6b453,"Hyderabad - Vijayawada Hwy, Ithavaram, Andhra Pradesh 521180, India",331758.875,53.16,IgnitionOn,1,25.18,114.3,5,-113
8d27f8a9-6dfe-4ce5-9a63-02022865d075-2,EDC_BS6_PERIODIC,2025-12-06 03:47:12,2025-12-07 14:09:04,16.7153904,80.3327104,12872,8252,FixOK,A,ObV5CS1912,T417F6b453,"NH65, Ithavaram, Andhra Pradesh 521180, India",331759,53.14,IgnitionOn,1,26.309,112.19,4,-113
8d27f8a9-6dfe-4ce5-9a63-02022865d075-3,EDC_BS6_PERIODIC,2025-12-06 03:47:18,2025-12-07 14:09:04,16.71512,80.3334528,12873,8252,FixOK,A,ObV5CS1912,T417F6b453,"NH65, Ithavaram, Andhra Pradesh 521180, India",331759.125,52.54,IgnitionOn,1,26.37,110.9,5,-113
8d27f8a9-6dfe-4ce5-9a63-02022865d075-4,EDC_BS6_PERIODIC,2025-12-06 03:47:24,2025-12-07 14:09:04,16.7148704,80.334208,12874,8252,FixOK,A,ObV5CS1912,T417F6b453,"NH65, Saidapuram, Andhra Pradesh 521180, India",331759.25,53.54,IgnitionOn,1,26.715,110.69,5,-113
8d27f8a9-6dfe-4ce5-9a63-02022865d075-5,EDC_BS6_PERIODIC,2025-12-06 03:47:30,2025-12-07 14:09:04,16.714632,80.3349504,12875,8252,FixOK,A,ObV5CS1912,T417F6b453,"NH65, Saidapuram, Andhra Pradesh 521180, India",331759.25,50.25,IgnitionOn,1,26.959,104.5,5,-113
8d27f8a9-6dfe-4ce5-9a63-02022865d075-6,EDC_BS6_PERIODIC,2025-12-06 03:47:36,2025-12-07 14:09:04,16.7144688,80.33568,12876,8252,FixOK,A,ObV5CS1912,T417F6b453,"Hyderabad - Vijayawada Hwy, Saidapuram, Andhra Pradesh 521180, India",331759.375,48.8,IgnitionOn,1,26.809,104,5,-113
8d27f8a9-6dfe-4ce5-9a63-02022865d075-7,EDC_BS6_PERIODIC,2025-12-06 03:47:42,2025-12-07 14:09:04,16.7143424,80.3363584,12877,8252,FixOK,A,ObV5CS1912,T417F6b453,"Hyderabad - Vijayawada Hwy, Saidapuram, Andhra Pradesh 521180, India",331759.5,45.41,IgnitionOn,1,26.739,99.69,5,-113
8d27f8a9-6dfe-4ce5-9a63-02022865d075-8,EDC_BS6_PERIODIC,2025-12-06 03:47:48,2025-12-07 14:09:04,16.7141888,80.3370112,12878,8252,FixOK,A,ObV5CS1912,T417F6b453,"Hyderabad - Vijayawada Hwy, Saidapuram, Andhra Pradesh 521180, India",331759.5,43.99,IgnitionOn,1,26.579,104.5,5,-113
8d27f8a9-6dfe-4ce5-9a63-02022865d075-9,EDC_BS6_PERIODIC,2025-12-06 03:47:54,2025-12-07 14:09:04,16.7140896,80.3376512,12879,8252,FixOK,A,ObV5CS1912,T417F6b453,"Hyderabad - Vijayawada Hwy, Saidapuram, Andhra Pradesh 521180, India",331759.625,42.14,IgnitionOn,1,26.659,100.59,4,-113
8d27f8a9-6dfe-4ce5-9a63-02022865d075-10,EDC_BS6_PERIODIC,2025-12-06 03:48:00,2025-12-07 14:09:04,16.7139424,80.33824,12880,8252,FixOK,A,ObV5CS1912,T417F6b453,"Hyderabad - Vijayawada Hwy, Saidapuram, Andhra Pradesh 521180, India",331759.625,41.07,IgnitionOn,1,26.653,105.5,5,-113
8d27f8a9-6dfe-4ce5-9a63-02022865d075-11,EDC_BS6_PERIODIC,2025-12-06 03:48:06,2025-12-07 14:09:04,16.7137552,80.338784,12881,8252,FixOK,A,ObV5CS1912,T417F6b453,"NH65, Saidapuram, Andhra Pradesh 521180, India",331759.75,39.66,IgnitionOn,1,26.75,110.5,5,-113
8d27f8a9-6dfe-4ce5-9a63-02022865d075-12,EDC_BS6_PERIODIC,2025-12-06 03:48:12,2025-12-07 14:09:04,16.7135664,80.3393152,12882,8252,FixOK,A,ObV5CS1912,T417F6b453,"NH65, Saidapuram, Andhra Pradesh 521180, India",331759.75,38.34,IgnitionOn,1,26.92,109.5,4,-113
8d27f8a9-6dfe-4ce5-9a63-02022865d075-13,EDC_BS6_PERIODIC,2025-12-06 03:48:18,2025-12-07 14:09:04,16.7134016,80.339872,12883,8252,FixOK,A,ObV5CS1912,T417F6b453,"NH65, Saidapuram, Andhra Pradesh 521180, India",331759.875,37.94,IgnitionOn,1,27.27,109.19,4,-113
8d27f8a9-6dfe-4ce5-9a63-02022865d075-14,EDC_BS6_PERIODIC,2025-12-06 03:48:24,2025-12-07 14:09:04,16.7132256,80.3404288,12884,8252,FixOK,A,ObV5CS1912,T417F6b453,"NH65, Saidapuram, Andhra Pradesh 521180, India",331759.875,38.45,IgnitionOn,1,27.559,108.09,5,-113
8d27f8a9-6dfe-4ce5-9a63-02022865d075-15,EDC_BS6_PERIODIC,2025-12-06 03:48:30,2025-12-07 14:09:04,16.7130512,80.3409664,12885,8252,FixOK,A,ObV5CS1912,T417F6b453,"NH65, Saidapuram, Andhra Pradesh 521180, India",331760,37.18,IgnitionOn,1,27.629,108.8,4,-113
8d27f8a9-6dfe-4ce5-9a63-02022865d075-16,EDC_BS6_PERIODIC,2025-12-06 03:48:36,2025-12-07 14:09:04,16.7128864,80.3415168,12886,8252,FixOK,A,ObV5CS1912,T417F6b453,"NH65, Saidapuram, Andhra Pradesh 521180, India",331760,37.8,IgnitionOn,1,27.621,108.09,4,-113
8d27f8a9-6dfe-4ce5-9a63-02022865d075-17,EDC_BS6_PERIODIC,2025-12-06 03:48:42,2025-12-07 14:09:04,16.7127488,80.3420672,12887,8252,FixOK,A,ObV5CS1912,T417F6b453,"NH65, Saidapuram, Andhra Pradesh 521180, India",331760.125,38.09,IgnitionOn,1,27.639,105.9,4,-113
8d27f8a9-6dfe-4ce5-9a63-02022865d075-18,EDC_BS6_PERIODIC,2025-12-06 03:48:48,2025-12-07 14:09:04,16.7126208,80.3426048,12888,8252,FixOK,A,ObV5CS1912,T417F6b453,"NH65, Saidapuram, Andhra Pradesh 521180, India",331760.125,36.8,IgnitionOn,1,27.54,106.69,4,-113
8d27f8a9-6dfe-4ce5-9a63-02022865d075-19,EDC_BS6_PERIODIC,2025-12-06 03:48:54,2025-12-07 14:09:04,16.712528,80.3431424,12889,8252,FixOK,A,ObV5CS1912,T417F6b453,"NH65, Saidapuram, Andhra Pradesh 521180, India",331760.25,36.73,IgnitionOn,1,27.34,100.19,4,-113
8d27f8a9-6dfe-4ce5-9a63-02022865d075-20,EDC_BS6_PERIODIC,2025-12-06 03:49:00,2025-12-07 14:09:04,16.7124224,80.34368,12890,8252,FixOK,A,ObV5CS1912,T417F6b453,"NH65, Saidapuram, Andhra Pradesh 521180, India",331760.25,36.92,IgnitionOn,1,27.19,104.09,4,-113
8d27f8a9-6dfe-4ce5-9a63-02022865d075-21,EDC_BS6_PERIODIC,2025-12-06 03:49:06,2025-12-07 14:09:04,16.7122848,80.344256,12891,8252,FixOK,A,ObV5CS1912,T417F6b453,"NH65, Saidapuram, Andhra Pradesh 521180, India",331760.375,38.86,IgnitionOn,1,27.03,105.4,4,-113
8d27f8a9-6dfe-4ce5-9a63-02022865d075-22,EDC_BS6_PERIODIC,2025-12-06 03:49:12,2025-12-07 14:09:04,16.7121264,80.3448448,12892,8252,FixOK,A,ObV5CS1912,T417F6b453,"NH65, Saidapuram, Andhra Pradesh 521180, India",331760.5,41.87,IgnitionOn,1,27.099,105.69,5,-113
8d27f8a9-6dfe-4ce5-9a63-02022865d075-23,EDC_BS6_PERIODIC,2025-12-06 03:49:18,2025-12-07 14:09:04,16.7118704,80.3454592,12893,8252,FixOK,A,ObV5CS1912,T417F6b453,"NH65, Saidapuram, Andhra Pradesh 521180, India",331760.5,42.99,IgnitionOn,1,27.889,111.9,5,-113
8d27f8a9-6dfe-4ce5-9a63-02022865d075-24,EDC_BS6_PERIODIC,2025-12-06 03:49:24,2025-12-07 14:09:04,16.7115824,80.3460736,12894,8252,FixOK,A,ObV5CS1912,T417F6b453,"NH65, Saidapuram, Andhra Pradesh 521180, India",331760.625,45.29,IgnitionOn,1,28.489,116.69,5,-113
8d27f8a9-6dfe-4ce5-9a63-02022865d075-25,EDC_BS6_PERIODIC,2025-12-06 03:49:30,2025-12-07 14:09:04,16.7112672,80.3466496,12895,8252,FixOK,A,ObV5CS1912,T417F6b453,"NH65, Saidapuram, Andhra Pradesh 521180, India",331760.625,43.71,IgnitionOn,1,29.87,119,5,-113
8d27f8a9-6dfe-4ce5-9a63-02022865d075-26,EDC_BS6_PERIODIC,2025-12-06 03:49:36,2025-12-07 14:09:04,16.7109552,80.3472,12896,8252,FixOK,A,ObV5CS1912,T417F6b453,"NH65, Saidapuram, Andhra Pradesh 521180, India",331760.75,42.76,IgnitionOn,1,31.03,120.8,5,-113
8d27f8a9-6dfe-4ce5-9a63-02022865d075-27,EDC_BS6_PERIODIC,2025-12-06 03:49:42,2025-12-07 14:09:04,16.7106208,80.347712,12897,8252,FixOK,A,ObV5CS1912,T417F6b453,"NH65, Saidapuram, Andhra Pradesh 521180, India",331760.875,41.64,IgnitionOn,1,32.18,123.4,5,-113
8d27f8a9-6dfe-4ce5-9a63-02022865d075-28,EDC_BS6_PERIODIC,2025-12-06 03:49:48,2025-12-07 14:09:04,16.7102816,80.3482176,12898,8252,FixOK,A,ObV5CS1912,T417F6b453,"Hyderabad - Vijayawada Hwy, Saidapuram, Andhra Pradesh 521180, India",331760.875,40.09,IgnitionOn,1,32.899,124.09,4,-113
8d27f8a9-6dfe-4ce5-9a63-02022865d075-29,EDC_BS6_PERIODIC,2025-12-06 03:49:54,2025-12-07 14:09:04,16.70996,80.3486848,12899,8252,FixOK,A,ObV5CS1912,T417F6b453,"NH65, Saidapuram, Andhra Pradesh 521180, India",331761,38.19,IgnitionOn,1,35.04,123.19,5,-113
8d27f8a9-6dfe-4ce5-9a63-02022865d075-30,EDC_BS6_PERIODIC,2025-12-06 03:50:00,2025-12-07 14:09:04,16.7096416,80.3491968,12900,8252,FixOK,A,ObV5CS1912,T417F6b453,"NH65, Saidapuram, Andhra Pradesh 521180, India",331761,39.93,IgnitionOn,1,35.909,122.69,5,-113
8d27f8a9-6dfe-4ce5-9a63-02022865d075-31,EDC_BS6_PERIODIC,2025-12-06 03:50:06,2025-12-07 14:09:04,16.7092928,80.3497344,12901,8252,FixOK,A,ObV5CS1912,T417F6b453,"NH65, Saidapuram, Andhra Pradesh 521180, India",331761.125,42.52,IgnitionOn,1,36.619,122.8,4,-113
8d27f8a9-6dfe-4ce5-9a63-02022865d075-32,EDC_BS6_PERIODIC,2025-12-06 03:50:12,2025-12-07 14:09:04,16.7089312,80.350272,12902,8252,FixOK,A,ObV5CS1912,T417F6b453,"NH65, Saidapuram, Andhra Pradesh 521180, India",331761.125,42.59,IgnitionOn,1,37.349,124.69,5,-113
8d27f8a9-6dfe-4ce5-9a63-02022865d075-33,EDC_BS6_PERIODIC,2025-12-06 03:50:18,2025-12-07 14:09:04,16.7085776,80.3507968,12903,8252,FixOK,A,ObV5CS1912,T417F6b453,"Hyderabad - Vijayawada Hwy, Saidapuram, Andhra Pradesh 521180, India",331761.25,42.18,IgnitionOn,1,38.09,123.8,5,-113
8d27f8a9-6dfe-4ce5-9a63-02022865d075-34,EDC_BS6_PERIODIC,2025-12-06 03:50:24,2025-12-07 14:09:04,16.7081968,80.3512896,12904,8252,FixOK,A,ObV5CS1912,T417F6b453,"NH65, Saidapuram, Andhra Pradesh 521180, India",331761.25,42.18,IgnitionOn,1,38.32,132.5,5,-113
8d27f8a9-6dfe-4ce5-9a63-02022865d075-35,EDC_BS6_PERIODIC,2025-12-06 03:50:30,2025-12-07 14:09:04,16.7077408,80.3517504,12905,8252,FixOK,A,ObV5CS1912,T417F6b453,"NH65, Saidapuram, Andhra Pradesh 521180, India",331761.375,42.76,IgnitionOn,1,38.119,137.5,5,-113
8d27f8a9-6dfe-4ce5-9a63-02022865d075-36,EDC_BS6_PERIODIC,2025-12-06 03:50:36,2025-12-07 14:09:04,16.7072688,80.3521408,12906,8252,FixOK,A,ObV5CS1912,T417F6b453,"Hyderabad - Vijayawada Hwy, Saidapuram, Andhra Pradesh 521180, India",331761.5,43.35,IgnitionOn,1,37.669,141.8,5,-113
8d27f8a9-6dfe-4ce5-9a63-02022865d075-37,EDC_BS6_PERIODIC,2025-12-06 03:50:42,2025-12-07 14:09:04,16.7067616,80.3525376,12907,8252,FixOK,A,ObV5CS1912,T417F6b453,"NH65, Saidapuram, Andhra Pradesh 521180, India",331761.5,42.47,IgnitionOn,1,37.689,143.5,4,-113
8d27f8a9-6dfe-4ce5-9a63-02022865d075-38,EDC_BS6_PERIODIC,2025-12-06 03:50:48,2025-12-07 14:09:04,16.706264,80.3529024,12908,8252,FixOK,A,ObV5CS1912,T417F6b453,"NH65, Saidapuram, Andhra Pradesh 521180, India",331761.625,41.78,IgnitionOn,1,37.56,143.39,4,-113
8d27f8a9-6dfe-4ce5-9a63-02022865d075-39,EDC_BS6_PERIODIC,2025-12-06 03:50:54,2025-12-07 14:09:04,16.7057552,80.3532672,12909,8252,FixOK,A,ObV5CS1912,T417F6b453,"NH65, Saidapuram, Andhra Pradesh 521180, India",331761.75,42.04,IgnitionOn,1,37.56,145.8,4,-113
8d27f8a9-6dfe-4ce5-9a63-02022865d075-40,EDC_BS6_PERIODIC,2025-12-06 03:51:00,2025-12-07 14:09:04,16.7052544,80.3536064,12910,8252,FixOK,A,ObV5CS1912,T417F6b453,"NH65, Saidapuram, Andhra Pradesh 521180, India",331761.75,42.76,IgnitionOn,1,37.635,145.3,4,-113
8d27f8a9-6dfe-4ce5-9a63-02022865d075-41,EDC_BS6_PERIODIC,2025-12-06 03:51:06,2025-12-07 14:09:04,16.70472,80.3539968,12911,8252,FixOK,A,ObV5CS1912,T417F6b453,"NH65, Saidapuram, Andhra Pradesh 521180, India",331761.875,44.37,IgnitionOn,1,38.15,143.5,4,-113
8d27f8a9-6dfe-4ce5-9a63-02022865d075-42,EDC_BS6_PERIODIC,2025-12-06 03:51:12,2025-12-07 14:09:04,16.704264,80.3545088,12912,8252,FixOK,A,ObV5CS1912,T417F6b453,"Hyderabad - Vijayawada Hwy, Saidapuram, Andhra Pradesh 521180, India",331761.875,43.6,IgnitionOn,1,38.939,134.39,4,-113
8d27f8a9-6dfe-4ce5-9a63-02022865d075-43,EDC_BS6_PERIODIC,2025-12-06 03:51:18,2025-12-07 14:09:04,16.703944,80.3550656,12913,8252,FixOK,A,ObV5CS1912,T417F6b453,"Hyderabad - Vijayawada Hwy, Saidapuram, Andhra Pradesh 521180, India",331762,43.36,IgnitionOn,1,40.25,121,4,-113
8d27f8a9-6dfe-4ce5-9a63-02022865d075-44,EDC_BS6_PERIODIC,2025-12-06 03:51:24,2025-12-07 14:09:04,16.7036432,80.355616,12914,8252,FixOK,A,ObV5CS1912,T417F6b453,"NH65, Saidapuram, Andhra Pradesh 521180, India",331762.125,43.79,IgnitionOn,1,40.729,119.19,3,-113
8d27f8a9-6dfe-4ce5-9a63-02022865d075-45,EDC_BS6_PERIODIC,2025-12-06 03:51:30,2025-12-07 14:09:04,16.7033376,80.3562176,12915,8252,FixOK,A,ObV5CS1912,T417F6b453,"NH65, Saidapuram, Andhra Pradesh 521180, India",331762.125,46.04,IgnitionOn,1,40.86,118.4,5,-113
8d27f8a9-6dfe-4ce5-9a63-02022865d075-46,EDC_BS6_PERIODIC,2025-12-06 03:51:36,2025-12-07 14:09:04,16.7030176,80.3568128,12916,8252,FixOK,A,ObV5CS1912,T417F6b453,"NH65, Saidapuram, Andhra Pradesh 521180, India",331762.25,46.24,IgnitionOn,1,40.983,118.59,5,-113
8d27f8a9-6dfe-4ce5-9a63-02022865d075-47,EDC_BS6_PERIODIC,2025-12-06 03:51:42,2025-12-07 14:09:04,16.7027056,80.3574336,12917,8252,FixOK,A,ObV5CS1912,T417F6b453,"NH65, Saidapuram, Andhra Pradesh 521180, India",331762.25,45.73,IgnitionOn,1,41.27,119.3,5,-113
8d27f8a9-6dfe-4ce5-9a63-02022865d075-48,EDC_BS6_PERIODIC,2025-12-06 03:51:48,2025-12-07 14:09:04,16.7023984,80.3580544,12918,8252,FixOK,A,ObV5CS1912,T417F6b453,"Hyderabad - Vijayawada Hwy, Saidapuram, Andhra Pradesh 521180, India",331762.375,45.07,IgnitionOn,1,41.54,117.69,5,-113
8d27f8a9-6dfe-4ce5-9a63-02022865d075-49,EDC_BS6_PERIODIC,2025-12-06 03:51:54,2025-12-07 14:09:04,16.7020768,80.3586432,12919,8252,FixOK,A,ObV5CS1912,T417F6b453,"NH65, Saidapuram, Andhra Pradesh 521180, India",331762.5,44.72,IgnitionOn,1,41.95,120.8,5,-113
8d27f8a9-6dfe-4ce5-9a63-02022865d075-50,EDC_BS6_PERIODIC,2025-12-06 03:52:00,2025-12-07 14:09:04,16.7017328,80.3592192,12920,8252,FixOK,A,ObV5CS1912,T417F6b453,"NH65, Saidapuram, Andhra Pradesh 521180, India",331762.5,43.92,IgnitionOn,1,41.909,121.4,5,-113
2eefc3c8-c93d-4432-9bf7-0c557925b525-1,EDC_BS6_PERIODIC,2025-12-06 03:52:06,2025-12-07 14:09:23,16.7013712,80.3597568,12921,8252,FixOK,A,ObV5CS1912,T417F6b453,"Hyderabad - Vijayawada Hwy, Saidapuram, Andhra Pradesh 521180, India",331762.625,42.84,IgnitionOn,1,41.99,125.3,5,-113
2eefc3c8-c93d-4432-9bf7-0c557925b525-2,EDC_BS6_PERIODIC,2025-12-06 03:52:12,2025-12-07 14:09:23,16.7010096,80.3603072,12922,8252,FixOK,A,ObV5CS1912,T417F6b453,"Hyderabad - Vijayawada Hwy, Saidapuram, Andhra Pradesh 521180, India",331762.75,42.83,IgnitionOn,1,41.849,124.59,5,-113
2eefc3c8-c93d-4432-9bf7-0c557925b525-3,EDC_BS6_PERIODIC,2025-12-06 03:52:18,2025-12-07 14:09:23,16.7006416,80.3608448,12923,8252,FixOK,A,ObV5CS1912,T417F6b453,"NH65, Saidapuram, Andhra Pradesh 521180, India",331762.75,42.26,IgnitionOn,1,42.119,122.59,4,-113
2eefc3c8-c93d-4432-9bf7-0c557925b525-4,EDC_BS6_PERIODIC,2025-12-06 03:52:24,2025-12-07 14:09:23,16.7003056,80.361376,12924,8252,FixOK,A,ObV5CS1912,T417F6b453,"NH65, Saidapuram, Andhra Pradesh 521180, India",331762.875,41.92,IgnitionOn,1,41.919,125.4,5,-113
2eefc3c8-c93d-4432-9bf7-0c557925b525-5,EDC_BS6_PERIODIC,2025-12-06 03:52:30,2025-12-07 14:09:23,16.6999584,80.3618816,12925,8252,FixOK,A,ObV5CS1912,T417F6b453,"NH65, Saidapuram, Andhra Pradesh 521180, India",331762.875,41.81,IgnitionOn,1,41.419,130.1,5,-113
2eefc3c8-c93d-4432-9bf7-0c557925b525-6,EDC_BS6_PERIODIC,2025-12-06 03:52:36,2025-12-07 14:09:23,16.6995712,80.362368,12926,8252,FixOK,A,ObV5CS1912,T417F6b453,"NH65, Saidapuram, Andhra Pradesh 521180, India",331763,41.38,IgnitionOn,1,41.409,132,5,-113
2eefc3c8-c93d-4432-9bf7-0c557925b525-7,EDC_BS6_PERIODIC,2025-12-06 03:52:42,2025-12-07 14:09:23,16.699176,80.3628672,12927,8252,FixOK,A,ObV5CS1912,T417F6b453,"NH65, Saidapuram, Andhra Pradesh 521180, India",331763.125,41.7,IgnitionOn,1,41.389,130.6,5,-113
2eefc3c8-c93d-4432-9bf7-0c557925b525-8,EDC_BS6_PERIODIC,2025-12-06 03:52:48,2025-12-07 14:09:23,16.6988032,80.36336,12928,8252,FixOK,A,ObV5CS1912,T417F6b453,"NH65, Saidapuram, Andhra Pradesh 521180, India",331763.125,41.74,IgnitionOn,1,41.777,128.69,4,-113
2eefc3c8-c93d-4432-9bf7-0c557925b525-9,EDC_BS6_PERIODIC,2025-12-06 03:52:54,2025-12-07 14:09:23,16.6984592,80.363872,12929,8252,FixOK,A,ObV5CS1912,T417F6b453,"NH65, Saidapuram, Andhra Pradesh 521180, India",331763.25,41.03,IgnitionOn,1,41.84,124.19,4,-113
2eefc3c8-c93d-4432-9bf7-0c557925b525-10,EDC_BS6_PERIODIC,2025-12-06 03:53:00,2025-12-07 14:09:23,16.6981216,80.364384,12930,8252,FixOK,A,ObV5CS1912,T417F6b453,"NH65, Saidapuram, Andhra Pradesh 521180, India",331763.25,40.8,IgnitionOn,1,41.86,124.09,4,-113
2eefc3c8-c93d-4432-9bf7-0c557925b525-11,EDC_BS6_PERIODIC,2025-12-06 03:53:06,2025-12-07 14:09:23,16.6977856,80.3648768,12931,8252,FixOK,A,ObV5CS1912,T417F6b453,"M9X8+33 Saidapuram, Andhra Pradesh, India",331763.375,40.5,IgnitionOn,1,42.209,124.69,5,-113
2eefc3c8-c93d-4432-9bf7-0c557925b525-12,EDC_BS6_PERIODIC,2025-12-06 03:53:12,2025-12-07 14:09:23,16.6974416,80.3653888,12932,8252,FixOK,A,ObV5CS1912,T417F6b453,"NH65, Saidapuram, Andhra Pradesh 521180, India",331763.375,39.77,IgnitionOn,1,42.24,125.8,4,-113
2eefc3c8-c93d-4432-9bf7-0c557925b525-13,EDC_BS6_PERIODIC,2025-12-06 03:53:18,2025-12-07 14:09:23,16.6971056,80.365888,12933,8252,FixOK,A,ObV5CS1912,T417F6b453,"M9W8+GPX, Saidapuram, Andhra Pradesh 521180, India",331763.5,39.34,IgnitionOn,1,42.049,125.69,4,-113
2eefc3c8-c93d-4432-9bf7-0c557925b525-14,EDC_BS6_PERIODIC,2025-12-06 03:53:24,2025-12-07 14:09:23,16.6967936,80.366368,12934,8252,FixOK,A,ObV5CS1912,T417F6b453,"M9W8+GPX, Saidapuram, Andhra Pradesh 521180, India",331763.625,39.12,IgnitionOn,1,42.141,125.09,5,-113
2eefc3c8-c93d-4432-9bf7-0c557925b525-15,EDC_BS6_PERIODIC,2025-12-06 03:53:30,2025-12-07 14:09:23,16.6964656,80.3668416,12935,8252,FixOK,A,ObV5CS1912,T417F6b453,"Vijayawada - Hyderabad Hwy, Andhra Pradesh 521180, India",331763.625,38.45,IgnitionOn,1,42.419,127.19,5,-113
2eefc3c8-c93d-4432-9bf7-0c557925b525-16,EDC_BS6_PERIODIC,2025-12-06 03:53:36,2025-12-07 14:09:23,16.6961344,80.367264,12936,8252,FixOK,A,ObV5CS1912,T417F6b453,"Vijayawada - Hyderabad Hwy, Andhra Pradesh 521180, India",331763.75,37.64,IgnitionOn,1,42.24,128,3,-113
2eefc3c8-c93d-4432-9bf7-0c557925b525-17,EDC_BS6_PERIODIC,2025-12-06 03:53:42,2025-12-07 14:09:23,16.6958256,80.367712,12937,8252,FixOK,A,ObV5CS1912,T417F6b453,"M9W8+FQ2, Mumbai Highway, Andhra Pradesh 521180, India",331763.75,36.74,IgnitionOn,1,42.45,126.19,4,-113
2eefc3c8-c93d-4432-9bf7-0c557925b525-18,EDC_BS6_PERIODIC,2025-12-06 03:53:48,2025-12-07 14:09:23,16.6955152,80.3681792,12938,8252,FixOK,A,ObV5CS1912,T417F6b453,"M9W8+FQ2, Mumbai Highway, Andhra Pradesh 521180, India",331763.875,36.37,IgnitionOn,1,42.569,124.09,5,-113
2eefc3c8-c93d-4432-9bf7-0c557925b525-19,EDC_BS6_PERIODIC,2025-12-06 03:53:54,2025-12-07 14:09:23,16.6951968,80.36864,12939,8252,FixOK,A,ObV5CS1912,T417F6b453,"Hyderabad - Vijayawada Hwy, Andhra Pradesh 521180, India",331763.875,35.75,IgnitionOn,1,42.7,124.19,5,-113
2eefc3c8-c93d-4432-9bf7-0c557925b525-20,EDC_BS6_PERIODIC,2025-12-06 03:54:00,2025-12-07 14:09:23,16.694864,80.369152,12940,8252,FixOK,A,ObV5CS1912,T417F6b453,"Hyderabad - Vijayawada Hwy, Andhra Pradesh 521180, India",331764,41.49,IgnitionOn,1,42.669,124.5,4,-113
2eefc3c8-c93d-4432-9bf7-0c557925b525-21,EDC_BS6_PERIODIC,2025-12-06 03:54:06,2025-12-07 14:09:23,16.6945312,80.3697152,12941,8252,FixOK,A,ObV5CS1912,T417F6b453,"Hyderabad - Vijayawada Hwy, Andhra Pradesh 521180, India",331764,44.2,IgnitionOn,1,42.139,122.9,4,-113
2eefc3c8-c93d-4432-9bf7-0c557925b525-22,EDC_BS6_PERIODIC,2025-12-06 03:54:12,2025-12-07 14:09:23,16.6941792,80.3702656,12942,8252,FixOK,A,ObV5CS1912,T417F6b453,"Devineni Venkata Ramana Pranithala Samadhi, NH65, Andhra Pradesh 521180, India",331764.125,42.98,IgnitionOn,1,42.029,124.59,4,-113
2eefc3c8-c93d-4432-9bf7-0c557925b525-23,EDC_BS6_PERIODIC,2025-12-06 03:54:18,2025-12-07 14:09:23,16.6938528,80.370784,12943,8252,FixOK,A,ObV5CS1912,T417F6b453,"Devineni Venkata Ramana Pranithala Samadhi, NH65, Andhra Pradesh 521180, India",331764.125,42.1,IgnitionOn,1,42.099,123.3,5,-113
2eefc3c8-c93d-4432-9bf7-0c557925b525-24,EDC_BS6_PERIODIC,2025-12-06 03:54:24,2025-12-07 14:09:23,16.6934928,80.3713152,12944,8252,FixOK,A,ObV5CS1912,T417F6b453,"Vijayawada - Hyderabad Hwy, Andhra Pradesh 521180, India",331764.25,42.03,IgnitionOn,1,42,124.9,5,-113
2eefc3c8-c93d-4432-9bf7-0c557925b525-25,EDC_BS6_PERIODIC,2025-12-06 03:54:30,2025-12-07 14:09:23,16.6931488,80.3718272,12945,8252,FixOK,A,ObV5CS1912,T417F6b453,"Hyderabad - Vijayawada Hwy, Andhra Pradesh 521180, India",331764.375,40.89,IgnitionOn,1,42,124.59,5,-113
2eefc3c8-c93d-4432-9bf7-0c557925b525-26,EDC_BS6_PERIODIC,2025-12-06 03:54:36,2025-12-07 14:09:23,16.6928224,80.3723264,12946,8252,FixOK,A,ObV5CS1912,T417F6b453,"Hyderabad - Vijayawada Hwy, Andhra Pradesh 521180, India",331764.375,39.07,IgnitionOn,1,41.929,124.69,5,-113
2eefc3c8-c93d-4432-9bf7-0c557925b525-27,EDC_BS6_PERIODIC,2025-12-06 03:54:42,2025-12-07 14:09:23,16.6924768,80.3728064,12947,8252,FixOK,A,ObV5CS1912,T417F6b453,"Hyderabad - Vijayawada Hwy, Andhra Pradesh 521180, India",331764.5,40.04,IgnitionOn,1,41.569,125.5,4,-113
2eefc3c8-c93d-4432-9bf7-0c557925b525-28,EDC_BS6_PERIODIC,2025-12-06 03:54:48,2025-12-07 14:09:23,16.6921088,80.3732864,12948,8252,FixOK,A,ObV5CS1912,T417F6b453,"Hyderabad - Vijayawada Hwy, Andhra Pradesh 521180, India",331764.5,41.21,IgnitionOn,1,41.18,129.19,5,-113
2eefc3c8-c93d-4432-9bf7-0c557925b525-29,EDC_BS6_PERIODIC,2025-12-06 03:54:54,2025-12-07 14:09:23,16.6917536,80.3737984,12949,8252,FixOK,A,ObV5CS1912,T417F6b453,"M9RF+MM Saidapuram, Andhra Pradesh, India",331764.625,41.71,IgnitionOn,1,40.959,124.5,4,-113
2eefc3c8-c93d-4432-9bf7-0c557925b525-30,EDC_BS6_PERIODIC,2025-12-06 03:55:00,2025-12-07 14:09:23,16.6914304,80.3743616,12950,8252,FixOK,A,ObV5CS1912,T417F6b453,"Vijayawada - Hyderabad Hwy, Andhra Pradesh 521180, India",331764.625,43.9,IgnitionOn,1,40.509,121.19,4,-113
2eefc3c8-c93d-4432-9bf7-0c557925b525-32,EDC_BS6_PERIODIC,2025-12-06 03:55:06,2025-12-07 14:09:23,16.6911872,80.3750016,12951,8252,FixOK,A,ObV5CS1912,T417F6b453,"Hyderabad - Vijayawada Hwy, Andhra Pradesh 521180, India",331764.75,44.84,IgnitionOn,1,40.159,111,4,-113
2eefc3c8-c93d-4432-9bf7-0c557925b525-33,EDC_BS6_PERIODIC,2025-12-06 03:55:12,2025-12-07 14:09:23,16.6909664,80.3756288,12952,8252,FixOK,A,ObV5CS1912,T417F6b453,"Hyderabad - Vijayawada Hwy, Andhra Pradesh 521180, India",331764.875,44.92,IgnitionOn,1,40.008,111.5,4,-113
2eefc3c8-c93d-4432-9bf7-0c557925b525-34,EDC_BS6_PERIODIC,2025-12-06 03:55:18,2025-12-07 14:09:23,16.6906688,80.376224,12953,8252,FixOK,A,ObV5CS1912,T417F6b453,"Hyderabad - Vijayawada Hwy, Andhra Pradesh 521180, India",331764.875,44.61,IgnitionOn,1,39.47,117.19,5,-113
af0df535-9274-45ca-b1f4-9fae7f405d4a-1,EDC_BS6_PERIODIC,2025-12-06 03:55:24,2025-12-07 14:09:44,16.6903008,80.3767616,12954,8252,FixOK,A,ObV5CS1912,T417F6b453,"Hyderabad - Vijayawada Hwy, Andhra Pradesh 521180, India",331765,43.84,IgnitionOn,1,39.15,126.9,5,-113
af0df535-9274-45ca-b1f4-9fae7f405d4a-2,EDC_BS6_PERIODIC,2025-12-06 03:55:30,2025-12-07 14:09:44,16.6899168,80.3772736,12955,8252,FixOK,A,ObV5CS1912,T417F6b453,"Hyderabad - Vijayawada Hwy, Andhra Pradesh 521180, India",331765.125,42.22,IgnitionOn,1,39.349,128.19,4,-113
af0df535-9274-45ca-b1f4-9fae7f405d4a-3,EDC_BS6_PERIODIC,2025-12-06 03:55:36,2025-12-07 14:09:44,16.6895808,80.377792,12956,8252,FixOK,A,ObV5CS1912,T417F6b453,"Hyderabad - Vijayawada Hwy, Andhra Pradesh 521180, India",331765.125,42.1,IgnitionOn,1,39.24,125.4,5,-113
af0df535-9274-45ca-b1f4-9fae7f405d4a-4,EDC_BS6_PERIODIC,2025-12-06 03:55:42,2025-12-07 14:09:44,16.6892528,80.3782976,12957,8252,FixOK,A,ObV5CS1912,T417F6b453,"Vijayawada - Hyderabad Hwy, Andhra Pradesh 521180, India",331765.125,40.57,IgnitionOn,1,39.369,126.59,5,-113
af0df535-9274-45ca-b1f4-9fae7f405d4a-5,EDC_BS6_PERIODIC,2025-12-06 03:55:48,2025-12-07 14:09:44,16.688952,80.378784,12958,8252,FixOK,A,ObV5CS1912,T417F6b453,"NH 65, Andhra Pradesh 521180, India",331765.25,40.3,IgnitionOn,1,39.206,123.59,5,-113
af0df535-9274-45ca-b1f4-9fae7f405d4a-6,EDC_BS6_PERIODIC,2025-12-06 03:55:54,2025-12-07 14:09:44,16.6886768,80.3792704,12959,8252,FixOK,A,ObV5CS1912,T417F6b453,"NH 65, Andhra Pradesh 521180, India",331765.375,37.22,IgnitionOn,1,38.77,122,5,-113
af0df535-9274-45ca-b1f4-9fae7f405d4a-7,EDC_BS6_PERIODIC,2025-12-06 03:56:00,2025-12-07 14:09:44,16.6884016,80.3797504,12960,8252,FixOK,A,ObV5CS1912,T417F6b453,"NH 65, Andhra Pradesh 521180, India",331765.375,37.85,IgnitionOn,1,38.729,120.8,4,-113
af0df535-9274-45ca-b1f4-9fae7f405d4a-8,EDC_BS6_PERIODIC,2025-12-06 03:56:06,2025-12-07 14:09:44,16.6881216,80.380224,12961,8252,FixOK,A,ObV5CS1912,T417F6b453,"NH 65, Andhra Pradesh 521180, India",331765.5,37.52,IgnitionOn,1,38.81,120.09,4,-113
af0df535-9274-45ca-b1f4-9fae7f405d4a-9,EDC_BS6_PERIODIC,2025-12-06 03:56:12,2025-12-07 14:09:44,16.6878496,80.3806848,12962,8252,FixOK,A,ObV5CS1912,T417F6b453,"NH 65, Andhra Pradesh 521180, India",331765.5,36.22,IgnitionOn,1,39.02,120.4,5,-113
af0df535-9274-45ca-b1f4-9fae7f405d4a-10,EDC_BS6_PERIODIC,2025-12-06 03:56:18,2025-12-07 14:09:44,16.6875776,80.381152,12963,8252,FixOK,A,ObV5CS1912,T417F6b453,"NH 65, Andhra Pradesh 521180, India",331765.625,35.93,IgnitionOn,1,39.169,121.3,5,-113
af0df535-9274-45ca-b1f4-9fae7f405d4a-11,EDC_BS6_PERIODIC,2025-12-06 03:56:24,2025-12-07 14:09:44,16.6872736,80.3815808,12964,8252,FixOK,A,ObV5CS1912,T417F6b453,"NH 65, Andhra Pradesh 521180, India",331765.625,36.11,IgnitionOn,1,39.385,129.69,5,-113
af0df535-9274-45ca-b1f4-9fae7f405d4a-12,EDC_BS6_PERIODIC,2025-12-06 03:56:30,2025-12-07 14:09:44,16.6868864,80.3820096,12965,8252,FixOK,A,ObV5CS1912,T417F6b453,"NH 65, Andhra Pradesh 521180, India",331765.75,38.02,IgnitionOn,1,39.34,135.19,5,-113
af0df535-9274-45ca-b1f4-9fae7f405d4a-13,EDC_BS6_PERIODIC,2025-12-06 03:56:36,2025-12-07 14:09:44,16.6864192,80.3823936,12966,8252,FixOK,A,ObV5CS1912,T417F6b453,"Vijayawada - Hyderabad Hwy, Andhra Pradesh 521180, India",331765.75,40.68,IgnitionOn,1,39.36,144.8,5,-113
af0df535-9274-45ca-b1f4-9fae7f405d4a-14,EDC_BS6_PERIODIC,2025-12-06 03:56:42,2025-12-07 14:09:44,16.6858656,80.382688,12967,8252,FixOK,A,ObV5CS1912,T417F6b453,"Vijayawada - Hyderabad Hwy, Andhra Pradesh 521180, India",331765.875,44.22,IgnitionOn,1,38.2,151.39,4,-113
af0df535-9274-45ca-b1f4-9fae7f405d4a-15,EDC_BS6_PERIODIC,2025-12-06 03:56:48,2025-12-07 14:09:44,16.6852384,80.3829056,12968,8252,FixOK,A,ObV5CS1912,T417F6b453,"Vijayawada - Hyderabad Hwy, Andhra Pradesh 521180, India",331765.875,48.02,IgnitionOn,1,37.33,156.39,4,-113
af0df535-9274-45ca-b1f4-9fae7f405d4a-16,EDC_BS6_PERIODIC,2025-12-06 03:56:54,2025-12-07 14:09:44,16.684472,80.3829824,12969,8252,FixOK,A,ObV5CS1912,T417F6b453,"Vijayawada - Hyderabad Hwy, Andhra Pradesh 521180, India",331766,50.5,IgnitionOn,1,37.27,174.39,5,-113
af0df535-9274-45ca-b1f4-9fae7f405d4a-17,EDC_BS6_PERIODIC,2025-12-06 03:57:00,2025-12-07 14:09:44,16.683664,80.3830656,12970,8252,FixOK,A,ObV5CS1912,T417F6b453,"Vijayawada - Hyderabad Hwy, Andhra Pradesh 521180, India",331766.125,53.57,IgnitionOn,1,37.453,174.1,5,-113
af0df535-9274-45ca-b1f4-9fae7f405d4a-18,EDC_BS6_PERIODIC,2025-12-06 03:57:06,2025-12-07 14:09:44,16.6828176,80.3831424,12971,8252,FixOK,A,ObV5CS1912,T417F6b453,"Vijayawada - Hyderabad Hwy, Andhra Pradesh 521180, India",331766.25,57.19,IgnitionOn,1,37.52,174.39,5,-113
af0df535-9274-45ca-b1f4-9fae7f405d4a-19,EDC_BS6_PERIODIC,2025-12-06 03:57:12,2025-12-07 14:09:44,16.6819264,80.383232,12972,8252,FixOK,A,ObV5CS1912,T417F6b453,"Vijayawada - Hyderabad Hwy, Andhra Pradesh 521180, India",331766.25,60.67,IgnitionOn,1,36.77,174.5,5,-113
af0df535-9274-45ca-b1f4-9fae7f405d4a-20,EDC_BS6_PERIODIC,2025-12-06 03:57:18,2025-12-07 14:09:44,16.681056,80.383328,12973,8252,FixOK,A,ObV5CS1912,T417F6b453,"Vijayawada - Hyderabad Hwy, Andhra Pradesh 521180, India",331766.375,60.01,IgnitionOn,1,36.27,174.5,5,-113
af0df535-9274-45ca-b1f4-9fae7f405d4a-21,EDC_BS6_PERIODIC,2025-12-06 03:57:24,2025-12-07 14:09:44,16.6802176,80.3834176,12974,8252,FixOK,A,ObV5CS1912,T417F6b453,"M9JM+25W, Vijayawada - Hyderabad Hwy, beside Shiva sai kshetram, Kanchikacherla, Andhra Pradesh 521180, India",331766.5,58.4,IgnitionOn,1,35.68,174.39,4,-113
af0df535-9274-45ca-b1f4-9fae7f405d4a-22,EDC_BS6_PERIODIC,2025-12-06 03:57:30,2025-12-07 14:09:44,16.6793984,80.3835008,12975,8252,FixOK,A,ObV5CS1912,T417F6b453,"Vijayawada - Hyderabad Hwy, Andhra Pradesh 521180, India",331766.625,57.03,IgnitionOn,1,34.58,173.3,5,-113
af0df535-9274-45ca-b1f4-9fae7f405d4a-23,EDC_BS6_PERIODIC,2025-12-06 03:57:36,2025-12-07 14:09:44,16.6786064,80.3836288,12976,8252,FixOK,A,ObV5CS1912,T417F6b453,"Vijayawada - Hyderabad Hwy, Andhra Pradesh 521180, India",331766.75,55.71,IgnitionOn,1,34.407,170.6,5,-113
af0df535-9274-45ca-b1f4-9fae7f405d4a-24,EDC_BS6_PERIODIC,2025-12-06 03:57:42,2025-12-07 14:09:44,16.6778224,80.3837952,12977,8252,FixOK,A,ObV5CS1912,T417F6b453,"Vijayawada - Hyderabad Hwy, Andhra Pradesh 521180, India",331766.75,53.99,IgnitionOn,1,34.09,169.1,5,-113
af0df535-9274-45ca-b1f4-9fae7f405d4a-25,EDC_BS6_PERIODIC,2025-12-06 03:57:48,2025-12-07 14:09:44,16.6770768,80.3839744,12978,8252,FixOK,A,ObV5CS1912,T417F6b453,"NH65, Andhra Pradesh 521180, India",331766.875,52.16,IgnitionOn,1,33.99,167.69,5,-113
af0df535-9274-45ca-b1f4-9fae7f405d4a-26,EDC_BS6_PERIODIC,2025-12-06 03:57:54,2025-12-07 14:09:44,16.67644,80.3841536,12979,8252,FixOK,A,ObV5CS1912,T417F6b453,"Vijayawada - Hyderabad Hwy, Andhra Pradesh 521180, India",331767,45.96,IgnitionOn,1,34.349,164.39,5,-113
af0df535-9274-45ca-b1f4-9fae7f405d4a-27,EDC_BS6_PERIODIC,2025-12-06 03:58:00,2025-12-07 14:09:44,16.6758944,80.3843328,12980,8252,FixOK,A,ObV5CS1912,T417F6b453,"Vijayawada - Hyderabad Hwy, Andhra Pradesh 521180, India",331767,39.41,IgnitionOn,1,34.81,161,5,-113
af0df535-9274-45ca-b1f4-9fae7f405d4a-28,EDC_BS6_PERIODIC,2025-12-06 03:58:06,2025-12-07 14:09:44,16.67536,80.3845248,12981,8252,FixOK,A,ObV5CS1912,T417F6b453,"Vijayawada - Hyderabad Hwy, Andhra Pradesh 521180, India",331767.125,40.02,IgnitionOn,1,35.15,161.1,5,-113
af0df535-9274-45ca-b1f4-9fae7f405d4a-29,EDC_BS6_PERIODIC,2025-12-06 03:58:12,2025-12-07 14:09:44,16.6748384,80.3847424,12982,8252,FixOK,A,ObV5CS1912,T417F6b453,"Vijayawada - Hyderabad Hwy, Andhra Pradesh 521180, India",331767.25,38.04,IgnitionOn,1,35.309,159.19,5,-113
af0df535-9274-45ca-b1f4-9fae7f405d4a-30,EDC_BS6_PERIODIC,2025-12-06 03:58:18,2025-12-07 14:09:44,16.6743184,80.3849728,12983,8252,FixOK,A,ObV5CS1912,T417F6b453,"Vijayawada - Hyderabad Hwy, Bathinapadu, Andhra Pradesh 521180, India",331767.25,38.54,IgnitionOn,1,35.75,158.89,5,-113
af0df535-9274-45ca-b1f4-9fae7f405d4a-31,EDC_BS6_PERIODIC,2025-12-06 03:58:24,2025-12-07 14:09:44,16.6737584,80.3852736,12984,8252,FixOK,A,ObV5CS1912,T417F6b453,"Vijayawada - Hyderabad Hwy, Bathinapadu, Andhra Pradesh 521180, India",331767.375,42.34,IgnitionOn,1,36.689,152.89,4,-113
af0df535-9274-45ca-b1f4-9fae7f405d4a-32,EDC_BS6_PERIODIC,2025-12-06 03:58:30,2025-12-07 14:09:44,16.6731328,80.3856064,12985,8252,FixOK,A,ObV5CS1912,T417F6b453,"Vijayawada - Hyderabad Hwy, Andhra Pradesh 521180, India",331767.375,48.36,IgnitionOn,1,37.04,152.89,4,-113
af0df535-9274-45ca-b1f4-9fae7f405d4a-33,EDC_BS6_PERIODIC,2025-12-06 03:58:36,2025-12-07 14:09:44,16.6724928,80.3859776,12986,8252,FixOK,A,ObV5CS1912,T417F6b453,"Vijayawada - Hyderabad Hwy, Andhra Pradesh 521180, India",331767.5,50.48,IgnitionOn,1,36.54,150.3,4,-113
af0df535-9274-45ca-b1f4-9fae7f405d4a-34,EDC_BS6_PERIODIC,2025-12-06 03:58:42,2025-12-07 14:09:44,16.6717984,80.386368,12987,8252,FixOK,A,ObV5CS1912,T417F6b453,"Vijayawada - Hyderabad Hwy, Andhra Pradesh 521180, India",331767.625,55.36,IgnitionOn,1,35.9,151,4,-113
af0df535-9274-45ca-b1f4-9fae7f405d4a-35,EDC_BS6_PERIODIC,2025-12-06 03:58:48,2025-12-07 14:09:44,16.6710304,80.3867648,12988,8252,FixOK,A,ObV5CS1912,T417F6b453,"Vijayawada - Hyderabad Hwy, Andhra Pradesh 521180, India",331767.75,57.75,IgnitionOn,1,35.447,153.39,4,-113
af0df535-9274-45ca-b1f4-9fae7f405d4a-36,EDC_BS6_PERIODIC,2025-12-06 03:58:54,2025-12-07 14:09:44,16.6702528,80.3872064,12989,8252,FixOK,A,ObV5CS1912,T417F6b453,"6-14, near Boys Hostel, Ambedkar Colony, Kanchikacherla, Andhra Pradesh 521180, India",331767.75,60.81,IgnitionOn,1,35.009,151.1,4,-113
af0df535-9274-45ca-b1f4-9fae7f405d4a-37,EDC_BS6_PERIODIC,2025-12-06 03:59:00,2025-12-07 14:09:44,16.6694576,80.3876224,12990,8252,FixOK,A,ObV5CS1912,T417F6b453,"6-14, near Boys Hostel, Ambedkar Colony, Kanchikacherla, Andhra Pradesh 521180, India",331767.875,60.29,IgnitionOn,1,34.279,152.8,4,-113
af0df535-9274-45ca-b1f4-9fae7f405d4a-38,EDC_BS6_PERIODIC,2025-12-06 03:59:06,2025-12-07 14:09:44,16.6686944,80.3880384,12991,8252,FixOK,A,ObV5CS1912,T417F6b453,"6-14, near Boys Hostel, Ambedkar Colony, Kanchikacherla, Andhra Pradesh 521180, India",331768,58.18,IgnitionOn,1,33.7,152.5,4,-113
af0df535-9274-45ca-b1f4-9fae7f405d4a-39,EDC_BS6_PERIODIC,2025-12-06 03:59:12,2025-12-07 14:09:44,16.6679424,80.388448,12992,8252,FixOK,A,ObV5CS1912,T417F6b453,"NH65, Bathinapadu, Andhra Pradesh 521180, India",331768.125,57.33,IgnitionOn,1,33.52,152.3,5,-113
af0df535-9274-45ca-b1f4-9fae7f405d4a-40,EDC_BS6_PERIODIC,2025-12-06 03:59:18,2025-12-07 14:09:44,16.6671984,80.3888384,12993,8252,FixOK,A,ObV5CS1912,T417F6b453,"NH65, Bathinapadu, Andhra Pradesh 521180, India",331768.25,55.86,IgnitionOn,1,33.409,152.5,4,-113
af0df535-9274-45ca-b1f4-9fae7f405d4a-41,EDC_BS6_PERIODIC,2025-12-06 03:59:24,2025-12-07 14:09:44,16.6665024,80.3892224,12994,8252,FixOK,A,ObV5CS1912,T417F6b453,"NH65, Bathinapadu, Andhra Pradesh 521180, India",331768.25,53.57,IgnitionOn,1,33.319,152.6,4,-113
af0df535-9274-45ca-b1f4-9fae7f405d4a-42,EDC_BS6_PERIODIC,2025-12-06 03:59:30,2025-12-07 14:09:44,16.6658784,80.3895808,12995,8252,FixOK,A,ObV5CS1912,T417F6b453,"NH65, Bathinapadu, Andhra Pradesh 521180, India",331768.375,51.07,IgnitionOn,1,32.299,150.5,4,-113
af0df535-9274-45ca-b1f4-9fae7f405d4a-43,EDC_BS6_PERIODIC,2025-12-06 03:59:36,2025-12-07 14:09:44,16.6652736,80.3899392,12996,8252,FixOK,A,ObV5CS1912,T417F6b453,"M97R+V3 Bathinapadu, Andhra Pradesh, India",331768.5,48.4,IgnitionOn,1,31.649,151.6,5,-113
af0df535-9274-45ca-b1f4-9fae7f405d4a-44,EDC_BS6_PERIODIC,2025-12-06 03:59:42,2025-12-07 14:09:44,16.6646688,80.3902592,12997,8252,FixOK,A,ObV5CS1912,T417F6b453,"M97R+V3 Bathinapadu, Andhra Pradesh, India",331768.5,46.59,IgnitionOn,1,31.309,151.5,4,-113
af0df535-9274-45ca-b1f4-9fae7f405d4a-45,EDC_BS6_PERIODIC,2025-12-06 03:59:48,2025-12-07 14:09:44,16.664056,80.3905856,12998,8252,FixOK,A,ObV5CS1912,T417F6b453,"NH65, Bathinapadu, Andhra Pradesh 521180, India",331768.625,45.76,IgnitionOn,1,31.299,153.1,6,-113
af0df535-9274-45ca-b1f4-9fae7f405d4a-46,EDC_BS6_PERIODIC,2025-12-06 03:59:54,2025-12-07 14:09:44,16.663464,80.390912,12999,8252,FixOK,A,ObV5CS1912,T417F6b453,"NH65, Bathinapadu, Andhra Pradesh 521180, India",331768.75,45.68,IgnitionOn,1,30.989,152.19,5,-113
af0df535-9274-45ca-b1f4-9fae7f405d4a-47,EDC_BS6_PERIODIC,2025-12-06 04:00:00,2025-12-07 14:09:44,16.6628816,80.3912256,13000,8252,FixOK,A,ObV5CS1912,T417F6b453,"NH65, Bathinapadu, Andhra Pradesh 521180, India",331768.75,44.96,IgnitionOn,1,30.859,152,5,-113
af0df535-9274-45ca-b1f4-9fae7f405d4a-48,EDC_BS6_PERIODIC,2025-12-06 04:00:06,2025-12-07 14:09:44,16.6623184,80.3915392,13001,8252,FixOK,A,ObV5CS1912,T417F6b453,"NH65, Bathinapadu, Andhra Pradesh 521180, India",331768.875,44.77,IgnitionOn,1,29.6,152.1,5,-113
af0df535-9274-45ca-b1f4-9fae7f405d4a-49,EDC_BS6_PERIODIC,2025-12-06 04:00:12,2025-12-07 14:09:44,16.6617792,80.3918592,13002,8252,FixOK,A,ObV5CS1912,T417F6b453,"NH65, Bathinapadu, Andhra Pradesh 521180, India",331769,43.51,IgnitionOn,1,28.44,150.89,5,-113
af0df535-9274-45ca-b1f4-9fae7f405d4a-50,EDC_BS6_PERIODIC,2025-12-06 04:00:18,2025-12-07 14:09:44,16.6612416,80.39216,13003,8252,FixOK,A,ObV5CS1912,T417F6b453,"NH65, Bathinapadu, Andhra Pradesh 521180, India",331769,41.29,IgnitionOn,1,27,150.3,5,-113
d16a9519-60aa-4444-b5f9-422e548d73d4-1,EDC_BS6_PERIODIC,2025-12-06 04:00:24,2025-12-07 14:10:05,16.6607024,80.3925056,13004,8252,FixOK,A,ObV5CS1912,T417F6b453,"M96V+72 Bathinapadu, Andhra Pradesh, India",331769.125,43.23,IgnitionOn,1,25.85,148.19,5,-113
d16a9519-60aa-4444-b5f9-422e548d73d4-2,EDC_BS6_PERIODIC,2025-12-06 04:00:30,2025-12-07 14:10:05,16.6601616,80.392864,13005,8252,FixOK,A,ObV5CS1912,T417F6b453,"NH65, Bathinapadu, Andhra Pradesh 521180, India",331769.125,43.47,IgnitionOn,1,25.069,146.8,5,-113
d16a9519-60aa-4444-b5f9-422e548d73d4-3,EDC_BS6_PERIODIC,2025-12-06 04:00:36,2025-12-07 14:10:05,16.6596576,80.3932416,13006,8252,FixOK,A,ObV5CS1912,T417F6b453,"NH65, Bathinapadu, Andhra Pradesh 521180, India",331769.25,42.93,IgnitionOn,1,24.621,145,5,-113
d16a9519-60aa-4444-b5f9-422e548d73d4-4,EDC_BS6_PERIODIC,2025-12-06 04:00:42,2025-12-07 14:10:05,16.6591616,80.393632,13007,8252,FixOK,A,ObV5CS1912,T417F6b453,"M95V+MF Bathinapadu, Andhra Pradesh, India",331769.375,42.76,IgnitionOn,1,24.069,142.5,5,-113
d16a9519-60aa-4444-b5f9-422e548d73d4-5,EDC_BS6_PERIODIC,2025-12-06 04:00:48,2025-12-07 14:10:05,16.6586992,80.394048,13008,8252,FixOK,A,ObV5CS1912,T417F6b453,"M95V+MF Bathinapadu, Andhra Pradesh, India",331769.375,42.37,IgnitionOn,1,23.709,140.89,5,-113
d16a9519-60aa-4444-b5f9-422e548d73d4-6,EDC_BS6_PERIODIC,2025-12-06 04:00:54,2025-12-07 14:10:05,16.6582352,80.3944832,13009,8252,FixOK,A,ObV5CS1912,T417F6b453,"NH65, Bathinapadu, Andhra Pradesh 521180, India",331769.5,42.96,IgnitionOn,1,23.95,137.69,5,-113
d16a9519-60aa-4444-b5f9-422e548d73d4-7,EDC_BS6_PERIODIC,2025-12-06 04:01:00,2025-12-07 14:10:05,16.6577584,80.394944,13010,8252,FixOK,A,ObV5CS1912,T417F6b453,"NH65, Bathinapadu, Andhra Pradesh 521180, India",331769.5,43.97,IgnitionOn,1,24.899,135.6,5,-113
d16a9519-60aa-4444-b5f9-422e548d73d4-8,EDC_BS6_PERIODIC,2025-12-06 04:01:06,2025-12-07 14:10:05,16.6573184,80.3954304,13011,8252,FixOK,A,ObV5CS1912,T417F6b453,"NH65, Bathinapadu, Andhra Pradesh 521180, India",331769.625,44.16,IgnitionOn,1,25.45,133.5,5,-113
d16a9519-60aa-4444-b5f9-422e548d73d4-9,EDC_BS6_PERIODIC,2025-12-06 04:01:12,2025-12-07 14:10:05,16.6568864,80.3959168,13012,8252,FixOK,A,ObV5CS1912,T417F6b453,"M94W+R7 Bathinapadu, Andhra Pradesh, India",331769.75,44.26,IgnitionOn,1,25.457,133.39,4,-113
d16a9519-60aa-4444-b5f9-422e548d73d4-10,EDC_BS6_PERIODIC,2025-12-06 04:01:18,2025-12-07 14:10:05,16.6564752,80.3964288,13013,8252,FixOK,A,ObV5CS1912,T417F6b453,"NH65, Paritala, Andhra Pradesh 521180, India",331769.75,43.87,IgnitionOn,1,25.11,130.6,5,-113
d16a9519-60aa-4444-b5f9-422e548d73d4-11,EDC_BS6_PERIODIC,2025-12-06 04:01:24,2025-12-07 14:10:05,16.6560704,80.3969792,13014,8252,FixOK,A,ObV5CS1912,T417F6b453,"NH65, Paritala, Andhra Pradesh 521180, India",331769.875,45.16,IgnitionOn,1,24.909,127,4,-113
d16a9519-60aa-4444-b5f9-422e548d73d4-12,EDC_BS6_PERIODIC,2025-12-06 04:01:30,2025-12-07 14:10:05,16.6556736,80.3975424,13015,8252,FixOK,A,ObV5CS1912,T417F6b453,"NH65, Paritala, Andhra Pradesh 521180, India",331770,46.91,IgnitionOn,1,24.649,125.59,6,-113
d16a9519-60aa-4444-b5f9-422e548d73d4-13,EDC_BS6_PERIODIC,2025-12-06 04:01:36,2025-12-07 14:10:05,16.6552976,80.3981312,13016,8252,FixOK,A,ObV5CS1912,T417F6b453,"Vijayawada - Hyderabad Hwy, Bathinapadu, Andhra Pradesh 521180, India",331770,47.3,IgnitionOn,1,24.68,122.8,6,-113
d16a9519-60aa-4444-b5f9-422e548d73d4-14,EDC_BS6_PERIODIC,2025-12-06 04:01:42,2025-12-07 14:10:05,16.6549456,80.39872,13017,8252,FixOK,A,ObV5CS1912,T417F6b453,"NH65, Paritala, Andhra Pradesh 521180, India",331770.125,46.48,IgnitionOn,1,24.75,121.5,5,-113
d16a9519-60aa-4444-b5f9-422e548d73d4-15,EDC_BS6_PERIODIC,2025-12-06 04:01:48,2025-12-07 14:10:05,16.6546112,80.399328,13018,8252,FixOK,A,ObV5CS1912,T417F6b453,"NH65, Paritala, Andhra Pradesh 521180, India",331770.25,46.59,IgnitionOn,1,24.807,119.4,5,-113
d16a9519-60aa-4444-b5f9-422e548d73d4-16,EDC_BS6_PERIODIC,2025-12-06 04:01:54,2025-12-07 14:10:05,16.6542976,80.399936,13019,8252,FixOK,A,ObV5CS1912,T417F6b453,"NH65, Paritala, Andhra Pradesh 521180, India",331770.25,45.9,IgnitionOn,1,24.93,116.69,5,-113
d16a9519-60aa-4444-b5f9-422e548d73d4-17,EDC_BS6_PERIODIC,2025-12-06 04:02:00,2025-12-07 14:10:05,16.6540176,80.4005696,13020,8252,FixOK,A,ObV5CS1912,T417F6b453,"NH65, Paritala, Andhra Pradesh 521180, India",331770.375,46.07,IgnitionOn,1,24.87,114.9,4,-113
d16a9519-60aa-4444-b5f9-422e548d73d4-18,EDC_BS6_PERIODIC,2025-12-06 04:02:06,2025-12-07 14:10:05,16.6537504,80.401184,13021,8252,FixOK,A,ObV5CS1912,T417F6b453,"NH65, Paritala, Andhra Pradesh 521180, India",331770.375,45.99,IgnitionOn,1,24.959,115.09,6,-113
d16a9519-60aa-4444-b5f9-422e548d73d4-19,EDC_BS6_PERIODIC,2025-12-06 04:02:12,2025-12-07 14:10:05,16.6535104,80.4018176,13022,8252,FixOK,A,ObV5CS1912,T417F6b453,"NH65, Paritala, Andhra Pradesh 521180, India",331770.5,44.04,IgnitionOn,1,25.049,112.3,4,-113
d16a9519-60aa-4444-b5f9-422e548d73d4-20,EDC_BS6_PERIODIC,2025-12-06 04:02:18,2025-12-07 14:10:05,16.6532928,80.402464,13023,8252,FixOK,A,ObV5CS1912,T417F6b453,"MC32+9R Bathinapadu, Andhra Pradesh, India",331770.625,44.34,IgnitionOn,1,25.26,110,4,-113
d16a9519-60aa-4444-b5f9-422e548d73d4-21,EDC_BS6_PERIODIC,2025-12-06 04:02:24,2025-12-07 14:10:05,16.6531072,80.403136,13024,8252,FixOK,A,ObV5CS1912,T417F6b453,"NH65, Bathinapadu, Andhra Pradesh 521180, India",331770.625,44.77,IgnitionOn,1,25.245,105.69,4,-113
d16a9519-60aa-4444-b5f9-422e548d73d4-22,EDC_BS6_PERIODIC,2025-12-06 04:02:30,2025-12-07 14:10:05,16.6529312,80.4038016,13025,8252,FixOK,A,ObV5CS1912,T417F6b453,"NH65, Bathinapadu, Andhra Pradesh 521180, India",331770.75,45.34,IgnitionOn,1,25.389,105.3,5,-113
d16a9519-60aa-4444-b5f9-422e548d73d4-23,EDC_BS6_PERIODIC,2025-12-06 04:02:36,2025-12-07 14:10:05,16.6527488,80.4044736,13026,8252,FixOK,A,ObV5CS1912,T417F6b453,"NH65, Bathinapadu, Andhra Pradesh 521180, India",331770.875,46.3,IgnitionOn,1,25.409,106,4,-113
d16a9519-60aa-4444-b5f9-422e548d73d4-24,EDC_BS6_PERIODIC,2025-12-06 04:02:42,2025-12-07 14:10:05,16.6525712,80.4051264,13027,8252,FixOK,A,ObV5CS1912,T417F6b453,"NH65, Bathinapadu, Andhra Pradesh 521180, India",331770.875,44.13,IgnitionOn,1,25.299,105.9,5,-113
d16a9519-60aa-4444-b5f9-422e548d73d4-25,EDC_BS6_PERIODIC,2025-12-06 04:02:48,2025-12-07 14:10:05,16.652392,80.4057344,13028,8252,FixOK,A,ObV5CS1912,T417F6b453,"NH65, Bathinapadu, Andhra Pradesh 521180, India",331771,40.25,IgnitionOn,1,25.2,106.9,4,-113
d16a9519-60aa-4444-b5f9-422e548d73d4-26,EDC_BS6_PERIODIC,2025-12-06 04:02:54,2025-12-07 14:10:05,16.652248,80.4062784,13029,8252,FixOK,A,ObV5CS1912,T417F6b453,"NH65, Bathinapadu, Andhra Pradesh 521180, India",331771,37.95,IgnitionOn,1,24.989,104.5,4,-113
d16a9519-60aa-4444-b5f9-422e548d73d4-27,EDC_BS6_PERIODIC,2025-12-06 04:03:00,2025-12-07 14:10:05,16.6521168,80.4068224,13030,8252,FixOK,A,ObV5CS1912,T417F6b453,"NH65, Bathinapadu, Andhra Pradesh 521180, India",331771.125,37.96,IgnitionOn,1,24.907,104.69,4,-113
d16a9519-60aa-4444-b5f9-422e548d73d4-28,EDC_BS6_PERIODIC,2025-12-06 04:03:06,2025-12-07 14:10:05,16.6519664,80.4074112,13031,8252,FixOK,A,ObV5CS1912,T417F6b453,"NH65, Bathinapadu, Andhra Pradesh 521180, India",331771.125,40.54,IgnitionOn,1,24.87,105,4,-113
d16a9519-60aa-4444-b5f9-422e548d73d4-29,EDC_BS6_PERIODIC,2025-12-06 04:03:12,2025-12-07 14:10:05,16.6518144,80.4080064,13032,8252,FixOK,A,ObV5CS1912,T417F6b453,"Gani Atkuru Rd, Bathinapadu, Andhra Pradesh 521180, India",331771.25,42.08,IgnitionOn,1,24.77,105,4,-113
d16a9519-60aa-4444-b5f9-422e548d73d4-30,EDC_BS6_PERIODIC,2025-12-06 04:03:18,2025-12-07 14:10:05,16.6516512,80.4086464,13033,8252,FixOK,A,ObV5CS1912,T417F6b453,"Vijayawada - Hyderabad Hwy, Andhra Pradesh 521180, India",331771.375,45.77,IgnitionOn,1,24.78,104.5,4,-113
d16a9519-60aa-4444-b5f9-422e548d73d4-31,EDC_BS6_PERIODIC,2025-12-06 04:03:24,2025-12-07 14:10:05,16.6514704,80.4093504,13034,8252,FixOK,A,ObV5CS1912,T417F6b453,"Vijayawada - Hyderabad Hwy, Andhra Pradesh 521180, India",331771.375,48.42,IgnitionOn,1,24.69,105.5,4,-113
d16a9519-60aa-4444-b5f9-422e548d73d4-32,EDC_BS6_PERIODIC,2025-12-06 04:03:30,2025-12-07 14:10:05,16.6512784,80.41008,13035,8252,FixOK,A,ObV5CS1912,T417F6b453,"Vijayawada - Hyderabad Hwy, Andhra Pradesh 521180, India",331771.5,50.63,IgnitionOn,1,24.629,104.9,4,-113
d16a9519-60aa-4444-b5f9-422e548d73d4-33,EDC_BS6_PERIODIC,2025-12-06 04:03:36,2025-12-07 14:10:05,16.651064,80.410848,13036,8252,FixOK,A,ObV5CS1912,T417F6b453,"MC26+C8 Bathinapadu, Andhra Pradesh, India",331771.625,52.36,IgnitionOn,1,24.609,107.19,4,-113
d16a9519-60aa-4444-b5f9-422e548d73d4-34,EDC_BS6_PERIODIC,2025-12-06 04:03:42,2025-12-07 14:10:05,16.6508384,80.411616,13037,8252,FixOK,A,ObV5CS1912,T417F6b453,"Vijayawada - Hyderabad Hwy, Andhra Pradesh 521180, India",331771.625,53.62,IgnitionOn,1,24.479,106.9,4,-113
d16a9519-60aa-4444-b5f9-422e548d73d4-35,EDC_BS6_PERIODIC,2025-12-06 04:03:48,2025-12-07 14:10:05,16.6506224,80.4124224,13038,8252,FixOK,A,ObV5CS1912,T417F6b453,"Vijayawada - Hyderabad Hwy, Andhra Pradesh 521180, India",331771.75,54.86,IgnitionOn,1,24.17,105.59,4,-113
d16a9519-60aa-4444-b5f9-422e548d73d4-36,EDC_BS6_PERIODIC,2025-12-06 04:03:54,2025-12-07 14:10:05,16.6504336,80.4132224,13039,8252,FixOK,A,ObV5CS1912,T417F6b453,"Vijayawada - Hyderabad Hwy, Andhra Pradesh 521180, India",331771.875,53.41,IgnitionOn,1,24.02,104.8,4,-113
d16a9519-60aa-4444-b5f9-422e548d73d4-37,EDC_BS6_PERIODIC,2025-12-06 04:04:00,2025-12-07 14:10:05,16.6502272,80.413952,13040,8252,FixOK,A,ObV5CS1912,T417F6b453,"Vijayawada - Hyderabad Hwy, Andhra Pradesh 521180, India",331771.875,51.15,IgnitionOn,1,24.01,106.69,4,-113
d16a9519-60aa-4444-b5f9-422e548d73d4-38,EDC_BS6_PERIODIC,2025-12-06 04:04:06,2025-12-07 14:10:05,16.6500448,80.4146624,13041,8252,FixOK,A,ObV5CS1912,T417F6b453,"Vijayawada - Hyderabad Hwy, Andhra Pradesh 521180, India",331772,49.27,IgnitionOn,1,23.85,105.9,4,-113
d16a9519-60aa-4444-b5f9-422e548d73d4-39,EDC_BS6_PERIODIC,2025-12-06 04:04:12,2025-12-07 14:10:05,16.6498688,80.415328,13042,8252,FixOK,A,ObV5CS1912,T417F6b453,"Vijayawada - Hyderabad Hwy, Andhra Pradesh 521180, India",331772.125,47.62,IgnitionOn,1,23.767,104,4,-113
d16a9519-60aa-4444-b5f9-422e548d73d4-40,EDC_BS6_PERIODIC,2025-12-06 04:04:18,2025-12-07 14:10:05,16.6496976,80.4159616,13043,8252,FixOK,A,ObV5CS1912,T417F6b453,"NH 65, Andhra Pradesh 521180, India",331772.125,44.86,IgnitionOn,1,23.329,105.69,4,-113
d16a9519-60aa-4444-b5f9-422e548d73d4-41,EDC_BS6_PERIODIC,2025-12-06 04:04:24,2025-12-07 14:10:05,16.6495424,80.4165184,13044,8252,FixOK,A,ObV5CS1912,T417F6b453,"Vijayawada - Hyderabad Hwy, Andhra Pradesh 521180, India",331772.25,38.48,IgnitionOn,1,23.079,106,4,-113
d16a9519-60aa-4444-b5f9-422e548d73d4-42,EDC_BS6_PERIODIC,2025-12-06 04:04:30,2025-12-07 14:10:05,16.6494144,80.417056,13045,8252,FixOK,A,ObV5CS1912,T417F6b453,"Vijayawada - Hyderabad Hwy, Andhra Pradesh 521180, India",331772.25,37.86,IgnitionOn,1,22.7,102.69,4,-113
d16a9519-60aa-4444-b5f9-422e548d73d4-43,EDC_BS6_PERIODIC,2025-12-06 04:04:36,2025-12-07 14:10:05,16.6492608,80.4176128,13046,8252,FixOK,A,ObV5CS1912,T417F6b453,"Vijayawada - Hyderabad Hwy, Andhra Pradesh 521180, India",331772.375,39.05,IgnitionOn,1,22.559,106.4,4,-113
d16a9519-60aa-4444-b5f9-422e548d73d4-44,EDC_BS6_PERIODIC,2025-12-06 04:04:42,2025-12-07 14:10:05,16.649104,80.4182336,13047,8252,FixOK,A,ObV5CS1912,T417F6b453,"Vijayawada - Hyderabad Hwy, Andhra Pradesh 521180, India",331772.5,41.44,IgnitionOn,1,22.61,105.3,4,-113
d16a9519-60aa-4444-b5f9-422e548d73d4-45,EDC_BS6_PERIODIC,2025-12-06 04:04:48,2025-12-07 14:10:05,16.6489328,80.4189056,13048,8252,FixOK,A,ObV5CS1912,T417F6b453,"Vijayawada - Hyderabad Hwy, Andhra Pradesh 521180, India",331772.5,45.85,IgnitionOn,1,22.541,105.19,4,-113
d16a9519-60aa-4444-b5f9-422e548d73d4-46,EDC_BS6_PERIODIC,2025-12-06 04:04:54,2025-12-07 14:10:05,16.6487216,80.4195968,13049,8252,FixOK,A,ObV5CS1912,T417F6b453,"Hyderabad - Vijayawada Hwy, Andhra Pradesh 521180, India",331772.625,47.41,IgnitionOn,1,22.43,109.19,4,-113
d16a9519-60aa-4444-b5f9-422e548d73d4-47,EDC_BS6_PERIODIC,2025-12-06 04:05:00,2025-12-07 14:10:05,16.6484944,80.4203264,13050,8252,FixOK,A,ObV5CS1912,T417F6b453,"Vijayawada - Hyderabad Hwy, Andhra Pradesh 521180, India",331772.75,49.48,IgnitionOn,1,22.239,105.9,3,-113
d16a9519-60aa-4444-b5f9-422e548d73d4-49,EDC_BS6_PERIODIC,2025-12-06 04:05:06,2025-12-07 14:10:05,16.6483024,80.4210816,13051,8252,FixOK,A,ObV5CS1912,T417F6b453,"Hyderabad - Vijayawada Hwy, Andhra Pradesh 521180, India",331772.75,51.32,IgnitionOn,1,22.12,105.3,4,-113
d16a9519-60aa-4444-b5f9-422e548d73d4-50,EDC_BS6_PERIODIC,2025-12-06 04:05:12,2025-12-07 14:10:05,16.6481696,80.421792,13052,8252,FixOK,A,ObV5CS1912,T417F6b453,"Vijayawada - Hyderabad Hwy, Andhra Pradesh 521180, India",331772.875,49.81,IgnitionOn,1,22.02,100.59,5,-113
b9fe3b04-755b-4c9b-b46e-baf83f1a1e1b-1,EDC_BS6_PERIODIC,2025-12-06 04:05:18,2025-12-07 14:10:24,16.6480192,80.4224704,13053,8252,FixOK,A,ObV5CS1912,T417F6b453,"Vijayawada - Hyderabad Hwy, Andhra Pradesh 521180, India",331773,46.01,IgnitionOn,1,21.85,103.19,5,-113
b9fe3b04-755b-4c9b-b46e-baf83f1a1e1b-2,EDC_BS6_PERIODIC,2025-12-06 04:05:24,2025-12-07 14:10:24,16.6478656,80.423136,13054,8252,FixOK,A,ObV5CS1912,T417F6b453,"Vijayawada - Hyderabad Hwy, Andhra Pradesh 521180, India",331773,44.91,IgnitionOn,1,21.797,102.8,5,-113
b9fe3b04-755b-4c9b-b46e-baf83f1a1e1b-3,EDC_BS6_PERIODIC,2025-12-06 04:05:30,2025-12-07 14:10:24,16.6477408,80.4237568,13055,8252,FixOK,A,ObV5CS1912,T417F6b453,"Hyderabad - Vijayawada Hwy, Andhra Pradesh 521181, India",331773.125,42.73,IgnitionOn,1,21.87,102.3,5,-113
b9fe3b04-755b-4c9b-b46e-baf83f1a1e1b-4,EDC_BS6_PERIODIC,2025-12-06 04:05:36,2025-12-07 14:10:24,16.6475872,80.4243776,13056,8252,FixOK,A,ObV5CS1912,T417F6b453,"Hyderabad - Vijayawada Hwy, Andhra Pradesh 521181, India",331773.125,41.98,IgnitionOn,1,21.75,104.9,5,-113
b9fe3b04-755b-4c9b-b46e-baf83f1a1e1b-5,EDC_BS6_PERIODIC,2025-12-06 04:05:42,2025-12-07 14:10:24,16.6474208,80.4249664,13057,8252,FixOK,A,ObV5CS1912,T417F6b453,"Hyderabad - Vijayawada Hwy, Andhra Pradesh 521181, India",331773.25,40.95,IgnitionOn,1,21.639,106.19,5,-113
b9fe3b04-755b-4c9b-b46e-baf83f1a1e1b-6,EDC_BS6_PERIODIC,2025-12-06 04:05:48,2025-12-07 14:10:24,16.6471984,80.4255488,13058,8252,FixOK,A,ObV5CS1912,T417F6b453,"Hyderabad - Vijayawada Hwy, Andhra Pradesh 521181, India",331773.375,42.63,IgnitionOn,1,21.26,108.19,5,-113
b9fe3b04-755b-4c9b-b46e-baf83f1a1e1b-7,EDC_BS6_PERIODIC,2025-12-06 04:05:54,2025-12-07 14:10:24,16.6468544,80.4261056,13059,8252,FixOK,A,ObV5CS1912,T417F6b453,"Hyderabad - Vijayawada Hwy, Andhra Pradesh 521181, India",331773.375,44.25,IgnitionOn,1,20.84,126.69,5,-113
b9fe3b04-755b-4c9b-b46e-baf83f1a1e1b-8,EDC_BS6_PERIODIC,2025-12-06 04:06:00,2025-12-07 14:10:24,16.6464288,80.4265984,13060,8252,FixOK,A,ObV5CS1912,T417F6b453,"JCWG+3VP, NH 65, Kanchikacherla, Andhra Pradesh 521180, India",331773.5,43.23,IgnitionOn,1,20.1,133.5,6,-113
b9fe3b04-755b-4c9b-b46e-baf83f1a1e1b-9,EDC_BS6_PERIODIC,2025-12-06 04:06:06,2025-12-07 14:10:24,16.6459616,80.4270208,13061,8252,FixOK,A,ObV5CS1912,T417F6b453,"JCWG+3VP, NH 65, Kanchikacherla, Andhra Pradesh 521180, India",331773.5,43.08,IgnitionOn,1,19.68,138.8,6,-113
b9fe3b04-755b-4c9b-b46e-baf83f1a1e1b-10,EDC_BS6_PERIODIC,2025-12-06 04:06:12,2025-12-07 14:10:24,16.6454736,80.4274624,13062,8252,FixOK,A,ObV5CS1912,T417F6b453,"Vijayawada - Hyderabad Hwy, Andhra Pradesh 521181, India",331773.625,44.09,IgnitionOn,1,19.44,138.39,6,-113
b9fe3b04-755b-4c9b-b46e-baf83f1a1e1b-11,EDC_BS6_PERIODIC,2025-12-06 04:06:18,2025-12-07 14:10:24,16.6449744,80.427904,13063,8252,FixOK,A,ObV5CS1912,T417F6b453,"Hyderabad - Vijayawada Hwy, Andhra Pradesh 521181, India",331773.75,44.7,IgnitionOn,1,19.87,138.5,5,-113
b9fe3b04-755b-4c9b-b46e-baf83f1a1e1b-12,EDC_BS6_PERIODIC,2025-12-06 04:06:24,2025-12-07 14:10:24,16.6444736,80.4283392,13064,8252,FixOK,A,ObV5CS1912,T417F6b453,"Vijayawada - Hyderabad Hwy, Andhra Pradesh 521181, India",331773.75,43.92,IgnitionOn,1,20.069,138.89,6,-113
b9fe3b04-755b-4c9b-b46e-baf83f1a1e1b-13,EDC_BS6_PERIODIC,2025-12-06 04:06:30,2025-12-07 14:10:24,16.643992,80.4287872,13065,8252,FixOK,A,ObV5CS1912,T417F6b453,"JCVH+4V2, Vijayawada - Hyderabad Hwy, Andhra Pradesh 521181, India",331773.875,44.1,IgnitionOn,1,20.67,138.19,6,-113
b9fe3b04-755b-4c9b-b46e-baf83f1a1e1b-14,EDC_BS6_PERIODIC,2025-12-06 04:06:36,2025-12-07 14:10:24,16.6435328,80.4292224,13066,8252,FixOK,A,ObV5CS1912,T417F6b453,"JCVH+4V2, Vijayawada - Hyderabad Hwy, Andhra Pradesh 521181, India",331773.875,42.95,IgnitionOn,1,20.879,137.8,6,-113
b9fe3b04-755b-4c9b-b46e-baf83f1a1e1b-15,EDC_BS6_PERIODIC,2025-12-06 04:06:42,2025-12-07 14:10:24,16.64308,80.4296384,13067,8252,FixOK,A,ObV5CS1912,T417F6b453,"Hyderabad - Vijayawada Hwy, Andhra Pradesh 521181, India",331774,41.16,IgnitionOn,1,20.87,138,6,-113
b9fe3b04-755b-4c9b-b46e-baf83f1a1e1b-16,EDC_BS6_PERIODIC,2025-12-06 04:06:48,2025-12-07 14:10:24,16.6426384,80.4300544,13068,8252,FixOK,A,ObV5CS1912,T417F6b453,"Hyderabad - Vijayawada Hwy, Andhra Pradesh 521181, India",331774.125,40.82,IgnitionOn,1,20.579,138.3,5,-113
b9fe3b04-755b-4c9b-b46e-baf83f1a1e1b-17,EDC_BS6_PERIODIC,2025-12-06 04:06:54,2025-12-07 14:10:24,16.6421984,80.430464,13069,8252,FixOK,A,ObV5CS1912,T417F6b453,"Vijayawada - Hyderabad Hwy, Andhra Pradesh 521181, India",331774.125,41,IgnitionOn,1,20.479,138,5,-113
b9fe3b04-755b-4c9b-b46e-baf83f1a1e1b-18,EDC_BS6_PERIODIC,2025-12-06 04:07:00,2025-12-07 14:10:24,16.6417504,80.4308864,13070,8252,FixOK,A,ObV5CS1912,T417F6b453,"Vijayawada - Hyderabad Hwy, Andhra Pradesh 521181, India",331774.25,41.91,IgnitionOn,1,20.61,137.39,5,-113
b9fe3b04-755b-4c9b-b46e-baf83f1a1e1b-19,EDC_BS6_PERIODIC,2025-12-06 04:07:06,2025-12-07 14:10:24,16.6412816,80.4313216,13071,8252,FixOK,A,ObV5CS1912,T417F6b453,"Hyderabad - Vijayawada Hwy, Andhra Pradesh 521181, India",331774.25,43.26,IgnitionOn,1,20.719,137.3,6,-113
b9fe3b04-755b-4c9b-b46e-baf83f1a1e1b-20,EDC_BS6_PERIODIC,2025-12-06 04:07:12,2025-12-07 14:10:24,16.6408096,80.4317568,13072,8252,FixOK,A,ObV5CS1912,T417F6b453,"JCRJ+9H6, Andhra Pradesh 521180, India",331774.375,43.31,IgnitionOn,1,20.855,137.69,6,-113
b9fe3b04-755b-4c9b-b46e-baf83f1a1e1b-21,EDC_BS6_PERIODIC,2025-12-06 04:07:18,2025-12-07 14:10:24,16.6403456,80.432192,13073,8252,FixOK,A,ObV5CS1912,T417F6b453,"JCRJ+9H6, Andhra Pradesh 521180, India",331774.5,43.4,IgnitionOn,1,20.67,137.89,6,-113
b9fe3b04-755b-4c9b-b46e-baf83f1a1e1b-22,EDC_BS6_PERIODIC,2025-12-06 04:07:24,2025-12-07 14:10:24,16.6399072,80.4326272,13074,8252,FixOK,A,ObV5CS1912,T417F6b453,"Vijayawada - Hyderabad Hwy, Andhra Pradesh 521181, India",331774.5,40.91,IgnitionOn,1,20.889,137.19,5,-113
b9fe3b04-755b-4c9b-b46e-baf83f1a1e1b-23,EDC_BS6_PERIODIC,2025-12-06 04:07:30,2025-12-07 14:10:24,16.6394784,80.433024,13075,8252,FixOK,A,ObV5CS1912,T417F6b453,"Hyderabad - Vijayawada Hwy, Andhra Pradesh 521181, India",331774.625,39.62,IgnitionOn,1,20.62,138,5,-113
b9fe3b04-755b-4c9b-b46e-baf83f1a1e1b-24,EDC_BS6_PERIODIC,2025-12-06 04:07:36,2025-12-07 14:10:24,16.6390928,80.433408,13076,8252,FixOK,A,ObV5CS1912,T417F6b453,"Hyderabad - Vijayawada Hwy, Andhra Pradesh 521181, India",331774.625,36.09,IgnitionOn,1,20.53,135.69,5,-113
b9fe3b04-755b-4c9b-b46e-baf83f1a1e1b-25,EDC_BS6_PERIODIC,2025-12-06 04:07:42,2025-12-07 14:10:24,16.6387568,80.4337216,13077,8252,FixOK,A,ObV5CS1912,T417F6b453,"Hyderabad - Vijayawada Hwy, Andhra Pradesh 521181, India",331774.75,30.88,IgnitionOn,1,20.17,137.6,6,-113
b9fe3b04-755b-4c9b-b46e-baf83f1a1e1b-26,EDC_BS6_PERIODIC,2025-12-06 04:07:48,2025-12-07 14:10:24,16.6384016,80.43408,13078,8252,FixOK,A,ObV5CS1912,T417F6b453,"Hyderabad - Vijayawada Hwy, Andhra Pradesh 521181, India",331774.75,34.98,IgnitionOn,1,20.003,133.8,6,-113
b9fe3b04-755b-4c9b-b46e-baf83f1a1e1b-27,EDC_BS6_PERIODIC,2025-12-06 04:07:54,2025-12-07 14:10:24,16.6379904,80.4344384,13079,8252,FixOK,A,ObV5CS1912,T417F6b453,"Hyderabad - Vijayawada Hwy, Andhra Pradesh 521181, India",331774.875,38.09,IgnitionOn,1,19.86,141.6,6,-113
b9fe3b04-755b-4c9b-b46e-baf83f1a1e1b-28,EDC_BS6_PERIODIC,2025-12-06 04:08:00,2025-12-07 14:10:24,16.63752,80.434816,13080,8252,FixOK,A,ObV5CS1912,T417F6b453,"Dno1-114-6 Dondabanda, Ibrahimpatnam, Andhra Pradesh 521456, India",331774.875,41.28,IgnitionOn,1,19.67,144.1,5,-113
b9fe3b04-755b-4c9b-b46e-baf83f1a1e1b-29,EDC_BS6_PERIODIC,2025-12-06 04:08:06,2025-12-07 14:10:24,16.6369808,80.4351872,13081,8252,FixOK,A,ObV5CS1912,T417F6b453,"NH65, Andhra Pradesh 521181, India",331775,44.89,IgnitionOn,1,19.19,148.8,6,-113
b9fe3b04-755b-4c9b-b46e-baf83f1a1e1b-30,EDC_BS6_PERIODIC,2025-12-06 04:08:12,2025-12-07 14:10:24,16.6364048,80.4355584,13082,8252,FixOK,A,ObV5CS1912,T417F6b453,"Dno1-114-6 Dondabanda, Ibrahimpatnam, Andhra Pradesh 521456, India",331775.125,47.41,IgnitionOn,1,18.51,146.39,5,-113
b9fe3b04-755b-4c9b-b46e-baf83f1a1e1b-31,EDC_BS6_PERIODIC,2025-12-06 04:08:18,2025-12-07 14:10:24,16.6358128,80.4359424,13083,8252,FixOK,A,ObV5CS1912,T417F6b453,"Dno1-114-6 Dondabanda, Ibrahimpatnam, Andhra Pradesh 521456, India",331775.125,47.12,IgnitionOn,1,18.729,148.8,5,-113
b9fe3b04-755b-4c9b-b46e-baf83f1a1e1b-32,EDC_BS6_PERIODIC,2025-12-06 04:08:24,2025-12-07 14:10:24,16.635296,80.4363392,13084,8252,FixOK,A,ObV5CS1912,T417F6b453,"Hyderabad - Vijayawada Hwy, Andhra Pradesh 521181, India",331775.25,45.44,IgnitionOn,1,19.336,143.39,5,-113
b9fe3b04-755b-4c9b-b46e-baf83f1a1e1b-33,EDC_BS6_PERIODIC,2025-12-06 04:08:30,2025-12-07 14:10:24,16.6348736,80.436608,13085,8252,FixOK,A,ObV5CS1912,T417F6b453,"JCMP+VGG, NH 65, Andhra Pradesh 521181, India",331775.25,34.18,IgnitionOn,1,21.219,148.6,5,-113
7e7a721d-509b-47f1-9e40-93dce44674bc-1,EDC_BS6_PERIODIC,2025-12-06 04:08:36,2025-12-07 14:10:45,16.6345104,80.4368512,13086,8252,FixOK,A,ObV5CS1912,T417F6b453,"JCMP+VGG, NH 65, Andhra Pradesh 521181, India",331775.375,28.43,IgnitionOn,1,21.5,141.39,5,-113
7e7a721d-509b-47f1-9e40-93dce44674bc-2,EDC_BS6_PERIODIC,2025-12-06 04:08:42,2025-12-07 14:10:45,16.6341312,80.437056,13087,8252,FixOK,A,ObV5CS1912,T417F6b453,"Vijayawada - Hyderabad Hwy, Andhra Pradesh 521181, India",331775.375,30.13,IgnitionOn,1,21.6,152.39,5,-113
7e7a721d-509b-47f1-9e40-93dce44674bc-3,EDC_BS6_PERIODIC,2025-12-06 04:08:48,2025-12-07 14:10:45,16.6336816,80.4373696,13088,8252,FixOK,A,ObV5CS1912,T417F6b453,"Vijayawada - Hyderabad Hwy, Andhra Pradesh 521181, India",331775.5,37.8,IgnitionOn,1,21.92,147.5,5,-113
7e7a721d-509b-47f1-9e40-93dce44674bc-4,EDC_BS6_PERIODIC,2025-12-06 04:08:54,2025-12-07 14:10:45,16.6331856,80.4377216,13089,8252,FixOK,A,ObV5CS1912,T417F6b453,"JCMQ+C38, VIJAYAWADA, Andhra Pradesh 521456, India",331775.5,41.76,IgnitionOn,1,23.04,144.6,5,-113
7e7a721d-509b-47f1-9e40-93dce44674bc-5,EDC_BS6_PERIODIC,2025-12-06 04:09:00,2025-12-07 14:10:45,16.6326896,80.4381184,13090,8252,FixOK,A,ObV5CS1912,T417F6b453,"JCMQ+C38, VIJAYAWADA, Andhra Pradesh 521456, India",331775.625,41.7,IgnitionOn,1,24.253,140.5,5,-113
7e7a721d-509b-47f1-9e40-93dce44674bc-6,EDC_BS6_PERIODIC,2025-12-06 04:09:06,2025-12-07 14:10:45,16.6322368,80.43856,13091,8252,FixOK,A,ObV5CS1912,T417F6b453,"Ayyappa Jetipiti 9490909063, Vijayawada, Andhra Pradesh 521456, India",331775.625,42.12,IgnitionOn,1,26.26,135.8,5,-113
7e7a721d-509b-47f1-9e40-93dce44674bc-7,EDC_BS6_PERIODIC,2025-12-06 04:09:12,2025-12-07 14:10:45,16.6317952,80.4390464,13092,8252,FixOK,A,ObV5CS1912,T417F6b453,"Ayyappa Jetipiti 9490909063, Vijayawada, Andhra Pradesh 521456, India",331775.75,43.56,IgnitionOn,1,26.969,132.6,4,-113
7e7a721d-509b-47f1-9e40-93dce44674bc-8,EDC_BS6_PERIODIC,2025-12-06 04:09:18,2025-12-07 14:10:45,16.6313376,80.4395456,13093,8252,FixOK,A,ObV5CS1912,T417F6b453,"NH65, Chilukuru, Andhra Pradesh 521180, India",331775.875,45.27,IgnitionOn,1,27.25,133.1,5,-113
7e7a721d-509b-47f1-9e40-93dce44674bc-9,EDC_BS6_PERIODIC,2025-12-06 04:09:24,2025-12-07 14:10:45,16.6308816,80.4400128,13094,8252,FixOK,A,ObV5CS1912,T417F6b453,"NH65, Chilukuru, Andhra Pradesh 521180, India",331775.875,43.98,IgnitionOn,1,26.639,134.1,5,-113
7e7a721d-509b-47f1-9e40-93dce44674bc-10,EDC_BS6_PERIODIC,2025-12-06 04:09:30,2025-12-07 14:10:45,16.63044,80.4404992,13095,8252,FixOK,A,ObV5CS1912,T417F6b453,"NH65, Chilukuru, Andhra Pradesh 521180, India",331776,44.55,IgnitionOn,1,26.25,134.5,5,-113
7e7a721d-509b-47f1-9e40-93dce44674bc-11,EDC_BS6_PERIODIC,2025-12-06 04:09:36,2025-12-07 14:10:45,16.6300016,80.440992,13096,8252,FixOK,A,ObV5CS1912,T417F6b453,"NH65, Chilukuru, Andhra Pradesh 521181, India",331776.125,45.33,IgnitionOn,1,26.073,132.19,6,-113
7e7a721d-509b-47f1-9e40-93dce44674bc-12,EDC_BS6_PERIODIC,2025-12-06 04:09:42,2025-12-07 14:10:45,16.6296032,80.4415232,13097,8252,FixOK,A,ObV5CS1912,T417F6b453,"NH65, Chilukuru, Andhra Pradesh 521181, India",331776.125,45.08,IgnitionOn,1,26.1,129.1,6,-113
7e7a721d-509b-47f1-9e40-93dce44674bc-13,EDC_BS6_PERIODIC,2025-12-06 04:09:48,2025-12-07 14:10:45,16.6292672,80.44208,13098,8252,FixOK,A,ObV5CS1912,T417F6b453,"NH65, Chilukuru, Andhra Pradesh 521180, India",331776.25,42.21,IgnitionOn,1,26.069,124.5,5,-113
7e7a721d-509b-47f1-9e40-93dce44674bc-14,EDC_BS6_PERIODIC,2025-12-06 04:09:54,2025-12-07 14:10:45,16.629024,80.4426816,13099,8252,FixOK,A,ObV5CS1912,T417F6b453,"NH65, Chilukuru, Andhra Pradesh 521181, India",331776.25,43.81,IgnitionOn,1,25.969,112.19,4,-113
7e7a721d-509b-47f1-9e40-93dce44674bc-15,EDC_BS6_PERIODIC,2025-12-06 04:10:00,2025-12-07 14:10:45,16.6287856,80.4433152,13100,8252,FixOK,A,ObV5CS1912,T417F6b453,"NH65, Chilukuru, Andhra Pradesh 521181, India",331776.375,43.43,IgnitionOn,1,25.93,111.59,5,-113
7e7a721d-509b-47f1-9e40-93dce44674bc-16,EDC_BS6_PERIODIC,2025-12-06 04:10:06,2025-12-07 14:10:45,16.6285536,80.4439104,13101,8252,FixOK,A,ObV5CS1912,T417F6b453,"JCHV+PVC, NH 65, Kachavaram, Andhra Pradesh 521456, India",331776.5,42.1,IgnitionOn,1,25.92,112.19,5,-113
7e7a721d-509b-47f1-9e40-93dce44674bc-17,EDC_BS6_PERIODIC,2025-12-06 04:10:12,2025-12-07 14:10:45,16.628328,80.4444864,13102,8252,FixOK,A,ObV5CS1912,T417F6b453,"NH65, Chilukuru, Andhra Pradesh 521181, India",331776.5,41.39,IgnitionOn,1,25.911,112.9,5,-113
7e7a721d-509b-47f1-9e40-93dce44674bc-18,EDC_BS6_PERIODIC,2025-12-06 04:10:18,2025-12-07 14:10:45,16.6281456,80.4450304,13103,8252,FixOK,A,ObV5CS1912,T417F6b453,"JCHV+PVC, NH 65, Kachavaram, Andhra Pradesh 521456, India",331776.625,39.44,IgnitionOn,1,25.969,110.5,5,-113
7e7a721d-509b-47f1-9e40-93dce44674bc-19,EDC_BS6_PERIODIC,2025-12-06 04:10:24,2025-12-07 14:10:45,16.62796,80.4455552,13104,8252,FixOK,A,ObV5CS1912,T417F6b453,"JCGW+WH8, Kachavaram, Andhra Pradesh 521181, India",331776.625,36.81,IgnitionOn,1,25.68,112.4,4,-113
7e7a721d-509b-47f1-9e40-93dce44674bc-20,EDC_BS6_PERIODIC,2025-12-06 04:10:30,2025-12-07 14:10:45,16.6277456,80.4460672,13105,8252,FixOK,A,ObV5CS1912,T417F6b453,"JCGW+WH8, Kachavaram, Andhra Pradesh 521181, India",331776.75,39.82,IgnitionOn,1,25.61,113.59,5,-113
7e7a721d-509b-47f1-9e40-93dce44674bc-21,EDC_BS6_PERIODIC,2025-12-06 04:10:36,2025-12-07 14:10:45,16.6273776,80.4465856,13106,8252,FixOK,A,ObV5CS1912,T417F6b453,"NH65, Kachavaram, Andhra Pradesh 521181, India",331776.75,43.85,IgnitionOn,1,25.1,125.3,5,-113
7e7a721d-509b-47f1-9e40-93dce44674bc-22,EDC_BS6_PERIODIC,2025-12-06 04:10:42,2025-12-07 14:10:45,16.6269584,80.4470912,13107,8252,FixOK,A,ObV5CS1912,T417F6b453,"NH65, Kachavaram, Andhra Pradesh 521181, India",331776.875,41.26,IgnitionOn,1,25.02,125.09,6,-113
7e7a721d-509b-47f1-9e40-93dce44674bc-23,EDC_BS6_PERIODIC,2025-12-06 04:10:48,2025-12-07 14:10:45,16.6265056,80.4475136,13108,8252,FixOK,A,ObV5CS1912,T417F6b453,"NH65, Kachavaram, Andhra Pradesh 521181, India",331777,40.3,IgnitionOn,1,24.845,137.1,6,-113
7e7a721d-509b-47f1-9e40-93dce44674bc-24,EDC_BS6_PERIODIC,2025-12-06 04:10:54,2025-12-07 14:10:45,16.626088,80.4479424,13109,8252,FixOK,A,ObV5CS1912,T417F6b453,"NH65, Kachavaram, Andhra Pradesh 521181, India",331777,39.19,IgnitionOn,1,23.979,134.5,4,-113
7e7a721d-509b-47f1-9e40-93dce44674bc-25,EDC_BS6_PERIODIC,2025-12-06 04:11:00,2025-12-07 14:10:45,16.6257248,80.4483712,13110,8252,FixOK,A,ObV5CS1912,T417F6b453,"NH65, Kachavaram, Andhra Pradesh 521181, India",331777.125,37.1,IgnitionOn,1,23.87,128.1,6,-113
7e7a721d-509b-47f1-9e40-93dce44674bc-26,EDC_BS6_PERIODIC,2025-12-06 04:11:06,2025-12-07 14:10:45,16.6254128,80.448832,13111,8252,FixOK,A,ObV5CS1912,T417F6b453,"NH65, Kachavaram, Andhra Pradesh 521181, India",331777.125,38.74,IgnitionOn,1,23.92,124.59,6,-113
7e7a721d-509b-47f1-9e40-93dce44674bc-27,EDC_BS6_PERIODIC,2025-12-06 04:11:12,2025-12-07 14:10:45,16.6251184,80.4493696,13112,8252,FixOK,A,ObV5CS1912,T417F6b453,"NH65, Kachavaram, Andhra Pradesh 521181, India",331777.25,41.14,IgnitionOn,1,24.68,119.5,5,-113
7e7a721d-509b-47f1-9e40-93dce44674bc-28,EDC_BS6_PERIODIC,2025-12-06 04:11:18,2025-12-07 14:10:45,16.6248096,80.4499136,13113,8252,FixOK,A,ObV5CS1912,T417F6b453,"NH65, Kachavaram, Andhra Pradesh 521181, India",331777.25,41.46,IgnitionOn,1,25.229,121.09,5,-113
7e7a721d-509b-47f1-9e40-93dce44674bc-29,EDC_BS6_PERIODIC,2025-12-06 04:11:24,2025-12-07 14:10:45,16.6245008,80.4504832,13114,8252,FixOK,A,ObV5CS1912,T417F6b453,"NH65, Kachavaram, Andhra Pradesh 521181, India",331777.375,41.99,IgnitionOn,1,25.335,119.09,4,-113
7e7a721d-509b-47f1-9e40-93dce44674bc-30,EDC_BS6_PERIODIC,2025-12-06 04:11:30,2025-12-07 14:10:45,16.6241664,80.4510592,13115,8252,FixOK,A,ObV5CS1912,T417F6b453,"NH65, Kachavaram, Andhra Pradesh 521181, India",331777.375,43.71,IgnitionOn,1,25.399,121.59,5,-113
7e7a721d-509b-47f1-9e40-93dce44674bc-31,EDC_BS6_PERIODIC,2025-12-06 04:11:36,2025-12-07 14:10:45,16.6238016,80.451616,13116,8252,FixOK,A,ObV5CS1912,T417F6b453,"NH65, Kachavaram, Andhra Pradesh 521181, India",331777.5,44.72,IgnitionOn,1,25.69,123.9,6,-113
7e7a721d-509b-47f1-9e40-93dce44674bc-32,EDC_BS6_PERIODIC,2025-12-06 04:11:42,2025-12-07 14:10:45,16.6233888,80.4521472,13117,8252,FixOK,A,ObV5CS1912,T417F6b453,"NH65, Kachavaram, Andhra Pradesh 521181, India",331777.5,44.68,IgnitionOn,1,25.67,130.1,6,-113
7e7a721d-509b-47f1-9e40-93dce44674bc-33,EDC_BS6_PERIODIC,2025-12-06 04:11:48,2025-12-07 14:10:45,16.623,80.45264,13118,8252,FixOK,A,ObV5CS1912,T417F6b453,"JFC3+X7Q, Vijayawada, Andhra Pradesh 521456, India",331777.625,42.06,IgnitionOn,1,25.77,129.69,5,-113
7e7a721d-509b-47f1-9e40-93dce44674bc-34,EDC_BS6_PERIODIC,2025-12-06 04:11:54,2025-12-07 14:10:45,16.6226576,80.4531328,13119,8252,FixOK,A,ObV5CS1912,T417F6b453,"JFC3+X7Q, Vijayawada, Andhra Pradesh 521456, India",331777.75,40.23,IgnitionOn,1,26.219,126.5,4,-113
7e7a721d-509b-47f1-9e40-93dce44674bc-35,EDC_BS6_PERIODIC,2025-12-06 04:12:00,2025-12-07 14:10:45,16.622336,80.453632,13120,8252,FixOK,A,ObV5CS1912,T417F6b453,"NH65, Kachavaram, Andhra Pradesh 521181, India",331777.75,40.09,IgnitionOn,1,26.289,124.9,5,-113
7e7a721d-509b-47f1-9e40-93dce44674bc-36,EDC_BS6_PERIODIC,2025-12-06 04:12:06,2025-12-07 14:10:45,16.6219904,80.4541312,13121,8252,FixOK,A,ObV5CS1912,T417F6b453,"NH65, Kachavaram, Andhra Pradesh 521181, India",331777.875,42.14,IgnitionOn,1,25.979,126,4,-113
7e7a721d-509b-47f1-9e40-93dce44674bc-37,EDC_BS6_PERIODIC,2025-12-06 04:12:12,2025-12-07 14:10:45,16.621584,80.454624,13122,8252,FixOK,A,ObV5CS1912,T417F6b453,"H.No.5-40, NH 65, Kethanakonda, Andhra Pradesh 521456, India",331777.875,43.01,IgnitionOn,1,25.69,131.1,5,-113
7e7a721d-509b-47f1-9e40-93dce44674bc-38,EDC_BS6_PERIODIC,2025-12-06 04:12:18,2025-12-07 14:10:45,16.6211696,80.4551296,13123,8252,FixOK,A,ObV5CS1912,T417F6b453,"H.No.5-40, NH 65, Kethanakonda, Andhra Pradesh 521456, India",331778,43.85,IgnitionOn,1,24.979,130.6,5,-113
7e7a721d-509b-47f1-9e40-93dce44674bc-39,EDC_BS6_PERIODIC,2025-12-06 04:12:24,2025-12-07 14:10:45,16.6207584,80.4556224,13124,8252,FixOK,A,ObV5CS1912,T417F6b453,"NH 65, Kethanakonda, Andhra Pradesh 521181, India",331778,42.9,IgnitionOn,1,24.52,130.69,5,-113
7e7a721d-509b-47f1-9e40-93dce44674bc-40,EDC_BS6_PERIODIC,2025-12-06 04:12:30,2025-12-07 14:10:45,16.6203456,80.45616,13125,8252,FixOK,A,ObV5CS1912,T417F6b453,"NH65, Kachavaram, Andhra Pradesh 521181, India",331778.125,45.07,IgnitionOn,1,24.5,128,6,-113
7e7a721d-509b-47f1-9e40-93dce44674bc-41,EDC_BS6_PERIODIC,2025-12-06 04:12:36,2025-12-07 14:10:45,16.6199376,80.456736,13126,8252,FixOK,A,ObV5CS1912,T417F6b453,"NH65, Kachavaram, Andhra Pradesh 521181, India",331778.25,47.12,IgnitionOn,1,24.661,125.8,5,-113
7e7a721d-509b-47f1-9e40-93dce44674bc-42,EDC_BS6_PERIODIC,2025-12-06 04:12:42,2025-12-07 14:10:45,16.6195616,80.4573312,13127,8252,FixOK,A,ObV5CS1912,T417F6b453,"NH65, Kachavaram, Andhra Pradesh 521181, India",331778.25,45.39,IgnitionOn,1,24.909,124.19,5,-113
7e7a721d-509b-47f1-9e40-93dce44674bc-43,EDC_BS6_PERIODIC,2025-12-06 04:12:48,2025-12-07 14:10:45,16.6192128,80.4578688,13128,8252,FixOK,A,ObV5CS1912,T417F6b453,"JF95+G6P, Kethanakonda, Andhra Pradesh 521456, India",331778.375,43.78,IgnitionOn,1,25.219,122.59,5,-113
7e7a721d-509b-47f1-9e40-93dce44674bc-44,EDC_BS6_PERIODIC,2025-12-06 04:12:54,2025-12-07 14:10:45,16.6188768,80.4584,13129,8252,FixOK,A,ObV5CS1912,T417F6b453,"JF95+G6P, Kethanakonda, Andhra Pradesh 521456, India",331778.5,42.45,IgnitionOn,1,25.53,122.4,5,-113
7e7a721d-509b-47f1-9e40-93dce44674bc-45,EDC_BS6_PERIODIC,2025-12-06 04:13:00,2025-12-07 14:10:45,16.618568,80.4589376,13130,8252,FixOK,A,ObV5CS1912,T417F6b453,"JF95+4HG, Kethanakonda, Andhra Pradesh 521456, India",331778.5,41.57,IgnitionOn,1,25.75,117.9,4,-113
7e7a721d-509b-47f1-9e40-93dce44674bc-46,EDC_BS6_PERIODIC,2025-12-06 04:13:06,2025-12-07 14:10:45,16.6182464,80.4594688,13131,8252,FixOK,A,ObV5CS1912,T417F6b453,"JF95+7V9, NH 65, Kethanakonda, Andhra Pradesh 521181, India",331778.625,41.32,IgnitionOn,1,25.6,121,4,-113
7e7a721d-509b-47f1-9e40-93dce44674bc-47,EDC_BS6_PERIODIC,2025-12-06 04:13:12,2025-12-07 14:10:45,16.6179056,80.4600064,13132,8252,FixOK,A,ObV5CS1912,T417F6b453,"JF96+649, Kethanakonda, Andhra Pradesh 521181, India",331778.625,42.13,IgnitionOn,1,25.625,123.3,4,-113
7e7a721d-509b-47f1-9e40-93dce44674bc-48,EDC_BS6_PERIODIC,2025-12-06 04:13:18,2025-12-07 14:10:45,16.6175264,80.460544,13133,8252,FixOK,A,ObV5CS1912,T417F6b453,"NH65, Kethanakonda, Andhra Pradesh 521181, India",331778.75,43.75,IgnitionOn,1,25.569,125.19,4,-113
7e7a721d-509b-47f1-9e40-93dce44674bc-49,EDC_BS6_PERIODIC,2025-12-06 04:13:24,2025-12-07 14:10:45,16.6171328,80.4610624,13134,8252,FixOK,A,ObV5CS1912,T417F6b453,"NH65, Kethanakonda, Andhra Pradesh 521181, India",331778.875,44.19,IgnitionOn,1,25.579,128.39,6,-113
7e7a721d-509b-47f1-9e40-93dce44674bc-50,EDC_BS6_PERIODIC,2025-12-06 04:13:30,2025-12-07 14:10:45,16.6167824,80.4615552,13135,8252,FixOK,A,ObV5CS1912,T417F6b453,"NH65, Kethanakonda, Andhra Pradesh 521181, India",331778.875,39.7,IgnitionOn,1,25.559,122.19,3,-113
46f96fdd-dfeb-4438-b741-22e7440f2126-1,EDC_BS6_PERIODIC,2025-12-06 04:13:36,2025-12-07 14:11:06,16.6164688,80.4620672,13136,8252,FixOK,A,ObV5CS1912,T417F6b453,"NH65, Kethanakonda, Andhra Pradesh 521181, India",331779,41.09,IgnitionOn,1,25.649,122.4,5,-113
46f96fdd-dfeb-4438-b741-22e7440f2126-2,EDC_BS6_PERIODIC,2025-12-06 04:13:42,2025-12-07 14:11:06,16.6161888,80.4626624,13137,8252,FixOK,A,ObV5CS1912,T417F6b453,"NH65, Kethanakonda, Andhra Pradesh 521181, India",331779,43.94,IgnitionOn,1,25.579,115.9,5,-113
46f96fdd-dfeb-4438-b741-22e7440f2126-3,EDC_BS6_PERIODIC,2025-12-06 04:13:48,2025-12-07 14:11:06,16.6159072,80.463232,13138,8252,FixOK,A,ObV5CS1912,T417F6b453,"NH65, Kethanakonda, Andhra Pradesh 521181, India",331779.125,41.91,IgnitionOn,1,25.621,116.4,5,-113
46f96fdd-dfeb-4438-b741-22e7440f2126-4,EDC_BS6_PERIODIC,2025-12-06 04:13:54,2025-12-07 14:11:06,16.6156032,80.4637568,13139,8252,FixOK,A,ObV5CS1912,T417F6b453,"NH65, Kethanakonda, Andhra Pradesh 521181, India",331779.25,41.04,IgnitionOn,1,25.79,122.9,4,-113
46f96fdd-dfeb-4438-b741-22e7440f2126-5,EDC_BS6_PERIODIC,2025-12-06 04:14:00,2025-12-07 14:11:06,16.6152656,80.4642624,13140,8252,FixOK,A,ObV5CS1912,T417F6b453,"NH65, Kethanakonda, Andhra Pradesh 521181, India",331779.25,40.66,IgnitionOn,1,25.85,126.09,4,-113
46f96fdd-dfeb-4438-b741-22e7440f2126-6,EDC_BS6_PERIODIC,2025-12-06 04:14:06,2025-12-07 14:11:06,16.6149024,80.4647552,13141,8252,FixOK,A,ObV5CS1912,T417F6b453,"NH65, Kotikalapudi, Andhra Pradesh 521181, India",331779.375,39.95,IgnitionOn,1,25.829,127,4,-113
46f96fdd-dfeb-4438-b741-22e7440f2126-7,EDC_BS6_PERIODIC,2025-12-06 04:14:12,2025-12-07 14:11:06,16.6145408,80.4652096,13142,8252,FixOK,A,ObV5CS1912,T417F6b453,"NH65, Kotikalapudi, Andhra Pradesh 521181, India",331779.375,38.78,IgnitionOn,1,25.469,128.5,5,-113
46f96fdd-dfeb-4438-b741-22e7440f2126-8,EDC_BS6_PERIODIC,2025-12-06 04:14:18,2025-12-07 14:11:06,16.6141792,80.465664,13143,8252,FixOK,A,ObV5CS1912,T417F6b453,"NH65, MULAPADU, Andhra Pradesh 521181, India",331779.5,39.28,IgnitionOn,1,25.6,128.3,6,-113
46f96fdd-dfeb-4438-b741-22e7440f2126-9,EDC_BS6_PERIODIC,2025-12-06 04:14:24,2025-12-07 14:11:06,16.6138208,80.466144,13144,8252,FixOK,A,ObV5CS1912,T417F6b453,"NH65, MULAPADU, Andhra Pradesh 521181, India",331779.5,39.26,IgnitionOn,1,25.667,126.9,6,-113
46f96fdd-dfeb-4438-b741-22e7440f2126-10,EDC_BS6_PERIODIC,2025-12-06 04:14:30,2025-12-07 14:11:06,16.613456,80.4666368,13145,8252,FixOK,A,ObV5CS1912,T417F6b453,"NH65, MULAPADU, Andhra Pradesh 521181, India",331779.625,40.54,IgnitionOn,1,26.18,126.9,5,-113
46f96fdd-dfeb-4438-b741-22e7440f2126-11,EDC_BS6_PERIODIC,2025-12-06 04:14:36,2025-12-07 14:11:06,16.613128,80.4671104,13146,8252,FixOK,A,ObV5CS1912,T417F6b453,"NH65, MULAPADU, Andhra Pradesh 521181, India",331779.75,40.61,IgnitionOn,1,26.799,124.3,4,-113
46f96fdd-dfeb-4438-b741-22e7440f2126-12,EDC_BS6_PERIODIC,2025-12-06 04:14:42,2025-12-07 14:11:06,16.6128896,80.4674624,13147,8252,FixOK,A,ObV5CS1912,T417F6b453,"NH65, MULAPADU, Andhra Pradesh 521181, India",331779.75,28.84,IgnitionOn,1,26.969,125,6,-113
46f96fdd-dfeb-4438-b741-22e7440f2126-13,EDC_BS6_PERIODIC,2025-12-06 04:14:48,2025-12-07 14:11:06,16.6127232,80.4677696,13148,8252,FixOK,A,ObV5CS1912,T417F6b453,"NH65, MULAPADU, Andhra Pradesh 521181, India",331779.75,23.29,IgnitionOn,1,26.93,121.5,6,-113
46f96fdd-dfeb-4438-b741-22e7440f2126-14,EDC_BS6_PERIODIC,2025-12-06 04:14:54,2025-12-07 14:11:06,16.6125584,80.4680256,13149,8252,FixOK,A,ObV5CS1912,T417F6b453,"NH65, MULAPADU, Andhra Pradesh 521181, India",331779.875,23.96,IgnitionOn,1,26.819,130.19,5,-113
46f96fdd-dfeb-4438-b741-22e7440f2126-15,EDC_BS6_PERIODIC,2025-12-06 04:15:00,2025-12-07 14:11:06,16.6123008,80.4683392,13150,8252,FixOK,A,ObV5CS1912,T417F6b453,"NH65, MULAPADU, Andhra Pradesh 521181, India",331779.875,29.7,IgnitionOn,1,26.879,128.3,4,-113
46f96fdd-dfeb-4438-b741-22e7440f2126-17,EDC_BS6_PERIODIC,2025-12-06 04:15:06,2025-12-07 14:11:06,16.6119824,80.4687616,13151,8252,FixOK,A,ObV5CS1912,T417F6b453,"B c coleny, MULAPADU, Andhra Pradesh 521456, India",331779.875,34.34,IgnitionOn,1,27.059,127.5,5,-113
46f96fdd-dfeb-4438-b741-22e7440f2126-18,EDC_BS6_PERIODIC,2025-12-06 04:15:12,2025-12-07 14:11:06,16.611608,80.469216,13152,8252,FixOK,A,ObV5CS1912,T417F6b453,"B c coleny, MULAPADU, Andhra Pradesh 521456, India",331780,41.02,IgnitionOn,1,27.03,130.3,5,-113
46f96fdd-dfeb-4438-b741-22e7440f2126-19,EDC_BS6_PERIODIC,2025-12-06 04:15:18,2025-12-07 14:11:06,16.6111936,80.4697536,13153,8252,FixOK,A,ObV5CS1912,T417F6b453,"JF69+8V6, MULAPADU, Andhra Pradesh 521456, India",331780.125,43.38,IgnitionOn,1,27.34,129.89,5,-113
46f96fdd-dfeb-4438-b741-22e7440f2126-20,EDC_BS6_PERIODIC,2025-12-06 04:15:24,2025-12-07 14:11:06,16.6107984,80.4702848,13154,8252,FixOK,A,ObV5CS1912,T417F6b453,"JF69+8V6, MULAPADU, Andhra Pradesh 521456, India",331780.125,46.08,IgnitionOn,1,27.84,128.5,5,-113
46f96fdd-dfeb-4438-b741-22e7440f2126-21,EDC_BS6_PERIODIC,2025-12-06 04:15:30,2025-12-07 14:11:06,16.6103728,80.4708352,13155,8252,FixOK,A,ObV5CS1912,T417F6b453,"NH65, MULAPADU, Andhra Pradesh 521181, India",331780.25,47.16,IgnitionOn,1,27.829,129,5,-113
46f96fdd-dfeb-4438-b741-22e7440f2126-22,EDC_BS6_PERIODIC,2025-12-06 04:15:36,2025-12-07 14:11:06,16.6099488,80.4713856,13156,8252,FixOK,A,ObV5CS1912,T417F6b453,"NH65, MULAPADU, Andhra Pradesh 521181, India",331780.25,46.5,IgnitionOn,1,27.766,128.89,5,-113
46f96fdd-dfeb-4438-b741-22e7440f2126-23,EDC_BS6_PERIODIC,2025-12-06 04:15:42,2025-12-07 14:11:06,16.6095184,80.4719232,13157,8252,FixOK,A,ObV5CS1912,T417F6b453,"NH16, Mulapadu Ibrahimpatnam Krishna.(di) pin code. 521456, Kotikalapudi, Andhra Pradesh 521181, India",331780.375,46.21,IgnitionOn,1,27.43,130.1,5,-113
46f96fdd-dfeb-4438-b741-22e7440f2126-24,EDC_BS6_PERIODIC,2025-12-06 04:15:48,2025-12-07 14:11:06,16.6091216,80.4724992,13158,8252,FixOK,A,ObV5CS1912,T417F6b453,"NH16, Mulapadu Ibrahimpatnam Krishna.(di) pin code. 521456, Kotikalapudi, Andhra Pradesh 521181, India",331780.5,45.8,IgnitionOn,1,27.43,126.9,5,-113
46f96fdd-dfeb-4438-b741-22e7440f2126-25,EDC_BS6_PERIODIC,2025-12-06 04:15:54,2025-12-07 14:11:06,16.6088016,80.4731136,13159,8252,FixOK,A,ObV5CS1912,T417F6b453,"NH16, Mulapadu Ibrahimpatnam Krishna.(di) pin code. 521456, Kotikalapudi, Andhra Pradesh 521181, India",331780.5,46.22,IgnitionOn,1,27.379,113.3,5,-113
46f96fdd-dfeb-4438-b741-22e7440f2126-26,EDC_BS6_PERIODIC,2025-12-06 04:16:00,2025-12-07 14:11:06,16.6085552,80.4737664,13160,8252,FixOK,A,ObV5CS1912,T417F6b453,"NH65, MULAPADU, Andhra Pradesh 521456, India",331780.625,46.61,IgnitionOn,1,27.139,110.8,3,-113
46f96fdd-dfeb-4438-b741-22e7440f2126-27,EDC_BS6_PERIODIC,2025-12-06 04:16:06,2025-12-07 14:11:06,16.6083296,80.4744192,13161,8252,FixOK,A,ObV5CS1912,T417F6b453,"NH65, MULAPADU, Andhra Pradesh 521181, India",331780.75,44.66,IgnitionOn,1,27.069,110.59,4,-113
46f96fdd-dfeb-4438-b741-22e7440f2126-28,EDC_BS6_PERIODIC,2025-12-06 04:16:12,2025-12-07 14:11:06,16.6081328,80.4750336,13162,8252,FixOK,A,ObV5CS1912,T417F6b453,"Hyderabad - Vijayawada Hwy, MULAPADU, Andhra Pradesh 521181, India",331780.75,42.71,IgnitionOn,1,26.975,109.4,4,-113
46f96fdd-dfeb-4438-b741-22e7440f2126-29,EDC_BS6_PERIODIC,2025-12-06 04:16:18,2025-12-07 14:11:06,16.6079264,80.4756224,13163,8252,FixOK,A,ObV5CS1912,T417F6b453,"Hyderabad - Vijayawada Hwy, MULAPADU, Andhra Pradesh 521181, India",331780.875,41.04,IgnitionOn,1,26.52,109.5,4,-113
46f96fdd-dfeb-4438-b741-22e7440f2126-30,EDC_BS6_PERIODIC,2025-12-06 04:16:24,2025-12-07 14:11:06,16.6077248,80.47616,13164,8252,FixOK,A,ObV5CS1912,T417F6b453,"Hyderabad - Vijayawada Hwy, MULAPADU, Andhra Pradesh 521181, India",331780.875,39.8,IgnitionOn,1,26.319,108.19,4,-113
46f96fdd-dfeb-4438-b741-22e7440f2126-31,EDC_BS6_PERIODIC,2025-12-06 04:16:30,2025-12-07 14:11:06,16.6075584,80.476672,13165,8252,FixOK,A,ObV5CS1912,T417F6b453,"Hyderabad - Vijayawada Hwy, MULAPADU, Andhra Pradesh 521181, India",331781,37.58,IgnitionOn,1,25.989,108.9,4,-113
46f96fdd-dfeb-4438-b741-22e7440f2126-32,EDC_BS6_PERIODIC,2025-12-06 04:16:36,2025-12-07 14:11:06,16.6073824,80.4772416,13166,8252,FixOK,A,ObV5CS1912,T417F6b453,"Hyderabad - Vijayawada Hwy, MULAPADU, Andhra Pradesh 521181, India",331781,40.52,IgnitionOn,1,25.899,107.9,4,-113
46f96fdd-dfeb-4438-b741-22e7440f2126-33,EDC_BS6_PERIODIC,2025-12-06 04:16:42,2025-12-07 14:11:06,16.6071872,80.477824,13167,8252,FixOK,A,ObV5CS1912,T417F6b453,"NH 65, Kilesapuram, Andhra Pradesh 521456, India",331781.125,42.56,IgnitionOn,1,25.62,108.3,4,-113
46f96fdd-dfeb-4438-b741-22e7440f2126-34,EDC_BS6_PERIODIC,2025-12-06 04:16:48,2025-12-07 14:11:06,16.6069728,80.478432,13168,8252,FixOK,A,ObV5CS1912,T417F6b453,"NH 65, Kilesapuram, Andhra Pradesh 521456, India",331781.25,42.77,IgnitionOn,1,25.311,109.19,4,-113
46f96fdd-dfeb-4438-b741-22e7440f2126-35,EDC_BS6_PERIODIC,2025-12-06 04:16:54,2025-12-07 14:11:06,16.6067376,80.47904,13169,8252,FixOK,A,ObV5CS1912,T417F6b453,"NH65, Kilesapuram, Andhra Pradesh 521456, India",331781.25,41.46,IgnitionOn,1,24.729,112.09,4,-113
46f96fdd-dfeb-4438-b741-22e7440f2126-36,DEVICE_METRICS,2025-12-06 04:17:10,2025-12-07 14:11:06,16.6067376,80.47904,,8252,FixOK,,ObV5CS1912,T417F6b453,"NH65, Kilesapuram, Andhra Pradesh 521456, India",287216,,IgnitionOn,1,,,,
46f96fdd-dfeb-4438-b741-22e7440f2126-37,EDC_BS6_PERIODIC,2025-12-06 04:17:10,2025-12-07 14:11:06,16.6061888,80.480544,13170,8252,FixOK,A,ObV5CS1912,T417F6b453,"NH65, Kilesapuram, Andhra Pradesh 521456, India",331781.5,42.46,IgnitionOn,1,24.389,112.09,4,-113
46f96fdd-dfeb-4438-b741-22e7440f2126-38,EDC_BS6_PERIODIC,2025-12-06 04:17:16,2025-12-07 14:11:06,16.6059104,80.4812544,13171,8252,FixOK,A,ObV5CS1912,T417F6b453,"NH65, Kilesapuram, Andhra Pradesh 521456, India",331781.5,43.1,IgnitionOn,1,24.52,110.3,5,-113
46f96fdd-dfeb-4438-b741-22e7440f2126-39,EDC_BS6_PERIODIC,2025-12-06 04:17:22,2025-12-07 14:11:06,16.6056656,80.481888,13172,8252,FixOK,A,ObV5CS1912,T417F6b453,"NH65, Kilesapuram, Andhra Pradesh 521456, India",331781.625,43.96,IgnitionOn,1,24.491,111.69,5,-113
46f96fdd-dfeb-4438-b741-22e7440f2126-40,EDC_BS6_PERIODIC,2025-12-06 04:17:28,2025-12-07 14:11:06,16.6054208,80.4825216,13173,8252,FixOK,A,ObV5CS1912,T417F6b453,"NH 65, Kilesapuram, Andhra Pradesh 521456, India",331781.75,44.03,IgnitionOn,1,24.309,110.9,5,-113
46f96fdd-dfeb-4438-b741-22e7440f2126-41,EDC_BS6_PERIODIC,2025-12-06 04:17:34,2025-12-07 14:11:06,16.6051984,80.4831488,13174,8252,FixOK,A,ObV5CS1912,T417F6b453,"NH 65, Kilesapuram, Andhra Pradesh 521456, India",331781.75,44.82,IgnitionOn,1,23.94,109.3,5,-113
46f96fdd-dfeb-4438-b741-22e7440f2126-42,EDC_BS6_PERIODIC,2025-12-06 04:17:40,2025-12-07 14:11:06,16.6049952,80.4838016,13175,8252,FixOK,A,ObV5CS1912,T417F6b453,"NH 65, Kilesapuram, Andhra Pradesh 521456, India",331781.875,43.99,IgnitionOn,1,24.01,108.09,5,-113
46f96fdd-dfeb-4438-b741-22e7440f2126-43,EDC_BS6_PERIODIC,2025-12-06 04:17:46,2025-12-07 14:11:06,16.6048896,80.4844416,13176,8252,FixOK,A,ObV5CS1912,T417F6b453,"NH 65, Kilesapuram, Andhra Pradesh 521456, India",331781.875,43.35,IgnitionOn,1,23.399,100.59,6,-113
46f96fdd-dfeb-4438-b741-22e7440f2126-44,EDC_BS6_PERIODIC,2025-12-06 04:17:52,2025-12-07 14:11:06,16.6048512,80.4850944,13177,8252,FixOK,A,ObV5CS1912,T417F6b453,"NH65, Kilesapuram, Andhra Pradesh 521456, India",331782,43.05,IgnitionOn,1,22.819,96.5,4,-113
46f96fdd-dfeb-4438-b741-22e7440f2126-45,EDC_BS6_PERIODIC,2025-12-06 04:17:58,2025-12-07 14:11:06,16.6048576,80.4857472,13178,8252,FixOK,A,ObV5CS1912,T417F6b453,"1-82, ST Colony, Kilespuram, Ibrahimpatnam, Andhra Pradesh 521456, India",331782.125,43.62,IgnitionOn,1,22.69,89.09,5,-113
46f96fdd-dfeb-4438-b741-22e7440f2126-46,EDC_BS6_PERIODIC,2025-12-06 04:18:04,2025-12-07 14:11:06,16.6048928,80.4863104,13179,8252,FixOK,A,ObV5CS1912,T417F6b453,"1-82, ST Colony, Kilespuram, Ibrahimpatnam, Andhra Pradesh 521456, India",331782.125,37.22,IgnitionOn,1,23.01,86.9,4,-113
46f96fdd-dfeb-4438-b741-22e7440f2126-47,EDC_BS6_PERIODIC,2025-12-06 04:18:10,2025-12-07 14:11:06,16.6049312,80.4867584,13180,8252,FixOK,A,ObV5CS1912,T417F6b453,"Bus Stop, NH 65, Kilesapuram, Andhra Pradesh 521456, India",331782.25,28.43,IgnitionOn,1,22.93,86.19,4,-113
46f96fdd-dfeb-4438-b741-22e7440f2126-48,EDC_BS6_PERIODIC,2025-12-06 04:18:16,2025-12-07 14:11:06,16.604976,80.4870976,13181,8252,FixOK,A,ObV5CS1912,T417F6b453,"Bus Stop, NH 65, Kilesapuram, Andhra Pradesh 521456, India",331782.25,23.33,IgnitionOn,1,22.76,83.09,4,-113
46f96fdd-dfeb-4438-b741-22e7440f2126-49,EDC_BS6_PERIODIC,2025-12-06 04:18:22,2025-12-07 14:11:06,16.6050896,80.4874368,13182,8252,FixOK,A,ObV5CS1912,T417F6b453,"Bus Stop, NH 65, Kilesapuram, Andhra Pradesh 521456, India",331782.25,25.22,IgnitionOn,1,22.459,72.3,4,-113
46f96fdd-dfeb-4438-b741-22e7440f2126-50,EDC_BS6_PERIODIC,2025-12-06 04:18:28,2025-12-07 14:11:06,16.6051776,80.4879424,13183,8252,FixOK,A,ObV5CS1912,T417F6b453,"JF4Q+43P, Kilesapuram, Andhra Pradesh 521456, India",331782.375,33.91,IgnitionOn,1,22.129,77.5,4,-113
8edf5290-1421-4882-b1e6-2c82faa8bc54-1,EDC_BS6_PERIODIC,2025-12-06 04:18:34,2025-12-07 14:11:25,16.6052608,80.488544,13184,8252,FixOK,A,ObV5CS1912,T417F6b453,"NH65, Kilesapuram, Andhra Pradesh 521456, India",331782.375,38.91,IgnitionOn,1,21.733,80.59,4,-113
8edf5290-1421-4882-b1e6-2c82faa8bc54-2,EDC_BS6_PERIODIC,2025-12-06 04:18:40,2025-12-07 14:11:25,16.6053216,80.4891904,13185,8252,FixOK,A,ObV5CS1912,T417F6b453,"NH65, Kilesapuram, Andhra Pradesh 521456, India",331782.5,43.56,IgnitionOn,1,21.18,84.19,4,-113
8edf5290-1421-4882-b1e6-2c82faa8bc54-3,EDC_BS6_PERIODIC,2025-12-06 04:18:46,2025-12-07 14:11:25,16.6053808,80.4898688,13186,8252,FixOK,A,ObV5CS1912,T417F6b453,"JF4Q+CP6, Kilesapuram, Andhra Pradesh 521456, India",331782.625,45.96,IgnitionOn,1,20.7,83.09,4,-113
8edf5290-1421-4882-b1e6-2c82faa8bc54-4,EDC_BS6_PERIODIC,2025-12-06 04:18:52,2025-12-07 14:11:25,16.6053984,80.4905664,13187,8252,FixOK,A,ObV5CS1912,T417F6b453,"NH65, Kilesapuram, Andhra Pradesh 521456, India",331782.625,46.62,IgnitionOn,1,20.469,87.09,4,-113
8edf5290-1421-4882-b1e6-2c82faa8bc54-5,EDC_BS6_PERIODIC,2025-12-06 04:18:58,2025-12-07 14:11:25,16.6054048,80.4912768,13188,8252,FixOK,A,ObV5CS1912,T417F6b453,"NH65, Kilesapuram, Andhra Pradesh 521456, India",331782.75,46.91,IgnitionOn,1,20.52,90,4,-113
8edf5290-1421-4882-b1e6-2c82faa8bc54-6,EDC_BS6_PERIODIC,2025-12-06 04:19:04,2025-12-07 14:11:25,16.6053456,80.4919616,13189,8252,FixOK,A,ObV5CS1912,T417F6b453,"NH65, Kilesapuram, Andhra Pradesh 521456, India",331782.875,44.18,IgnitionOn,1,20.459,97.3,4,-113
8edf5290-1421-4882-b1e6-2c82faa8bc54-7,EDC_BS6_PERIODIC,2025-12-06 04:19:10,2025-12-07 14:11:25,16.6052624,80.492608,13190,8252,FixOK,A,ObV5CS1912,T417F6b453,"JF4V+6GW, Kotikalapudi - Modepalli Rd, Kilesapuram, Andhra Pradesh 521456, India",331782.875,42.76,IgnitionOn,1,20.363,96.9,5,-113
8edf5290-1421-4882-b1e6-2c82faa8bc54-8,EDC_BS6_PERIODIC,2025-12-06 04:19:16,2025-12-07 14:11:25,16.6052192,80.4932352,13191,8252,FixOK,A,ObV5CS1912,T417F6b453,"JF4V+6GW, Kotikalapudi - Modepalli Rd, Kilesapuram, Andhra Pradesh 521456, India",331783,40.8,IgnitionOn,1,19.959,94.4,5,-113
8edf5290-1421-4882-b1e6-2c82faa8bc54-9,EDC_BS6_PERIODIC,2025-12-06 04:19:22,2025-12-07 14:11:25,16.6052336,80.4938368,13192,8252,FixOK,A,ObV5CS1912,T417F6b453,"NH65, Jupudi, Andhra Pradesh 521456, India",331783,39.8,IgnitionOn,1,20.069,89.5,5,-113
8edf5290-1421-4882-b1e6-2c82faa8bc54-10,EDC_BS6_PERIODIC,2025-12-06 04:19:28,2025-12-07 14:11:25,16.6052528,80.4944256,13193,8252,FixOK,A,ObV5CS1912,T417F6b453,"NH65, Jupudi, Andhra Pradesh 521456, India",331783.125,38.5,IgnitionOn,1,20.219,87.19,5,-113
8edf5290-1421-4882-b1e6-2c82faa8bc54-11,EDC_BS6_PERIODIC,2025-12-06 04:19:34,2025-12-07 14:11:25,16.6052256,80.494976,13194,8252,FixOK,A,ObV5CS1912,T417F6b453,"Main road jupudi Jupudi, Jupudi, Andhra Pradesh 521456, India",331783.125,37.3,IgnitionOn,1,20.639,93.5,5,-113
8edf5290-1421-4882-b1e6-2c82faa8bc54-12,EDC_BS6_PERIODIC,2025-12-06 04:19:40,2025-12-07 14:11:25,16.6051808,80.4955136,13195,8252,FixOK,A,ObV5CS1912,T417F6b453,"NH65, Jupudi, Andhra Pradesh 521456, India",331783.25,34.39,IgnitionOn,1,20.969,94,5,-113
8edf5290-1421-4882-b1e6-2c82faa8bc54-13,EDC_BS6_PERIODIC,2025-12-06 04:19:46,2025-12-07 14:11:25,16.6051664,80.4960768,13196,8252,FixOK,A,ObV5CS1912,T417F6b453,"NH65, Jupudi, Andhra Pradesh 521456, India",331783.25,39.26,IgnitionOn,1,21.057,91.4,5,-113
8edf5290-1421-4882-b1e6-2c82faa8bc54-14,EDC_BS6_PERIODIC,2025-12-06 04:19:52,2025-12-07 14:11:25,16.6051616,80.4966784,13197,8252,FixOK,A,ObV5CS1912,T417F6b453,"NH65, Jupudi, Andhra Pradesh 521456, India",331783.375,39.93,IgnitionOn,1,21.489,86.9,5,-113
8edf5290-1421-4882-b1e6-2c82faa8bc54-15,EDC_BS6_PERIODIC,2025-12-06 04:19:58,2025-12-07 14:11:25,16.6051136,80.497248,13198,8252,FixOK,A,ObV5CS1912,T417F6b453,"NH65, Jupudi, Andhra Pradesh 521456, India",331783.375,37.39,IgnitionOn,1,21.35,91.4,5,-113
8edf5290-1421-4882-b1e6-2c82faa8bc54-16,EDC_BS6_PERIODIC,2025-12-06 04:20:04,2025-12-07 14:11:25,16.6050816,80.497824,13199,8252,FixOK,A,ObV5CS1912,T417F6b453,"NH65, Jupudi, Andhra Pradesh 521456, India",331783.5,39.52,IgnitionOn,1,21.2,92.3,5,-113
8edf5290-1421-4882-b1e6-2c82faa8bc54-17,EDC_BS6_PERIODIC,2025-12-06 04:20:10,2025-12-07 14:11:25,16.6050208,80.4984448,13200,8252,FixOK,A,ObV5CS1912,T417F6b453,"NH65, Jupudi, Andhra Pradesh 521456, India",331783.625,40.93,IgnitionOn,1,21.04,95.59,4,-113
8edf5290-1421-4882-b1e6-2c82faa8bc54-18,EDC_BS6_PERIODIC,2025-12-06 04:20:16,2025-12-07 14:11:25,16.6049376,80.4990976,13201,8252,FixOK,A,ObV5CS1912,T417F6b453,"NH65, Jupudi, Andhra Pradesh 521456, India",331783.625,41.82,IgnitionOn,1,20.909,96.3,5,-113
8edf5290-1421-4882-b1e6-2c82faa8bc54-19,EDC_BS6_PERIODIC,2025-12-06 04:20:22,2025-12-07 14:11:25,16.6047968,80.4996992,13202,8252,FixOK,A,ObV5CS1912,T417F6b453,"NH65, Jupudi, Andhra Pradesh 521456, India",331783.75,42.55,IgnitionOn,1,20.999,101,4,-113
8edf5290-1421-4882-b1e6-2c82faa8bc54-20,EDC_BS6_PERIODIC,2025-12-06 04:20:28,2025-12-07 14:11:25,16.6046464,80.5002368,13203,8252,FixOK,A,ObV5CS1912,T417F6b453,"NH65, Jupudi, Andhra Pradesh 521456, India",331783.75,43.03,IgnitionOn,1,21.659,99,3,-113
8edf5290-1421-4882-b1e6-2c82faa8bc54-21,EDC_BS6_PERIODIC,2025-12-06 04:20:34,2025-12-07 14:11:25,16.6044976,80.5008064,13204,8252,FixOK,A,ObV5CS1912,T417F6b453,"NH65, Jupudi, Andhra Pradesh 521456, India",331783.875,43.69,IgnitionOn,1,21.59,102.3,4,-113
8edf5290-1421-4882-b1e6-2c82faa8bc54-22,EDC_BS6_PERIODIC,2025-12-06 04:20:40,2025-12-07 14:11:25,16.6041168,80.5014464,13205,8252,FixOK,A,ObV5CS1912,T417F6b453,"NH65, Jupudi, Andhra Pradesh 521456, India",331784,44.06,IgnitionOn,1,19.959,114,5,-113
8edf5290-1421-4882-b1e6-2c82faa8bc54-23,EDC_BS6_PERIODIC,2025-12-06 04:20:46,2025-12-07 14:11:25,16.6037952,80.5020864,13206,8252,FixOK,A,ObV5CS1912,T417F6b453,"NH65, Jupudi, Andhra Pradesh 521456, India",331784,42.49,IgnitionOn,1,19.129,112.09,4,-113
8edf5290-1421-4882-b1e6-2c82faa8bc54-24,EDC_BS6_PERIODIC,2025-12-06 04:20:52,2025-12-07 14:11:25,16.6035104,80.5027136,13207,8252,FixOK,A,ObV5CS1912,T417F6b453,"NH65, Jupudi, Andhra Pradesh 521456, India",331784.125,42.47,IgnitionOn,1,18.28,112.19,4,-113
8edf5290-1421-4882-b1e6-2c82faa8bc54-25,EDC_BS6_PERIODIC,2025-12-06 04:20:58,2025-12-07 14:11:25,16.6032352,80.503296,13208,8252,FixOK,A,ObV5CS1912,T417F6b453,"NH65, Jupudi, Andhra Pradesh 521456, India",331784.125,40.98,IgnitionOn,1,17.831,113.19,4,-113
8edf5290-1421-4882-b1e6-2c82faa8bc54-26,EDC_BS6_PERIODIC,2025-12-06 04:21:04,2025-12-07 14:11:25,16.6029904,80.5038592,13209,8252,FixOK,A,ObV5CS1912,T417F6b453,"JG33+JP2, opp. rilence petrol bunk, Jupudi, Andhra Pradesh 521456, India",331784.25,39.27,IgnitionOn,1,17.129,111.59,3,-113
8edf5290-1421-4882-b1e6-2c82faa8bc54-27,EDC_BS6_PERIODIC,2025-12-06 04:21:10,2025-12-07 14:11:25,16.60276,80.504384,13210,8252,FixOK,A,ObV5CS1912,T417F6b453,"JG33+JP2, opp. rilence petrol bunk, Jupudi, Andhra Pradesh 521456, India",331784.25,37.58,IgnitionOn,1,16.879,112.8,4,-113
8edf5290-1421-4882-b1e6-2c82faa8bc54-28,EDC_BS6_PERIODIC,2025-12-06 04:21:16,2025-12-07 14:11:25,16.6025664,80.5049024,13211,8252,FixOK,A,ObV5CS1912,T417F6b453,"JG33+JP2, opp. rilence petrol bunk, Jupudi, Andhra Pradesh 521456, India",331784.375,36.12,IgnitionOn,1,16.649,110.09,5,-113
8edf5290-1421-4882-b1e6-2c82faa8bc54-29,EDC_BS6_PERIODIC,2025-12-06 04:21:22,2025-12-07 14:11:25,16.6024272,80.5053824,13212,8252,FixOK,A,ObV5CS1912,T417F6b453,"Nimra College Bus Stop, NH65, Andhra Pradesh 521456, India",331784.375,34.85,IgnitionOn,1,16.61,105.9,5,-113
8edf5290-1421-4882-b1e6-2c82faa8bc54-30,EDC_BS6_PERIODIC,2025-12-06 04:21:28,2025-12-07 14:11:25,16.6022432,80.5058048,13213,8252,FixOK,A,ObV5CS1912,T417F6b453,"Nimra College Bus Stop, NH65, Andhra Pradesh 521456, India",331784.5,30.39,IgnitionOn,1,16.459,111.69,4,-113
8edf5290-1421-4882-b1e6-2c82faa8bc54-31,EDC_BS6_PERIODIC,2025-12-06 04:21:34,2025-12-07 14:11:25,16.6020992,80.5062912,13214,8252,FixOK,A,ObV5CS1912,T417F6b453,"Nimra College Bus Stop, NH65, Andhra Pradesh 521456, India",331784.5,32.82,IgnitionOn,1,16.251,104.19,4,-113
8edf5290-1421-4882-b1e6-2c82faa8bc54-32,EDC_BS6_PERIODIC,2025-12-06 04:21:40,2025-12-07 14:11:25,16.6020448,80.5068096,13215,8252,FixOK,A,ObV5CS1912,T417F6b453,"Nimra Engineering College Bus Stop, NH 65, Andhra Pradesh 521456, India",331784.625,38.36,IgnitionOn,1,16.04,94.8,4,-113
8edf5290-1421-4882-b1e6-2c82faa8bc54-33,EDC_BS6_PERIODIC,2025-12-06 04:21:46,2025-12-07 14:11:25,16.6019808,80.5074048,13216,8252,FixOK,A,ObV5CS1912,T417F6b453,"Nimra Engineering College Bus Stop, NH 65, Andhra Pradesh 521456, India",331784.625,44.01,IgnitionOn,1,15.72,95.4,4,-113
6f419029-84a0-4af7-8a94-1dc7133c8745-1,EDC_BS6_PERIODIC,2025-12-06 04:21:52,2025-12-07 14:11:46,16.6018688,80.5080256,13217,8252,FixOK,A,ObV5CS1912,T417F6b453,"Kotikalapudi - Modepalli Rd, Andhra Pradesh 521456, India",331784.75,46.73,IgnitionOn,1,15.43,98,4,-113
6f419029-84a0-4af7-8a94-1dc7133c8745-2,EDC_BS6_PERIODIC,2025-12-06 04:21:58,2025-12-07 14:11:46,16.6015808,80.508672,13218,8252,FixOK,A,ObV5CS1912,T417F6b453,"Kotikalapudi - Modepalli Rd, Andhra Pradesh 521456, India",331784.75,45.21,IgnitionOn,1,14.029,109.5,4,-113
6f419029-84a0-4af7-8a94-1dc7133c8745-3,EDC_BS6_PERIODIC,2025-12-06 04:22:04,2025-12-07 14:11:46,16.6011728,80.5093632,13219,8252,FixOK,A,ObV5CS1912,T417F6b453,"JG25+CWW, Andhra Pradesh 521456, India",331784.875,44.66,IgnitionOn,1,11.989,112,5,-113
6f419029-84a0-4af7-8a94-1dc7133c8745-4,EDC_BS6_PERIODIC,2025-12-06 04:22:10,2025-12-07 14:11:46,16.6008448,80.5099904,13220,8252,FixOK,A,ObV5CS1912,T417F6b453,"Kotikalapudi - Modepalli Rd, West Ibrahimpatnam, Andhra Pradesh 521456, India",331785,44.63,IgnitionOn,1,11.259,113.9,4,-113
6f419029-84a0-4af7-8a94-1dc7133c8745-5,EDC_BS6_PERIODIC,2025-12-06 04:22:16,2025-12-07 14:11:46,16.6005584,80.5104576,13221,8252,FixOK,A,ObV5CS1912,T417F6b453,"Kotikalapudi - Modepalli Rd, West Ibrahimpatnam, Andhra Pradesh 521456, India",331785,39,IgnitionOn,1,11.76,119.59,5,-113
6f419029-84a0-4af7-8a94-1dc7133c8745-6,EDC_BS6_PERIODIC,2025-12-06 04:22:22,2025-12-07 14:11:46,16.6003408,80.5107456,13222,8252,FixOK,A,ObV5CS1912,T417F6b453,"HGX6+X8X, Hyderabad - Vijayawada Hwy, West Ibrahimpatnam, Andhra Pradesh 521456, India",331785.125,22.41,IgnitionOn,1,12.829,132.3,4,-113
6f419029-84a0-4af7-8a94-1dc7133c8745-7,EDC_BS6_PERIODIC,2025-12-06 04:22:28,2025-12-07 14:11:46,16.6001408,80.5110336,13223,8252,FixOK,A,ObV5CS1912,T417F6b453,"HGX6+X8X, Hyderabad - Vijayawada Hwy, West Ibrahimpatnam, Andhra Pradesh 521456, India",331785.125,24.33,IgnitionOn,1,12.859,138.39,4,-113
6f419029-84a0-4af7-8a94-1dc7133c8745-8,EDC_BS6_PERIODIC,2025-12-06 04:22:34,2025-12-07 14:11:46,16.5997824,80.5113664,13224,8252,FixOK,A,ObV5CS1912,T417F6b453,"HGX6+X8X, Hyderabad - Vijayawada Hwy, West Ibrahimpatnam, Andhra Pradesh 521456, India",331785.125,31.77,IgnitionOn,1,11.47,136.19,5,-113
6f419029-84a0-4af7-8a94-1dc7133c8745-9,EDC_BS6_PERIODIC,2025-12-06 04:22:40,2025-12-07 14:11:46,16.5993056,80.511744,13225,8252,FixOK,A,ObV5CS1912,T417F6b453,"HGX6+JQC, West Ibrahimpatnam, Andhra Pradesh 521456, India",331785.25,39.15,IgnitionOn,1,11.68,143.89,6,-113
6f419029-84a0-4af7-8a94-1dc7133c8745-10,EDC_BS6_PERIODIC,2025-12-06 04:22:46,2025-12-07 14:11:46,16.5987536,80.5120768,13226,8252,FixOK,A,ObV5CS1912,T417F6b453,"HGX6+JQC, West Ibrahimpatnam, Andhra Pradesh 521456, India",331785.375,44.23,IgnitionOn,1,11.489,148.69,6,-113
6f419029-84a0-4af7-8a94-1dc7133c8745-11,EDC_BS6_PERIODIC,2025-12-06 04:22:52,2025-12-07 14:11:46,16.5982112,80.5124224,13227,8252,FixOK,A,ObV5CS1912,T417F6b453,"4-56, West Ibrahimpatnam, Vijayawada, Andhra Pradesh 521456, India",331785.375,44.73,IgnitionOn,1,10.93,147.69,6,-113
6f419029-84a0-4af7-8a94-1dc7133c8745-12,EDC_BS6_PERIODIC,2025-12-06 04:22:58,2025-12-07 14:11:46,16.5977168,80.5126976,13228,8252,FixOK,A,ObV5CS1912,T417F6b453,"Jupudi Bus Stop, NH65, West Ibrahimpatnam, Andhra Pradesh 521456, India",331785.5,46.34,IgnitionOn,1,11.069,152.39,6,-113
6f419029-84a0-4af7-8a94-1dc7133c8745-13,EDC_BS6_PERIODIC,2025-12-06 04:23:04,2025-12-07 14:11:46,16.5969536,80.513024,13229,8252,FixOK,A,ObV5CS1912,T417F6b453,"D.No 24, 59/1, West Ibrahimpatnam, Andhra Pradesh 521456, India",331785.5,47.74,IgnitionOn,1,11.3,159.1,6,-113
6f419029-84a0-4af7-8a94-1dc7133c8745-14,EDC_BS6_PERIODIC,2025-12-06 04:23:10,2025-12-07 14:11:46,16.5962896,80.5132672,13230,8252,FixOK,A,ObV5CS1912,T417F6b453,"84, Ramalayam St, West Ibrahimpatnam, C Colony, Ibrahimpatnam, Andhra Pradesh 521456, India",331785.625,48.71,IgnitionOn,1,11.909,161.39,5,-113
6f419029-84a0-4af7-8a94-1dc7133c8745-15,EDC_BS6_PERIODIC,2025-12-06 04:23:16,2025-12-07 14:11:46,16.5956272,80.5134592,13231,8252,FixOK,A,ObV5CS1912,T417F6b453,"84, Ramalayam St, West Ibrahimpatnam, C Colony, Ibrahimpatnam, Andhra Pradesh 521456, India",331785.75,46.36,IgnitionOn,1,12.649000000000001,164.89,5,-113
6f419029-84a0-4af7-8a94-1dc7133c8745-16,EDC_BS6_PERIODIC,2025-12-06 04:23:22,2025-12-07 14:11:46,16.5949856,80.5136256,13232,8252,FixOK,A,ObV5CS1912,T417F6b453,"Kotikalapudi - Modepalli Rd, West Ibrahimpatnam, Andhra Pradesh 521456, India",331785.75,45.07,IgnitionOn,1,13.350999999999999,166.1,5,-113
6f419029-84a0-4af7-8a94-1dc7133c8745-17,EDC_BS6_PERIODIC,2025-12-06 04:23:28,2025-12-07 14:11:46,16.594352,80.513792,13233,8252,FixOK,A,ObV5CS1912,T417F6b453,"Kotikalapudi - Modepalli Rd, Andhra Pradesh 521456, India",331785.875,45.32,IgnitionOn,1,14.3,165.8,5,-113
6f419029-84a0-4af7-8a94-1dc7133c8745-18,EDC_BS6_PERIODIC,2025-12-06 04:23:34,2025-12-07 14:11:46,16.5936944,80.5139712,13234,8252,FixOK,A,ObV5CS1912,T417F6b453,"Kotikalapudi - Modepalli Rd, Andhra Pradesh 521456, India",331786,46.77,IgnitionOn,1,14.77,165.69,5,-113
6f419029-84a0-4af7-8a94-1dc7133c8745-19,EDC_BS6_PERIODIC,2025-12-06 04:23:40,2025-12-07 14:11:46,16.5930304,80.5141888,13235,8252,FixOK,A,ObV5CS1912,T417F6b453,"HGR7+XVF, Vijayawada, Andhra Pradesh 521456, India",331786,47.05,IgnitionOn,1,14.3,159.8,5,-113
6f419029-84a0-4af7-8a94-1dc7133c8745-20,EDC_BS6_PERIODIC,2025-12-06 04:23:46,2025-12-07 14:11:46,16.5924192,80.5145216,13236,8252,FixOK,A,ObV5CS1912,T417F6b453,"NH65, Ibrahimpatnam, Andhra Pradesh 521456, India",331786.125,47.25,IgnitionOn,1,13.55,153.69,4,-113
6f419029-84a0-4af7-8a94-1dc7133c8745-21,EDC_BS6_PERIODIC,2025-12-06 04:23:52,2025-12-07 14:11:46,16.591912,80.5150016,13237,8252,FixOK,A,ObV5CS1912,T417F6b453,"NH65, Ibrahimpatnam, Andhra Pradesh 521456, India",331786.25,47.05,IgnitionOn,1,12.26,140.3,4,-113
6f419029-84a0-4af7-8a94-1dc7133c8745-22,EDC_BS6_PERIODIC,2025-12-06 04:23:58,2025-12-07 14:11:46,16.5914944,80.5155584,13238,8252,FixOK,A,ObV5CS1912,T417F6b453,"NH65, Ibrahimpatnam, Andhra Pradesh 521456, India",331786.25,47.25,IgnitionOn,1,11.979,123,4,-113
6f419029-84a0-4af7-8a94-1dc7133c8745-23,EDC_BS6_PERIODIC,2025-12-06 04:24:04,2025-12-07 14:11:46,16.5911472,80.5161728,13239,8252,FixOK,A,ObV5CS1912,T417F6b453,"NH65, Ibrahimpatnam, Andhra Pradesh 521456, India",331786.375,47.29,IgnitionOn,1,11.55,118.19,6,-113
6f419029-84a0-4af7-8a94-1dc7133c8745-24,EDC_BS6_PERIODIC,2025-12-06 04:24:10,2025-12-07 14:11:46,16.5908512,80.5168256,13240,8252,FixOK,A,ObV5CS1912,T417F6b453,"NH65, Ibrahimpatnam, Andhra Pradesh 521456, India",331786.5,46.63,IgnitionOn,1,11.359,114.5,5,-113
6f419029-84a0-4af7-8a94-1dc7133c8745-25,EDC_BS6_PERIODIC,2025-12-06 04:24:16,2025-12-07 14:11:46,16.5905728,80.517472,13241,8252,FixOK,A,ObV5CS1912,T417F6b453,"NH65, Ibrahimpatnam, Andhra Pradesh 521456, India",331786.5,46.46,IgnitionOn,1,11.17,114.3,6,-113
6f419029-84a0-4af7-8a94-1dc7133c8745-26,EDC_BS6_PERIODIC,2025-12-06 04:24:22,2025-12-07 14:11:46,16.5903008,80.5180864,13242,8252,FixOK,A,ObV5CS1912,T417F6b453,"HGQ9+XFH, Vijayawada - Hyderabad Hwy, Ibrahimpatnam, Andhra Pradesh 521456, India",331786.625,44.57,IgnitionOn,1,11.039,114.09,6,-113
6f419029-84a0-4af7-8a94-1dc7133c8745-27,EDC_BS6_PERIODIC,2025-12-06 04:24:28,2025-12-07 14:11:46,16.5900496,80.518688,13243,8252,FixOK,A,ObV5CS1912,T417F6b453,"Ibrahimpatnam Bus Depot, MG Rd, Bhimaraju Gutta, Ibrahimpatnam, Andhra Pradesh 521456, India",331786.625,43.18,IgnitionOn,1,10.829,113.8,5,-113
6f419029-84a0-4af7-8a94-1dc7133c8745-28,EDC_BS6_PERIODIC,2025-12-06 04:24:34,2025-12-07 14:11:46,16.5898048,80.5192704,13244,8252,FixOK,A,ObV5CS1912,T417F6b453,"Ibrahimpatnam Bus Depot, MG Rd, Bhimaraju Gutta, Ibrahimpatnam, Andhra Pradesh 521456, India",331786.75,41.68,IgnitionOn,1,10.773,113.19,6,-113
6f419029-84a0-4af7-8a94-1dc7133c8745-29,EDC_BS6_PERIODIC,2025-12-06 04:24:40,2025-12-07 14:11:46,16.5895744,80.5198144,13245,8252,FixOK,A,ObV5CS1912,T417F6b453,"Ibrahimpatnam Bus Depot, MG Rd, Bhimaraju Gutta, Ibrahimpatnam, Andhra Pradesh 521456, India",331786.875,40.04,IgnitionOn,1,10.649000000000001,114.3,5,-113
6f419029-84a0-4af7-8a94-1dc7133c8745-30,EDC_BS6_PERIODIC,2025-12-06 04:24:46,2025-12-07 14:11:46,16.5893904,80.52032,13246,8252,FixOK,A,ObV5CS1912,T417F6b453,"HGQC+Q7J, Bhimaraju Gutta, Ibrahimpatnam, Andhra Pradesh 521456, India",331786.875,36.47,IgnitionOn,1,10.38,111.4,4,-113
6f419029-84a0-4af7-8a94-1dc7133c8745-31,EDC_BS6_PERIODIC,2025-12-06 04:24:52,2025-12-07 14:11:46,16.5893104,80.5207168,13247,8252,FixOK,A,ObV5CS1912,T417F6b453,"HGQC+J62, Kotikalapudi - Modepalli Rd, Ibrahimpatnam, Andhra Pradesh 521456, India",331787,28.32,IgnitionOn,1,10.27,104.69,3,-113
6f419029-84a0-4af7-8a94-1dc7133c8745-32,EDC_BS6_PERIODIC,2025-12-06 04:24:58,2025-12-07 14:11:46,16.5892976,80.5209216,13248,8252,FixOK,A,ObV5CS1912,T417F6b453,"HGQC+J62, Kotikalapudi - Modepalli Rd, Ibrahimpatnam, Andhra Pradesh 521456, India",331787,12.43,IgnitionOn,1,10.38,99.8,4,-113
6f419029-84a0-4af7-8a94-1dc7133c8745-34,EDC_BS6_PERIODIC,2025-12-06 04:25:04,2025-12-07 14:11:46,16.5892944,80.5209344,13249,8252,FixOK,A,ObV5CS1912,T417F6b453,"HGQC+J62, Kotikalapudi - Modepalli Rd, Ibrahimpatnam, Andhra Pradesh 521456, India",331787,0,IgnitionOn,1,10.539,99.8,4,-113
6f419029-84a0-4af7-8a94-1dc7133c8745-35,EDC_BS6_PERIODIC,2025-12-06 04:25:10,2025-12-07 14:11:46,16.5892944,80.5209344,13250,8252,FixOK,A,ObV5CS1912,T417F6b453,"HGQC+J62, Kotikalapudi - Modepalli Rd, Ibrahimpatnam, Andhra Pradesh 521456, India",331787,0,IgnitionOn,1,10.539,99.8,4,-113
6f419029-84a0-4af7-8a94-1dc7133c8745-36,EDC_BS6_PERIODIC,2025-12-06 04:25:16,2025-12-07 14:11:46,16.5892944,80.5209344,13251,8252,FixOK,A,ObV5CS1912,T417F6b453,"HGQC+J62, Kotikalapudi - Modepalli Rd, Ibrahimpatnam, Andhra Pradesh 521456, India",331787,2.98,IgnitionOn,1,10.539,99.8,4,-113
6f419029-84a0-4af7-8a94-1dc7133c8745-37,EDC_BS6_PERIODIC,2025-12-06 04:25:22,2025-12-07 14:11:46,16.5893408,80.5211264,13252,8252,FixOK,A,ObV5CS1912,T417F6b453,"HGQC+J62, Kotikalapudi - Modepalli Rd, Ibrahimpatnam, Andhra Pradesh 521456, India",331787,12.01,IgnitionOn,1,12.149,95.69,4,-113
6f419029-84a0-4af7-8a94-1dc7133c8745-38,EDC_BS6_PERIODIC,2025-12-06 04:25:28,2025-12-07 14:11:46,16.5892288,80.5212672,13253,8252,FixOK,A,ObV5CS1912,T417F6b453,"HGQC+J62, Kotikalapudi - Modepalli Rd, Ibrahimpatnam, Andhra Pradesh 521456, India",331787,13.19,IgnitionOn,1,11.699,126.5,5,-113
6f419029-84a0-4af7-8a94-1dc7133c8745-39,EDC_BS6_PERIODIC,2025-12-06 04:25:34,2025-12-07 14:11:46,16.58908,80.5213504,13254,8252,FixOK,A,ObV5CS1912,T417F6b453,"HGQC+J62, Kotikalapudi - Modepalli Rd, Ibrahimpatnam, Andhra Pradesh 521456, India",331787,13.61,IgnitionOn,1,13.13,150.39,5,-113
6f419029-84a0-4af7-8a94-1dc7133c8745-40,EDC_BS6_PERIODIC,2025-12-06 04:25:40,2025-12-07 14:11:46,16.5888688,80.521504,13255,8252,FixOK,A,ObV5CS1912,T417F6b453,"HGQC+HJC, Canal Rd, Ibrahimpatnam, Andhra Pradesh 521456, India",331787.125,17.44,IgnitionOn,1,15.659,144,6,-113
6f419029-84a0-4af7-8a94-1dc7133c8745-41,EDC_BS6_PERIODIC,2025-12-06 04:25:46,2025-12-07 14:11:46,16.5886448,80.521696,13256,8252,FixOK,A,ObV5CS1912,T417F6b453,"HGQC+HJC, Canal Rd, Ibrahimpatnam, Andhra Pradesh 521456, India",331787.125,19.51,IgnitionOn,1,17.095,140.6,6,-113
6f419029-84a0-4af7-8a94-1dc7133c8745-42,EDC_BS6_PERIODIC,2025-12-06 04:25:52,2025-12-07 14:11:46,16.5883968,80.521888,13257,8252,FixOK,A,ObV5CS1912,T417F6b453,"HGQC+CJQ, NH 65, Ibrahimpatnam, Andhra Pradesh 521456, India",331787.125,21.18,IgnitionOn,1,19.809,145,6,-113
6f419029-84a0-4af7-8a94-1dc7133c8745-43,EDC_BS6_PERIODIC,2025-12-06 04:25:58,2025-12-07 14:11:46,16.5881136,80.5221184,13258,8252,FixOK,A,ObV5CS1912,T417F6b453,"HGQC+CJQ, NH 65, Ibrahimpatnam, Andhra Pradesh 521456, India",331787.125,24.77,IgnitionOn,1,21.53,140.6,6,-113
6f419029-84a0-4af7-8a94-1dc7133c8745-44,EDC_BS6_PERIODIC,2025-12-06 04:26:04,2025-12-07 14:11:46,16.5877696,80.5223808,13259,8252,FixOK,A,ObV5CS1912,T417F6b453,"HGQC+CJQ, NH 65, Ibrahimpatnam, Andhra Pradesh 521456, India",331787.25,30.52,IgnitionOn,1,23.239,143.19,4,-113
6f419029-84a0-4af7-8a94-1dc7133c8745-45,EDC_BS6_PERIODIC,2025-12-06 04:26:10,2025-12-07 14:11:46,16.587392,80.5226816,13260,8252,FixOK,A,ObV5CS1912,T417F6b453,"Hyderabad - Vijayawada Hwy, Ibrahimpatnam, Andhra Pradesh 521456, India",331787.25,31.41,IgnitionOn,1,24.92,143.3,6,-113
6f419029-84a0-4af7-8a94-1dc7133c8745-46,EDC_BS6_PERIODIC,2025-12-06 04:26:16,2025-12-07 14:11:46,16.5869664,80.523008,13261,8252,FixOK,A,ObV5CS1912,T417F6b453,"Hyderabad - Vijayawada Hwy, Ibrahimpatnam, Andhra Pradesh 521456, India",331787.375,34.79,IgnitionOn,1,26.28,143.5,5,-113
6f419029-84a0-4af7-8a94-1dc7133c8745-47,EDC_BS6_PERIODIC,2025-12-06 04:26:22,2025-12-07 14:11:46,16.5865056,80.52336,13262,8252,FixOK,A,ObV5CS1912,T417F6b453,"Hyderabad - Vijayawada Hwy, Ibrahimpatnam, Andhra Pradesh 521456, India",331787.375,38.87,IgnitionOn,1,27.203,143,4,-113
6f419029-84a0-4af7-8a94-1dc7133c8745-48,EDC_BS6_PERIODIC,2025-12-06 04:26:28,2025-12-07 14:11:46,16.5860512,80.5237184,13263,8252,FixOK,A,ObV5CS1912,T417F6b453,"HGPF+5FJ, Vijayawada - Mylavaram Rd, Andhra Pradesh 521241, India",331787.5,38.27,IgnitionOn,1,28.92,142.8,5,-113
6f419029-84a0-4af7-8a94-1dc7133c8745-49,EDC_BS6_PERIODIC,2025-12-06 04:26:34,2025-12-07 14:11:46,16.5855792,80.5240896,13264,8252,FixOK,A,ObV5CS1912,T417F6b453,"HGPF+5FJ, Vijayawada - Mylavaram Rd, Andhra Pradesh 521241, India",331787.5,40.61,IgnitionOn,1,29.6,143.19,6,-113
6f419029-84a0-4af7-8a94-1dc7133c8745-50,EDC_BS6_PERIODIC,2025-12-06 04:26:40,2025-12-07 14:11:46,16.5850864,80.5244224,13265,8252,FixOK,A,ObV5CS1912,T417F6b453,"HGPF+5FJ, Vijayawada - Mylavaram Rd, Andhra Pradesh 521241, India",331787.625,41.27,IgnitionOn,1,29.76,146.3,6,-113
78dad930-f889-434f-b695-5903d054c11e-1,EDC_BS6_PERIODIC,2025-12-06 04:26:46,2025-12-07 14:12:07,16.5845472,80.5246976,13266,8252,FixOK,A,ObV5CS1912,T417F6b453,"HGMG+W4C, Ibrahimpatnam, Andhra Pradesh 521241, India",331787.75,41.62,IgnitionOn,1,28.899,157.5,4,-113
78dad930-f889-434f-b695-5903d054c11e-2,EDC_BS6_PERIODIC,2025-12-06 04:26:52,2025-12-07 14:12:07,16.5839424,80.52496,13267,8252,FixOK,A,ObV5CS1912,T417F6b453,"HGMG+M32, Vijayawada - Mylavaram Rd, Andhra Pradesh 521241, India",331787.75,42.71,IgnitionOn,1,27.93,156.6,6,-113
78dad930-f889-434f-b695-5903d054c11e-3,EDC_BS6_PERIODIC,2025-12-06 04:26:58,2025-12-07 14:12:07,16.5833888,80.5252608,13268,8252,FixOK,A,ObV5CS1912,T417F6b453,"SHOP NO 9 , Aishwarya Grand Ibrahimpatnam, Vijayawada, Andhra Pradesh 521456, India",331787.875,42.74,IgnitionOn,1,27.283,150.5,6,-113
78dad930-f889-434f-b695-5903d054c11e-4,EDC_BS6_PERIODIC,2025-12-06 04:27:04,2025-12-07 14:12:07,16.5828832,80.5256576,13269,8252,FixOK,A,ObV5CS1912,T417F6b453,"HGMG+34G, Ibrahimpatnam, Andhra Pradesh 521241, India",331787.875,43.22,IgnitionOn,1,26.079,143.39,5,-113
78dad930-f889-434f-b695-5903d054c11e-5,EDC_BS6_PERIODIC,2025-12-06 04:27:10,2025-12-07 14:12:07,16.5824208,80.5260736,13270,8252,FixOK,A,ObV5CS1912,T417F6b453,"HGJG+MFQ, Vijayawada - Mylavaram Rd, Guntupalli, Andhra Pradesh 521241, India",331788,43.09,IgnitionOn,1,25.149,138.39,6,-113
78dad930-f889-434f-b695-5903d054c11e-6,EDC_BS6_PERIODIC,2025-12-06 04:27:16,2025-12-07 14:12:07,16.5819584,80.5264896,13271,8252,FixOK,A,ObV5CS1912,T417F6b453,"HGJG+MFQ, Vijayawada - Mylavaram Rd, Guntupalli, Andhra Pradesh 521241, India",331788.125,42.87,IgnitionOn,1,23.79,139.3,5,-113
78dad930-f889-434f-b695-5903d054c11e-7,EDC_BS6_PERIODIC,2025-12-06 04:27:22,2025-12-07 14:12:07,16.5814784,80.5269056,13272,8252,FixOK,A,ObV5CS1912,T417F6b453,"HGJG+GH2, Andhra Pradesh 521241, India",331788.125,42.2,IgnitionOn,1,22.129,140.5,6,-113
78dad930-f889-434f-b695-5903d054c11e-8,EDC_BS6_PERIODIC,2025-12-06 04:27:28,2025-12-07 14:12:07,16.5810208,80.527296,13273,8252,FixOK,A,ObV5CS1912,T417F6b453,"HGJG+GH2, Andhra Pradesh 521241, India",331788.25,40.41,IgnitionOn,1,20.59,140.89,4,-113
78dad930-f889-434f-b695-5903d054c11e-9,EDC_BS6_PERIODIC,2025-12-06 04:27:34,2025-12-07 14:12:07,16.5805824,80.5276736,13274,8252,FixOK,A,ObV5CS1912,T417F6b453,"HGJH+65H, Guntupalli, Andhra Pradesh 521241, India",331788.25,41.19,IgnitionOn,1,19.807,140.6,5,-113
78dad930-f889-434f-b695-5903d054c11e-10,EDC_BS6_PERIODIC,2025-12-06 04:27:40,2025-12-07 14:12:07,16.5801136,80.5280576,13275,8252,FixOK,A,ObV5CS1912,T417F6b453,"HGJH+65H, Guntupalli, Andhra Pradesh 521241, India",331788.375,40.8,IgnitionOn,1,19.28,141.3,5,-113
78dad930-f889-434f-b695-5903d054c11e-11,EDC_BS6_PERIODIC,2025-12-06 04:27:46,2025-12-07 14:12:07,16.5796544,80.5284224,13276,8252,FixOK,A,ObV5CS1912,T417F6b453,"HGJH+65H, Guntupalli, Andhra Pradesh 521241, India",331788.375,40.41,IgnitionOn,1,19.409,146.1,4,-113
78dad930-f889-434f-b695-5903d054c11e-12,EDC_BS6_PERIODIC,2025-12-06 04:27:52,2025-12-07 14:12:07,16.5792064,80.5287616,13277,8252,FixOK,A,ObV5CS1912,T417F6b453,"HGJH+65H, Guntupalli, Andhra Pradesh 521241, India",331788.5,39.9,IgnitionOn,1,19.43,145.39,5,-113
78dad930-f889-434f-b695-5903d054c11e-13,EDC_BS6_PERIODIC,2025-12-06 04:27:58,2025-12-07 14:12:07,16.578712,80.5289984,13278,8252,FixOK,A,ObV5CS1912,T417F6b453,"HGJH+65H, Guntupalli, Andhra Pradesh 521241, India",331788.625,39.63,IgnitionOn,1,18.93,154.39,6,-113
78dad930-f889-434f-b695-5903d054c11e-14,EDC_BS6_PERIODIC,2025-12-06 04:28:04,2025-12-07 14:12:07,16.5782064,80.5292224,13279,8252,FixOK,A,ObV5CS1912,T417F6b453,"HGHH+8PR, Ibrahimpatnam, Andhra Pradesh 521241, India",331788.625,39.35,IgnitionOn,1,18.34,156.39,6,-113
78dad930-f889-434f-b695-5903d054c11e-15,EDC_BS6_PERIODIC,2025-12-06 04:28:10,2025-12-07 14:12:07,16.5776448,80.5293952,13280,8252,FixOK,A,ObV5CS1912,T417F6b453,"HGHH+8PR, Ibrahimpatnam, Andhra Pradesh 521241, India",331788.75,39.81,IgnitionOn,1,17.933,162.89,6,-113
78dad930-f889-434f-b695-5903d054c11e-16,EDC_BS6_PERIODIC,2025-12-06 04:28:16,2025-12-07 14:12:07,16.5770432,80.529568,13281,8252,FixOK,A,ObV5CS1912,T417F6b453,"HGGH+RW9, Andhra Pradesh 521241, India",331788.75,41.55,IgnitionOn,1,17.049,163.8,5,-113
78dad930-f889-434f-b695-5903d054c11e-17,EDC_BS6_PERIODIC,2025-12-06 04:28:22,2025-12-07 14:12:07,16.5764224,80.5297536,13282,8252,FixOK,A,ObV5CS1912,T417F6b453,"HGGH+RW9, Andhra Pradesh 521241, India",331788.875,44,IgnitionOn,1,16.04,164,6,-113
78dad930-f889-434f-b695-5903d054c11e-18,EDC_BS6_PERIODIC,2025-12-06 04:28:28,2025-12-07 14:12:07,16.5758096,80.5299264,13283,8252,FixOK,A,ObV5CS1912,T417F6b453,"HGGH+RW9, Andhra Pradesh 521241, India",331788.875,43.1,IgnitionOn,1,15.279,163.3,5,-113
78dad930-f889-434f-b695-5903d054c11e-19,EDC_BS6_PERIODIC,2025-12-06 04:28:34,2025-12-07 14:12:07,16.5752272,80.5301248,13284,8252,FixOK,A,ObV5CS1912,T417F6b453,"sy 15/1, Tummalapalem, Andhra Pradesh 521241, India",331789,41.14,IgnitionOn,1,14.779,162.5,5,-113
78dad930-f889-434f-b695-5903d054c11e-20,EDC_BS6_PERIODIC,2025-12-06 04:28:40,2025-12-07 14:12:07,16.5747456,80.5303552,13285,8252,FixOK,A,ObV5CS1912,T417F6b453,"sy 15/1, Tummalapalem, Andhra Pradesh 521241, India",331789.125,40.16,IgnitionOn,1,14.26,155.69,6,-113
78dad930-f889-434f-b695-5903d054c11e-21,EDC_BS6_PERIODIC,2025-12-06 04:28:46,2025-12-07 14:12:07,16.574232,80.5306624,13286,8252,FixOK,A,ObV5CS1912,T417F6b453,"HGFJ+F8V, Tummalapalem, Andhra Pradesh 521241, India",331789.125,38.9,IgnitionOn,1,14.011,144.3,5,-113
78dad930-f889-434f-b695-5903d054c11e-22,EDC_BS6_PERIODIC,2025-12-06 04:28:52,2025-12-07 14:12:07,16.573872,80.5310016,13287,8252,FixOK,A,ObV5CS1912,T417F6b453,"HGFJ+F8V, Tummalapalem, Andhra Pradesh 521241, India",331789.25,28.66,IgnitionOn,1,14.34,133.89,6,-113
78dad930-f889-434f-b695-5903d054c11e-23,EDC_BS6_PERIODIC,2025-12-06 04:28:58,2025-12-07 14:12:07,16.5735664,80.5313216,13288,8252,FixOK,A,ObV5CS1912,T417F6b453,"HGFJ+F8V, Tummalapalem, Andhra Pradesh 521241, India",331789.25,28.71,IgnitionOn,1,15.01,130.69,5,-113
78dad930-f889-434f-b695-5903d054c11e-24,EDC_BS6_PERIODIC,2025-12-06 04:29:04,2025-12-07 14:12:07,16.5732704,80.5317248,13289,8252,FixOK,A,ObV5CS1912,T417F6b453,"HGCJ+VVV, Tummalapalem, Andhra Pradesh 521241, India",331789.375,36.31,IgnitionOn,1,15.25,126.59,6,-113
78dad930-f889-434f-b695-5903d054c11e-25,EDC_BS6_PERIODIC,2025-12-06 04:29:10,2025-12-07 14:12:07,16.5729408,80.5322368,13290,8252,FixOK,A,ObV5CS1912,T417F6b453,"HGCJ+VVV, Tummalapalem, Andhra Pradesh 521241, India",331789.375,41.95,IgnitionOn,1,15.31,123,5,-113
78dad930-f889-434f-b695-5903d054c11e-26,EDC_BS6_PERIODIC,2025-12-06 04:29:16,2025-12-07 14:12:07,16.5726064,80.5327872,13291,8252,FixOK,A,ObV5CS1912,T417F6b453,"HGCJ+RWX, Tummalapalem, Andhra Pradesh 521241, India",331789.5,41.07,IgnitionOn,1,14.97,121.3,5,-113
78dad930-f889-434f-b695-5903d054c11e-27,EDC_BS6_PERIODIC,2025-12-06 04:29:22,2025-12-07 14:12:07,16.5723936,80.5331776,13292,8252,FixOK,A,ObV5CS1912,T417F6b453,"HGCM+JHF, Vijayawada - Mylavaram Rd, Andhra Pradesh 521241, India",331789.5,28.43,IgnitionOn,1,14.757,125,4,-113
78dad930-f889-434f-b695-5903d054c11e-28,EDC_BS6_PERIODIC,2025-12-06 04:29:28,2025-12-07 14:12:07,16.5721616,80.533568,13293,8252,FixOK,A,ObV5CS1912,T417F6b453,"HGCM+JHF, Vijayawada - Mylavaram Rd, Andhra Pradesh 521241, India",331789.625,32.34,IgnitionOn,1,14.68,122.3,4,-113
78dad930-f889-434f-b695-5903d054c11e-29,EDC_BS6_PERIODIC,2025-12-06 04:29:34,2025-12-07 14:12:07,16.5718768,80.534048,13294,8252,FixOK,A,ObV5CS1912,T417F6b453,"HGCM+JHF, Vijayawada - Mylavaram Rd, Andhra Pradesh 521241, India",331789.625,37.48,IgnitionOn,1,14.59,122.8,6,-113
78dad930-f889-434f-b695-5903d054c11e-30,EDC_BS6_PERIODIC,2025-12-06 04:29:40,2025-12-07 14:12:07,16.5715856,80.5345664,13295,8252,FixOK,A,ObV5CS1912,T417F6b453,"HGCM+JHF, Vijayawada - Mylavaram Rd, Andhra Pradesh 521241, India",331789.625,39.58,IgnitionOn,1,14.39,120.9,6,-113
78dad930-f889-434f-b695-5903d054c11e-31,EDC_BS6_PERIODIC,2025-12-06 04:29:46,2025-12-07 14:12:07,16.5712928,80.535104,13296,8252,FixOK,A,ObV5CS1912,T417F6b453,"HGCM+JHF, Vijayawada - Mylavaram Rd, Guntupalli, Andhra Pradesh 521241, India",331789.75,43.2,IgnitionOn,1,14.189,118.8,5,-113
78dad930-f889-434f-b695-5903d054c11e-32,EDC_BS6_PERIODIC,2025-12-06 04:29:52,2025-12-07 14:12:07,16.5709824,80.535712,13297,8252,FixOK,A,ObV5CS1912,T417F6b453,"HG9P+WPW, Vijayawada - Mylavaram Rd, Guntupalli, Andhra Pradesh 521241, India",331789.75,43.83,IgnitionOn,1,13.97,117.9,5,-113
78dad930-f889-434f-b695-5903d054c11e-33,EDC_BS6_PERIODIC,2025-12-06 04:29:58,2025-12-07 14:12:07,16.570672,80.53632,13298,8252,FixOK,A,ObV5CS1912,T417F6b453,"HG9P+WPW, Vijayawada - Mylavaram Rd, Guntupalli, Andhra Pradesh 521241, India",331789.875,44.5,IgnitionOn,1,13.871,118.5,5,-113
78dad930-f889-434f-b695-5903d054c11e-34,EDC_BS6_PERIODIC,2025-12-06 04:30:04,2025-12-07 14:12:07,16.5703632,80.536896,13299,8252,FixOK,A,ObV5CS1912,T417F6b453,"HG9P+WPW, Vijayawada - Mylavaram Rd, Guntupalli, Andhra Pradesh 521241, India",331790,43.04,IgnitionOn,1,13.6,121,6,-113
78dad930-f889-434f-b695-5903d054c11e-35,EDC_BS6_PERIODIC,2025-12-06 04:30:10,2025-12-07 14:12:07,16.5700496,80.537472,13300,8252,FixOK,A,ObV5CS1912,T417F6b453,"HG9P+WPW, Vijayawada - Mylavaram Rd, Guntupalli, Andhra Pradesh 521241, India",331790,43.92,IgnitionOn,1,13.739,119.59,4,-113
78dad930-f889-434f-b695-5903d054c11e-36,EDC_BS6_PERIODIC,2025-12-06 04:30:16,2025-12-07 14:12:07,16.5696768,80.5380352,13301,8252,FixOK,A,ObV5CS1912,T417F6b453,"HG9Q+R9 Guntupalli, Andhra Pradesh, India",331790.125,43.1,IgnitionOn,1,13.689,127.9,4,-113
78dad930-f889-434f-b695-5903d054c11e-37,EDC_BS6_PERIODIC,2025-12-06 04:30:22,2025-12-07 14:12:07,16.5693312,80.5385536,13302,8252,FixOK,A,ObV5CS1912,T417F6b453,"HG9Q+7GH, NH 65, Guntupalli, Andhra Pradesh 521241, India",331790.125,42.51,IgnitionOn,1,13.489,125.8,4,-113
78dad930-f889-434f-b695-5903d054c11e-38,EDC_BS6_PERIODIC,2025-12-06 04:30:28,2025-12-07 14:12:07,16.5689952,80.5390976,13303,8252,FixOK,A,ObV5CS1912,T417F6b453,"HG9Q+7GH, NH 65, Guntupalli, Andhra Pradesh 521241, India",331790.25,41.32,IgnitionOn,1,13.06,126.19,4,-113
78dad930-f889-434f-b695-5903d054c11e-39,EDC_BS6_PERIODIC,2025-12-06 04:30:34,2025-12-07 14:12:07,16.5687824,80.5396352,13304,8252,FixOK,A,ObV5CS1912,T417F6b453,"5-135, Guntupalli, Andhra Pradesh 521241, India",331790.375,40.89,IgnitionOn,1,13.061,117.19,4,-113
78dad930-f889-434f-b695-5903d054c11e-40,EDC_BS6_PERIODIC,2025-12-06 04:30:40,2025-12-07 14:12:07,16.5686432,80.5402304,13305,8252,FixOK,A,ObV5CS1912,T417F6b453,"5-135, Guntupalli, Andhra Pradesh 521241, India",331790.375,39.86,IgnitionOn,1,12.84,111.09,4,-113
78dad930-f889-434f-b695-5903d054c11e-41,EDC_BS6_PERIODIC,2025-12-06 04:30:46,2025-12-07 14:12:07,16.5685216,80.5408128,13306,8252,FixOK,A,ObV5CS1912,T417F6b453,"5-135, Guntupalli, Andhra Pradesh 521241, India",331790.5,39.54,IgnitionOn,1,12.77,106.59,5,-113
78dad930-f889-434f-b695-5903d054c11e-42,EDC_BS6_PERIODIC,2025-12-06 04:30:52,2025-12-07 14:12:07,16.5684704,80.5412992,13307,8252,FixOK,A,ObV5CS1912,T417F6b453,"HG9R+9Q2, Guntupalli, Andhra Pradesh 521241, India",331790.5,30.83,IgnitionOn,1,12.3,103.8,5,-113
78dad930-f889-434f-b695-5903d054c11e-43,EDC_BS6_PERIODIC,2025-12-06 04:30:58,2025-12-07 14:12:07,16.5684336,80.5418176,13308,8252,FixOK,A,ObV5CS1912,T417F6b453,"HG9R+CWX, Guntupalli, Andhra Pradesh 521241, India",331790.625,33.57,IgnitionOn,1,11.75,95.4,5,-113
78dad930-f889-434f-b695-5903d054c11e-44,EDC_BS6_PERIODIC,2025-12-06 04:31:04,2025-12-07 14:12:07,16.5683824,80.5423872,13309,8252,FixOK,A,ObV5CS1912,T417F6b453,"HG9R+CWX, Guntupalli, Andhra Pradesh 521241, India",331790.625,37.98,IgnitionOn,1,11.01,96.3,4,-113
78dad930-f889-434f-b695-5903d054c11e-45,EDC_BS6_PERIODIC,2025-12-06 04:31:10,2025-12-07 14:12:07,16.5683456,80.5429824,13310,8252,FixOK,A,ObV5CS1912,T417F6b453,"HG9V+94Q, Guntupalli, Andhra Pradesh 521241, India",331790.75,41.02,IgnitionOn,1,10.625,94.69,5,-113
78dad930-f889-434f-b695-5903d054c11e-46,EDC_BS6_PERIODIC,2025-12-06 04:31:16,2025-12-07 14:12:07,16.5682544,80.543584,13311,8252,FixOK,A,ObV5CS1912,T417F6b453,"Nh-9 , Masjid Road Starting , Khajipeta, Guntupalli, Andhra Pradesh 521241, India",331790.75,41.25,IgnitionOn,1,10.279,104.9,4,-113
78dad930-f889-434f-b695-5903d054c11e-47,EDC_BS6_PERIODIC,2025-12-06 04:31:22,2025-12-07 14:12:07,16.5680256,80.5441664,13312,8252,FixOK,A,ObV5CS1912,T417F6b453,"Nh-9 , Masjid Road Starting , Khajipeta, Guntupalli, Andhra Pradesh 521241, India",331790.875,40.71,IgnitionOn,1,10.18,111.5,5,-113
78dad930-f889-434f-b695-5903d054c11e-48,EDC_BS6_PERIODIC,2025-12-06 04:31:28,2025-12-07 14:12:07,16.567744,80.5447104,13313,8252,FixOK,A,ObV5CS1912,T417F6b453,"NH65, Guntupalli, Andhra Pradesh 521241, India",331791,40.71,IgnitionOn,1,10.06,115.19,5,-113
78dad930-f889-434f-b695-5903d054c11e-49,EDC_BS6_PERIODIC,2025-12-06 04:31:34,2025-12-07 14:12:07,16.5674816,80.5452672,13314,8252,FixOK,A,ObV5CS1912,T417F6b453,"HG9V+3HJ, Guntupalli, Andhra Pradesh 521241, India",331791,40.75,IgnitionOn,1,9.8,115.19,5,-113
78dad930-f889-434f-b695-5903d054c11e-50,EDC_BS6_PERIODIC,2025-12-06 04:31:40,2025-12-07 14:12:07,16.5672128,80.5458496,13315,8252,FixOK,A,ObV5CS1912,T417F6b453,"HG8W+V85, Vijayawada - Hyderabad Hwy, Guntupalli, Andhra Pradesh 521241, India",331791.125,41,IgnitionOn,1,9.029,112.69,5,-113
45085742-8e20-4f1d-87b4-2ead3e96e5eb-1,EDC_BS6_PERIODIC,2025-12-06 04:31:46,2025-12-07 14:12:26,16.5669856,80.546464,13316,8252,FixOK,A,ObV5CS1912,T417F6b453,"HG8W+V85, Vijayawada - Hyderabad Hwy, Guntupalli, Andhra Pradesh 521241, India",331791.125,42.36,IgnitionOn,1,8.809,105.8,5,-113
45085742-8e20-4f1d-87b4-2ead3e96e5eb-2,EDC_BS6_PERIODIC,2025-12-06 04:31:52,2025-12-07 14:12:26,16.5668096,80.547072,13317,8252,FixOK,A,ObV5CS1912,T417F6b453,"NH-65,MAIN ROAD ,CHENNIPATI COMPLEX NEAR TO BUS STOP LAND MARK - KARVY GUNTUPALLI ,IBRAHIMPATNAM MANDAL, Guntupalli, Andhra Pradesh 521241, India",331791.25,41.57,IgnitionOn,1,8.399000000000001,106.4,5,-113
45085742-8e20-4f1d-87b4-2ead3e96e5eb-3,EDC_BS6_PERIODIC,2025-12-06 04:31:58,2025-12-07 14:12:26,16.5666336,80.5476608,13318,8252,FixOK,A,ObV5CS1912,T417F6b453,"HG8X+P5F, Guntupalli, Andhra Pradesh 521241, India",331791.25,39.88,IgnitionOn,1,7.84,107.5,5,-113
45085742-8e20-4f1d-87b4-2ead3e96e5eb-4,EDC_BS6_PERIODIC,2025-12-06 04:32:04,2025-12-07 14:12:26,16.5664736,80.5482368,13319,8252,FixOK,A,ObV5CS1912,T417F6b453,"NH65, Guntupalli, Andhra Pradesh 521241, India",331791.375,38.79,IgnitionOn,1,7.079,105.9,5,-113
45085742-8e20-4f1d-87b4-2ead3e96e5eb-5,EDC_BS6_PERIODIC,2025-12-06 04:32:10,2025-12-07 14:12:26,16.5663264,80.548768,13320,8252,FixOK,A,ObV5CS1912,T417F6b453,"HG8X+FC9, NH 65, Guntupalli, Andhra Pradesh 521241, India",331791.375,37.15,IgnitionOn,1,6.28,108.4,5,-113
45085742-8e20-4f1d-87b4-2ead3e96e5eb-6,EDC_BS6_PERIODIC,2025-12-06 04:32:16,2025-12-07 14:12:26,16.5662256,80.5491904,13321,8252,FixOK,A,ObV5CS1912,T417F6b453,"HG8X+FC9, NH 65, Guntupalli, Andhra Pradesh 521241, India",331791.5,31.06,IgnitionOn,1,5.559,107.09,5,-113
45085742-8e20-4f1d-87b4-2ead3e96e5eb-7,EDC_BS6_PERIODIC,2025-12-06 04:32:22,2025-12-07 14:12:26,16.5661376,80.5495744,13322,8252,FixOK,A,ObV5CS1912,T417F6b453,"HH82+F3X, Guntupalli, Andhra Pradesh 521241, India",331791.5,28.05,IgnitionOn,1,5.089,105.09,5,-113
45085742-8e20-4f1d-87b4-2ead3e96e5eb-8,EDC_BS6_PERIODIC,2025-12-06 04:32:28,2025-12-07 14:12:26,16.5660832,80.5498496,13323,8252,FixOK,A,ObV5CS1912,T417F6b453,"HH82+F3X, Guntupalli, Andhra Pradesh 521241, India",331791.625,17.17,IgnitionOn,1,3.94,103.69,3,-113
45085742-8e20-4f1d-87b4-2ead3e96e5eb-9,EDC_BS6_PERIODIC,2025-12-06 04:32:34,2025-12-07 14:12:26,16.5660608,80.5499392,13324,8252,FixOK,A,ObV5CS1912,T417F6b453,"HH82+F3X, Guntupalli, Andhra Pradesh 521241, India",331791.625,6.38,IgnitionOn,1,3.349,117.3,4,-113
45085742-8e20-4f1d-87b4-2ead3e96e5eb-10,EDC_BS6_PERIODIC,2025-12-06 04:32:40,2025-12-07 14:12:26,16.5660608,80.5499392,13325,8252,FixOK,A,ObV5CS1912,T417F6b453,"HH82+F3X, Guntupalli, Andhra Pradesh 521241, India",331791.625,0,IgnitionOn,1,3.349,117.3,5,-113
45085742-8e20-4f1d-87b4-2ead3e96e5eb-11,EDC_BS6_PERIODIC,2025-12-06 04:32:46,2025-12-07 14:12:26,16.5660608,80.5499392,13326,8252,FixOK,A,ObV5CS1912,T417F6b453,"HH82+F3X, Guntupalli, Andhra Pradesh 521241, India",331791.625,0,IgnitionOn,1,3.349,117.3,5,-113
45085742-8e20-4f1d-87b4-2ead3e96e5eb-12,EDC_BS6_PERIODIC,2025-12-06 04:32:52,2025-12-07 14:12:26,16.5660608,80.5499392,13327,8252,FixOK,A,ObV5CS1912,T417F6b453,"HH82+F3X, Guntupalli, Andhra Pradesh 521241, India",331791.625,0,IgnitionOn,1,3.349,117.3,5,-113
45085742-8e20-4f1d-87b4-2ead3e96e5eb-13,EDC_BS6_PERIODIC,2025-12-06 04:32:58,2025-12-07 14:12:26,16.5660608,80.5499392,13328,8252,FixOK,A,ObV5CS1912,T417F6b453,"HH82+F3X, Guntupalli, Andhra Pradesh 521241, India",331791.625,0,IgnitionOn,1,3.349,117.3,4,-113
45085742-8e20-4f1d-87b4-2ead3e96e5eb-14,EDC_BS6_PERIODIC,2025-12-06 04:33:04,2025-12-07 14:12:26,16.5660608,80.5499392,13329,8252,FixOK,A,ObV5CS1912,T417F6b453,"HH82+F3X, Guntupalli, Andhra Pradesh 521241, India",331791.625,0,IgnitionOn,1,3.349,117.3,5,-113
45085742-8e20-4f1d-87b4-2ead3e96e5eb-15,EDC_BS6_PERIODIC,2025-12-06 04:33:10,2025-12-07 14:12:26,16.5660608,80.5499392,13330,8252,FixOK,A,ObV5CS1912,T417F6b453,"HH82+F3X, Guntupalli, Andhra Pradesh 521241, India",331791.625,0,IgnitionOn,1,3.349,117.3,5,-113
45085742-8e20-4f1d-87b4-2ead3e96e5eb-16,EDC_BS6_PERIODIC,2025-12-06 04:33:16,2025-12-07 14:12:26,16.5660816,80.5499456,13331,8252,FixOK,A,ObV5CS1912,T417F6b453,"HH82+F3X, Guntupalli, Andhra Pradesh 521241, India",331791.625,3.3899999,IgnitionOn,1,3.259,117.3,5,-113
45085742-8e20-4f1d-87b4-2ead3e96e5eb-17,EDC_BS6_PERIODIC,2025-12-06 04:33:22,2025-12-07 14:12:26,16.5660896,80.5500032,13332,8252,FixOK,A,ObV5CS1912,T417F6b453,"HH82+F3X, Guntupalli, Andhra Pradesh 521241, India",331791.625,9.91,IgnitionOn,1,6.46,107.5,5,-113
45085742-8e20-4f1d-87b4-2ead3e96e5eb-18,EDC_BS6_PERIODIC,2025-12-06 04:33:28,2025-12-07 14:12:26,16.5660352,80.5501568,13333,8252,FixOK,A,ObV5CS1912,T417F6b453,"HH82+F3X, Guntupalli, Andhra Pradesh 521241, India",331791.625,13.79,IgnitionOn,1,7.219,95.69,4,-113
45085742-8e20-4f1d-87b4-2ead3e96e5eb-19,EDC_BS6_PERIODIC,2025-12-06 04:33:34,2025-12-07 14:12:26,16.5659744,80.550464,13334,8252,FixOK,A,ObV5CS1912,T417F6b453,"HH82+F3X, Guntupalli, Andhra Pradesh 521241, India",331791.625,21.3,IgnitionOn,1,8.019,94.59,4,-113
45085742-8e20-4f1d-87b4-2ead3e96e5eb-20,EDC_BS6_PERIODIC,2025-12-06 04:33:40,2025-12-07 14:12:26,16.5658784,80.5508224,13335,8252,FixOK,A,ObV5CS1912,T417F6b453,"HH82+64W, Guntupalli, Andhra Pradesh 521241, India",331791.75,26.48,IgnitionOn,1,8.229,102.09,4,-113
45085742-8e20-4f1d-87b4-2ead3e96e5eb-21,EDC_BS6_PERIODIC,2025-12-06 04:33:46,2025-12-07 14:12:26,16.5657312,80.5512448,13336,8252,FixOK,A,ObV5CS1912,T417F6b453,"HH82+64W, Guntupalli, Andhra Pradesh 521241, India",331791.75,30.91,IgnitionOn,1,7.329,112.09,4,-113
45085742-8e20-4f1d-87b4-2ead3e96e5eb-22,EDC_BS6_PERIODIC,2025-12-06 04:33:52,2025-12-07 14:12:26,16.5654976,80.5517312,13337,8252,FixOK,A,ObV5CS1912,T417F6b453,"HH73+Q2G, Guntupalli, Andhra Pradesh 521225, India",331791.875,35.46,IgnitionOn,1,7.15,119.5,4,-113
45085742-8e20-4f1d-87b4-2ead3e96e5eb-23,EDC_BS6_PERIODIC,2025-12-06 04:33:58,2025-12-07 14:12:26,16.5652112,80.5521792,13338,8252,FixOK,A,ObV5CS1912,T417F6b453,"HH73+Q2G, Guntupalli, Andhra Pradesh 521225, India",331791.875,32.75,IgnitionOn,1,7.039,124,4,-113
45085742-8e20-4f1d-87b4-2ead3e96e5eb-24,EDC_BS6_PERIODIC,2025-12-06 04:34:04,2025-12-07 14:12:26,16.5649536,80.5525824,13339,8252,FixOK,A,ObV5CS1912,T417F6b453,"HH73+Q2G, Guntupalli, Andhra Pradesh 521225, India",331791.875,32.26,IgnitionOn,1,6.76,122.69,3,-113
45085742-8e20-4f1d-87b4-2ead3e96e5eb-25,EDC_BS6_PERIODIC,2025-12-06 04:34:10,2025-12-07 14:12:26,16.5647024,80.5530368,13340,8252,FixOK,A,ObV5CS1912,T417F6b453,"HH73+Q2G, Guntupalli, Andhra Pradesh 521225, India",331792,34.55,IgnitionOn,1,6.525,117.59,5,-113
45085742-8e20-4f1d-87b4-2ead3e96e5eb-26,EDC_BS6_PERIODIC,2025-12-06 04:34:16,2025-12-07 14:12:26,16.5644464,80.5535104,13341,8252,FixOK,A,ObV5CS1912,T417F6b453,"Vijayawada - Mylavaram Rd, Andhra Pradesh 521225, India",331792,36.25,IgnitionOn,1,5.969,118.4,4,-113
45085742-8e20-4f1d-87b4-2ead3e96e5eb-27,EDC_BS6_PERIODIC,2025-12-06 04:34:22,2025-12-07 14:12:26,16.5641936,80.5540352,13342,8252,FixOK,A,ObV5CS1912,T417F6b453,"Vijayawada - Mylavaram Rd, Andhra Pradesh 521225, India",331792.125,39.57,IgnitionOn,1,5.769,114.59,5,-113
45085742-8e20-4f1d-87b4-2ead3e96e5eb-28,EDC_BS6_PERIODIC,2025-12-06 04:34:28,2025-12-07 14:12:26,16.563944,80.5545664,13343,8252,FixOK,A,ObV5CS1912,T417F6b453,"Vijayawada - Mylavaram Rd, Andhra Pradesh 521225, India",331792.25,41.53,IgnitionOn,1,5.75,115.4,5,-113
45085742-8e20-4f1d-87b4-2ead3e96e5eb-29,EDC_BS6_PERIODIC,2025-12-06 04:34:34,2025-12-07 14:12:26,16.5636592,80.5550848,13344,8252,FixOK,A,ObV5CS1912,T417F6b453,"Vijayawada - Mylavaram Rd, Andhra Pradesh 521225, India",331792.25,38.91,IgnitionOn,1,5.59,119.19,5,-113
45085742-8e20-4f1d-87b4-2ead3e96e5eb-30,EDC_BS6_PERIODIC,2025-12-06 04:34:40,2025-12-07 14:12:26,16.563368,80.5555776,13345,8252,FixOK,A,ObV5CS1912,T417F6b453,"BANK NAGAR, NH65, Andhra Pradesh 521241, India",331792.375,37.01,IgnitionOn,1,5.28,121.19,5,-113
45085742-8e20-4f1d-87b4-2ead3e96e5eb-31,EDC_BS6_PERIODIC,2025-12-06 04:34:46,2025-12-07 14:12:26,16.5630736,80.556032,13346,8252,FixOK,A,ObV5CS1912,T417F6b453,"BANK NAGAR, NH65, Andhra Pradesh 521241, India",331792.375,35.8,IgnitionOn,1,5.077,116.3,5,-113
45085742-8e20-4f1d-87b4-2ead3e96e5eb-32,EDC_BS6_PERIODIC,2025-12-06 04:34:52,2025-12-07 14:12:26,16.5628288,80.5564928,13347,8252,FixOK,A,ObV5CS1912,T417F6b453,"BANK NAGAR, NH65, Andhra Pradesh 521241, India",331792.5,36,IgnitionOn,1,3.88,120.8,3,-113
45085742-8e20-4f1d-87b4-2ead3e96e5eb-33,EDC_BS6_PERIODIC,2025-12-06 04:34:58,2025-12-07 14:12:26,16.5625264,80.5569344,13348,8252,FixOK,A,ObV5CS1912,T417F6b453,"HH74+4PJ, Ramesh Nagar Street 6, Bank Nagar, Andhra Pradesh 521225, India",331792.5,35.95,IgnitionOn,1,3.39,125.69,5,-113
93ae11e7-2848-49e6-b8a3-b72a4424aa11-2,EDC_BS6_PERIODIC,2025-12-06 04:35:04,2025-12-07 14:12:47,16.5622736,80.5573632,13349,8252,FixOK,A,ObV5CS1912,T417F6b453,"HH64+VV9, Bank Nagar, Andhra Pradesh 521225, India",331792.625,31.77,IgnitionOn,1,3.15,120.19,4,-113
93ae11e7-2848-49e6-b8a3-b72a4424aa11-3,EDC_BS6_PERIODIC,2025-12-06 04:35:10,2025-12-07 14:12:47,16.5620464,80.55776,13350,8252,FixOK,A,ObV5CS1912,T417F6b453,"HH65+Q5X, Ramesh Nagar, Andhra Pradesh 521225, India",331792.625,29.97,IgnitionOn,1,2.73,118.69,3,-113
93ae11e7-2848-49e6-b8a3-b72a4424aa11-4,EDC_BS6_PERIODIC,2025-12-06 04:35:16,2025-12-07 14:12:47,16.5618048,80.5581504,13351,8252,FixOK,A,ObV5CS1912,T417F6b453,"HH65+Q5X, Ramesh Nagar, Andhra Pradesh 521225, India",331792.75,30.68,IgnitionOn,1,2.4,122.9,5,-113
93ae11e7-2848-49e6-b8a3-b72a4424aa11-5,EDC_BS6_PERIODIC,2025-12-06 04:35:22,2025-12-07 14:12:47,16.5615504,80.5585344,13352,8252,FixOK,A,ObV5CS1912,T417F6b453,"Ramesh Nagar Bus Stop, Vijayawada - Mylavaram Rd, Andhra Pradesh 521225, India",331792.75,30.84,IgnitionOn,1,2.337,125.9,4,-113
93ae11e7-2848-49e6-b8a3-b72a4424aa11-6,EDC_BS6_PERIODIC,2025-12-06 04:35:28,2025-12-07 14:12:47,16.5612912,80.5589696,13353,8252,FixOK,A,ObV5CS1912,T417F6b453,"HH65+R7G, Ramesh Nagar, Andhra Pradesh 521225, India",331792.75,32.91,IgnitionOn,1,2.349,122.9,4,-113
93ae11e7-2848-49e6-b8a3-b72a4424aa11-7,EDC_BS6_PERIODIC,2025-12-06 04:35:34,2025-12-07 14:12:47,16.5610416,80.5593984,13354,8252,FixOK,A,ObV5CS1912,T417F6b453,"HH65+R7G, Ramesh Nagar, Andhra Pradesh 521225, India",331792.875,33.46,IgnitionOn,1,2.16,119.59,5,-113
93ae11e7-2848-49e6-b8a3-b72a4424aa11-8,EDC_BS6_PERIODIC,2025-12-06 04:35:40,2025-12-07 14:12:47,16.5607744,80.5598208,13355,8252,FixOK,A,ObV5CS1912,T417F6b453,"Gollapudi, Shop No 1, opp. Ca Convention, Andhra Pradesh 521225, India",331792.875,33.14,IgnitionOn,1,2.079,124.59,4,-113
93ae11e7-2848-49e6-b8a3-b72a4424aa11-9,EDC_BS6_PERIODIC,2025-12-06 04:35:46,2025-12-07 14:12:47,16.5604992,80.5602688,13356,8252,FixOK,A,ObV5CS1912,T417F6b453,"Gollapudi, Shop No 1, opp. Ca Convention, Andhra Pradesh 521225, India",331793,33.8,IgnitionOn,1,2.069,121.9,5,-113
93ae11e7-2848-49e6-b8a3-b72a4424aa11-10,EDC_BS6_PERIODIC,2025-12-06 04:35:52,2025-12-07 14:12:47,16.5602304,80.5607296,13357,8252,FixOK,A,ObV5CS1912,T417F6b453,"Gollapudi, Shop No 1, opp. Ca Convention, Andhra Pradesh 521225, India",331793,35.62,IgnitionOn,1,1.7890000000000001,119.09,5,-113
93ae11e7-2848-49e6-b8a3-b72a4424aa11-11,EDC_BS6_PERIODIC,2025-12-06 04:35:58,2025-12-07 14:12:47,16.5599872,80.5612096,13358,8252,FixOK,A,ObV5CS1912,T417F6b453,"Gollapudi, Shop No 1, opp. Ca Convention, Andhra Pradesh 521225, India",331793.125,36.23,IgnitionOn,1,1.665,117.3,5,-113
93ae11e7-2848-49e6-b8a3-b72a4424aa11-12,EDC_BS6_PERIODIC,2025-12-06 04:36:04,2025-12-07 14:12:47,16.5597568,80.561696,13359,8252,FixOK,A,ObV5CS1912,T417F6b453,"HH56+MXF, Nallakunta, Andhra Pradesh 521225, India",331793.125,37.52,IgnitionOn,1,1.6,115.9,5,-113
93ae11e7-2848-49e6-b8a3-b72a4424aa11-13,EDC_BS6_PERIODIC,2025-12-06 04:36:10,2025-12-07 14:12:47,16.559552,80.5622272,13360,8252,FixOK,A,ObV5CS1912,T417F6b453,"HH56+MXF, Nallakunta, Andhra Pradesh 521225, India",331793.25,38.24,IgnitionOn,1,1.87,110.69,4,-113
93ae11e7-2848-49e6-b8a3-b72a4424aa11-14,EDC_BS6_PERIODIC,2025-12-06 04:36:16,2025-12-07 14:12:47,16.5593872,80.5627648,13361,8252,FixOK,A,ObV5CS1912,T417F6b453,"HH57+Q48, Vijayawada - Mylavaram Rd, Nallakunta, Andhra Pradesh 521225, India",331793.25,37.32,IgnitionOn,1,2.299,101.9,5,-113
93ae11e7-2848-49e6-b8a3-b72a4424aa11-15,EDC_BS6_PERIODIC,2025-12-06 04:36:22,2025-12-07 14:12:47,16.5593008,80.5633024,13362,8252,FixOK,A,ObV5CS1912,T417F6b453,"HH57+Q48, Vijayawada - Mylavaram Rd, Nallakunta, Andhra Pradesh 521225, India",331793.375,34.73,IgnitionOn,1,2.46,97.4,5,-113
93ae11e7-2848-49e6-b8a3-b72a4424aa11-16,EDC_BS6_PERIODIC,2025-12-06 04:36:28,2025-12-07 14:12:47,16.5591664,80.5638016,13363,8252,FixOK,A,ObV5CS1912,T417F6b453,"HH57+GHF, Nallakunta, Andhra Pradesh 521225, India",331793.375,32.83,IgnitionOn,1,3.089,105,5,-113
93ae11e7-2848-49e6-b8a3-b72a4424aa11-17,EDC_BS6_PERIODIC,2025-12-06 04:36:34,2025-12-07 14:12:47,16.559008,80.5642944,13364,8252,FixOK,A,ObV5CS1912,T417F6b453,"HH57+GHF, Nallakunta, Andhra Pradesh 521225, India",331793.5,33.93,IgnitionOn,1,3.545,108.5,5,-113
93ae11e7-2848-49e6-b8a3-b72a4424aa11-18,EDC_BS6_PERIODIC,2025-12-06 04:36:40,2025-12-07 14:12:47,16.5588704,80.5648256,13365,8252,FixOK,A,ObV5CS1912,T417F6b453,"HH57+8QG, Nallakunta, Andhra Pradesh 521225, India",331793.5,35.71,IgnitionOn,1,4.199,104.69,4,-113
93ae11e7-2848-49e6-b8a3-b72a4424aa11-19,EDC_BS6_PERIODIC,2025-12-06 04:36:46,2025-12-07 14:12:47,16.55876,80.5654016,13366,8252,FixOK,A,ObV5CS1912,T417F6b453,"HH57+8QG, Nallakunta, Andhra Pradesh 521225, India",331793.625,37.65,IgnitionOn,1,4.679,102.09,4,-113
93ae11e7-2848-49e6-b8a3-b72a4424aa11-20,EDC_BS6_PERIODIC,2025-12-06 04:36:52,2025-12-07 14:12:47,16.5586272,80.565952,13367,8252,FixOK,A,ObV5CS1912,T417F6b453,"Surayapalem Bus Stop, Vijayawada - Mylavaram Rd, Nallakunta, Andhra Pradesh 521225, India",331793.625,38.38,IgnitionOn,1,5.369,103.09,4,-113
93ae11e7-2848-49e6-b8a3-b72a4424aa11-21,EDC_BS6_PERIODIC,2025-12-06 04:36:58,2025-12-07 14:12:47,16.5585536,80.5664768,13368,8252,FixOK,A,ObV5CS1912,T417F6b453,"Surayapalem Bus Stop, Vijayawada - Mylavaram Rd, Nallakunta, Andhra Pradesh 521225, India",331793.75,38.57,IgnitionOn,1,5.909,96.59,5,-113
93ae11e7-2848-49e6-b8a3-b72a4424aa11-22,EDC_BS6_PERIODIC,2025-12-06 04:37:04,2025-12-07 14:12:47,16.5585264,80.5669696,13369,8252,FixOK,A,ObV5CS1912,T417F6b453,"24-96, Nallakunta - Kavvuluru Rd, Nallakunta, Andhra Pradesh 521225, India",331793.75,35.21,IgnitionOn,1,5.829,95.9,4,-113
93ae11e7-2848-49e6-b8a3-b72a4424aa11-23,EDC_BS6_PERIODIC,2025-12-06 04:37:10,2025-12-07 14:12:47,16.5584864,80.567456,13370,8252,FixOK,A,ObV5CS1912,T417F6b453,"Nallakunta Bus Stop, NH 65, Nallakunta, Andhra Pradesh 521225, India",331793.875,35.52,IgnitionOn,1,5.813,89.69,4,-113
93ae11e7-2848-49e6-b8a3-b72a4424aa11-24,EDC_BS6_PERIODIC,2025-12-06 04:37:16,2025-12-07 14:12:47,16.5582944,80.567968,13371,8252,FixOK,A,ObV5CS1912,T417F6b453,"Nallakunta Bus Stop, NH 65, Nallakunta, Andhra Pradesh 521225, India",331793.875,36.46,IgnitionOn,1,6,114.3,5,-113
93ae11e7-2848-49e6-b8a3-b72a4424aa11-25,EDC_BS6_PERIODIC,2025-12-06 04:37:22,2025-12-07 14:12:47,16.5579648,80.56848,13372,8252,FixOK,A,ObV5CS1912,T417F6b453,"Nallakunta Bus Stop, NH 65, Nallakunta, Andhra Pradesh 521225, India",331794,38.42,IgnitionOn,1,6.469,121.69,4,-113
93ae11e7-2848-49e6-b8a3-b72a4424aa11-26,EDC_BS6_PERIODIC,2025-12-06 04:37:28,2025-12-07 14:12:47,16.5575248,80.5689728,13373,8252,FixOK,A,ObV5CS1912,T417F6b453,"HH59+3FW, Nallakunta, Andhra Pradesh 521225, India",331794,40.75,IgnitionOn,1,6.309,130,5,-113
93ae11e7-2848-49e6-b8a3-b72a4424aa11-27,EDC_BS6_PERIODIC,2025-12-06 04:37:34,2025-12-07 14:12:47,16.5570672,80.569408,13374,8252,FixOK,A,ObV5CS1912,T417F6b453,"HH59+3FW, Nallakunta, Andhra Pradesh 521225, India",331794.125,40.64,IgnitionOn,1,6.099,136.1,4,-113
93ae11e7-2848-49e6-b8a3-b72a4424aa11-28,EDC_BS6_PERIODIC,2025-12-06 04:37:40,2025-12-07 14:12:47,16.5566384,80.569824,13375,8252,FixOK,A,ObV5CS1912,T417F6b453,"NH65, Vijayawada, Andhra Pradesh 521225, India",331794.125,38.34,IgnitionOn,1,5.309,134.6,4,-113
93ae11e7-2848-49e6-b8a3-b72a4424aa11-29,EDC_BS6_PERIODIC,2025-12-06 04:37:46,2025-12-07 14:12:47,16.5562384,80.570208,13376,8252,FixOK,A,ObV5CS1912,T417F6b453,"HH4C+C4G, Vijayawada - Mylavaram Rd, Vijayawada, Andhra Pradesh 521225, India",331794.25,36,IgnitionOn,1,5.603,136.89,4,-113
93ae11e7-2848-49e6-b8a3-b72a4424aa11-30,EDC_BS6_PERIODIC,2025-12-06 04:37:52,2025-12-07 14:12:47,16.5558496,80.570528,13377,8252,FixOK,A,ObV5CS1912,T417F6b453,"Vijayawada - Mylavaram Rd, Vijayawada, Andhra Pradesh 521225, India",331794.25,34.64,IgnitionOn,1,7.159,142.1,4,-113
93ae11e7-2848-49e6-b8a3-b72a4424aa11-31,EDC_BS6_PERIODIC,2025-12-06 04:37:58,2025-12-07 14:12:47,16.5554976,80.5708096,13378,8252,FixOK,A,ObV5CS1912,T417F6b453,"Vijayawada Main Rd, Gollapudi, Vijayawada, Andhra Pradesh 521225, India",331794.375,31.87,IgnitionOn,1,8.909,141.6,4,-113
93ae11e7-2848-49e6-b8a3-b72a4424aa11-32,EDC_BS6_PERIODIC,2025-12-06 04:38:04,2025-12-07 14:12:47,16.5552624,80.5710592,13379,8252,FixOK,A,ObV5CS1912,T417F6b453,"Vijayawada Main Rd, Gollapudi, Vijayawada, Andhra Pradesh 521225, India",331794.375,22.16,IgnitionOn,1,10.439,138.8,4,-113
93ae11e7-2848-49e6-b8a3-b72a4424aa11-33,EDC_BS6_PERIODIC,2025-12-06 04:38:10,2025-12-07 14:12:47,16.5551552,80.571232,13380,8252,FixOK,A,ObV5CS1912,T417F6b453,"Vijayawada Main Rd, Gollapudi, Vijayawada, Andhra Pradesh 521225, India",331794.375,14.28,IgnitionOn,1,11.899000000000001,131.19,4,-113
93ae11e7-2848-49e6-b8a3-b72a4424aa11-34,EDC_BS6_PERIODIC,2025-12-06 04:38:16,2025-12-07 14:12:47,16.5551184,80.5714048,13381,8252,FixOK,A,ObV5CS1912,T417F6b453,"Vijayawada Main Rd, Gollapudi, Vijayawada, Andhra Pradesh 521225, India",331794.5,11.89,IgnitionOn,1,13.25,86,4,-113
93ae11e7-2848-49e6-b8a3-b72a4424aa11-35,EDC_BS6_PERIODIC,2025-12-06 04:38:22,2025-12-07 14:12:47,16.5551472,80.571552,13382,8252,FixOK,A,ObV5CS1912,T417F6b453,"HH3F+J37, NH 65, Gollapudi, Vijayawada, Andhra Pradesh 521225, India",331794.5,7.26,IgnitionOn,1,13.935,65.19,4,-113
93ae11e7-2848-49e6-b8a3-b72a4424aa11-36,EDC_BS6_PERIODIC,2025-12-06 04:38:28,2025-12-07 14:12:47,16.5552192,80.571648,13383,8252,FixOK,A,ObV5CS1912,T417F6b453,"HH3F+J37, NH 65, Gollapudi, Vijayawada, Andhra Pradesh 521225, India",331794.5,7.19,IgnitionOn,1,15.18,55.2,4,-113
93ae11e7-2848-49e6-b8a3-b72a4424aa11-37,EDC_BS6_PERIODIC,2025-12-06 04:38:34,2025-12-07 14:12:47,16.5553104,80.5717376,13384,8252,FixOK,A,ObV5CS1912,T417F6b453,"HH3F+J37, NH 65, Gollapudi, Vijayawada, Andhra Pradesh 521225, India",331794.5,8.86,IgnitionOn,1,16.059,45,4,-113
93ae11e7-2848-49e6-b8a3-b72a4424aa11-38,EDC_BS6_PERIODIC,2025-12-06 04:38:40,2025-12-07 14:12:47,16.5553856,80.5717888,13385,8252,FixOK,A,ObV5CS1912,T417F6b453,"HH3F+J37, NH 65, Gollapudi, Vijayawada, Andhra Pradesh 521225, India",331794.5,9.48,IgnitionOn,1,16.79,39.59,4,-113
93ae11e7-2848-49e6-b8a3-b72a4424aa11-39,EDC_BS6_PERIODIC,2025-12-06 04:38:46,2025-12-07 14:12:47,16.555432,80.5718272,13386,8252,FixOK,A,ObV5CS1912,T417F6b453,"HH3F+J37, NH 65, Gollapudi, Vijayawada, Andhra Pradesh 521225, India",331794.5,12.48,IgnitionOn,1,17.45,26.39,4,-113
93ae11e7-2848-49e6-b8a3-b72a4424aa11-40,EDC_BS6_PERIODIC,2025-12-06 04:38:52,2025-12-07 14:12:47,16.5555872,80.5719168,13387,8252,FixOK,A,ObV5CS1912,T417F6b453,"1, Gollapudi, Vijayawada, Andhra Pradesh 521225, India",331794.5,16.19,IgnitionOn,1,18.129,33.4,4,-113
93ae11e7-2848-49e6-b8a3-b72a4424aa11-41,EDC_BS6_PERIODIC,2025-12-06 04:38:58,2025-12-07 14:12:47,16.5558224,80.5720704,13388,8252,FixOK,A,ObV5CS1912,T417F6b453,"1, Gollapudi, Vijayawada, Andhra Pradesh 521225, India",331794.625,18.41,IgnitionOn,1,18.749,30.5,3,-113
93ae11e7-2848-49e6-b8a3-b72a4424aa11-42,EDC_BS6_PERIODIC,2025-12-06 04:39:04,2025-12-07 14:12:47,16.5558224,80.5720704,13389,8252,FixOK,A,ObV5CS1912,T417F6b453,"1, Gollapudi, Vijayawada, Andhra Pradesh 521225, India",331794.625,9.39,IgnitionOn,1,18.749,30.5,3,-113
93ae11e7-2848-49e6-b8a3-b72a4424aa11-43,EDC_BS6_PERIODIC,2025-12-06 04:39:10,2025-12-07 14:12:47,16.5558224,80.5720704,13390,8252,FixOK,A,ObV5CS1912,T417F6b453,"1, Gollapudi, Vijayawada, Andhra Pradesh 521225, India",331794.625,7.95,IgnitionOn,1,18.749,30.5,3,-113
93ae11e7-2848-49e6-b8a3-b72a4424aa11-44,EDC_BS6_PERIODIC,2025-12-06 04:39:16,2025-12-07 14:12:47,16.5558224,80.5720704,13391,8252,FixOK,A,ObV5CS1912,T417F6b453,"1, Gollapudi, Vijayawada, Andhra Pradesh 521225, India",331794.625,7.68,IgnitionOn,1,18.749,30.5,3,-113
93ae11e7-2848-49e6-b8a3-b72a4424aa11-45,EDC_BS6_PERIODIC,2025-12-06 04:39:22,2025-12-07 14:12:47,16.5558224,80.5720704,13392,8252,FixOK,A,ObV5CS1912,T417F6b453,"1, Gollapudi, Vijayawada, Andhra Pradesh 521225, India",331794.625,8.84,IgnitionOn,1,18.749,30.5,3,-113
93ae11e7-2848-49e6-b8a3-b72a4424aa11-46,EDC_BS6_PERIODIC,2025-12-06 04:39:28,2025-12-07 14:12:47,16.5565904,80.5727296,13393,8252,FixOK,A,ObV5CS1912,T417F6b453,"1, Gollapudi, Vijayawada, Andhra Pradesh 521225, India",331794.625,10.09,IgnitionOn,1,19.767,41.79,4,-113
93ae11e7-2848-49e6-b8a3-b72a4424aa11-47,EDC_BS6_PERIODIC,2025-12-06 04:39:34,2025-12-07 14:12:47,16.5566912,80.5727936,13394,8252,FixOK,A,ObV5CS1912,T417F6b453,"1, Gollapudi, Vijayawada, Andhra Pradesh 521225, India",331794.625,8.17,IgnitionOn,1,19.899,31.7,4,-113
93ae11e7-2848-49e6-b8a3-b72a4424aa11-48,EDC_BS6_PERIODIC,2025-12-06 04:39:40,2025-12-07 14:12:47,16.556752,80.5729152,13395,8252,FixOK,A,ObV5CS1912,T417F6b453,"1, Gollapudi, Vijayawada, Andhra Pradesh 521225, India",331794.75,13.66,IgnitionOn,1,20.04,45.29,4,-113
93ae11e7-2848-49e6-b8a3-b72a4424aa11-49,EDC_BS6_PERIODIC,2025-12-06 04:39:46,2025-12-07 14:12:47,16.5568576,80.573088,13396,8252,FixOK,A,ObV5CS1912,T417F6b453,"1, Gollapudi, Vijayawada, Andhra Pradesh 521225, India",331794.75,19.21,IgnitionOn,1,19.93,55.2,3,-113
93ae11e7-2848-49e6-b8a3-b72a4424aa11-50,EDC_BS6_PERIODIC,2025-12-06 04:39:52,2025-12-07 14:12:47,16.5571168,80.5733888,13397,8252,FixOK,A,ObV5CS1912,T417F6b453,"1, Gollapudi, Vijayawada, Andhra Pradesh 521225, India",331794.75,23.51,IgnitionOn,1,20.219,40.29,4,-113
0f37df6b-48d5-45f8-94cf-42bb767fed24-1,EDC_BS6_PERIODIC,2025-12-06 04:39:58,2025-12-07 14:13:08,16.557368,80.5736,13398,8252,FixOK,A,ObV5CS1912,T417F6b453,"1, Gollapudi, Vijayawada, Andhra Pradesh 521225, India",331794.75,20.09,IgnitionOn,1,20.52,39,5,-113
0f37df6b-48d5-45f8-94cf-42bb767fed24-2,EDC_BS6_PERIODIC,2025-12-06 04:40:04,2025-12-07 14:13:08,16.5576096,80.5738176,13399,8252,FixOK,A,ObV5CS1912,T417F6b453,"1, Gollapudi, Vijayawada, Andhra Pradesh 521225, India",331794.875,22.02,IgnitionOn,1,20.409,40,5,-113
0f37df6b-48d5-45f8-94cf-42bb767fed24-3,EDC_BS6_PERIODIC,2025-12-06 04:40:10,2025-12-07 14:13:08,16.5578752,80.5740736,13400,8252,FixOK,A,ObV5CS1912,T417F6b453,"1, Gollapudi, Vijayawada, Andhra Pradesh 521225, India",331794.875,25.61,IgnitionOn,1,19.95,43.5,5,-113
0f37df6b-48d5-45f8-94cf-42bb767fed24-4,EDC_BS6_PERIODIC,2025-12-06 04:40:16,2025-12-07 14:13:08,16.558168,80.5743744,13401,8252,FixOK,A,ObV5CS1912,T417F6b453,"1, Gollapudi, Vijayawada, Andhra Pradesh 521225, India",331794.875,26.84,IgnitionOn,1,19.26,49,5,-113
0f37df6b-48d5-45f8-94cf-42bb767fed24-5,EDC_BS6_PERIODIC,2025-12-06 04:40:22,2025-12-07 14:13:08,16.5584096,80.574688,13402,8252,FixOK,A,ObV5CS1912,T417F6b453,"Unnamed Road, Andhra Pradesh 521225, India",331795,26.15,IgnitionOn,1,18.993,50.7,4,-113
0f37df6b-48d5-45f8-94cf-42bb767fed24-6,EDC_BS6_PERIODIC,2025-12-06 04:40:28,2025-12-07 14:13:08,16.558504,80.5747712,13403,8252,FixOK,A,ObV5CS1912,T417F6b453,"1, Gollapudi, Vijayawada, Andhra Pradesh 521225, India",331795,6.93,IgnitionOn,1,18.76,29.79,5,-113
0f37df6b-48d5-45f8-94cf-42bb767fed24-7,EDC_BS6_PERIODIC,2025-12-06 04:40:34,2025-12-07 14:13:08,16.558536,80.5747456,13404,8252,FixOK,A,ObV5CS1912,T417F6b453,"1, Gollapudi, Vijayawada, Andhra Pradesh 521225, India",331795,0,IgnitionOn,1,18.739,335.1,5,-113
0f37df6b-48d5-45f8-94cf-42bb767fed24-8,EDC_BS6_PERIODIC,2025-12-06 04:40:40,2025-12-07 14:13:08,16.5586208,80.5747072,13405,8252,FixOK,A,ObV5CS1912,T417F6b453,"1, Gollapudi, Vijayawada, Andhra Pradesh 521225, India",331795,0,IgnitionOn,1,18.75,340.29,4,-113
0f37df6b-48d5-45f8-94cf-42bb767fed24-9,EDC_BS6_PERIODIC,2025-12-06 04:40:46,2025-12-07 14:13:08,16.5586496,80.5747072,13406,8252,FixOK,A,ObV5CS1912,T417F6b453,"1, Gollapudi, Vijayawada, Andhra Pradesh 521225, India",331795,0,IgnitionOn,1,18.7,346.5,5,-113
0f37df6b-48d5-45f8-94cf-42bb767fed24-10,EDC_BS6_PERIODIC,2025-12-06 04:40:52,2025-12-07 14:13:08,16.5586496,80.5747072,13407,8252,FixOK,A,ObV5CS1912,T417F6b453,"1, Gollapudi, Vijayawada, Andhra Pradesh 521225, India",331795,0,IgnitionOn,1,18.7,346.5,5,-113
0f37df6b-48d5-45f8-94cf-42bb767fed24-11,EDC_BS6_PERIODIC,2025-12-06 04:40:58,2025-12-07 14:13:08,16.5586496,80.5747072,13408,8252,FixOK,A,ObV5CS1912,T417F6b453,"1, Gollapudi, Vijayawada, Andhra Pradesh 521225, India",331795,0,IgnitionOn,1,18.7,346.5,5,-113
0f37df6b-48d5-45f8-94cf-42bb767fed24-12,EDC_BS6_PERIODIC,2025-12-06 04:41:04,2025-12-07 14:13:08,16.5586496,80.5747072,13409,8252,FixOK,A,ObV5CS1912,T417F6b453,"1, Gollapudi, Vijayawada, Andhra Pradesh 521225, India",331795,0,IgnitionOn,1,18.7,346.5,3,-113
0f37df6b-48d5-45f8-94cf-42bb767fed24-13,EDC_BS6_PERIODIC,2025-12-06 04:41:10,2025-12-07 14:13:08,16.5586496,80.5747072,13410,8252,FixOK,A,ObV5CS1912,T417F6b453,"1, Gollapudi, Vijayawada, Andhra Pradesh 521225, India",331795,0,IgnitionOn,1,18.7,346.5,5,-113
0f37df6b-48d5-45f8-94cf-42bb767fed24-14,EDC_BS6_PERIODIC,2025-12-06 04:41:16,2025-12-07 14:13:08,16.5586496,80.5747072,13411,8252,FixOK,A,ObV5CS1912,T417F6b453,"1, Gollapudi, Vijayawada, Andhra Pradesh 521225, India",331795,0,IgnitionOn,1,18.7,346.5,5,-113
0f37df6b-48d5-45f8-94cf-42bb767fed24-15,EDC_BS6_PERIODIC,2025-12-06 04:41:22,2025-12-07 14:13:08,16.5586496,80.5747072,13412,8252,FixOK,A,ObV5CS1912,T417F6b453,"1, Gollapudi, Vijayawada, Andhra Pradesh 521225, India",331795,0,IgnitionOn,1,18.7,346.5,5,-113
0f37df6b-48d5-45f8-94cf-42bb767fed24-16,EDC_BS6_PERIODIC,2025-12-06 04:41:28,2025-12-07 14:13:08,16.5586336,80.5747072,13413,8252,FixOK,A,ObV5CS1912,T417F6b453,"1, Gollapudi, Vijayawada, Andhra Pradesh 521225, India",331795,0,IgnitionOn,1,18.549,346.5,5,-113
0f37df6b-48d5-45f8-94cf-42bb767fed24-17,EDC_BS6_PERIODIC,2025-12-06 04:41:34,2025-12-07 14:13:08,16.5586336,80.5747072,13414,8252,FixOK,A,ObV5CS1912,T417F6b453,"1, Gollapudi, Vijayawada, Andhra Pradesh 521225, India",331795,0,IgnitionOn,1,18.549,346.5,5,-113
0f37df6b-48d5-45f8-94cf-42bb767fed24-18,EDC_BS6_PERIODIC,2025-12-06 04:41:40,2025-12-07 14:13:08,16.5586336,80.5747072,13415,8252,FixOK,A,ObV5CS1912,T417F6b453,"1, Gollapudi, Vijayawada, Andhra Pradesh 521225, India",331795,0,IgnitionOn,1,18.549,346.5,5,-113
0f37df6b-48d5-45f8-94cf-42bb767fed24-19,EDC_BS6_PERIODIC,2025-12-06 04:41:46,2025-12-07 14:13:08,16.5586336,80.5747072,13416,8252,FixOK,A,ObV5CS1912,T417F6b453,"1, Gollapudi, Vijayawada, Andhra Pradesh 521225, India",331795,0,IgnitionOn,1,18.549,346.5,5,-113
0f37df6b-48d5-45f8-94cf-42bb767fed24-20,EDC_BS6_PERIODIC,2025-12-06 04:41:52,2025-12-07 14:13:08,16.5586336,80.5747072,13417,8252,FixOK,A,ObV5CS1912,T417F6b453,"1, Gollapudi, Vijayawada, Andhra Pradesh 521225, India",331795,0,IgnitionOn,1,18.549,346.5,5,-113
0f37df6b-48d5-45f8-94cf-42bb767fed24-21,EDC_BS6_PERIODIC,2025-12-06 04:41:58,2025-12-07 14:13:08,16.5586336,80.5747072,13418,8252,FixOK,A,ObV5CS1912,T417F6b453,"1, Gollapudi, Vijayawada, Andhra Pradesh 521225, India",331795,0,IgnitionOn,1,18.549,346.5,5,-113
0f37df6b-48d5-45f8-94cf-42bb767fed24-22,EDC_BS6_PERIODIC,2025-12-06 04:42:04,2025-12-07 14:13:08,16.558616,80.5747072,13419,8252,FixOK,A,ObV5CS1912,T417F6b453,"1, Gollapudi, Vijayawada, Andhra Pradesh 521225, India",331795,0,IgnitionOn,1,18.35,346.5,5,-113
0f37df6b-48d5-45f8-94cf-42bb767fed24-23,EDC_BS6_PERIODIC,2025-12-06 04:42:10,2025-12-07 14:13:08,16.558616,80.5747072,13420,8252,FixOK,A,ObV5CS1912,T417F6b453,"1, Gollapudi, Vijayawada, Andhra Pradesh 521225, India",331795,0,IgnitionOn,1,18.35,346.5,5,-113
0f37df6b-48d5-45f8-94cf-42bb767fed24-24,EDC_BS6_PERIODIC,2025-12-06 04:42:16,2025-12-07 14:13:08,16.558616,80.5747072,13421,8252,FixOK,A,ObV5CS1912,T417F6b453,"1, Gollapudi, Vijayawada, Andhra Pradesh 521225, India",331795,0,IgnitionOn,1,18.35,346.5,5,-113
0f37df6b-48d5-45f8-94cf-42bb767fed24-25,EDC_BS6_PERIODIC,2025-12-06 04:42:22,2025-12-07 14:13:08,16.558616,80.5747072,13422,8252,FixOK,A,ObV5CS1912,T417F6b453,"1, Gollapudi, Vijayawada, Andhra Pradesh 521225, India",331795,0,IgnitionOn,1,18.35,346.5,5,-113
0f37df6b-48d5-45f8-94cf-42bb767fed24-26,EDC_BS6_PERIODIC,2025-12-06 04:42:28,2025-12-07 14:13:08,16.558616,80.5747072,13423,8252,FixOK,A,ObV5CS1912,T417F6b453,"1, Gollapudi, Vijayawada, Andhra Pradesh 521225, India",331795,0,IgnitionOn,1,18.35,346.5,6,-113
0f37df6b-48d5-45f8-94cf-42bb767fed24-27,EDC_BS6_PERIODIC,2025-12-06 04:42:34,2025-12-07 14:13:08,16.558616,80.5747072,13424,8252,FixOK,A,ObV5CS1912,T417F6b453,"1, Gollapudi, Vijayawada, Andhra Pradesh 521225, India",331795,0,IgnitionOn,1,18.35,346.5,6,-113
0f37df6b-48d5-45f8-94cf-42bb767fed24-28,EDC_BS6_PERIODIC,2025-12-06 04:42:40,2025-12-07 14:13:08,16.558616,80.5747072,13425,8252,FixOK,A,ObV5CS1912,T417F6b453,"1, Gollapudi, Vijayawada, Andhra Pradesh 521225, India",331795,0,IgnitionOn,1,18.35,346.5,6,-113
0f37df6b-48d5-45f8-94cf-42bb767fed24-29,EDC_BS6_PERIODIC,2025-12-06 04:42:46,2025-12-07 14:13:08,16.5585984,80.5747072,13426,8252,FixOK,A,ObV5CS1912,T417F6b453,"1, Gollapudi, Vijayawada, Andhra Pradesh 521225, India",331795,0,IgnitionOn,1,18.2,346.5,6,-113
0f37df6b-48d5-45f8-94cf-42bb767fed24-30,EDC_BS6_PERIODIC,2025-12-06 04:42:52,2025-12-07 14:13:08,16.5585984,80.5747072,13427,8252,FixOK,A,ObV5CS1912,T417F6b453,"1, Gollapudi, Vijayawada, Andhra Pradesh 521225, India",331795,0,IgnitionOn,1,18.1,346.5,6,-113
0f37df6b-48d5-45f8-94cf-42bb767fed24-31,EDC_BS6_PERIODIC,2025-12-06 04:42:58,2025-12-07 14:13:08,16.5585984,80.5747072,13428,8252,FixOK,A,ObV5CS1912,T417F6b453,"1, Gollapudi, Vijayawada, Andhra Pradesh 521225, India",331795,0,IgnitionOn,1,18.1,346.5,6,-113
0f37df6b-48d5-45f8-94cf-42bb767fed24-32,EDC_BS6_PERIODIC,2025-12-06 04:43:04,2025-12-07 14:13:08,16.5585984,80.5747072,13429,8252,FixOK,A,ObV5CS1912,T417F6b453,"1, Gollapudi, Vijayawada, Andhra Pradesh 521225, India",331795,0,IgnitionOn,1,18.1,346.5,6,-113
0f37df6b-48d5-45f8-94cf-42bb767fed24-33,EDC_BS6_PERIODIC,2025-12-06 04:43:10,2025-12-07 14:13:08,16.5585984,80.5747072,13430,8252,FixOK,A,ObV5CS1912,T417F6b453,"1, Gollapudi, Vijayawada, Andhra Pradesh 521225, India",331795,0,IgnitionOn,1,18.1,346.5,6,-113
0f37df6b-48d5-45f8-94cf-42bb767fed24-34,EDC_BS6_PERIODIC,2025-12-06 04:43:16,2025-12-07 14:13:08,16.5585984,80.5747072,13431,8252,FixOK,A,ObV5CS1912,T417F6b453,"1, Gollapudi, Vijayawada, Andhra Pradesh 521225, India",331795,0,IgnitionOn,1,18.1,346.5,6,-113
0f37df6b-48d5-45f8-94cf-42bb767fed24-35,EDC_BS6_PERIODIC,2025-12-06 04:43:22,2025-12-07 14:13:08,16.5585984,80.5747072,13432,8252,FixOK,A,ObV5CS1912,T417F6b453,"1, Gollapudi, Vijayawada, Andhra Pradesh 521225, India",331795,0,IgnitionOn,1,18.1,346.5,6,-113
0f37df6b-48d5-45f8-94cf-42bb767fed24-36,EDC_BS6_PERIODIC,2025-12-06 04:43:28,2025-12-07 14:13:08,16.5585952,80.5747072,13433,8252,FixOK,A,ObV5CS1912,T417F6b453,"1, Gollapudi, Vijayawada, Andhra Pradesh 521225, India",331795,0,IgnitionOn,1,18.02,346.5,6,-113
0f37df6b-48d5-45f8-94cf-42bb767fed24-37,EDC_BS6_PERIODIC,2025-12-06 04:43:34,2025-12-07 14:13:08,16.5585952,80.5747072,13434,8252,FixOK,A,ObV5CS1912,T417F6b453,"1, Gollapudi, Vijayawada, Andhra Pradesh 521225, India",331795,0,IgnitionOn,1,18.02,346.5,6,-113
0f37df6b-48d5-45f8-94cf-42bb767fed24-38,EDC_BS6_PERIODIC,2025-12-06 04:43:40,2025-12-07 14:13:08,16.5585952,80.5747072,13435,8252,FixOK,A,ObV5CS1912,T417F6b453,"1, Gollapudi, Vijayawada, Andhra Pradesh 521225, India",331795,0,IgnitionOn,1,18.02,346.5,6,-113
0f37df6b-48d5-45f8-94cf-42bb767fed24-39,EDC_BS6_PERIODIC,2025-12-06 04:43:46,2025-12-07 14:13:08,16.5585952,80.5747072,13436,8252,FixOK,A,ObV5CS1912,T417F6b453,"1, Gollapudi, Vijayawada, Andhra Pradesh 521225, India",331795,0,IgnitionOn,1,18.02,346.5,6,-113
0f37df6b-48d5-45f8-94cf-42bb767fed24-40,EDC_BS6_PERIODIC,2025-12-06 04:43:52,2025-12-07 14:13:08,16.5585952,80.5747072,13437,8252,FixOK,A,ObV5CS1912,T417F6b453,"1, Gollapudi, Vijayawada, Andhra Pradesh 521225, India",331795,0,IgnitionOn,1,18.02,346.5,6,-113
0f37df6b-48d5-45f8-94cf-42bb767fed24-41,EDC_BS6_PERIODIC,2025-12-06 04:43:58,2025-12-07 14:13:08,16.5585952,80.5747072,13438,8252,FixOK,A,ObV5CS1912,T417F6b453,"1, Gollapudi, Vijayawada, Andhra Pradesh 521225, India",331795,0,IgnitionOn,1,18.02,346.5,5,-113
0f37df6b-48d5-45f8-94cf-42bb767fed24-42,EDC_BS6_PERIODIC,2025-12-06 04:44:04,2025-12-07 14:13:08,16.5585968,80.5747072,13439,8252,FixOK,A,ObV5CS1912,T417F6b453,"1, Gollapudi, Vijayawada, Andhra Pradesh 521225, India",331795,0,IgnitionOn,1,17.979,346.5,6,-113
0f37df6b-48d5-45f8-94cf-42bb767fed24-43,EDC_BS6_PERIODIC,2025-12-06 04:44:10,2025-12-07 14:13:08,16.5585968,80.5747072,13440,8252,FixOK,A,ObV5CS1912,T417F6b453,"1, Gollapudi, Vijayawada, Andhra Pradesh 521225, India",331795,0,IgnitionOn,1,17.979,346.5,6,-113
0f37df6b-48d5-45f8-94cf-42bb767fed24-44,EDC_BS6_PERIODIC,2025-12-06 04:44:16,2025-12-07 14:13:08,16.5585632,80.5747328,13441,8252,FixOK,A,ObV5CS1912,T417F6b453,"1, Gollapudi, Vijayawada, Andhra Pradesh 521225, India",331795,1.96,IgnitionOn,1,17.7,346.5,6,-113
0f37df6b-48d5-45f8-94cf-42bb767fed24-45,EDC_BS6_PERIODIC,2025-12-06 04:44:22,2025-12-07 14:13:08,16.5585456,80.5748544,13442,8252,FixOK,A,ObV5CS1912,T417F6b453,"1, Gollapudi, Vijayawada, Andhra Pradesh 521225, India",331795,6.29,IgnitionOn,1,14.46,54.7,6,-113
0f37df6b-48d5-45f8-94cf-42bb767fed24-46,EDC_BS6_PERIODIC,2025-12-06 04:44:28,2025-12-07 14:13:08,16.5586688,80.57504,13443,8252,FixOK,A,ObV5CS1912,T417F6b453,"1, Gollapudi, Vijayawada, Andhra Pradesh 521225, India",331795,15.12,IgnitionOn,1,13.8,56.4,4,-113
0f37df6b-48d5-45f8-94cf-42bb767fed24-47,EDC_BS6_PERIODIC,2025-12-06 04:44:34,2025-12-07 14:13:08,16.5588416,80.5753216,13444,8252,FixOK,A,ObV5CS1912,T417F6b453,"1, Gollapudi, Vijayawada, Andhra Pradesh 521225, India",331795.125,23.44,IgnitionOn,1,14.027,53.59,5,-113
0f37df6b-48d5-45f8-94cf-42bb767fed24-48,EDC_BS6_PERIODIC,2025-12-06 04:44:40,2025-12-07 14:13:08,16.5590672,80.5756544,13445,8252,FixOK,A,ObV5CS1912,T417F6b453,"Unnamed Road, Andhra Pradesh 521225, India",331795.125,28.55,IgnitionOn,1,14.659,56.7,5,-113
0f37df6b-48d5-45f8-94cf-42bb767fed24-49,EDC_BS6_PERIODIC,2025-12-06 04:44:46,2025-12-07 14:13:08,16.5593152,80.5760704,13446,8252,FixOK,A,ObV5CS1912,T417F6b453,"Unnamed Road, Andhra Pradesh 521225, India",331795.125,33.33,IgnitionOn,1,14.76,57.59,4,-113
0f37df6b-48d5-45f8-94cf-42bb767fed24-50,EDC_BS6_PERIODIC,2025-12-06 04:44:52,2025-12-07 14:13:08,16.559552,80.576544,13447,8252,FixOK,A,ObV5CS1912,T417F6b453,"Unnamed Road, Andhra Pradesh 521225, India",331795.25,35.18,IgnitionOn,1,14.5,61.9,4,-113
c61b06b1-125f-4c96-adef-8e1d6e7d991d-1,EDC_BS6_PERIODIC,2025-12-06 04:44:58,2025-12-07 14:13:27,16.5597248,80.577056,13448,8252,FixOK,A,ObV5CS1912,T417F6b453,"Unnamed Road, Andhra Pradesh 521225, India",331795.25,36.22,IgnitionOn,1,14.189,66.8,4,-113
c61b06b1-125f-4c96-adef-8e1d6e7d991d-3,EDC_BS6_PERIODIC,2025-12-06 04:45:04,2025-12-07 14:13:27,16.5598656,80.5776,13449,8252,FixOK,A,ObV5CS1912,T417F6b453,"Unnamed Road, Andhra Pradesh 521225, India",331795.375,36.67,IgnitionOn,1,13.92,74.09,4,-113
c61b06b1-125f-4c96-adef-8e1d6e7d991d-4,EDC_BS6_PERIODIC,2025-12-06 04:45:10,2025-12-07 14:13:27,16.5599824,80.5781248,13450,8252,FixOK,A,ObV5CS1912,T417F6b453,"Unnamed Road, Andhra Pradesh 521225, India",331795.375,36.93,IgnitionOn,1,13.665,77.4,5,-113
c61b06b1-125f-4c96-adef-8e1d6e7d991d-5,EDC_BS6_PERIODIC,2025-12-06 04:45:16,2025-12-07 14:13:27,16.5600704,80.5786944,13451,8252,FixOK,A,ObV5CS1912,T417F6b453,"Unnamed Road, Andhra Pradesh 521225, India",331795.5,38.27,IgnitionOn,1,13.609,81.5,5,-113
c61b06b1-125f-4c96-adef-8e1d6e7d991d-6,EDC_BS6_PERIODIC,2025-12-06 04:45:22,2025-12-07 14:13:27,16.5601136,80.5792704,13452,8252,FixOK,A,ObV5CS1912,T417F6b453,"Unnamed Road, Andhra Pradesh 521225, India",331795.5,39.26,IgnitionOn,1,13.89,85.59,4,-113
c61b06b1-125f-4c96-adef-8e1d6e7d991d-7,EDC_BS6_PERIODIC,2025-12-06 04:45:28,2025-12-07 14:13:27,16.5601776,80.579872,13453,8252,FixOK,A,ObV5CS1912,T417F6b453,"Unnamed Road, Andhra Pradesh 521225, India",331795.625,39.41,IgnitionOn,1,14.289,84.09,5,-113
c61b06b1-125f-4c96-adef-8e1d6e7d991d-8,EDC_BS6_PERIODIC,2025-12-06 04:45:34,2025-12-07 14:13:27,16.5602512,80.5804672,13454,8252,FixOK,A,ObV5CS1912,T417F6b453,"Unnamed Road, Andhra Pradesh 521225, India",331795.625,38.96,IgnitionOn,1,14.449,84.4,5,-113
c61b06b1-125f-4c96-adef-8e1d6e7d991d-9,EDC_BS6_PERIODIC,2025-12-06 04:45:40,2025-12-07 14:13:27,16.560312,80.5810048,13455,8252,FixOK,A,ObV5CS1912,T417F6b453,"Unnamed Road, Andhra Pradesh 521225, India",331795.75,37.38,IgnitionOn,1,14.818999999999999,82.59,5,-113
c61b06b1-125f-4c96-adef-8e1d6e7d991d-10,EDC_BS6_PERIODIC,2025-12-06 04:45:46,2025-12-07 14:13:27,16.5604336,80.581536,13456,8252,FixOK,A,ObV5CS1912,T417F6b453,"Unnamed Road, Andhra Pradesh 521225, India",331795.75,36.97,IgnitionOn,1,14.933,75.19,4,-113
c61b06b1-125f-4c96-adef-8e1d6e7d991d-11,EDC_BS6_PERIODIC,2025-12-06 04:45:52,2025-12-07 14:13:27,16.5605824,80.5820224,13457,8252,FixOK,A,ObV5CS1912,T417F6b453,"Unnamed Road, Andhra Pradesh 521225, India",331795.875,35.52,IgnitionOn,1,15.409,75.8,5,-113
c61b06b1-125f-4c96-adef-8e1d6e7d991d-12,EDC_BS6_PERIODIC,2025-12-06 04:45:58,2025-12-07 14:13:27,16.5608944,80.5824896,13458,8252,FixOK,A,ObV5CS1912,T417F6b453,"Unnamed Road, Andhra Pradesh 521225, India",331795.875,34.89,IgnitionOn,1,15.079,61.4,4,-113
c61b06b1-125f-4c96-adef-8e1d6e7d991d-13,EDC_BS6_PERIODIC,2025-12-06 04:46:04,2025-12-07 14:13:27,16.5611888,80.5829376,13459,8252,FixOK,A,ObV5CS1912,T417F6b453,"Unnamed Road, Andhra Pradesh 521225, India",331796,34.46,IgnitionOn,1,15.199,53.5,4,-113
c61b06b1-125f-4c96-adef-8e1d6e7d991d-14,EDC_BS6_PERIODIC,2025-12-06 04:46:10,2025-12-07 14:13:27,16.5615376,80.58336,13460,8252,FixOK,A,ObV5CS1912,T417F6b453,"Unnamed Road, Andhra Pradesh 521225, India",331796,36.22,IgnitionOn,1,15.18,46.4,5,-113
c61b06b1-125f-4c96-adef-8e1d6e7d991d-15,EDC_BS6_PERIODIC,2025-12-06 04:46:16,2025-12-07 14:13:27,16.561928,80.5837056,13461,8252,FixOK,A,ObV5CS1912,T417F6b453,"Unnamed Road, Andhra Pradesh 521225, India",331796.125,37.08,IgnitionOn,1,15.13,40.2,5,-113
c61b06b1-125f-4c96-adef-8e1d6e7d991d-16,EDC_BS6_PERIODIC,2025-12-06 04:46:22,2025-12-07 14:13:27,16.5623104,80.584,13462,8252,FixOK,A,ObV5CS1912,T417F6b453,"Unnamed Road, Andhra Pradesh 521225, India",331796.125,33.49,IgnitionOn,1,15.193,37.59,5,-113
c61b06b1-125f-4c96-adef-8e1d6e7d991d-17,EDC_BS6_PERIODIC,2025-12-06 04:46:28,2025-12-07 14:13:27,16.5627328,80.5842624,13463,8252,FixOK,A,ObV5CS1912,T417F6b453,"Unnamed Road, Andhra Pradesh 521225, India",331796.25,34.84,IgnitionOn,1,15.329,33.09,5,-113
c61b06b1-125f-4c96-adef-8e1d6e7d991d-18,EDC_BS6_PERIODIC,2025-12-06 04:46:34,2025-12-07 14:13:27,16.5631968,80.5845376,13464,8252,FixOK,A,ObV5CS1912,T417F6b453,"Unnamed Road, Andhra Pradesh 521225, India",331796.25,37.3,IgnitionOn,1,15.568999999999999,31.79,5,-113
c61b06b1-125f-4c96-adef-8e1d6e7d991d-19,EDC_BS6_PERIODIC,2025-12-06 04:46:40,2025-12-07 14:13:27,16.563704,80.5848384,13465,8252,FixOK,A,ObV5CS1912,T417F6b453,"Unnamed Road, Andhra Pradesh 521225, India",331796.375,39.11,IgnitionOn,1,15.899000000000001,30.89,5,-113
c61b06b1-125f-4c96-adef-8e1d6e7d991d-20,EDC_BS6_PERIODIC,2025-12-06 04:46:46,2025-12-07 14:13:27,16.5642192,80.585152,13466,8252,FixOK,A,ObV5CS1912,T417F6b453,"Unnamed Road, Andhra Pradesh 521225, India",331796.375,38.52,IgnitionOn,1,15.92,30.1,4,-113
c61b06b1-125f-4c96-adef-8e1d6e7d991d-21,EDC_BS6_PERIODIC,2025-12-06 04:46:52,2025-12-07 14:13:27,16.5647232,80.5854592,13467,8252,FixOK,A,ObV5CS1912,T417F6b453,"HH7P+V5 Vijayawada, Andhra Pradesh, India",331796.5,37.92,IgnitionOn,1,15.949,30.2,5,-113
c61b06b1-125f-4c96-adef-8e1d6e7d991d-22,EDC_BS6_PERIODIC,2025-12-06 04:46:58,2025-12-07 14:13:27,16.5652224,80.5857792,13468,8252,FixOK,A,ObV5CS1912,T417F6b453,"HH8P+4F Vijayawada, Andhra Pradesh, India",331796.5,39.13,IgnitionOn,1,16.013,30.29,6,-113
c61b06b1-125f-4c96-adef-8e1d6e7d991d-23,EDC_BS6_PERIODIC,2025-12-06 04:47:04,2025-12-07 14:13:27,16.5657104,80.5861696,13469,8252,FixOK,A,ObV5CS1912,T417F6b453,"HH8P+6H Vijayawada, Andhra Pradesh, India",331796.625,39.54,IgnitionOn,1,16.149,39.9,6,-113
c61b06b1-125f-4c96-adef-8e1d6e7d991d-24,EDC_BS6_PERIODIC,2025-12-06 04:47:10,2025-12-07 14:13:27,16.5661392,80.586624,13470,8252,FixOK,A,ObV5CS1912,T417F6b453,"HH8P+8P Vijayawada, Andhra Pradesh, India",331796.75,41.57,IgnitionOn,1,16.389,46.9,6,-113
c61b06b1-125f-4c96-adef-8e1d6e7d991d-25,DEVICE_METRICS,2025-12-06 04:47:26,2025-12-07 14:13:27,16.5661392,80.586624,,8252,FixOK,,ObV5CS1912,T417F6b453,"HH8P+8P Vijayawada, Andhra Pradesh, India",287230,,IgnitionOn,1,,,,
c61b06b1-125f-4c96-adef-8e1d6e7d991d-26,EDC_BS6_PERIODIC,2025-12-06 04:47:26,2025-12-07 14:13:27,16.5669888,80.5880192,13471,8252,FixOK,A,ObV5CS1912,T417F6b453,"HH8Q+M5 Vijayawada, Andhra Pradesh, India",331796.875,44.56,IgnitionOn,1,16.739,46.9,5,-113
c61b06b1-125f-4c96-adef-8e1d6e7d991d-27,EDC_BS6_PERIODIC,2025-12-06 04:47:32,2025-12-07 14:13:27,16.5672496,80.5887488,13472,8252,FixOK,A,ObV5CS1912,T417F6b453,"Unnamed Road, Andhra Pradesh 521241, India",331797,45.3,IgnitionOn,1,16.629,67.3,5,-113
c61b06b1-125f-4c96-adef-8e1d6e7d991d-28,EDC_BS6_PERIODIC,2025-12-06 04:47:38,2025-12-07 14:13:27,16.5674096,80.589408,13473,8252,FixOK,A,ObV5CS1912,T417F6b453,"Unnamed Road, Andhra Pradesh 521241, India",331797.125,42.95,IgnitionOn,1,16.03,77.8,5,-113
c61b06b1-125f-4c96-adef-8e1d6e7d991d-29,EDC_BS6_PERIODIC,2025-12-06 04:47:44,2025-12-07 14:13:27,16.5675168,80.5900224,13474,8252,FixOK,A,ObV5CS1912,T417F6b453,"Guntupalli, Andhra Pradesh 521241, India",331797.125,40.62,IgnitionOn,1,16,80.3,5,-113
c61b06b1-125f-4c96-adef-8e1d6e7d991d-30,EDC_BS6_PERIODIC,2025-12-06 04:47:50,2025-12-07 14:13:27,16.5675568,80.5905984,13475,8252,FixOK,A,ObV5CS1912,T417F6b453,"Guntupalli, Andhra Pradesh 521241, India",331797.125,39.1,IgnitionOn,1,16.159,86.5,5,-113
c61b06b1-125f-4c96-adef-8e1d6e7d991d-31,EDC_BS6_PERIODIC,2025-12-06 04:47:56,2025-12-07 14:13:27,16.5674624,80.5911616,13476,8252,FixOK,A,ObV5CS1912,T417F6b453,"Guntupalli, Andhra Pradesh 521241, India",331797.25,36.98,IgnitionOn,1,17.17,94.09,4,-113
c61b06b1-125f-4c96-adef-8e1d6e7d991d-32,EDC_BS6_PERIODIC,2025-12-06 04:48:02,2025-12-07 14:13:27,16.5673568,80.5917376,13477,8252,FixOK,A,ObV5CS1912,T417F6b453,"Unnamed Road, Andhra Pradesh 521241, India",331797.375,37.5,IgnitionOn,1,17.729,96.3,5,-113
c61b06b1-125f-4c96-adef-8e1d6e7d991d-33,EDC_BS6_PERIODIC,2025-12-06 04:48:08,2025-12-07 14:13:27,16.5672384,80.5923584,13478,8252,FixOK,A,ObV5CS1912,T417F6b453,"Unnamed Road, Andhra Pradesh 521241, India",331797.375,40.52,IgnitionOn,1,17.925,99.3,3,-113
459b47f1-022f-4210-992b-65ee7821c176-1,EDC_BS6_PERIODIC,2025-12-06 04:48:14,2025-12-07 14:13:48,16.5671296,80.592992,13479,8252,FixOK,A,ObV5CS1912,T417F6b453,"Unnamed Road, Andhra Pradesh 521241, India",331797.5,42.05,IgnitionOn,1,17.829,99,5,-113
459b47f1-022f-4210-992b-65ee7821c176-2,EDC_BS6_PERIODIC,2025-12-06 04:48:20,2025-12-07 14:13:48,16.5670448,80.593664,13480,8252,FixOK,A,ObV5CS1912,T417F6b453,"Unnamed Road, Andhra Pradesh 521241, India",331797.5,43.97,IgnitionOn,1,17.43,97.4,4,-113
459b47f1-022f-4210-992b-65ee7821c176-3,EDC_BS6_PERIODIC,2025-12-06 04:48:26,2025-12-07 14:13:48,16.5669584,80.5943424,13481,8252,FixOK,A,ObV5CS1912,T417F6b453,"Unnamed Road, Andhra Pradesh 521241, India",331797.625,45.47,IgnitionOn,1,17.239,97.8,4,-113
459b47f1-022f-4210-992b-65ee7821c176-4,EDC_BS6_PERIODIC,2025-12-06 04:48:32,2025-12-07 14:13:48,16.5668704,80.594976,13482,8252,FixOK,A,ObV5CS1912,T417F6b453,"Unnamed Road, Andhra Pradesh 521241, India",331797.625,43.1,IgnitionOn,1,17.149,98.3,5,-113
459b47f1-022f-4210-992b-65ee7821c176-5,EDC_BS6_PERIODIC,2025-12-06 04:48:38,2025-12-07 14:13:48,16.5668064,80.595552,13483,8252,FixOK,A,ObV5CS1912,T417F6b453,"Unnamed Road, Andhra Pradesh 521241, India",331797.75,38.51,IgnitionOn,1,17.229,96.3,5,-113
459b47f1-022f-4210-992b-65ee7821c176-6,EDC_BS6_PERIODIC,2025-12-06 04:48:44,2025-12-07 14:13:48,16.5667456,80.596096,13484,8252,FixOK,A,ObV5CS1912,T417F6b453,"Unnamed Road, Andhra Pradesh 521241, India",331797.875,36.15,IgnitionOn,1,17.429,97.19,5,-113
459b47f1-022f-4210-992b-65ee7821c176-7,EDC_BS6_PERIODIC,2025-12-06 04:48:50,2025-12-07 14:13:48,16.5666784,80.5966464,13485,8252,FixOK,A,ObV5CS1912,T417F6b453,"Unnamed Road, Andhra Pradesh 521241, India",331797.875,36.81,IgnitionOn,1,17.5,97.4,5,-113
459b47f1-022f-4210-992b-65ee7821c176-8,EDC_BS6_PERIODIC,2025-12-06 04:48:56,2025-12-07 14:13:48,16.5666048,80.5972224,13486,8252,FixOK,A,ObV5CS1912,T417F6b453,"Unnamed Road, Andhra Pradesh 521241, India",331798,38.25,IgnitionOn,1,17.26,97.59,5,-113
459b47f1-022f-4210-992b-65ee7821c176-9,EDC_BS6_PERIODIC,2025-12-06 04:49:02,2025-12-07 14:13:48,16.5665296,80.597792,13487,8252,FixOK,A,ObV5CS1912,T417F6b453,"HH8X+J3 Vijayawada, Andhra Pradesh, India",331798,38.75,IgnitionOn,1,17.159,97.19,5,-113
459b47f1-022f-4210-992b-65ee7821c176-10,EDC_BS6_PERIODIC,2025-12-06 04:49:08,2025-12-07 14:13:48,16.5664816,80.5983872,13488,8252,FixOK,A,ObV5CS1912,T417F6b453,"Unnamed Road, Andhra Pradesh 521241, India",331798.125,38.51,IgnitionOn,1,16.579,93.8,5,-113
459b47f1-022f-4210-992b-65ee7821c176-11,EDC_BS6_PERIODIC,2025-12-06 04:49:14,2025-12-07 14:13:48,16.5664416,80.5989696,13489,8252,FixOK,A,ObV5CS1912,T417F6b453,"Unnamed Road, Andhra Pradesh 521241, India",331798.125,38.69,IgnitionOn,1,16.26,95.3,5,-113
459b47f1-022f-4210-992b-65ee7821c176-12,EDC_BS6_PERIODIC,2025-12-06 04:49:20,2025-12-07 14:13:48,16.5664096,80.599584,13490,8252,FixOK,A,ObV5CS1912,T417F6b453,"HJ82+F5 Vijayawada, Andhra Pradesh, India",331798.25,40.34,IgnitionOn,1,16.023,93.5,5,-113
459b47f1-022f-4210-992b-65ee7821c176-13,EDC_BS6_PERIODIC,2025-12-06 04:49:26,2025-12-07 14:13:48,16.5663744,80.6001984,13491,8252,FixOK,A,ObV5CS1912,T417F6b453,"HJ82+F5 Vijayawada, Andhra Pradesh, India",331798.25,42.07,IgnitionOn,1,15.829,93.4,5,-113
459b47f1-022f-4210-992b-65ee7821c176-14,EDC_BS6_PERIODIC,2025-12-06 04:49:32,2025-12-07 14:13:48,16.5663184,80.600832,13492,8252,FixOK,A,ObV5CS1912,T417F6b453,"Unnamed Road, Andhra Pradesh 521241, India",331798.375,41.23,IgnitionOn,1,15.369,97,5,-113
459b47f1-022f-4210-992b-65ee7821c176-15,EDC_BS6_PERIODIC,2025-12-06 04:49:38,2025-12-07 14:13:48,16.5662384,80.6014656,13493,8252,FixOK,A,ObV5CS1912,T417F6b453,"Unnamed Road, Andhra Pradesh 521241, India",331798.5,42.17,IgnitionOn,1,15.109,98.59,4,-113
459b47f1-022f-4210-992b-65ee7821c176-16,EDC_BS6_PERIODIC,2025-12-06 04:49:44,2025-12-07 14:13:48,16.5661296,80.6021248,13494,8252,FixOK,A,ObV5CS1912,T417F6b453,"Unnamed Road, Andhra Pradesh 521241, India",331798.5,44.02,IgnitionOn,1,14.869,100.19,3,-113
459b47f1-022f-4210-992b-65ee7821c176-17,EDC_BS6_PERIODIC,2025-12-06 04:49:50,2025-12-07 14:13:48,16.5660192,80.6027584,13495,8252,FixOK,A,ObV5CS1912,T417F6b453,"Unnamed Road, Andhra Pradesh 521241, India",331798.625,42.58,IgnitionOn,1,14.659,99.69,3,-113
459b47f1-022f-4210-992b-65ee7821c176-18,EDC_BS6_PERIODIC,2025-12-06 04:49:56,2025-12-07 14:13:48,16.565928,80.6033664,13496,8252,FixOK,A,ObV5CS1912,T417F6b453,"Unnamed Road, Andhra Pradesh 521241, India",331798.625,40.48,IgnitionOn,1,14.513,99.19,3,-113
459b47f1-022f-4210-992b-65ee7821c176-19,EDC_BS6_PERIODIC,2025-12-06 04:50:02,2025-12-07 14:13:48,16.5658656,80.6038912,13497,8252,FixOK,A,ObV5CS1912,T417F6b453,"Unnamed Road, Andhra Pradesh 521241, India",331798.75,38.19,IgnitionOn,1,14.449,98.9,3,-113
459b47f1-022f-4210-992b-65ee7821c176-20,EDC_BS6_PERIODIC,2025-12-06 04:50:08,2025-12-07 14:13:48,16.5657824,80.6041536,13498,8252,FixOK,A,ObV5CS1912,T417F6b453,"Unnamed Road, Andhra Pradesh 521241, India",331798.75,21.59,IgnitionOn,1,14.369,125.3,3,-113
459b47f1-022f-4210-992b-65ee7821c176-21,EDC_BS6_PERIODIC,2025-12-06 04:50:14,2025-12-07 14:13:48,16.565728,80.6041984,13499,8252,FixOK,A,ObV5CS1912,T417F6b453,"Unnamed Road, Andhra Pradesh 521241, India",331798.75,4.02,IgnitionOn,1,14.289,116.3,3,-113
459b47f1-022f-4210-992b-65ee7821c176-22,EDC_BS6_PERIODIC,2025-12-06 04:50:20,2025-12-07 14:13:48,16.5657296,80.6042816,13500,8252,FixOK,A,ObV5CS1912,T417F6b453,"Unnamed Road, Andhra Pradesh 521241, India",331798.75,5.01,IgnitionOn,1,14.17,96.69,3,-113
459b47f1-022f-4210-992b-65ee7821c176-23,EDC_BS6_PERIODIC,2025-12-06 04:50:26,2025-12-07 14:13:48,16.5657696,80.6043648,13501,8252,FixOK,A,ObV5CS1912,T417F6b453,"Unnamed Road, Andhra Pradesh 521241, India",331798.875,5.81,IgnitionOn,1,14.279,58.2,4,-113
459b47f1-022f-4210-992b-65ee7821c176-24,EDC_BS6_PERIODIC,2025-12-06 04:50:32,2025-12-07 14:13:48,16.5657744,80.6044288,13502,8252,FixOK,A,ObV5CS1912,T417F6b453,"Unnamed Road, Andhra Pradesh 521241, India",331798.875,5.11,IgnitionOn,1,14.331,101.3,4,-113
459b47f1-022f-4210-992b-65ee7821c176-25,EDC_BS6_PERIODIC,2025-12-06 04:50:38,2025-12-07 14:13:48,16.5657776,80.604512,13503,8252,FixOK,A,ObV5CS1912,T417F6b453,"Unnamed Road, Andhra Pradesh 521241, India",331798.875,5.82,IgnitionOn,1,14.359,93,4,-113
459b47f1-022f-4210-992b-65ee7821c176-26,EDC_BS6_PERIODIC,2025-12-06 04:50:44,2025-12-07 14:13:48,16.5657824,80.6046464,13504,8252,FixOK,A,ObV5CS1912,T417F6b453,"Unnamed Road, Andhra Pradesh 521241, India",331798.875,7.25,IgnitionOn,1,14.239,103.4,4,-113
459b47f1-022f-4210-992b-65ee7821c176-27,EDC_BS6_PERIODIC,2025-12-06 04:50:50,2025-12-07 14:13:48,16.5657792,80.6047424,13505,8252,FixOK,A,ObV5CS1912,T417F6b453,"Unnamed Road, Andhra Pradesh 521241, India",331798.875,5.85,IgnitionOn,1,14.01,117.8,4,-113
459b47f1-022f-4210-992b-65ee7821c176-28,EDC_BS6_PERIODIC,2025-12-06 04:50:56,2025-12-07 14:13:48,16.5657872,80.6048384,13506,8252,FixOK,A,ObV5CS1912,T417F6b453,"Unnamed Road, Andhra Pradesh 521241, India",331798.875,7.8,IgnitionOn,1,13.989,101.19,4,-113
459b47f1-022f-4210-992b-65ee7821c176-29,EDC_BS6_PERIODIC,2025-12-06 04:51:02,2025-12-07 14:13:48,16.5658336,80.6050304,13507,8252,FixOK,A,ObV5CS1912,T417F6b453,"Unnamed Road, Andhra Pradesh 521241, India",331798.875,10.9,IgnitionOn,1,14.069,74.09,3,-113
459b47f1-022f-4210-992b-65ee7821c176-30,EDC_BS6_PERIODIC,2025-12-06 04:51:08,2025-12-07 14:13:48,16.5658912,80.6052864,13508,8252,FixOK,A,ObV5CS1912,T417F6b453,"Unnamed Road, Andhra Pradesh 521241, India",331798.875,16.04,IgnitionOn,1,14.081,80.69,4,-113
459b47f1-022f-4210-992b-65ee7821c176-31,EDC_BS6_PERIODIC,2025-12-06 04:51:14,2025-12-07 14:13:48,16.5658912,80.6055808,13509,8252,FixOK,A,ObV5CS1912,T417F6b453,"Unnamed Road, Andhra Pradesh 521241, India",331799,19.19,IgnitionOn,1,14.34,92.9,4,-113
459b47f1-022f-4210-992b-65ee7821c176-32,EDC_BS6_PERIODIC,2025-12-06 04:51:20,2025-12-07 14:13:48,16.5657904,80.6058368,13510,8252,FixOK,A,ObV5CS1912,T417F6b453,"Unnamed Road, Andhra Pradesh 521241, India",331799,19.01,IgnitionOn,1,14.319,112.8,4,-113
459b47f1-022f-4210-992b-65ee7821c176-33,EDC_BS6_PERIODIC,2025-12-06 04:51:26,2025-12-07 14:13:48,16.5656432,80.6061184,13511,8252,FixOK,A,ObV5CS1912,T417F6b453,"Unnamed Road, Andhra Pradesh 521241, India",331799,19.48,IgnitionOn,1,14.31,122.09,4,-113
459b47f1-022f-4210-992b-65ee7821c176-34,EDC_BS6_PERIODIC,2025-12-06 04:51:32,2025-12-07 14:13:48,16.5656416,80.606464,13512,8252,FixOK,A,ObV5CS1912,T417F6b453,"Unnamed Road, Andhra Pradesh 521241, India",331799,21.57,IgnitionOn,1,13.659,113.19,5,-113
459b47f1-022f-4210-992b-65ee7821c176-35,EDC_BS6_PERIODIC,2025-12-06 04:51:38,2025-12-07 14:13:48,16.5657264,80.6068096,13513,8252,FixOK,A,ObV5CS1912,T417F6b453,"Unnamed Road, Andhra Pradesh, India",331799.125,22.32,IgnitionOn,1,11.93,94,5,-113
459b47f1-022f-4210-992b-65ee7821c176-36,EDC_BS6_PERIODIC,2025-12-06 04:51:44,2025-12-07 14:13:48,16.5657248,80.6071744,13514,8252,FixOK,A,ObV5CS1912,T417F6b453,"Unnamed Road, Andhra Pradesh, India",331799.125,24.04,IgnitionOn,1,11.715,92.3,4,-113
459b47f1-022f-4210-992b-65ee7821c176-37,EDC_BS6_PERIODIC,2025-12-06 04:51:50,2025-12-07 14:13:48,16.5656992,80.6075392,13515,8252,FixOK,A,ObV5CS1912,T417F6b453,"Unnamed Road, Andhra Pradesh, India",331799.125,24.41,IgnitionOn,1,11.96,96.19,4,-113
459b47f1-022f-4210-992b-65ee7821c176-38,EDC_BS6_PERIODIC,2025-12-06 04:51:56,2025-12-07 14:13:48,16.5655936,80.607968,13516,8252,FixOK,A,ObV5CS1912,T417F6b453,"Unnamed Road, Andhra Pradesh, India",331799.25,29.25,IgnitionOn,1,12.239,104.69,4,-113
459b47f1-022f-4210-992b-65ee7821c176-39,EDC_BS6_PERIODIC,2025-12-06 04:52:02,2025-12-07 14:13:48,16.5655264,80.60848,13517,8252,FixOK,A,ObV5CS1912,T417F6b453,"Unnamed Road, Andhra Pradesh, India",331799.25,35.05,IgnitionOn,1,12.409,98.9,4,-113
459b47f1-022f-4210-992b-65ee7821c176-40,EDC_BS6_PERIODIC,2025-12-06 04:52:08,2025-12-07 14:13:48,16.5654864,80.6090752,13518,8252,FixOK,A,ObV5CS1912,T417F6b453,"HJ85+5C Vijayawada, Andhra Pradesh, India",331799.375,39.3,IgnitionOn,1,12.42,96.19,4,-113
459b47f1-022f-4210-992b-65ee7821c176-41,EDC_BS6_PERIODIC,2025-12-06 04:52:14,2025-12-07 14:13:48,16.5654352,80.6096768,13519,8252,FixOK,A,ObV5CS1912,T417F6b453,"HJ86+42 Vijayawada, Andhra Pradesh, India",331799.375,39.61,IgnitionOn,1,12.568999999999999,94.19,4,-113
459b47f1-022f-4210-992b-65ee7821c176-42,EDC_BS6_PERIODIC,2025-12-06 04:52:20,2025-12-07 14:13:48,16.5654032,80.6102784,13520,8252,FixOK,A,ObV5CS1912,T417F6b453,"HJ86+42 Vijayawada, Andhra Pradesh, India",331799.5,39.7,IgnitionOn,1,12.631,91.8,4,-113
459b47f1-022f-4210-992b-65ee7821c176-43,EDC_BS6_PERIODIC,2025-12-06 04:52:26,2025-12-07 14:13:48,16.5653744,80.6108928,13521,8252,FixOK,A,ObV5CS1912,T417F6b453,"Unnamed Road, Andhra Pradesh 520001, India",331799.5,40.75,IgnitionOn,1,12.56,93.59,4,-113
459b47f1-022f-4210-992b-65ee7821c176-44,EDC_BS6_PERIODIC,2025-12-06 04:52:32,2025-12-07 14:13:48,16.5653168,80.6115136,13522,8252,FixOK,A,ObV5CS1912,T417F6b453,"Unnamed Road, Andhra Pradesh 520001, India",331799.625,41.45,IgnitionOn,1,12.56,93,4,-113
459b47f1-022f-4210-992b-65ee7821c176-45,EDC_BS6_PERIODIC,2025-12-06 04:52:38,2025-12-07 14:13:48,16.5652816,80.6121088,13523,8252,FixOK,A,ObV5CS1912,T417F6b453,"Unnamed Road, Andhra Pradesh 520001, India",331799.75,39.7,IgnitionOn,1,12.51,95.3,4,-113
459b47f1-022f-4210-992b-65ee7821c176-46,EDC_BS6_PERIODIC,2025-12-06 04:52:44,2025-12-07 14:13:48,16.5652032,80.6127232,13524,8252,FixOK,A,ObV5CS1912,T417F6b453,"Unnamed Road, Andhra Pradesh 520001, India",331799.75,40.62,IgnitionOn,1,12.84,98.4,4,-113
459b47f1-022f-4210-992b-65ee7821c176-47,EDC_BS6_PERIODIC,2025-12-06 04:52:50,2025-12-07 14:13:48,16.5650688,80.6132864,13525,8252,FixOK,A,ObV5CS1912,T417F6b453,"Unnamed Road, Andhra Pradesh 520001, India",331799.875,40.18,IgnitionOn,1,13.47,106.5,4,-113
459b47f1-022f-4210-992b-65ee7821c176-48,EDC_BS6_PERIODIC,2025-12-06 04:52:56,2025-12-07 14:13:48,16.56488,80.613856,13526,8252,FixOK,A,ObV5CS1912,T417F6b453,"Unnamed Road, Andhra Pradesh 520001, India",331799.875,39.95,IgnitionOn,1,13.613,108.4,4,-113
459b47f1-022f-4210-992b-65ee7821c176-49,EDC_BS6_PERIODIC,2025-12-06 04:53:02,2025-12-07 14:13:48,16.564656,80.6144128,13527,8252,FixOK,A,ObV5CS1912,T417F6b453,"Unnamed Road, Andhra Pradesh 520001, India",331800,39.73,IgnitionOn,1,14.52,111.3,4,-113
459b47f1-022f-4210-992b-65ee7821c176-50,EDC_BS6_PERIODIC,2025-12-06 04:53:08,2025-12-07 14:13:48,16.5643232,80.6149696,13528,8252,FixOK,A,ObV5CS1912,T417F6b453,"Unnamed Road, Andhra Pradesh 520001, India",331800,39.01,IgnitionOn,1,14.909,123.9,4,-113
2dce3533-01c0-4500-8ffe-14e13d4d8279-1,EDC_BS6_PERIODIC,2025-12-06 04:53:14,2025-12-07 14:14:10,16.5640048,80.6155008,13529,8252,FixOK,A,ObV5CS1912,T417F6b453,"Vijayawada Vissannapeta Rd, Andhra Pradesh 521228, India",331800.125,41.51,IgnitionOn,1,14.989,121.4,4,-113
2dce3533-01c0-4500-8ffe-14e13d4d8279-2,EDC_BS6_PERIODIC,2025-12-06 04:53:20,2025-12-07 14:14:10,16.5636448,80.6160064,13530,8252,FixOK,A,ObV5CS1912,T417F6b453,"Vijayawada Vissannapeta Rd, Andhra Pradesh 521228, India",331800.125,41.71,IgnitionOn,1,15.14,126.8,4,-113
2dce3533-01c0-4500-8ffe-14e13d4d8279-3,EDC_BS6_PERIODIC,2025-12-06 04:53:26,2025-12-07 14:14:10,16.5632672,80.61648,13531,8252,FixOK,A,ObV5CS1912,T417F6b453,"Vijayawada Vissannapeta Rd, Andhra Pradesh 521228, India",331800.25,41.18,IgnitionOn,1,15.96,129.8,4,-113
2dce3533-01c0-4500-8ffe-14e13d4d8279-4,EDC_BS6_PERIODIC,2025-12-06 04:53:32,2025-12-07 14:14:10,16.5629136,80.6169216,13532,8252,FixOK,A,ObV5CS1912,T417F6b453,"Vijayawada Vissannapeta Rd, Andhra Pradesh 521228, India",331800.375,40.2,IgnitionOn,1,16.415,130.89,4,-113
2dce3533-01c0-4500-8ffe-14e13d4d8279-5,EDC_BS6_PERIODIC,2025-12-06 04:53:38,2025-12-07 14:14:10,16.5625632,80.617344,13533,8252,FixOK,A,ObV5CS1912,T417F6b453,"Vijayawada Vissannapeta Rd, Andhra Pradesh 521228, India",331800.375,37.36,IgnitionOn,1,16.94,133.19,4,-113
2dce3533-01c0-4500-8ffe-14e13d4d8279-6,EDC_BS6_PERIODIC,2025-12-06 04:53:44,2025-12-07 14:14:10,16.5622368,80.6177408,13534,8252,FixOK,A,ObV5CS1912,T417F6b453,"Vijayawada-Vellaturu-Kuntamukkala-Mylavaram Rd, Vijayawada, Andhra Pradesh 521228, India",331800.5,34.75,IgnitionOn,1,18.389,128.19,4,-113
2dce3533-01c0-4500-8ffe-14e13d4d8279-7,EDC_BS6_PERIODIC,2025-12-06 04:53:50,2025-12-07 14:14:10,16.5619552,80.6181376,13535,8252,FixOK,A,ObV5CS1912,T417F6b453,"Vijayawada-Vellaturu-Kuntamukkala-Mylavaram Rd, Vijayawada, Andhra Pradesh 521228, India",331800.5,31.64,IgnitionOn,1,19.059,126.5,4,-113
2dce3533-01c0-4500-8ffe-14e13d4d8279-8,EDC_BS6_PERIODIC,2025-12-06 04:53:56,2025-12-07 14:14:10,16.5616784,80.6185344,13536,8252,FixOK,A,ObV5CS1912,T417F6b453,"Vijayawada-Vellaturu-Kuntamukkala-Mylavaram Rd, Vijayawada, Andhra Pradesh 521228, India",331800.625,31.68,IgnitionOn,1,21.479,125.5,4,-113
2dce3533-01c0-4500-8ffe-14e13d4d8279-9,EDC_BS6_PERIODIC,2025-12-06 04:54:02,2025-12-07 14:14:10,16.5614032,80.6189504,13537,8252,FixOK,A,ObV5CS1912,T417F6b453,"Vijayawada-Vellaturu-Kuntamukkala-Mylavaram Rd, Vijayawada, Andhra Pradesh 521228, India",331800.625,33.31,IgnitionOn,1,21.149,123.9,4,-113
2dce3533-01c0-4500-8ffe-14e13d4d8279-10,EDC_BS6_PERIODIC,2025-12-06 04:54:08,2025-12-07 14:14:10,16.5610896,80.6194304,13538,8252,FixOK,A,ObV5CS1912,T417F6b453,"Vijayawada-Vellaturu-Kuntamukkala-Mylavaram Rd, Vijayawada, Andhra Pradesh 521228, India",331800.75,38.6,IgnitionOn,1,21.507,119.69,4,-113
2dce3533-01c0-4500-8ffe-14e13d4d8279-11,EDC_BS6_PERIODIC,2025-12-06 04:54:14,2025-12-07 14:14:10,16.560784,80.6200064,13539,8252,FixOK,A,ObV5CS1912,T417F6b453,"HJ6C+96Q, Vijayawada, Andhra Pradesh 521228, India",331800.75,43.36,IgnitionOn,1,21.309,117,4,-113
2dce3533-01c0-4500-8ffe-14e13d4d8279-12,EDC_BS6_PERIODIC,2025-12-06 04:54:20,2025-12-07 14:14:10,16.5606256,80.620384,13540,8252,FixOK,A,ObV5CS1912,T417F6b453,"HJ6C+96Q, Vijayawada, Andhra Pradesh 521228, India",331800.875,20.88,IgnitionOn,1,20.579,114.9,4,-113
2dce3533-01c0-4500-8ffe-14e13d4d8279-13,EDC_BS6_PERIODIC,2025-12-06 04:54:26,2025-12-07 14:14:10,16.5605888,80.6204928,13541,8252,FixOK,A,ObV5CS1912,T417F6b453,"HJ6C+96Q, Vijayawada, Andhra Pradesh 521228, India",331800.875,9.73,IgnitionOn,1,19.59,113.59,4,-113
2dce3533-01c0-4500-8ffe-14e13d4d8279-14,EDC_BS6_PERIODIC,2025-12-06 04:54:32,2025-12-07 14:14:10,16.5605376,80.6206144,13542,8252,FixOK,A,ObV5CS1912,T417F6b453,"HJ6C+96Q, Vijayawada, Andhra Pradesh 521228, India",331800.875,10.27,IgnitionOn,1,19.069,112.69,4,-113
2dce3533-01c0-4500-8ffe-14e13d4d8279-15,EDC_BS6_PERIODIC,2025-12-06 04:54:38,2025-12-07 14:14:10,16.5604912,80.6207424,13543,8252,FixOK,A,ObV5CS1912,T417F6b453,"SH 32, Vijayawada, Andhra Pradesh 521228, India",331800.875,11.03,IgnitionOn,1,18.69,110.69,5,-113
2dce3533-01c0-4500-8ffe-14e13d4d8279-16,EDC_BS6_PERIODIC,2025-12-06 04:54:44,2025-12-07 14:14:10,16.560432,80.62096,13544,8252,FixOK,A,ObV5CS1912,T417F6b453,"SH 32, Vijayawada, Andhra Pradesh 521228, India",331800.875,16.77,IgnitionOn,1,18.501,105.09,5,-113
2dce3533-01c0-4500-8ffe-14e13d4d8279-17,EDC_BS6_PERIODIC,2025-12-06 04:54:50,2025-12-07 14:14:10,16.5603728,80.6212096,13545,8252,FixOK,A,ObV5CS1912,T417F6b453,"SH 32, Vijayawada, Andhra Pradesh 521228, India",331800.875,17.84,IgnitionOn,1,18.229,103,5,-113
2dce3533-01c0-4500-8ffe-14e13d4d8279-18,EDC_BS6_PERIODIC,2025-12-06 04:54:56,2025-12-07 14:14:10,16.560288,80.621504,13546,8252,FixOK,A,ObV5CS1912,T417F6b453,"Vijayawada-Vellaturu-Kuntamukkala-Mylavaram Rd, Vijayawada, Andhra Pradesh 521228, India",331801,19.76,IgnitionOn,1,17.899,105.09,5,-113
2dce3533-01c0-4500-8ffe-14e13d4d8279-20,EDC_BS6_PERIODIC,2025-12-06 04:55:02,2025-12-07 14:14:10,16.5602272,80.621824,13547,8252,FixOK,A,ObV5CS1912,T417F6b453,"Vijayawada-Vellaturu-Kuntamukkala-Mylavaram Rd, Vijayawada, Andhra Pradesh 521228, India",331801,23.46,IgnitionOn,1,17.809,100.9,4,-113
2dce3533-01c0-4500-8ffe-14e13d4d8279-21,EDC_BS6_PERIODIC,2025-12-06 04:55:08,2025-12-07 14:14:10,16.560176,80.6222144,13548,8252,FixOK,A,ObV5CS1912,T417F6b453,"Vijayawada-Vellaturu-Kuntamukkala-Mylavaram Rd, Vijayawada, Andhra Pradesh 521228, India",331801,27.14,IgnitionOn,1,17.819,96.8,5,-113
2dce3533-01c0-4500-8ffe-14e13d4d8279-22,EDC_BS6_PERIODIC,2025-12-06 04:55:14,2025-12-07 14:14:10,16.5601424,80.6226688,13549,8252,FixOK,A,ObV5CS1912,T417F6b453,"Unnamed Road, Andhra Pradesh 521228, India",331801.125,31.51,IgnitionOn,1,17.719,94.69,4,-113
2dce3533-01c0-4500-8ffe-14e13d4d8279-23,EDC_BS6_PERIODIC,2025-12-06 04:55:20,2025-12-07 14:14:10,16.5601008,80.623168,13550,8252,FixOK,A,ObV5CS1912,T417F6b453,"Unnamed Road, Andhra Pradesh 521228, India",331801.125,32.73,IgnitionOn,1,17.712,93.9,4,-113
2dce3533-01c0-4500-8ffe-14e13d4d8279-24,EDC_BS6_PERIODIC,2025-12-06 04:55:26,2025-12-07 14:14:10,16.5600912,80.6237504,13551,8252,FixOK,A,ObV5CS1912,T417F6b453,"Unnamed Road, Andhra Pradesh 521228, India",331801.25,40.06,IgnitionOn,1,17.899,92.09,4,-113
2dce3533-01c0-4500-8ffe-14e13d4d8279-25,EDC_BS6_PERIODIC,2025-12-06 04:55:32,2025-12-07 14:14:10,16.5600896,80.6244224,13552,8252,FixOK,A,ObV5CS1912,T417F6b453,"Unnamed Road, Andhra Pradesh 521228, India",331801.25,44.58,IgnitionOn,1,18.04,91.4,4,-113
2dce3533-01c0-4500-8ffe-14e13d4d8279-26,EDC_BS6_PERIODIC,2025-12-06 04:55:38,2025-12-07 14:14:10,16.5601616,80.625088,13553,8252,FixOK,A,ObV5CS1912,T417F6b453,"Unnamed Road, Andhra Pradesh 521228, India",331801.375,43.15,IgnitionOn,1,17.85,82.5,4,-113
2dce3533-01c0-4500-8ffe-14e13d4d8279-27,EDC_BS6_PERIODIC,2025-12-06 04:55:44,2025-12-07 14:14:10,16.5602688,80.625696,13554,8252,FixOK,A,ObV5CS1912,T417F6b453,"Unnamed Road, Andhra Pradesh 521228, India",331801.5,41.2,IgnitionOn,1,17.59,79.69,5,-113
2dce3533-01c0-4500-8ffe-14e13d4d8279-28,EDC_BS6_PERIODIC,2025-12-06 04:55:50,2025-12-07 14:14:10,16.560408,80.6262976,13555,8252,FixOK,A,ObV5CS1912,T417F6b453,"Unnamed Road, Andhra Pradesh 521228, India",331801.5,40.32,IgnitionOn,1,17.629,76.09,5,-113
2dce3533-01c0-4500-8ffe-14e13d4d8279-29,EDC_BS6_PERIODIC,2025-12-06 04:55:56,2025-12-07 14:14:10,16.560536,80.6268672,13556,8252,FixOK,A,ObV5CS1912,T417F6b453,"Unnamed Road, Andhra Pradesh 521228, India",331801.5,38.46,IgnitionOn,1,17.459,78.5,5,-113
2dce3533-01c0-4500-8ffe-14e13d4d8279-30,EDC_BS6_PERIODIC,2025-12-06 04:56:02,2025-12-07 14:14:10,16.5606304,80.6274048,13557,8252,FixOK,A,ObV5CS1912,T417F6b453,"Unnamed Road, Andhra Pradesh 521228, India",331801.625,36.97,IgnitionOn,1,17.44,78.9,4,-113
2dce3533-01c0-4500-8ffe-14e13d4d8279-31,EDC_BS6_PERIODIC,2025-12-06 04:56:08,2025-12-07 14:14:10,16.5607104,80.627936,13558,8252,FixOK,A,ObV5CS1912,T417F6b453,"Unnamed Road, Andhra Pradesh 521228, India",331801.625,35.84,IgnitionOn,1,17.379,82.4,4,-113
2dce3533-01c0-4500-8ffe-14e13d4d8279-32,EDC_BS6_PERIODIC,2025-12-06 04:56:14,2025-12-07 14:14:10,16.5607984,80.628544,13559,8252,FixOK,A,ObV5CS1912,T417F6b453,"Unnamed Road, Andhra Pradesh 521228, India",331801.75,40.06,IgnitionOn,1,17.149,81,4,-113
2dce3533-01c0-4500-8ffe-14e13d4d8279-33,EDC_BS6_PERIODIC,2025-12-06 04:56:20,2025-12-07 14:14:10,16.560904,80.6291776,13560,8252,FixOK,A,ObV5CS1912,T417F6b453,"Unnamed Road, Andhra Pradesh 521228, India",331801.875,42.48,IgnitionOn,1,17.069,80.5,4,-113
2dce3533-01c0-4500-8ffe-14e13d4d8279-34,EDC_BS6_PERIODIC,2025-12-06 04:56:26,2025-12-07 14:14:10,16.5610208,80.6298112,13561,8252,FixOK,A,ObV5CS1912,T417F6b453,"Unnamed Road, Andhra Pradesh 521228, India",331801.875,43.17,IgnitionOn,1,16.879,79,4,-113
2dce3533-01c0-4500-8ffe-14e13d4d8279-35,EDC_BS6_PERIODIC,2025-12-06 04:56:32,2025-12-07 14:14:10,16.561128,80.6304512,13562,8252,FixOK,A,ObV5CS1912,T417F6b453,"Unnamed Road, Andhra Pradesh 521228, India",331802,42.84,IgnitionOn,1,16.803,78.69,4,-113
2dce3533-01c0-4500-8ffe-14e13d4d8279-36,EDC_BS6_PERIODIC,2025-12-06 04:56:38,2025-12-07 14:14:10,16.5612496,80.6310784,13563,8252,FixOK,A,ObV5CS1912,T417F6b453,"Unnamed Road, Andhra Pradesh 521228, India",331802,43.3,IgnitionOn,1,16.17,79,4,-113
2dce3533-01c0-4500-8ffe-14e13d4d8279-37,EDC_BS6_PERIODIC,2025-12-06 04:56:44,2025-12-07 14:14:10,16.56136,80.6316928,13564,8252,FixOK,A,ObV5CS1912,T417F6b453,"Unnamed Road, Vijayawada, Andhra Pradesh 521228, India",331802.125,42.29,IgnitionOn,1,15.96,80.19,4,-113
2dce3533-01c0-4500-8ffe-14e13d4d8279-38,EDC_BS6_PERIODIC,2025-12-06 04:56:50,2025-12-07 14:14:10,16.5614704,80.6323072,13565,8252,FixOK,A,ObV5CS1912,T417F6b453,"Unnamed Road, Vijayawada, Andhra Pradesh 521228, India",331802.25,41.32,IgnitionOn,1,15.81,80.19,4,-113
2dce3533-01c0-4500-8ffe-14e13d4d8279-39,EDC_BS6_PERIODIC,2025-12-06 04:56:56,2025-12-07 14:14:10,16.5615824,80.6328832,13566,8252,FixOK,A,ObV5CS1912,T417F6b453,"Unnamed Road, Vijayawada, Andhra Pradesh 521228, India",331802.25,39.58,IgnitionOn,1,15.399000000000001,79,4,-113
2dce3533-01c0-4500-8ffe-14e13d4d8279-40,EDC_BS6_PERIODIC,2025-12-06 04:57:02,2025-12-07 14:14:10,16.5616832,80.63344,13567,8252,FixOK,A,ObV5CS1912,T417F6b453,"Unnamed Road, Vijayawada, Andhra Pradesh 521228, India",331802.375,37.26,IgnitionOn,1,14.789,80,4,-113
2dce3533-01c0-4500-8ffe-14e13d4d8279-41,EDC_BS6_PERIODIC,2025-12-06 04:57:08,2025-12-07 14:14:10,16.561816,80.6340224,13568,8252,FixOK,A,ObV5CS1912,T417F6b453,"Unnamed Road, Vijayawada, Andhra Pradesh 521228, India",331802.375,39.38,IgnitionOn,1,14.389,75.5,4,-113
2dce3533-01c0-4500-8ffe-14e13d4d8279-42,EDC_BS6_PERIODIC,2025-12-06 04:57:14,2025-12-07 14:14:10,16.5619536,80.6346496,13569,8252,FixOK,A,ObV5CS1912,T417F6b453,"Unnamed Road, Vijayawada, Andhra Pradesh 521228, India",331802.5,41.86,IgnitionOn,1,13.579,78,4,-113
2dce3533-01c0-4500-8ffe-14e13d4d8279-43,EDC_BS6_PERIODIC,2025-12-06 04:57:20,2025-12-07 14:14:10,16.5620928,80.6353216,13570,8252,FixOK,A,ObV5CS1912,T417F6b453,"Unnamed Road, Vijayawada, Andhra Pradesh 521228, India",331802.5,44.44,IgnitionOn,1,13.039,77.19,4,-113
2dce3533-01c0-4500-8ffe-14e13d4d8279-44,EDC_BS6_PERIODIC,2025-12-06 04:57:26,2025-12-07 14:14:10,16.5622064,80.6359744,13571,8252,FixOK,A,ObV5CS1912,T417F6b453,"Unnamed Road, Vijayawada, Andhra Pradesh 521228, India",331802.625,45.42,IgnitionOn,1,12.329,79.9,4,-113
2dce3533-01c0-4500-8ffe-14e13d4d8279-45,EDC_BS6_PERIODIC,2025-12-06 04:57:32,2025-12-07 14:14:10,16.56232,80.6366208,13572,8252,FixOK,A,ObV5CS1912,T417F6b453,"Unnamed Road, Vijayawada, Andhra Pradesh 521228, India",331802.75,42.71,IgnitionOn,1,11.689,79.4,4,-113
2dce3533-01c0-4500-8ffe-14e13d4d8279-46,EDC_BS6_PERIODIC,2025-12-06 04:57:38,2025-12-07 14:14:10,16.5624288,80.637248,13573,8252,FixOK,A,ObV5CS1912,T417F6b453,"Unnamed Road, Vijayawada, Andhra Pradesh 521228, India",331802.75,41.93,IgnitionOn,1,10.869,79.8,4,-113
2dce3533-01c0-4500-8ffe-14e13d4d8279-47,EDC_BS6_PERIODIC,2025-12-06 04:57:44,2025-12-07 14:14:10,16.562544,80.6378816,13574,8252,FixOK,A,ObV5CS1912,T417F6b453,"Unnamed Road, Vijayawada, Andhra Pradesh 521228, India",331802.875,42.86,IgnitionOn,1,10.465,79.59,4,-113
2dce3533-01c0-4500-8ffe-14e13d4d8279-48,EDC_BS6_PERIODIC,2025-12-06 04:57:50,2025-12-07 14:14:10,16.5626576,80.6385536,13575,8252,FixOK,A,ObV5CS1912,T417F6b453,"Unnamed Road, Andhra Pradesh 521228, India",331802.875,44.21,IgnitionOn,1,9.568999999999999,79.5,4,-113
2dce3533-01c0-4500-8ffe-14e13d4d8279-49,EDC_BS6_PERIODIC,2025-12-06 04:57:56,2025-12-07 14:14:10,16.562776,80.6392256,13576,8252,FixOK,A,ObV5CS1912,T417F6b453,"Unnamed Road, Andhra Pradesh 521228, India",331803,45.15,IgnitionOn,1,8.729,79.59,4,-113
2dce3533-01c0-4500-8ffe-14e13d4d8279-50,EDC_BS6_PERIODIC,2025-12-06 04:58:02,2025-12-07 14:14:10,16.562904,80.639904,13577,8252,FixOK,A,ObV5CS1912,T417F6b453,"Unnamed Road, Andhra Pradesh 521228, India",331803.125,46.63,IgnitionOn,1,7.639,79,4,-113
c1061fd3-b84e-41a0-921c-ecd5565f689f-1,EDC_BS6_PERIODIC,2025-12-06 04:58:08,2025-12-07 14:14:41,16.5630304,80.640576,13578,8252,FixOK,A,ObV5CS1912,T417F6b453,"Unnamed Road, Andhra Pradesh 521228, India",331803.125,44.83,IgnitionOn,1,7.349,77.9,4,-113
c1061fd3-b84e-41a0-921c-ecd5565f689f-2,EDC_BS6_PERIODIC,2025-12-06 04:58:14,2025-12-07 14:14:41,16.5631584,80.641216,13579,8252,FixOK,A,ObV5CS1912,T417F6b453,"Unnamed Road, Andhra Pradesh 521228, India",331803.25,43.28,IgnitionOn,1,7.71,78.8,4,-113
c1061fd3-b84e-41a0-921c-ecd5565f689f-3,EDC_BS6_PERIODIC,2025-12-06 04:58:20,2025-12-07 14:14:41,16.5632736,80.6418432,13580,8252,FixOK,A,ObV5CS1912,T417F6b453,"Unnamed Road, Andhra Pradesh 521228, India",331803.25,41.3,IgnitionOn,1,7.6370000000000005,79.8,4,-113
c1061fd3-b84e-41a0-921c-ecd5565f689f-4,EDC_BS6_PERIODIC,2025-12-06 04:58:26,2025-12-07 14:14:41,16.5633904,80.6424256,13581,8252,FixOK,A,ObV5CS1912,T417F6b453,"Unnamed Road, Andhra Pradesh 521228, India",331803.375,40.12,IgnitionOn,1,7.909,77.5,5,-113
c1061fd3-b84e-41a0-921c-ecd5565f689f-5,EDC_BS6_PERIODIC,2025-12-06 04:58:32,2025-12-07 14:14:41,16.5634864,80.6430016,13582,8252,FixOK,A,ObV5CS1912,T417F6b453,"Unnamed Road, Andhra Pradesh 521228, India",331803.5,39.2,IgnitionOn,1,7.67,81.19,4,-113
c1061fd3-b84e-41a0-921c-ecd5565f689f-6,EDC_BS6_PERIODIC,2025-12-06 04:58:38,2025-12-07 14:14:41,16.5635808,80.643584,13583,8252,FixOK,A,ObV5CS1912,T417F6b453,"Gita Mandir Rd, Kavithas, Payakapuram, Vijayawada, Andhra Pradesh 521228, India",331803.5,39.79,IgnitionOn,1,7.75,81.59,4,-113
c1061fd3-b84e-41a0-921c-ecd5565f689f-7,EDC_BS6_PERIODIC,2025-12-06 04:58:44,2025-12-07 14:14:41,16.5636832,80.644192,13584,8252,FixOK,A,ObV5CS1912,T417F6b453,"Gita Mandir Rd, Kavithas, Payakapuram, Vijayawada, Andhra Pradesh 521228, India",331803.625,41.34,IgnitionOn,1,7.76,79.3,4,-113
c1061fd3-b84e-41a0-921c-ecd5565f689f-8,EDC_BS6_PERIODIC,2025-12-06 04:58:50,2025-12-07 14:14:41,16.5637856,80.6448128,13585,8252,FixOK,A,ObV5CS1912,T417F6b453,"Magalapuram Rd, Vijayawada, Andhra Pradesh 521228, India",331803.625,41.41,IgnitionOn,1,7.57,81.19,4,-113
c1061fd3-b84e-41a0-921c-ecd5565f689f-9,EDC_BS6_PERIODIC,2025-12-06 04:58:56,2025-12-07 14:14:41,16.5638848,80.6454016,13586,8252,FixOK,A,ObV5CS1912,T417F6b453,"Magalapuram Rd, Vijayawada, Andhra Pradesh 521228, India",331803.75,40.07,IgnitionOn,1,7.299,81.19,4,-113
c1061fd3-b84e-41a0-921c-ecd5565f689f-10,EDC_BS6_PERIODIC,2025-12-06 04:59:02,2025-12-07 14:14:41,16.5639664,80.645952,13587,8252,FixOK,A,ObV5CS1912,T417F6b453,"Magalapuram Rd, Vijayawada, Andhra Pradesh 521228, India",331803.75,38.71,IgnitionOn,1,7.21,81.69,4,-113
c1061fd3-b84e-41a0-921c-ecd5565f689f-11,EDC_BS6_PERIODIC,2025-12-06 04:59:08,2025-12-07 14:14:41,16.5640608,80.6465152,13588,8252,FixOK,A,ObV5CS1912,T417F6b453,"Magalapuram Rd, Vijayawada, Andhra Pradesh 521228, India",331803.875,37.75,IgnitionOn,1,7.289,81.8,4,-113
c1061fd3-b84e-41a0-921c-ecd5565f689f-12,EDC_BS6_PERIODIC,2025-12-06 04:59:14,2025-12-07 14:14:41,16.5641568,80.6470528,13589,8252,FixOK,A,ObV5CS1912,T417F6b453,"Magalapuram Rd, Vijayawada, Andhra Pradesh 521228, India",331803.875,37.02,IgnitionOn,1,6.23,79.5,4,-113
c1061fd3-b84e-41a0-921c-ecd5565f689f-13,EDC_BS6_PERIODIC,2025-12-06 04:59:20,2025-12-07 14:14:41,16.5642704,80.6476032,13590,8252,FixOK,A,ObV5CS1912,T417F6b453,"Magalapuram Rd, Vijayawada, Andhra Pradesh 521228, India",331804,37.71,IgnitionOn,1,5.829,79,4,-113
c1061fd3-b84e-41a0-921c-ecd5565f689f-14,EDC_BS6_PERIODIC,2025-12-06 04:59:26,2025-12-07 14:14:41,16.5643728,80.648192,13591,8252,FixOK,A,ObV5CS1912,T417F6b453,"Magalapuram Rd, Vijayawada, Andhra Pradesh 521228, India",331804.125,38.83,IgnitionOn,1,5.619,79.59,4,-113
c1061fd3-b84e-41a0-921c-ecd5565f689f-15,EDC_BS6_PERIODIC,2025-12-06 04:59:32,2025-12-07 14:14:41,16.5644448,80.6487936,13592,8252,FixOK,A,ObV5CS1912,T417F6b453,"Magalapuram Rd, Vijayawada, Andhra Pradesh 521228, India",331804.125,41.23,IgnitionOn,1,5.851,81.4,4,-113
c1061fd3-b84e-41a0-921c-ecd5565f689f-16,EDC_BS6_PERIODIC,2025-12-06 04:59:38,2025-12-07 14:14:41,16.5645376,80.6494336,13593,8252,FixOK,A,ObV5CS1912,T417F6b453,"Magalapuram Rd, Vijayawada, Andhra Pradesh 521228, India",331804.25,42.39,IgnitionOn,1,5.9,80,4,-113
c1061fd3-b84e-41a0-921c-ecd5565f689f-17,EDC_BS6_PERIODIC,2025-12-06 04:59:44,2025-12-07 14:14:41,16.5646464,80.650048,13594,8252,FixOK,A,ObV5CS1912,T417F6b453,"Magalapuram Rd, Vijayawada, Andhra Pradesh 521228, India",331804.25,42.33,IgnitionOn,1,5.829,80.8,4,-113
c1061fd3-b84e-41a0-921c-ecd5565f689f-18,EDC_BS6_PERIODIC,2025-12-06 04:59:50,2025-12-07 14:14:41,16.5647296,80.65072,13595,8252,FixOK,A,ObV5CS1912,T417F6b453,"Magalapuram Rd, Vijayawada, Andhra Pradesh 521228, India",331804.375,44.1,IgnitionOn,1,5.429,83.09,4,-113
c1061fd3-b84e-41a0-921c-ecd5565f689f-19,EDC_BS6_PERIODIC,2025-12-06 04:59:56,2025-12-07 14:14:41,16.5648048,80.6514496,13596,8252,FixOK,A,ObV5CS1912,T417F6b453,"Magalapuram Rd, Vijayawada, Andhra Pradesh 521228, India",331804.375,46.47,IgnitionOn,1,4.71,83.19,4,-113
c1061fd3-b84e-41a0-921c-ecd5565f689f-20,EDC_BS6_PERIODIC,2025-12-06 05:00:02,2025-12-07 14:14:41,16.564912,80.65216,13597,8252,FixOK,A,ObV5CS1912,T417F6b453,"Unnamed Road, Andhra Pradesh 521228, India",331804.5,46.29,IgnitionOn,1,3.8289999999999997,81.59,4,-113
c1061fd3-b84e-41a0-921c-ecd5565f689f-21,EDC_BS6_PERIODIC,2025-12-06 05:00:08,2025-12-07 14:14:41,16.5650208,80.6528384,13598,8252,FixOK,A,ObV5CS1912,T417F6b453,"Magalapuram Rd, Andhra Pradesh 521228, India",331804.625,44.56,IgnitionOn,1,3.413,80.19,4,-113
c1061fd3-b84e-41a0-921c-ecd5565f689f-22,EDC_BS6_PERIODIC,2025-12-06 05:00:14,2025-12-07 14:14:41,16.5651264,80.6534528,13599,8252,FixOK,A,ObV5CS1912,T417F6b453,"Magalapuram Rd, Andhra Pradesh 521228, India",331804.625,42.03,IgnitionOn,1,2.92,80.19,4,-113
c1061fd3-b84e-41a0-921c-ecd5565f689f-23,EDC_BS6_PERIODIC,2025-12-06 05:00:20,2025-12-07 14:14:41,16.5652144,80.6540288,13600,8252,FixOK,A,ObV5CS1912,T417F6b453,"Unnamed Road, Andhra Pradesh 521228, India",331804.75,38.9,IgnitionOn,1,3.14,83,4,-113
c1061fd3-b84e-41a0-921c-ecd5565f689f-24,EDC_BS6_PERIODIC,2025-12-06 05:00:26,2025-12-07 14:14:41,16.5653136,80.654624,13601,8252,FixOK,A,ObV5CS1912,T417F6b453,"Magalapuram Rd, Andhra Pradesh 521228, India",331804.75,41.04,IgnitionOn,1,3.22,80.59,4,-113
c1061fd3-b84e-41a0-921c-ecd5565f689f-25,EDC_BS6_PERIODIC,2025-12-06 05:00:32,2025-12-07 14:14:41,16.5654112,80.655264,13602,8252,FixOK,A,ObV5CS1912,T417F6b453,"Magalapuram Rd, Andhra Pradesh 521228, India",331804.875,43.07,IgnitionOn,1,3.66,80.19,4,-113
c1061fd3-b84e-41a0-921c-ecd5565f689f-26,EDC_BS6_PERIODIC,2025-12-06 05:00:38,2025-12-07 14:14:41,16.5655184,80.6558848,13603,8252,FixOK,A,ObV5CS1912,T417F6b453,"Magalapuram Rd, Andhra Pradesh 521228, India",331805,40.98,IgnitionOn,1,4.75,79.59,4,-113
c1061fd3-b84e-41a0-921c-ecd5565f689f-27,EDC_BS6_PERIODIC,2025-12-06 05:00:44,2025-12-07 14:14:41,16.565608,80.6564864,13604,8252,FixOK,A,ObV5CS1912,T417F6b453,"Magalapuram Rd, Andhra Pradesh 521228, India",331805,39.64,IgnitionOn,1,6.221,81.09,4,-113
c1061fd3-b84e-41a0-921c-ecd5565f689f-28,EDC_BS6_PERIODIC,2025-12-06 05:00:50,2025-12-07 14:14:41,16.5656768,80.6570368,13605,8252,FixOK,A,ObV5CS1912,T417F6b453,"Unnamed Road, Andhra Pradesh, India",331805.125,38.27,IgnitionOn,1,7.44,82.69,4,-113
c1061fd3-b84e-41a0-921c-ecd5565f689f-29,EDC_BS6_PERIODIC,2025-12-06 05:00:56,2025-12-07 14:14:41,16.5657648,80.6575744,13606,8252,FixOK,A,ObV5CS1912,T417F6b453,"Unnamed Road, Andhra Pradesh, India",331805.125,38.07,IgnitionOn,1,8.319,79.8,4,-113
c1061fd3-b84e-41a0-921c-ecd5565f689f-30,EDC_BS6_PERIODIC,2025-12-06 05:01:02,2025-12-07 14:14:41,16.56584,80.6581504,13607,8252,FixOK,A,ObV5CS1912,T417F6b453,"Unnamed Road, Andhra Pradesh, India",331805.25,39.16,IgnitionOn,1,9.96,80.09,4,-113
c1061fd3-b84e-41a0-921c-ecd5565f689f-31,EDC_BS6_PERIODIC,2025-12-06 05:01:08,2025-12-07 14:14:41,16.5659008,80.658752,13608,8252,FixOK,A,ObV5CS1912,T417F6b453,"Unnamed Road, Vijayawada, Andhra Pradesh 521212, India",331805.25,38.17,IgnitionOn,1,11.699,82.4,4,-113
c1061fd3-b84e-41a0-921c-ecd5565f689f-32,EDC_BS6_PERIODIC,2025-12-06 05:01:14,2025-12-07 14:14:41,16.5659792,80.659296,13609,8252,FixOK,A,ObV5CS1912,T417F6b453,"Unnamed Road, Vijayawada, Andhra Pradesh 521212, India",331805.375,36.95,IgnitionOn,1,13.939,80.4,4,-113
c1061fd3-b84e-41a0-921c-ecd5565f689f-33,EDC_BS6_PERIODIC,2025-12-06 05:01:20,2025-12-07 14:14:41,16.566064,80.6598272,13610,8252,FixOK,A,ObV5CS1912,T417F6b453,"Unnamed Road, Vijayawada, Andhra Pradesh 521212, India",331805.375,36.1,IgnitionOn,1,14.625,81.09,4,-113
85bdd859-2950-4c3f-9a66-ef73d99a4352-1,EDC_BS6_PERIODIC,2025-12-06 05:01:26,2025-12-07 14:14:53,16.5661536,80.660352,13611,8252,FixOK,A,ObV5CS1912,T417F6b453,"Unnamed Road, Vijayawada, Andhra Pradesh 521212, India",331805.5,36.53,IgnitionOn,1,15.09,79.5,4,-113
85bdd859-2950-4c3f-9a66-ef73d99a4352-2,EDC_BS6_PERIODIC,2025-12-06 05:01:32,2025-12-07 14:14:53,16.5662304,80.6608768,13612,8252,FixOK,A,ObV5CS1912,T417F6b453,"Unnamed Road, Vijayawada, Andhra Pradesh 521212, India",331805.5,37.5,IgnitionOn,1,16.37,82,4,-113
85bdd859-2950-4c3f-9a66-ef73d99a4352-3,EDC_BS6_PERIODIC,2025-12-06 05:01:38,2025-12-07 14:14:53,16.5663632,80.6614464,13613,8252,FixOK,A,ObV5CS1912,T417F6b453,"Unnamed Road, Vijayawada, Andhra Pradesh 521212, India",331805.625,39.24,IgnitionOn,1,17.479,75.59,4,-113
85bdd859-2950-4c3f-9a66-ef73d99a4352-4,EDC_BS6_PERIODIC,2025-12-06 05:01:44,2025-12-07 14:14:53,16.5665456,80.6620672,13614,8252,FixOK,A,ObV5CS1912,T417F6b453,"Unnamed Road, Andhra Pradesh 521212, India",331805.75,41.37,IgnitionOn,1,19.149,72,5,-113
85bdd859-2950-4c3f-9a66-ef73d99a4352-5,EDC_BS6_PERIODIC,2025-12-06 05:01:50,2025-12-07 14:14:53,16.5667408,80.6627264,13615,8252,FixOK,A,ObV5CS1912,T417F6b453,"Unnamed Road, Andhra Pradesh 521212, India",331805.75,45.45,IgnitionOn,1,21.489,71.3,4,-113
85bdd859-2950-4c3f-9a66-ef73d99a4352-6,EDC_BS6_PERIODIC,2025-12-06 05:01:56,2025-12-07 14:14:53,16.5669584,80.663392,13616,8252,FixOK,A,ObV5CS1912,T417F6b453,"Unnamed Road, Andhra Pradesh 521212, India",331805.875,46.55,IgnitionOn,1,22.845,71.19,4,-113
85bdd859-2950-4c3f-9a66-ef73d99a4352-7,EDC_BS6_PERIODIC,2025-12-06 05:02:02,2025-12-07 14:14:53,16.5671456,80.6640768,13617,8252,FixOK,A,ObV5CS1912,T417F6b453,"Unnamed Road, Andhra Pradesh 521212, India",331805.875,46.06,IgnitionOn,1,26.36,72.3,5,-113
85bdd859-2950-4c3f-9a66-ef73d99a4352-8,EDC_BS6_PERIODIC,2025-12-06 05:02:08,2025-12-07 14:14:53,16.5672816,80.6647744,13618,8252,FixOK,A,ObV5CS1912,T417F6b453,"Unnamed Road, Andhra Pradesh 521212, India",331806,47.11,IgnitionOn,1,28.95,80.09,5,-113
85bdd859-2950-4c3f-9a66-ef73d99a4352-9,EDC_BS6_PERIODIC,2025-12-06 05:02:14,2025-12-07 14:14:53,16.5674064,80.6654784,13619,8252,FixOK,A,ObV5CS1912,T417F6b453,"Unnamed Road, Andhra Pradesh 521212, India",331806.125,47.18,IgnitionOn,1,29.409,77.9,4,-113
85bdd859-2950-4c3f-9a66-ef73d99a4352-10,EDC_BS6_PERIODIC,2025-12-06 05:02:20,2025-12-07 14:14:53,16.5675472,80.6661504,13620,8252,FixOK,A,ObV5CS1912,T417F6b453,"Unnamed Road, Andhra Pradesh 521212, India",331806.125,45.22,IgnitionOn,1,29.319,77.59,4,-113
85bdd859-2950-4c3f-9a66-ef73d99a4352-11,EDC_BS6_PERIODIC,2025-12-06 05:02:26,2025-12-07 14:14:53,16.5677136,80.666784,13621,8252,FixOK,A,ObV5CS1912,T417F6b453,"Unnamed Road, Andhra Pradesh 521212, India",331806.25,42.66,IgnitionOn,1,29.229,75.19,4,-113
85bdd859-2950-4c3f-9a66-ef73d99a4352-12,EDC_BS6_PERIODIC,2025-12-06 05:02:32,2025-12-07 14:14:53,16.5679104,80.6673792,13622,8252,FixOK,A,ObV5CS1912,T417F6b453,"Unnamed Road, Andhra Pradesh 521212, India",331806.375,40.75,IgnitionOn,1,29.19,71,4,-113
85bdd859-2950-4c3f-9a66-ef73d99a4352-13,EDC_BS6_PERIODIC,2025-12-06 05:02:38,2025-12-07 14:14:53,16.5680944,80.6679424,13623,8252,FixOK,A,ObV5CS1912,T417F6b453,"Unnamed Road, Andhra Pradesh 521212, India",331806.375,39.04,IgnitionOn,1,29.049,71,4,-113
85bdd859-2950-4c3f-9a66-ef73d99a4352-14,EDC_BS6_PERIODIC,2025-12-06 05:02:44,2025-12-07 14:14:53,16.5682944,80.668512,13624,8252,FixOK,A,ObV5CS1912,T417F6b453,"Unnamed Road, Andhra Pradesh 521212, India",331806.5,40.48,IgnitionOn,1,29.03,70.5,4,-113
85bdd859-2950-4c3f-9a66-ef73d99a4352-15,EDC_BS6_PERIODIC,2025-12-06 05:02:50,2025-12-07 14:14:53,16.5684608,80.66912,13625,8252,FixOK,A,ObV5CS1912,T417F6b453,"Unnamed Road, Andhra Pradesh 521212, India",331806.5,41.18,IgnitionOn,1,29.069,71.9,4,-113
85bdd859-2950-4c3f-9a66-ef73d99a4352-16,EDC_BS6_PERIODIC,2025-12-06 05:02:56,2025-12-07 14:14:53,16.5686192,80.6696896,13626,8252,FixOK,A,ObV5CS1912,T417F6b453,"Unnamed Road, Andhra Pradesh 521212, India",331806.625,40.68,IgnitionOn,1,29.1,71.5,4,-113
85bdd859-2950-4c3f-9a66-ef73d99a4352-17,EDC_BS6_PERIODIC,2025-12-06 05:03:02,2025-12-07 14:14:53,16.5687008,80.6702592,13627,8252,FixOK,A,ObV5CS1912,T417F6b453,"Unnamed Road, Andhra Pradesh 521212, India",331806.625,36.45,IgnitionOn,1,29.049,79.09,4,-113
85bdd859-2950-4c3f-9a66-ef73d99a4352-18,EDC_BS6_PERIODIC,2025-12-06 05:03:08,2025-12-07 14:14:53,16.56876,80.6707264,13628,8252,FixOK,A,ObV5CS1912,T417F6b453,"Unnamed Road, Andhra Pradesh 521212, India",331806.75,29.81,IgnitionOn,1,28.964,85.69,4,-113
85bdd859-2950-4c3f-9a66-ef73d99a4352-19,EDC_BS6_PERIODIC,2025-12-06 05:03:14,2025-12-07 14:14:53,16.5687216,80.671008,13629,8252,FixOK,A,ObV5CS1912,T417F6b453,"Unnamed Road, Andhra Pradesh 521212, India",331806.75,15.15,IgnitionOn,1,28.87,94.09,4,-113
85bdd859-2950-4c3f-9a66-ef73d99a4352-20,EDC_BS6_PERIODIC,2025-12-06 05:03:20,2025-12-07 14:14:53,16.5687072,80.6710976,13630,8252,FixOK,A,ObV5CS1912,T417F6b453,"Unnamed Road, Andhra Pradesh 521212, India",331806.75,3.8,IgnitionOn,1,28.409,93,4,-113
85bdd859-2950-4c3f-9a66-ef73d99a4352-21,EDC_BS6_PERIODIC,2025-12-06 05:03:26,2025-12-07 14:14:53,16.5687248,80.6711744,13631,8252,FixOK,A,ObV5CS1912,T417F6b453,"Unnamed Road, Andhra Pradesh 521212, India",331806.75,7.17,IgnitionOn,1,28.059,88,5,-113
85bdd859-2950-4c3f-9a66-ef73d99a4352-22,EDC_BS6_PERIODIC,2025-12-06 05:03:32,2025-12-07 14:14:53,16.5687536,80.6713088,13632,8252,FixOK,A,ObV5CS1912,T417F6b453,"Unnamed Road, Andhra Pradesh 521212, India",331806.75,8.12,IgnitionOn,1,27.87,79.69,5,-113
85bdd859-2950-4c3f-9a66-ef73d99a4352-23,EDC_BS6_PERIODIC,2025-12-06 05:03:38,2025-12-07 14:14:53,16.5687824,80.671488,13633,8252,FixOK,A,ObV5CS1912,T417F6b453,"Unnamed Road, Andhra Pradesh 521212, India",331806.875,12.51,IgnitionOn,1,27.239,76.5,5,-113
85bdd859-2950-4c3f-9a66-ef73d99a4352-24,EDC_BS6_PERIODIC,2025-12-06 05:03:44,2025-12-07 14:14:53,16.5688368,80.6716928,13634,8252,FixOK,A,ObV5CS1912,T417F6b453,"Unnamed Road, Andhra Pradesh 521212, India",331806.875,16.14,IgnitionOn,1,26.945,68.69,4,-113
85bdd859-2950-4c3f-9a66-ef73d99a4352-25,EDC_BS6_PERIODIC,2025-12-06 05:03:50,2025-12-07 14:14:53,16.5688832,80.6719104,13635,8252,FixOK,A,ObV5CS1912,T417F6b453,"Unnamed Road, Andhra Pradesh 521212, India",331806.875,13.98,IgnitionOn,1,26.75,76.3,4,-113
85bdd859-2950-4c3f-9a66-ef73d99a4352-26,EDC_BS6_PERIODIC,2025-12-06 05:03:56,2025-12-07 14:14:53,16.5688816,80.672096,13636,8252,FixOK,A,ObV5CS1912,T417F6b453,"Unnamed Road, Andhra Pradesh 521212, India",331806.875,7.79,IgnitionOn,1,25.7,79,4,-113
85bdd859-2950-4c3f-9a66-ef73d99a4352-27,EDC_BS6_PERIODIC,2025-12-06 05:04:02,2025-12-07 14:14:53,16.5689024,80.672256,13637,8252,FixOK,A,ObV5CS1912,T417F6b453,"Unnamed Road, Andhra Pradesh 521212, India",331806.875,10.3,IgnitionOn,1,24.569,78.19,4,-113
85bdd859-2950-4c3f-9a66-ef73d99a4352-28,EDC_BS6_PERIODIC,2025-12-06 05:04:08,2025-12-07 14:14:53,16.568912,80.6725056,13638,8252,FixOK,A,ObV5CS1912,T417F6b453,"Unnamed Road, Andhra Pradesh 521212, India",331806.875,12.87,IgnitionOn,1,24.2,81.9,5,-113
85bdd859-2950-4c3f-9a66-ef73d99a4352-29,EDC_BS6_PERIODIC,2025-12-06 05:04:14,2025-12-07 14:14:53,16.5689456,80.6728192,13639,8252,FixOK,A,ObV5CS1912,T417F6b453,"Unnamed Road, Andhra Pradesh 521212, India",331807,19.59,IgnitionOn,1,23.899,84.09,5,-113
85bdd859-2950-4c3f-9a66-ef73d99a4352-30,EDC_BS6_PERIODIC,2025-12-06 05:04:20,2025-12-07 14:14:53,16.5689632,80.6732288,13640,8252,FixOK,A,ObV5CS1912,T417F6b453,"Unnamed Road, Andhra Pradesh 521212, India",331807,26.09,IgnitionOn,1,23.671,84.8,5,-113
85bdd859-2950-4c3f-9a66-ef73d99a4352-31,EDC_BS6_PERIODIC,2025-12-06 05:04:26,2025-12-07 14:14:53,16.569,80.673696,13641,8252,FixOK,A,ObV5CS1912,T417F6b453,"Unnamed Road, Andhra Pradesh 521212, India",331807,30.03,IgnitionOn,1,23.28,83.69,5,-113
85bdd859-2950-4c3f-9a66-ef73d99a4352-32,EDC_BS6_PERIODIC,2025-12-06 05:04:32,2025-12-07 14:14:53,16.569024,80.6742016,13642,8252,FixOK,A,ObV5CS1912,T417F6b453,"Unnamed Road, Andhra Pradesh 521212, India",331807.125,32.2,IgnitionOn,1,22.959,88,5,-113
85bdd859-2950-4c3f-9a66-ef73d99a4352-33,EDC_BS6_PERIODIC,2025-12-06 05:04:38,2025-12-07 14:14:53,16.56904,80.6747456,13643,8252,FixOK,A,ObV5CS1912,T417F6b453,"Unnamed Road, Andhra Pradesh 521212, India",331807.125,35.09,IgnitionOn,1,22.1,87.69,5,-113
85bdd859-2950-4c3f-9a66-ef73d99a4352-34,EDC_BS6_PERIODIC,2025-12-06 05:04:44,2025-12-07 14:14:53,16.5690448,80.6753344,13644,8252,FixOK,A,ObV5CS1912,T417F6b453,"Unnamed Road, Andhra Pradesh 521212, India",331807.25,38.12,IgnitionOn,1,21.42,91.8,5,-113
85bdd859-2950-4c3f-9a66-ef73d99a4352-35,EDC_BS6_PERIODIC,2025-12-06 05:04:50,2025-12-07 14:14:53,16.5689808,80.6759552,13645,8252,FixOK,A,ObV5CS1912,T417F6b453,"Unnamed Road, Nunna, Andhra Pradesh 521212, India",331807.25,40.62,IgnitionOn,1,20.299,95.3,5,-113
85bdd859-2950-4c3f-9a66-ef73d99a4352-36,EDC_BS6_PERIODIC,2025-12-06 05:04:56,2025-12-07 14:14:53,16.5689728,80.6766016,13646,8252,FixOK,A,ObV5CS1912,T417F6b453,"Nunna Rd, Nunna, Andhra Pradesh 521212, India",331807.375,42.58,IgnitionOn,1,19.769,89.9,5,-113
85bdd859-2950-4c3f-9a66-ef73d99a4352-38,EDC_BS6_PERIODIC,2025-12-06 05:05:02,2025-12-07 14:14:53,16.5689616,80.6772416,13647,8252,FixOK,A,ObV5CS1912,T417F6b453,"Nunna Rd, Nunna, Andhra Pradesh 521212, India",331807.5,42.2,IgnitionOn,1,18.899,92.3,5,-113
85bdd859-2950-4c3f-9a66-ef73d99a4352-39,EDC_BS6_PERIODIC,2025-12-06 05:05:08,2025-12-07 14:14:53,16.5689456,80.6778304,13648,8252,FixOK,A,ObV5CS1912,T417F6b453,"Nunna Rd, Nunna, Andhra Pradesh 521212, India",331807.5,38.96,IgnitionOn,1,18.19,94.5,5,-113
85bdd859-2950-4c3f-9a66-ef73d99a4352-40,EDC_BS6_PERIODIC,2025-12-06 05:05:14,2025-12-07 14:14:53,16.5688864,80.6783872,13649,8252,FixOK,A,ObV5CS1912,T417F6b453,"Nunna Rd, Nunna, Andhra Pradesh 521212, India",331807.625,37.98,IgnitionOn,1,17.36,96.69,4,-113
85bdd859-2950-4c3f-9a66-ef73d99a4352-41,EDC_BS6_PERIODIC,2025-12-06 05:05:20,2025-12-07 14:14:53,16.5688176,80.678944,13650,8252,FixOK,A,ObV5CS1912,T417F6b453,"Nunna Rd, Nunna, Andhra Pradesh 521212, India",331807.625,38.01,IgnitionOn,1,17.229,97.4,4,-113
85bdd859-2950-4c3f-9a66-ef73d99a4352-42,EDC_BS6_PERIODIC,2025-12-06 05:05:26,2025-12-07 14:14:53,16.5687344,80.6795456,13651,8252,FixOK,A,ObV5CS1912,T417F6b453,"Nunna Rd, Nunna, Andhra Pradesh 521212, India",331807.75,39.95,IgnitionOn,1,17.12,97.3,4,-113
85bdd859-2950-4c3f-9a66-ef73d99a4352-43,EDC_BS6_PERIODIC,2025-12-06 05:05:32,2025-12-07 14:14:53,16.5686256,80.6801664,13652,8252,FixOK,A,ObV5CS1912,T417F6b453,"Nunna Rd, Nunna, Andhra Pradesh 521212, India",331807.75,42.37,IgnitionOn,1,17.339,98.69,4,-113
85bdd859-2950-4c3f-9a66-ef73d99a4352-44,EDC_BS6_PERIODIC,2025-12-06 05:05:38,2025-12-07 14:14:53,16.5685088,80.680832,13653,8252,FixOK,A,ObV5CS1912,T417F6b453,"Nunna Rd, Nunna, Andhra Pradesh 521212, India",331807.875,43.54,IgnitionOn,1,17.2,100,4,-113
85bdd859-2950-4c3f-9a66-ef73d99a4352-45,EDC_BS6_PERIODIC,2025-12-06 05:05:44,2025-12-07 14:14:53,16.5683824,80.6815104,13654,8252,FixOK,A,ObV5CS1912,T417F6b453,"Unnamed Road, Nunna, Andhra Pradesh 521212, India",331808,45.47,IgnitionOn,1,17.239,100.69,5,-113
85bdd859-2950-4c3f-9a66-ef73d99a4352-46,EDC_BS6_PERIODIC,2025-12-06 05:05:50,2025-12-07 14:14:53,16.5682672,80.6821888,13655,8252,FixOK,A,ObV5CS1912,T417F6b453,"Unnamed Road, Nunna, Andhra Pradesh 521212, India",331808,46.45,IgnitionOn,1,17.36,100.3,5,-113
85bdd859-2950-4c3f-9a66-ef73d99a4352-47,EDC_BS6_PERIODIC,2025-12-06 05:05:56,2025-12-07 14:14:53,16.5681536,80.6829056,13656,8252,FixOK,A,ObV5CS1912,T417F6b453,"Unnamed Road, Nunna, Andhra Pradesh 521212, India",331808.125,46.52,IgnitionOn,1,17.409,99.69,5,-113
85bdd859-2950-4c3f-9a66-ef73d99a4352-48,EDC_BS6_PERIODIC,2025-12-06 05:06:02,2025-12-07 14:14:53,16.5680384,80.6836416,13657,8252,FixOK,A,ObV5CS1912,T417F6b453,"400 K V Sub Station Rd, Nunna, Andhra Pradesh 521212, India",331808.25,49.31,IgnitionOn,1,17.309,97.9,5,-113
85bdd859-2950-4c3f-9a66-ef73d99a4352-49,EDC_BS6_PERIODIC,2025-12-06 05:06:08,2025-12-07 14:14:53,16.5679088,80.684416,13658,8252,FixOK,A,ObV5CS1912,T417F6b453,"400 K V Sub Station Rd, Nunna, Andhra Pradesh 521212, India",331808.25,51.51,IgnitionOn,1,17.383,100.19,4,-113
85bdd859-2950-4c3f-9a66-ef73d99a4352-50,EDC_BS6_PERIODIC,2025-12-06 05:06:14,2025-12-07 14:14:53,16.5677632,80.6851968,13659,8252,FixOK,A,ObV5CS1912,T417F6b453,"400 K V Sub Station Rd, Nunna, Andhra Pradesh 521212, India",331808.375,52.62,IgnitionOn,1,17.2,100.59,5,-113
19486077-4c93-4ce8-8821-67e2f347e2dc-1,EDC_BS6_PERIODIC,2025-12-06 05:06:20,2025-12-07 14:15:14,16.5676304,80.685952,13660,8252,FixOK,A,ObV5CS1912,T417F6b453,"400 K V Sub Station Rd, Nunna, Andhra Pradesh 521212, India",331808.5,50.88,IgnitionOn,1,16.84,99.8,5,-113
19486077-4c93-4ce8-8821-67e2f347e2dc-2,EDC_BS6_PERIODIC,2025-12-06 05:06:26,2025-12-07 14:15:14,16.5675056,80.686688,13661,8252,FixOK,A,ObV5CS1912,T417F6b453,"400 K V Sub Station Rd, Nunna, Andhra Pradesh 521212, India",331808.5,49.49,IgnitionOn,1,16.799,99.59,5,-113
19486077-4c93-4ce8-8821-67e2f347e2dc-3,EDC_BS6_PERIODIC,2025-12-06 05:06:32,2025-12-07 14:15:14,16.5674688,80.6874112,13662,8252,FixOK,A,ObV5CS1912,T417F6b453,"400 K V Sub Station Rd, Nunna, Andhra Pradesh 521212, India",331808.625,47.64,IgnitionOn,1,16.389,96.9,5,-113
19486077-4c93-4ce8-8821-67e2f347e2dc-4,EDC_BS6_PERIODIC,2025-12-06 05:06:38,2025-12-07 14:15:14,16.5674864,80.6881152,13663,8252,FixOK,A,ObV5CS1912,T417F6b453,"400 K V Sub Station Rd, Nunna, Andhra Pradesh 521212, India",331808.75,46.66,IgnitionOn,1,16.18,86.4,4,-113
19486077-4c93-4ce8-8821-67e2f347e2dc-5,EDC_BS6_PERIODIC,2025-12-06 05:06:44,2025-12-07 14:15:14,16.5674544,80.6886464,13664,8252,FixOK,A,ObV5CS1912,T417F6b453,"Nunna Bypass Rd, Vedurupavuluru, Andhra Pradesh, India",331808.75,36.5,IgnitionOn,1,16.281,94.5,4,-113
19486077-4c93-4ce8-8821-67e2f347e2dc-6,EDC_BS6_PERIODIC,2025-12-06 05:06:50,2025-12-07 14:15:14,16.5674448,80.6890176,13665,8252,FixOK,A,ObV5CS1912,T417F6b453,"Nunna Bypass Rd, Vedurupavuluru, Andhra Pradesh, India",331808.875,30.67,IgnitionOn,1,16.35,86.4,5,-113
19486077-4c93-4ce8-8821-67e2f347e2dc-7,EDC_BS6_PERIODIC,2025-12-06 05:06:56,2025-12-07 14:15:14,16.5674432,80.6890176,13666,8252,FixOK,A,ObV5CS1912,T417F6b453,"Nunna Bypass Rd, Vedurupavuluru, Andhra Pradesh, India",331808.875,0,IgnitionOn,1,16.319,86.4,4,-113
19486077-4c93-4ce8-8821-67e2f347e2dc-8,EDC_BS6_PERIODIC,2025-12-06 05:07:02,2025-12-07 14:15:14,16.5674496,80.6890112,13667,8252,FixOK,A,ObV5CS1912,T417F6b453,"Nunna Bypass Rd, Vedurupavuluru, Andhra Pradesh, India",331808.875,0,IgnitionOn,1,16.299,86.4,4,-113
19486077-4c93-4ce8-8821-67e2f347e2dc-9,EDC_BS6_PERIODIC,2025-12-06 05:07:08,2025-12-07 14:15:14,16.5674656,80.68896,13668,8252,FixOK,A,ObV5CS1912,T417F6b453,"Nunna Bypass Rd, Vedurupavuluru, Andhra Pradesh, India",331808.875,3.02,IgnitionOn,1,15.59,86.4,4,-113
19486077-4c93-4ce8-8821-67e2f347e2dc-10,EDC_BS6_PERIODIC,2025-12-06 05:07:14,2025-12-07 14:15:14,16.567472,80.6889088,13669,8252,FixOK,A,ObV5CS1912,T417F6b453,"Nunna Bypass Rd, Vedurupavuluru, Andhra Pradesh, India",331808.875,3.09,IgnitionOn,1,15.689,86.4,4,-113
19486077-4c93-4ce8-8821-67e2f347e2dc-11,EDC_BS6_PERIODIC,2025-12-06 05:07:20,2025-12-07 14:15:14,16.567472,80.6888576,13670,8252,FixOK,A,ObV5CS1912,T417F6b453,"Nunna Bypass Rd, Vedurupavuluru, Andhra Pradesh, India",331808.875,3.04,IgnitionOn,1,15.647,86.4,4,-113
19486077-4c93-4ce8-8821-67e2f347e2dc-12,EDC_BS6_PERIODIC,2025-12-06 05:07:26,2025-12-07 14:15:14,16.5674816,80.6888,13671,8252,FixOK,A,ObV5CS1912,T417F6b453,"Nunna Bypass Rd, Vedurupavuluru, Andhra Pradesh, India",331808.875,3.07,IgnitionOn,1,15.699,282.39,4,-113
19486077-4c93-4ce8-8821-67e2f347e2dc-13,EDC_BS6_PERIODIC,2025-12-06 05:07:32,2025-12-07 14:15:14,16.5674816,80.6887616,13672,8252,FixOK,A,ObV5CS1912,T417F6b453,"Nunna Bypass Rd, Vedurupavuluru, Andhra Pradesh, India",331808.875,2.71,IgnitionOn,1,16.209,282.39,4,-113
19486077-4c93-4ce8-8821-67e2f347e2dc-14,EDC_BS6_PERIODIC,2025-12-06 05:07:38,2025-12-07 14:15:14,16.56748,80.6887424,13673,8252,FixOK,A,ObV5CS1912,T417F6b453,"Nunna Bypass Rd, Vedurupavuluru, Andhra Pradesh, India",331808.875,1.76,IgnitionOn,1,16.239,282.39,4,-113
19486077-4c93-4ce8-8821-67e2f347e2dc-15,EDC_BS6_PERIODIC,2025-12-06 05:07:44,2025-12-07 14:15:14,16.5675056,80.6887808,13674,8252,FixOK,A,ObV5CS1912,T417F6b453,"400 K V Sub Station Rd, Nunna, Andhra Pradesh 521212, India",331808.875,4.3,IgnitionOn,1,16.34,282.39,4,-113
19486077-4c93-4ce8-8821-67e2f347e2dc-16,EDC_BS6_PERIODIC,2025-12-06 05:07:50,2025-12-07 14:15:14,16.5675568,80.688864,13675,8252,FixOK,A,ObV5CS1912,T417F6b453,"400 K V Sub Station Rd, Nunna, Andhra Pradesh 521212, India",331808.875,6.91,IgnitionOn,1,16.02,43.29,5,-113
19486077-4c93-4ce8-8821-67e2f347e2dc-17,EDC_BS6_PERIODIC,2025-12-06 05:07:56,2025-12-07 14:15:14,16.5676336,80.689056,13676,8252,FixOK,A,ObV5CS1912,T417F6b453,"400 K V Sub Station Rd, Nunna, Andhra Pradesh 521212, India",331808.875,13.93,IgnitionOn,1,16.042,77.09,6,-113
19486077-4c93-4ce8-8821-67e2f347e2dc-18,EDC_BS6_PERIODIC,2025-12-06 05:08:02,2025-12-07 14:15:14,16.5676544,80.6893696,13677,8252,FixOK,A,ObV5CS1912,T417F6b453,"400 K V Sub Station Rd, Nunna, Andhra Pradesh 521212, India",331809,20.02,IgnitionOn,1,15.989,85.8,5,-113
19486077-4c93-4ce8-8821-67e2f347e2dc-19,EDC_BS6_PERIODIC,2025-12-06 05:08:08,2025-12-07 14:15:14,16.56772,80.6897792,13678,8252,FixOK,A,ObV5CS1912,T417F6b453,"Nunna Bypass Rd, Vedurupavuluru, Andhra Pradesh, India",331809,28.3,IgnitionOn,1,15.93,80.9,4,-113
19486077-4c93-4ce8-8821-67e2f347e2dc-20,EDC_BS6_PERIODIC,2025-12-06 05:08:14,2025-12-07 14:15:14,16.567832,80.6902464,13679,8252,FixOK,A,ObV5CS1912,T417F6b453,"Nunna Bypass Rd, Vedurupavuluru, Andhra Pradesh, India",331809,32.24,IgnitionOn,1,16.25,73.59,4,-113
19486077-4c93-4ce8-8821-67e2f347e2dc-21,EDC_BS6_PERIODIC,2025-12-06 05:08:20,2025-12-07 14:15:14,16.5679184,80.690784,13680,8252,FixOK,A,ObV5CS1912,T417F6b453,"Nunna Bypass Rd, Vedurupavuluru, Andhra Pradesh, India",331809.125,34.34,IgnitionOn,1,16.42,79.5,4,-113
19486077-4c93-4ce8-8821-67e2f347e2dc-22,EDC_BS6_PERIODIC,2025-12-06 05:08:26,2025-12-07 14:15:14,16.5680272,80.691296,13681,8252,FixOK,A,ObV5CS1912,T417F6b453,"Nunna Bypass Rd, Vedurupavuluru, Andhra Pradesh, India",331809.125,35.67,IgnitionOn,1,16.409,76.69,4,-113
19486077-4c93-4ce8-8821-67e2f347e2dc-23,EDC_BS6_PERIODIC,2025-12-06 05:08:32,2025-12-07 14:15:14,16.5681824,80.691808,13682,8252,FixOK,A,ObV5CS1912,T417F6b453,"Nunna Bypass Rd, Vedurupavuluru, Andhra Pradesh, India",331809.25,36.51,IgnitionOn,1,16.503,68.69,4,-113
19486077-4c93-4ce8-8821-67e2f347e2dc-24,EDC_BS6_PERIODIC,2025-12-06 05:08:38,2025-12-07 14:15:14,16.5683616,80.692288,13683,8252,FixOK,A,ObV5CS1912,T417F6b453,"Nunna Bypass Rd, Vedurupavuluru, Andhra Pradesh, India",331809.25,35.78,IgnitionOn,1,16.639,67.5,4,-113
19486077-4c93-4ce8-8821-67e2f347e2dc-25,EDC_BS6_PERIODIC,2025-12-06 05:08:44,2025-12-07 14:15:14,16.5684656,80.692704,13684,8252,FixOK,A,ObV5CS1912,T417F6b453,"HM9V+954, Nunna Bypass Rd, Vedurupavuluru, Andhra Pradesh 521107, India",331809.375,28.14,IgnitionOn,1,16.719,74.3,4,-113
19486077-4c93-4ce8-8821-67e2f347e2dc-26,EDC_BS6_PERIODIC,2025-12-06 05:08:50,2025-12-07 14:15:14,16.5685344,80.6929856,13685,8252,FixOK,A,ObV5CS1912,T417F6b453,"Nunna Bypass Rd, Vedurupavuluru, Andhra Pradesh, India",331809.375,17.71,IgnitionOn,1,16.829,62.59,4,-113
19486077-4c93-4ce8-8821-67e2f347e2dc-27,EDC_BS6_PERIODIC,2025-12-06 05:08:56,2025-12-07 14:15:14,16.5685904,80.693088,13686,8252,FixOK,A,ObV5CS1912,T417F6b453,"Nunna Bypass Rd, Vedurupavuluru, Andhra Pradesh, India",331809.375,4.96,IgnitionOn,1,16.899,55.7,4,-113
19486077-4c93-4ce8-8821-67e2f347e2dc-28,EDC_BS6_PERIODIC,2025-12-06 05:09:02,2025-12-07 14:15:14,16.5685664,80.6931712,13687,8252,FixOK,A,ObV5CS1912,T417F6b453,"Nunna Bypass Rd, Vedurupavuluru, Andhra Pradesh, India",331809.375,4.38,IgnitionOn,1,16.94,104.19,4,-113
19486077-4c93-4ce8-8821-67e2f347e2dc-29,EDC_BS6_PERIODIC,2025-12-06 05:09:08,2025-12-07 14:15:14,16.5685504,80.6932992,13688,8252,FixOK,A,ObV5CS1912,T417F6b453,"Nunna Bypass Rd, Vedurupavuluru, Andhra Pradesh, India",331809.375,11.24,IgnitionOn,1,17.005,98.8,4,-113
19486077-4c93-4ce8-8821-67e2f347e2dc-30,EDC_BS6_PERIODIC,2025-12-06 05:09:14,2025-12-07 14:15:14,16.5686288,80.6935424,13689,8252,FixOK,A,ObV5CS1912,T417F6b453,"HM9V+954, Nunna Bypass Rd, Vedurupavuluru, Andhra Pradesh 521107, India",331809.5,17.48,IgnitionOn,1,17.11,77.19,4,-113
19486077-4c93-4ce8-8821-67e2f347e2dc-31,EDC_BS6_PERIODIC,2025-12-06 05:09:20,2025-12-07 14:15:14,16.5687504,80.69392,13690,8252,FixOK,A,ObV5CS1912,T417F6b453,"HM9V+954, Nunna Bypass Rd, Vedurupavuluru, Andhra Pradesh 521107, India",331809.5,30.12,IgnitionOn,1,17.229,74,4,-113
19486077-4c93-4ce8-8821-67e2f347e2dc-32,EDC_BS6_PERIODIC,2025-12-06 05:09:26,2025-12-07 14:15:14,16.5688256,80.6943936,13691,8252,FixOK,A,ObV5CS1912,T417F6b453,"HM9V+954, Nunna Bypass Rd, Vedurupavuluru, Andhra Pradesh 521107, India",331809.5,30.64,IgnitionOn,1,17.29,80,4,-113
19486077-4c93-4ce8-8821-67e2f347e2dc-33,EDC_BS6_PERIODIC,2025-12-06 05:09:32,2025-12-07 14:15:14,16.5688656,80.6948864,13692,8252,FixOK,A,ObV5CS1912,T417F6b453,"Nunna Bypass Rd, Vedurupavuluru, Andhra Pradesh, India",331809.625,34.18,IgnitionOn,1,17.27,84.19,4,-113
19486077-4c93-4ce8-8821-67e2f347e2dc-34,EDC_BS6_PERIODIC,2025-12-06 05:09:38,2025-12-07 14:15:14,16.5689152,80.6954304,13693,8252,FixOK,A,ObV5CS1912,T417F6b453,"Nunna Bypass Rd, Vedurupavuluru, Andhra Pradesh, India",331809.625,34.75,IgnitionOn,1,17.049,78.3,4,-113
19486077-4c93-4ce8-8821-67e2f347e2dc-35,EDC_BS6_PERIODIC,2025-12-06 05:09:44,2025-12-07 14:15:14,16.5688992,80.6960128,13694,8252,FixOK,A,ObV5CS1912,T417F6b453,"Nunna Bypass Rd, Vedurupavuluru, Andhra Pradesh, India",331809.75,34.2,IgnitionOn,1,17.133,89.3,4,-113
19486077-4c93-4ce8-8821-67e2f347e2dc-36,EDC_BS6_PERIODIC,2025-12-06 05:09:50,2025-12-07 14:15:14,16.5688704,80.696608,13695,8252,FixOK,A,ObV5CS1912,T417F6b453,"Nunna Road, Vedurupavuluru, Andhra Pradesh 521107, India",331809.75,34.34,IgnitionOn,1,17.139,88.19,4,-113
19486077-4c93-4ce8-8821-67e2f347e2dc-37,EDC_BS6_PERIODIC,2025-12-06 05:09:56,2025-12-07 14:15:14,16.5689408,80.6971136,13696,8252,FixOK,A,ObV5CS1912,T417F6b453,"Nunna Road, Vedurupavuluru, Andhra Pradesh 521107, India",331809.875,33.61,IgnitionOn,1,16.979,82,4,-113
19486077-4c93-4ce8-8821-67e2f347e2dc-38,EDC_BS6_PERIODIC,2025-12-06 05:10:02,2025-12-07 14:15:14,16.569104,80.6975744,13697,8252,FixOK,A,ObV5CS1912,T417F6b453,"Nunna Road, Vedurupavuluru, Andhra Pradesh 521107, India",331809.875,32.19,IgnitionOn,1,16.969,71.9,4,-113
19486077-4c93-4ce8-8821-67e2f347e2dc-39,EDC_BS6_PERIODIC,2025-12-06 05:10:08,2025-12-07 14:15:14,16.5692816,80.6979968,13698,8252,FixOK,A,ObV5CS1912,T417F6b453,"Nunna Road, Vedurupavuluru, Andhra Pradesh 521107, India",331810,33.64,IgnitionOn,1,17.37,67,4,-113
19486077-4c93-4ce8-8821-67e2f347e2dc-40,EDC_BS6_PERIODIC,2025-12-06 05:10:14,2025-12-07 14:15:14,16.5694304,80.6983808,13699,8252,FixOK,A,ObV5CS1912,T417F6b453,"Nunna Road, Vedurupavuluru, Andhra Pradesh 521107, India",331810,30.37,IgnitionOn,1,18.209,69.69,4,-113
19486077-4c93-4ce8-8821-67e2f347e2dc-41,EDC_BS6_PERIODIC,2025-12-06 05:10:20,2025-12-07 14:15:14,16.5695184,80.6986496,13700,8252,FixOK,A,ObV5CS1912,T417F6b453,"Nunna Road, Vedurupavuluru, Andhra Pradesh 521107, India",331810,15.95,IgnitionOn,1,19.019,77.19,4,-113
19486077-4c93-4ce8-8821-67e2f347e2dc-42,EDC_BS6_PERIODIC,2025-12-06 05:10:26,2025-12-07 14:15:14,16.5695408,80.6987776,13701,8252,FixOK,A,ObV5CS1912,T417F6b453,"Nunna Road, Vedurupavuluru, Andhra Pradesh 521107, India",331810.125,13.1,IgnitionOn,1,21.299,96,4,-113
19486077-4c93-4ce8-8821-67e2f347e2dc-43,EDC_BS6_PERIODIC,2025-12-06 05:10:32,2025-12-07 14:15:14,16.5696384,80.6990656,13702,8252,FixOK,A,ObV5CS1912,T417F6b453,"Nunna Road, Vedurupavuluru, Andhra Pradesh 521107, India",331810.125,20.57,IgnitionOn,1,23.43,80.09,4,-113
19486077-4c93-4ce8-8821-67e2f347e2dc-44,EDC_BS6_PERIODIC,2025-12-06 05:10:38,2025-12-07 14:15:14,16.5697632,80.6994432,13703,8252,FixOK,A,ObV5CS1912,T417F6b453,"Nunna Road, Vedurupavuluru, Andhra Pradesh 521107, India",331810.125,28.8,IgnitionOn,1,26.129,73.09,4,-113
19486077-4c93-4ce8-8821-67e2f347e2dc-45,EDC_BS6_PERIODIC,2025-12-06 05:10:44,2025-12-07 14:15:14,16.5699024,80.699936,13704,8252,FixOK,A,ObV5CS1912,T417F6b453,"Nunna Road, Vedurupavuluru, Andhra Pradesh 521107, India",331810.25,32.01,IgnitionOn,1,29.18,75.3,4,-113
19486077-4c93-4ce8-8821-67e2f347e2dc-46,EDC_BS6_PERIODIC,2025-12-06 05:10:50,2025-12-07 14:15:14,16.5700736,80.7004672,13705,8252,FixOK,A,ObV5CS1912,T417F6b453,"Nunna Road, Vedurupavuluru, Andhra Pradesh 521107, India",331810.25,35.52,IgnitionOn,1,32.619,70.3,4,-113
19486077-4c93-4ce8-8821-67e2f347e2dc-47,EDC_BS6_PERIODIC,2025-12-06 05:10:56,2025-12-07 14:15:14,16.5701904,80.7010496,13706,8252,FixOK,A,ObV5CS1912,T417F6b453,"Nunna Road, Vedurupavuluru, Andhra Pradesh 521107, India",331810.375,36.86,IgnitionOn,1,35.011,70.9,5,-113
19486077-4c93-4ce8-8821-67e2f347e2dc-48,EDC_BS6_PERIODIC,2025-12-06 05:11:02,2025-12-07 14:15:14,16.5701856,80.701536,13707,8252,FixOK,A,ObV5CS1912,T417F6b453,"Nunna Road, Vedurupavuluru, Andhra Pradesh 521107, India",331810.375,29.91,IgnitionOn,1,41.939,82.3,4,-113
19486077-4c93-4ce8-8821-67e2f347e2dc-49,EDC_BS6_PERIODIC,2025-12-06 05:11:08,2025-12-07 14:15:14,16.5701616,80.7018368,13708,8252,FixOK,A,ObV5CS1912,T417F6b453,"Nunna Road, Vedurupavuluru, Andhra Pradesh 521107, India",331810.375,16.04,IgnitionOn,1,46.2,89.19,4,-113
19486077-4c93-4ce8-8821-67e2f347e2dc-50,EDC_BS6_PERIODIC,2025-12-06 05:11:14,2025-12-07 14:15:14,16.5701344,80.7019008,13709,8252,FixOK,A,ObV5CS1912,T417F6b453,"Nunna Road, Vedurupavuluru, Andhra Pradesh 521107, India",331810.375,3.91,IgnitionOn,1,49.919,118.09,5,-113
cf1c9c24-0b7a-4e38-86fe-a65a493b3043-1,EDC_BS6_PERIODIC,2025-12-06 05:11:20,2025-12-07 14:15:29,16.5701504,80.701984,13710,8252,FixOK,A,ObV5CS1912,T417F6b453,"Nunna Road, Vedurupavuluru, Andhra Pradesh 521107, India",331810.5,8.29,IgnitionOn,1,53.729,68.59,5,-113
cf1c9c24-0b7a-4e38-86fe-a65a493b3043-2,EDC_BS6_PERIODIC,2025-12-06 05:11:26,2025-12-07 14:15:29,16.5701888,80.702176,13711,8252,FixOK,A,ObV5CS1912,T417F6b453,"Nunna Road, Vedurupavuluru, Andhra Pradesh 521107, India",331810.5,16.25,IgnitionOn,1,56.819,81.9,5,-113
cf1c9c24-0b7a-4e38-86fe-a65a493b3043-3,EDC_BS6_PERIODIC,2025-12-06 05:11:32,2025-12-07 14:15:29,16.5701984,80.7025152,13712,8252,FixOK,A,ObV5CS1912,T417F6b453,"Nunna Road, Vedurupavuluru, Andhra Pradesh 521107, India",331810.5,23.62,IgnitionOn,1,57.969,85.69,5,-113
cf1c9c24-0b7a-4e38-86fe-a65a493b3043-4,EDC_BS6_PERIODIC,2025-12-06 05:11:38,2025-12-07 14:15:29,16.5702528,80.702944,13713,8252,FixOK,A,ObV5CS1912,T417F6b453,"Nunna Road, Vedurupavuluru, Andhra Pradesh 521107, India",331810.5,28.46,IgnitionOn,1,60.65,83.5,5,-113
cf1c9c24-0b7a-4e38-86fe-a65a493b3043-5,EDC_BS6_PERIODIC,2025-12-06 05:11:44,2025-12-07 14:15:29,16.5703488,80.703456,13714,8252,FixOK,A,ObV5CS1912,T417F6b453,"Nunna Road, Vedurupavuluru, Andhra Pradesh 521107, India",331810.625,34.32,IgnitionOn,1,63.459,79.4,5,-113
cf1c9c24-0b7a-4e38-86fe-a65a493b3043-6,EDC_BS6_PERIODIC,2025-12-06 05:11:50,2025-12-07 14:15:29,16.5704512,80.704032,13715,8252,FixOK,A,ObV5CS1912,T417F6b453,"Nunna Road, Vedurupavuluru, Andhra Pradesh 521107, India",331810.625,38.87,IgnitionOn,1,66.19,80.3,5,-113
cf1c9c24-0b7a-4e38-86fe-a65a493b3043-7,EDC_BS6_PERIODIC,2025-12-06 05:11:56,2025-12-07 14:15:29,16.570576,80.7046144,13716,8252,FixOK,A,ObV5CS1912,T417F6b453,"Unnamed Road, Vedurupavuluru, Andhra Pradesh 521107, India",331810.75,40.68,IgnitionOn,1,69.23,75.59,4,-113
cf1c9c24-0b7a-4e38-86fe-a65a493b3043-8,EDC_BS6_PERIODIC,2025-12-06 05:12:02,2025-12-07 14:15:29,16.5706944,80.7052224,13717,8252,FixOK,A,ObV5CS1912,T417F6b453,"Unnamed Road, Vedurupavuluru, Andhra Pradesh 521107, India",331810.75,42.42,IgnitionOn,1,72.849,78.19,5,-113
cf1c9c24-0b7a-4e38-86fe-a65a493b3043-9,EDC_BS6_PERIODIC,2025-12-06 05:12:08,2025-12-07 14:15:29,16.5707984,80.7058176,13718,8252,FixOK,A,ObV5CS1912,T417F6b453,"Unnamed Road, Vedurupavuluru, Andhra Pradesh 521107, India",331810.875,41.05,IgnitionOn,1,75.215,80.3,5,-113
cf1c9c24-0b7a-4e38-86fe-a65a493b3043-10,EDC_BS6_PERIODIC,2025-12-06 05:12:14,2025-12-07 14:15:29,16.570912,80.706432,13719,8252,FixOK,A,ObV5CS1912,T417F6b453,"Unnamed Road, Vedurupavuluru, Andhra Pradesh 521107, India",331810.875,41.88,IgnitionOn,1,80.639,78.4,5,-113
cf1c9c24-0b7a-4e38-86fe-a65a493b3043-11,EDC_BS6_PERIODIC,2025-12-06 05:12:20,2025-12-07 14:15:29,16.5710256,80.707072,13720,8252,FixOK,A,ObV5CS1912,T417F6b453,"Unnamed Road, Vedurupavuluru, Andhra Pradesh 521107, India",331811,41.83,IgnitionOn,1,84.08,79.59,5,-113
cf1c9c24-0b7a-4e38-86fe-a65a493b3043-12,EDC_BS6_PERIODIC,2025-12-06 05:12:26,2025-12-07 14:15:29,16.5711488,80.7077056,13721,8252,FixOK,A,ObV5CS1912,T417F6b453,"Unnamed Road, Vedurupavuluru, Andhra Pradesh 521107, India",331811.125,42.33,IgnitionOn,1,87.269,78.3,5,-113
cf1c9c24-0b7a-4e38-86fe-a65a493b3043-13,EDC_BS6_PERIODIC,2025-12-06 05:12:32,2025-12-07 14:15:29,16.5712896,80.7083392,13722,8252,FixOK,A,ObV5CS1912,T417F6b453,"Unnamed Road, Vedurupavuluru, Andhra Pradesh 521107, India",331811.125,42.59,IgnitionOn,1,90.4,77.8,5,-113
cf1c9c24-0b7a-4e38-86fe-a65a493b3043-14,EDC_BS6_PERIODIC,2025-12-06 05:12:38,2025-12-07 14:15:29,16.5714352,80.7089344,13723,8252,FixOK,A,ObV5CS1912,T417F6b453,"Unnamed Road, Vedurupavuluru, Andhra Pradesh 521107, India",331811.25,42.59,IgnitionOn,1,93.319,76,5,-113
ba30ca51-41a9-4cdd-8594-51108afdbd36-1,EDC_BS6_PERIODIC,2025-12-06 05:12:44,2025-12-07 14:15:50,16.5715712,80.7095616,13724,8252,FixOK,A,ObV5CS1912,T417F6b453,"Unnamed Road, Vedurupavuluru, Andhra Pradesh 521107, India",331811.25,42.26,IgnitionOn,1,94.829,77.5,5,-113
ba30ca51-41a9-4cdd-8594-51108afdbd36-2,EDC_BS6_PERIODIC,2025-12-06 05:12:50,2025-12-07 14:15:50,16.5716816,80.7101952,13725,8252,FixOK,A,ObV5CS1912,T417F6b453,"Unnamed Road, Vedurupavuluru, Andhra Pradesh 521107, India",331811.375,42.79,IgnitionOn,1,97.989,80.09,5,-113
ba30ca51-41a9-4cdd-8594-51108afdbd36-3,EDC_BS6_PERIODIC,2025-12-06 05:12:56,2025-12-07 14:15:50,16.5717904,80.7108352,13726,8252,FixOK,A,ObV5CS1912,T417F6b453,"Unnamed Road, Vedurupavuluru, Andhra Pradesh 521107, India",331811.375,42.86,IgnitionOn,1,100.489,81.3,5,-113
ba30ca51-41a9-4cdd-8594-51108afdbd36-4,EDC_BS6_PERIODIC,2025-12-06 05:13:02,2025-12-07 14:15:50,16.5719056,80.7114752,13727,8252,FixOK,A,ObV5CS1912,T417F6b453,"Unnamed Road, Vedurupavuluru, Andhra Pradesh 521107, India",331811.5,43.25,IgnitionOn,1,103.11,78.69,5,-113
ba30ca51-41a9-4cdd-8594-51108afdbd36-5,EDC_BS6_PERIODIC,2025-12-06 05:13:08,2025-12-07 14:15:50,16.5720384,80.7121344,13728,8252,FixOK,A,ObV5CS1912,T417F6b453,"Unnamed Road, Vedurupavuluru, Andhra Pradesh 521107, India",331811.625,43.59,IgnitionOn,1,105.709,77.9,5,-113
ba30ca51-41a9-4cdd-8594-51108afdbd36-6,EDC_BS6_PERIODIC,2025-12-06 05:13:14,2025-12-07 14:15:50,16.5721616,80.7127936,13729,8252,FixOK,A,ObV5CS1912,T417F6b453,"Unnamed Road, Vedurupavuluru, Andhra Pradesh 521107, India",331811.625,44.37,IgnitionOn,1,108.349,80,5,-113
ba30ca51-41a9-4cdd-8594-51108afdbd36-7,EDC_BS6_PERIODIC,2025-12-06 05:13:20,2025-12-07 14:15:50,16.5722832,80.7134208,13730,8252,FixOK,A,ObV5CS1912,T417F6b453,"Unnamed Road, Vedurupavuluru, Andhra Pradesh 521107, India",331811.75,43.07,IgnitionOn,1,109.233,79.3,5,-113
ba30ca51-41a9-4cdd-8594-51108afdbd36-8,EDC_BS6_PERIODIC,2025-12-06 05:13:26,2025-12-07 14:15:50,16.5724144,80.7139968,13731,8252,FixOK,A,ObV5CS1912,T417F6b453,"Unnamed Road, Vedurupavuluru, Andhra Pradesh 521107, India",331811.875,40.77,IgnitionOn,1,108.98,77.5,6,-113
ba30ca51-41a9-4cdd-8594-51108afdbd36-9,EDC_BS6_PERIODIC,2025-12-06 05:13:32,2025-12-07 14:15:50,16.5725504,80.7144896,13732,8252,FixOK,A,ObV5CS1912,T417F6b453,"Unnamed Road, Vedurupavuluru, Andhra Pradesh 521107, India",331811.875,35.27,IgnitionOn,1,108.339,74.8,6,-113
ba30ca51-41a9-4cdd-8594-51108afdbd36-10,EDC_BS6_PERIODIC,2025-12-06 05:13:38,2025-12-07 14:15:50,16.5727024,80.714976,13733,8252,FixOK,A,ObV5CS1912,T417F6b453,"Unnamed Road, Vedurupavuluru, Andhra Pradesh 521107, India",331812,33.21,IgnitionOn,1,107.73,71.5,4,-113
ba30ca51-41a9-4cdd-8594-51108afdbd36-11,EDC_BS6_PERIODIC,2025-12-06 05:13:44,2025-12-07 14:15:50,16.5728144,80.7153792,13734,8252,FixOK,A,ObV5CS1912,T417F6b453,"Unnamed Road, Vedurupavuluru, Andhra Pradesh 521107, India",331812,30.44,IgnitionOn,1,107.23,75.69,6,-113
ba30ca51-41a9-4cdd-8594-51108afdbd36-12,EDC_BS6_PERIODIC,2025-12-06 05:13:50,2025-12-07 14:15:50,16.572896,80.7157504,13735,8252,FixOK,A,ObV5CS1912,T417F6b453,"Unnamed Road, Vedurupavuluru, Andhra Pradesh 521107, India",331812,27.45,IgnitionOn,1,106.639,83.19,6,-113
ba30ca51-41a9-4cdd-8594-51108afdbd36-13,EDC_BS6_PERIODIC,2025-12-06 05:13:56,2025-12-07 14:15:50,16.5728928,80.7162176,13736,8252,FixOK,A,ObV5CS1912,T417F6b453,"Unnamed Road, Vedurupavuluru, Andhra Pradesh 521107, India",331812.125,27.75,IgnitionOn,1,104.263,88.4,6,-113
ba30ca51-41a9-4cdd-8594-51108afdbd36-14,EDC_BS6_PERIODIC,2025-12-06 05:14:02,2025-12-07 14:15:50,16.5728864,80.7167104,13737,8252,FixOK,A,ObV5CS1912,T417F6b453,"Unnamed Road, Vedurupavuluru, Andhra Pradesh 521107, India",331812.125,31.33,IgnitionOn,1,96.87,88.8,6,-113
ba30ca51-41a9-4cdd-8594-51108afdbd36-15,EDC_BS6_PERIODIC,2025-12-06 05:14:08,2025-12-07 14:15:50,16.573008,80.7172352,13738,8252,FixOK,A,ObV5CS1912,T417F6b453,"Unnamed Road, Vedurupavuluru, Andhra Pradesh 521107, India",331812.25,34.71,IgnitionOn,1,96.11,76.5,6,-113
ba30ca51-41a9-4cdd-8594-51108afdbd36-16,EDC_BS6_PERIODIC,2025-12-06 05:14:14,2025-12-07 14:15:50,16.5731504,80.7178112,13739,8252,FixOK,A,ObV5CS1912,T417F6b453,"Unnamed Road, Vedurupavuluru, Andhra Pradesh 521107, India",331812.25,38.57,IgnitionOn,1,95.37,75.5,6,-113
ba30ca51-41a9-4cdd-8594-51108afdbd36-17,EDC_BS6_PERIODIC,2025-12-06 05:14:20,2025-12-07 14:15:50,16.5732784,80.7184576,13740,8252,FixOK,A,ObV5CS1912,T417F6b453,"Unnamed Road, Vedurupavuluru, Andhra Pradesh 521107, India",331812.375,43.02,IgnitionOn,1,94.639,78.8,7,-113
ba30ca51-41a9-4cdd-8594-51108afdbd36-18,EDC_BS6_PERIODIC,2025-12-06 05:14:26,2025-12-07 14:15:50,16.5734016,80.7191552,13741,8252,FixOK,A,ObV5CS1912,T417F6b453,"Unnamed Road, Vedurupavuluru, Andhra Pradesh 521107, India",331812.375,45.42,IgnitionOn,1,93.739,80.59,7,-113
ba30ca51-41a9-4cdd-8594-51108afdbd36-19,EDC_BS6_PERIODIC,2025-12-06 05:14:32,2025-12-07 14:15:50,16.5735216,80.7198336,13742,8252,FixOK,A,ObV5CS1912,T417F6b453,"Unnamed Road, Vedurupavuluru, Andhra Pradesh 521107, India",331812.5,44.54,IgnitionOn,1,93.267,79.8,7,-113
ba30ca51-41a9-4cdd-8594-51108afdbd36-20,EDC_BS6_PERIODIC,2025-12-06 05:14:38,2025-12-07 14:15:50,16.5736544,80.7204864,13743,8252,FixOK,A,ObV5CS1912,T417F6b453,"Unnamed Road, Vedurupavuluru, Andhra Pradesh 521107, India",331812.625,43.62,IgnitionOn,1,92.489,77.59,6,-113
ba30ca51-41a9-4cdd-8594-51108afdbd36-21,EDC_BS6_PERIODIC,2025-12-06 05:14:44,2025-12-07 14:15:50,16.5737888,80.721088,13744,8252,FixOK,A,ObV5CS1912,T417F6b453,"Unnamed Road, Vedurupavuluru, Andhra Pradesh 521107, India",331812.625,41.6,IgnitionOn,1,92.16,77.69,7,-113
ba30ca51-41a9-4cdd-8594-51108afdbd36-22,EDC_BS6_PERIODIC,2025-12-06 05:14:50,2025-12-07 14:15:50,16.5739104,80.7216576,13745,8252,FixOK,A,ObV5CS1912,T417F6b453,"Nunna Road, Vedurupavuluru, Andhra Pradesh 521107, India",331812.75,39.41,IgnitionOn,1,91.62,80.19,6,-113
ba30ca51-41a9-4cdd-8594-51108afdbd36-23,EDC_BS6_PERIODIC,2025-12-06 05:14:56,2025-12-07 14:15:50,16.5740272,80.7222272,13746,8252,FixOK,A,ObV5CS1912,T417F6b453,"Nunna Road, Vedurupavuluru, Andhra Pradesh 521107, India",331812.75,38.11,IgnitionOn,1,91.5,76.69,6,-113
ba30ca51-41a9-4cdd-8594-51108afdbd36-25,EDC_BS6_PERIODIC,2025-12-06 05:15:02,2025-12-07 14:15:50,16.5741632,80.7228032,13747,8252,FixOK,A,ObV5CS1912,T417F6b453,"Nunna Road, Vedurupavuluru, Andhra Pradesh 521107, India",331812.875,39.65,IgnitionOn,1,91.51,77,6,-113
ba30ca51-41a9-4cdd-8594-51108afdbd36-26,EDC_BS6_PERIODIC,2025-12-06 05:15:08,2025-12-07 14:15:50,16.5743072,80.723392,13748,8252,FixOK,A,ObV5CS1912,T417F6b453,"Nunna Road, Vedurupavuluru, Andhra Pradesh 521107, India",331812.875,41.49,IgnitionOn,1,91.685,76.4,6,-113
ba30ca51-41a9-4cdd-8594-51108afdbd36-27,EDC_BS6_PERIODIC,2025-12-06 05:15:14,2025-12-07 14:15:50,16.5744384,80.7240448,13749,8252,FixOK,A,ObV5CS1912,T417F6b453,"Nunna Road, Surampalli, Andhra Pradesh 521107, India",331813,44.67,IgnitionOn,1,92.029,76.8,5,-113
ba30ca51-41a9-4cdd-8594-51108afdbd36-28,EDC_BS6_PERIODIC,2025-12-06 05:15:20,2025-12-07 14:15:50,16.5745696,80.724704,13750,8252,FixOK,A,ObV5CS1912,T417F6b453,"Nunna Road, Surampalli, Andhra Pradesh 521107, India",331813.125,44.27,IgnitionOn,1,92.319,77.09,6,-113
ba30ca51-41a9-4cdd-8594-51108afdbd36-29,EDC_BS6_PERIODIC,2025-12-06 05:15:26,2025-12-07 14:15:50,16.5747152,80.7253888,13751,8252,FixOK,A,ObV5CS1912,T417F6b453,"Nunna Road, Surampalli, Andhra Pradesh 521107, India",331813.125,46.52,IgnitionOn,1,92.75,78.5,6,-113
ba30ca51-41a9-4cdd-8594-51108afdbd36-30,EDC_BS6_PERIODIC,2025-12-06 05:15:32,2025-12-07 14:15:50,16.5748448,80.7260736,13752,8252,FixOK,A,ObV5CS1912,T417F6b453,"Nunna Road, Surampalli, Andhra Pradesh 521107, India",331813.25,46.14,IgnitionOn,1,92.849,78.5,6,-113
ba30ca51-41a9-4cdd-8594-51108afdbd36-31,EDC_BS6_PERIODIC,2025-12-06 05:15:38,2025-12-07 14:15:50,16.5749616,80.726752,13753,8252,FixOK,A,ObV5CS1912,T417F6b453,"Unnamed Road, Vedurupavuluru, Andhra Pradesh 521107, India",331813.375,45.54,IgnitionOn,1,92.389,80.19,6,-113
ba30ca51-41a9-4cdd-8594-51108afdbd36-32,EDC_BS6_PERIODIC,2025-12-06 05:15:44,2025-12-07 14:15:50,16.5750624,80.7274368,13754,8252,FixOK,A,ObV5CS1912,T417F6b453,"Unnamed Road, Vedurupavuluru, Andhra Pradesh 521107, India",331813.375,46.24,IgnitionOn,1,91.715,81.19,7,-113
ba30ca51-41a9-4cdd-8594-51108afdbd36-33,EDC_BS6_PERIODIC,2025-12-06 05:15:50,2025-12-07 14:15:50,16.5751056,80.7281152,13755,8252,FixOK,A,ObV5CS1912,T417F6b453,"Unnamed Road, Vedurupavuluru, Andhra Pradesh 521107, India",331813.5,46.91,IgnitionOn,1,91.089,84.9,5,-113
ba30ca51-41a9-4cdd-8594-51108afdbd36-34,EDC_BS6_PERIODIC,2025-12-06 05:15:56,2025-12-07 14:15:50,16.575128,80.7288192,13756,8252,FixOK,A,ObV5CS1912,T417F6b453,"Unnamed Road, Vedurupavuluru, Andhra Pradesh 521107, India",331813.625,47.45,IgnitionOn,1,90.12,87.09,6,-113
ba30ca51-41a9-4cdd-8594-51108afdbd36-35,EDC_BS6_PERIODIC,2025-12-06 05:16:02,2025-12-07 14:15:50,16.5751376,80.7295424,13757,8252,FixOK,A,ObV5CS1912,T417F6b453,"Unnamed Road, Vedurupavuluru, Andhra Pradesh 521107, India",331813.625,47.9,IgnitionOn,1,89.389,88.9,6,-113
ba30ca51-41a9-4cdd-8594-51108afdbd36-36,EDC_BS6_PERIODIC,2025-12-06 05:16:08,2025-12-07 14:15:50,16.5751264,80.7302784,13758,8252,FixOK,A,ObV5CS1912,T417F6b453,"Unnamed Road, Vedurupavuluru, Andhra Pradesh 521107, India",331813.75,48,IgnitionOn,1,88.16,90.59,6,-113
ba30ca51-41a9-4cdd-8594-51108afdbd36-37,EDC_BS6_PERIODIC,2025-12-06 05:16:14,2025-12-07 14:15:50,16.5751136,80.731008,13759,8252,FixOK,A,ObV5CS1912,T417F6b453,"Unnamed Road, Vedurupavuluru, Andhra Pradesh 521107, India",331813.875,48.39,IgnitionOn,1,87.01,90.59,5,-113
ba30ca51-41a9-4cdd-8594-51108afdbd36-38,EDC_BS6_PERIODIC,2025-12-06 05:16:20,2025-12-07 14:15:50,16.575024,80.731712,13760,8252,FixOK,A,ObV5CS1912,T417F6b453,"Unnamed Road, Vedurupavuluru, Andhra Pradesh 521107, India",331813.875,46.38,IgnitionOn,1,86.636,97.19,4,-113
ba30ca51-41a9-4cdd-8594-51108afdbd36-39,EDC_BS6_PERIODIC,2025-12-06 05:16:26,2025-12-07 14:15:50,16.5749824,80.732384,13761,8252,FixOK,A,ObV5CS1912,T417F6b453,"Unnamed Road, Vedurupavuluru, Andhra Pradesh 521107, India",331814,44.71,IgnitionOn,1,84.389,99.3,4,-113
ba30ca51-41a9-4cdd-8594-51108afdbd36-40,EDC_BS6_PERIODIC,2025-12-06 05:16:32,2025-12-07 14:15:50,16.5749104,80.7330304,13762,8252,FixOK,A,ObV5CS1912,T417F6b453,"Unnamed Road, Vedurupavuluru, Andhra Pradesh 521107, India",331814,43.04,IgnitionOn,1,80.779,98.59,4,-113
ba30ca51-41a9-4cdd-8594-51108afdbd36-41,EDC_BS6_PERIODIC,2025-12-06 05:16:38,2025-12-07 14:15:50,16.5748384,80.7336448,13763,8252,FixOK,A,ObV5CS1912,T417F6b453,"Unnamed Road, Vedurupavuluru, Andhra Pradesh 521107, India",331814.125,41.48,IgnitionOn,1,79.25,98.8,4,-113
ba30ca51-41a9-4cdd-8594-51108afdbd36-42,EDC_BS6_PERIODIC,2025-12-06 05:16:44,2025-12-07 14:15:50,16.5747632,80.73424,13764,8252,FixOK,A,ObV5CS1912,T417F6b453,"Unnamed Road, Vedurupavuluru, Andhra Pradesh 521107, India",331814.25,40.09,IgnitionOn,1,79.529,98.3,4,-113
ba30ca51-41a9-4cdd-8594-51108afdbd36-43,EDC_BS6_PERIODIC,2025-12-06 05:16:50,2025-12-07 14:15:50,16.5747008,80.7348608,13765,8252,FixOK,A,ObV5CS1912,T417F6b453,"Unnamed Road, Vedurupavuluru, Andhra Pradesh 521107, India",331814.25,40.52,IgnitionOn,1,79.68,98.4,4,-113
ba30ca51-41a9-4cdd-8594-51108afdbd36-44,EDC_BS6_PERIODIC,2025-12-06 05:16:56,2025-12-07 14:15:50,16.5746384,80.735488,13766,8252,FixOK,A,ObV5CS1912,T417F6b453,"Unnamed Road, Vedurupavuluru, Andhra Pradesh 521107, India",331814.375,41.36,IgnitionOn,1,79.803,94.5,4,-113
ba30ca51-41a9-4cdd-8594-51108afdbd36-45,EDC_BS6_PERIODIC,2025-12-06 05:17:02,2025-12-07 14:15:50,16.574584,80.7361152,13767,8252,FixOK,A,ObV5CS1912,T417F6b453,"Unnamed Road, Vedurupavuluru, Andhra Pradesh 521107, India",331814.375,40.57,IgnitionOn,1,80.18,95.4,4,-113
ba30ca51-41a9-4cdd-8594-51108afdbd36-46,EDC_BS6_PERIODIC,2025-12-06 05:17:08,2025-12-07 14:15:50,16.5745936,80.736704,13768,8252,FixOK,A,ObV5CS1912,T417F6b453,"Unnamed Road, Vedurupavuluru, Andhra Pradesh 521107, India",331814.5,39.13,IgnitionOn,1,79.69,92.19,4,-113
ba30ca51-41a9-4cdd-8594-51108afdbd36-47,EDC_BS6_PERIODIC,2025-12-06 05:17:14,2025-12-07 14:15:50,16.5746352,80.7373376,13769,8252,FixOK,A,ObV5CS1912,T417F6b453,"Unnamed Road, Vedurupavuluru, Andhra Pradesh 521107, India",331814.5,41.43,IgnitionOn,1,75.86,88.9,4,-113
ba30ca51-41a9-4cdd-8594-51108afdbd36-48,EDC_BS6_PERIODIC,2025-12-06 05:17:20,2025-12-07 14:15:50,16.5746544,80.738016,13770,8252,FixOK,A,ObV5CS1912,T417F6b453,"Unnamed Road, Vedurupavuluru, Andhra Pradesh 521107, India",331814.625,44.48,IgnitionOn,1,71.849,87.59,5,-113
ba30ca51-41a9-4cdd-8594-51108afdbd36-49,EDC_BS6_PERIODIC,2025-12-06 05:17:26,2025-12-07 14:15:50,16.5746944,80.7387008,13771,8252,FixOK,A,ObV5CS1912,T417F6b453,"Unnamed Road, Vedurupavuluru, Andhra Pradesh 521107, India",331814.75,46.14,IgnitionOn,1,70.4,87.9,5,-113
ba30ca51-41a9-4cdd-8594-51108afdbd36-50,DEVICE_METRICS,2025-12-06 05:17:42,2025-12-07 14:15:50,16.5746944,80.7387008,,8252,FixOK,,ObV5CS1912,T417F6b453,"Unnamed Road, Vedurupavuluru, Andhra Pradesh 521107, India",287246,,IgnitionOn,1,,,,
8dca8020-4578-493c-9389-d7d852618026-1,EDC_BS6_PERIODIC,2025-12-06 05:17:42,2025-12-07 14:16:11,16.5747568,80.7404224,13772,8252,FixOK,A,ObV5CS1912,T417F6b453,"Unnamed Road, Vedurupavuluru, Andhra Pradesh 521107, India",331814.875,44.57,IgnitionOn,1,64.79,87.9,5,-113
8dca8020-4578-493c-9389-d7d852618026-2,EDC_BS6_PERIODIC,2025-12-06 05:17:48,2025-12-07 14:16:11,16.5747984,80.7411968,13773,8252,FixOK,A,ObV5CS1912,T417F6b453,"Unnamed Road, Vedurupavuluru, Andhra Pradesh 521107, India",331815,44.97,IgnitionOn,1,60.25,87.9,5,-113
8dca8020-4578-493c-9389-d7d852618026-3,EDC_BS6_PERIODIC,2025-12-06 05:17:54,2025-12-07 14:16:11,16.5748256,80.7418752,13774,8252,FixOK,A,ObV5CS1912,T417F6b453,"Unnamed Road, Vedurupavuluru, Andhra Pradesh, India",331815.125,44.68,IgnitionOn,1,56.639,88.8,5,-113
8dca8020-4578-493c-9389-d7d852618026-4,EDC_BS6_PERIODIC,2025-12-06 05:18:00,2025-12-07 14:16:11,16.5748448,80.7425408,13775,8252,FixOK,A,ObV5CS1912,T417F6b453,"Unnamed Road, Vedurupavuluru, Andhra Pradesh, India",331815.125,45.45,IgnitionOn,1,54.61,88.3,5,-113
8dca8020-4578-493c-9389-d7d852618026-5,EDC_BS6_PERIODIC,2025-12-06 05:18:06,2025-12-07 14:16:11,16.5748864,80.743232,13776,8252,FixOK,A,ObV5CS1912,T417F6b453,"Unnamed Road, Vedurupavuluru, Andhra Pradesh, India",331815.25,45.6,IgnitionOn,1,53.631,87,5,-113
8dca8020-4578-493c-9389-d7d852618026-6,EDC_BS6_PERIODIC,2025-12-06 05:18:12,2025-12-07 14:16:11,16.5749024,80.7439104,13777,8252,FixOK,A,ObV5CS1912,T417F6b453,"Unnamed Road, Vedurupavuluru, Andhra Pradesh, India",331815.25,45.38,IgnitionOn,1,51.06,88.9,5,-113
8dca8020-4578-493c-9389-d7d852618026-7,EDC_BS6_PERIODIC,2025-12-06 05:18:18,2025-12-07 14:16:11,16.5749296,80.7445888,13778,8252,FixOK,A,ObV5CS1912,T417F6b453,"Unnamed Road, Vedurupavuluru, Andhra Pradesh, India",331815.375,45.24,IgnitionOn,1,49.13,88.4,5,-113
8dca8020-4578-493c-9389-d7d852618026-8,EDC_BS6_PERIODIC,2025-12-06 05:18:24,2025-12-07 14:16:11,16.5749648,80.7452928,13779,8252,FixOK,A,ObV5CS1912,T417F6b453,"Unnamed Road, Vedurupavuluru, Andhra Pradesh, India",331815.5,46,IgnitionOn,1,48.169,88.19,5,-113
8dca8020-4578-493c-9389-d7d852618026-9,EDC_BS6_PERIODIC,2025-12-06 05:18:30,2025-12-07 14:16:11,16.5749824,80.7459712,13780,8252,FixOK,A,ObV5CS1912,T417F6b453,"Unnamed Road, Vedurupavuluru, Andhra Pradesh, India",331815.5,44.4,IgnitionOn,1,46.84,88.19,5,-113
8dca8020-4578-493c-9389-d7d852618026-10,EDC_BS6_PERIODIC,2025-12-06 05:18:36,2025-12-07 14:16:11,16.5750112,80.746624,13781,8252,FixOK,A,ObV5CS1912,T417F6b453,"Unnamed Road, Vedurupavuluru, Andhra Pradesh, India",331815.625,42.67,IgnitionOn,1,44.83,88.9,5,-113
8dca8020-4578-493c-9389-d7d852618026-11,EDC_BS6_PERIODIC,2025-12-06 05:18:42,2025-12-07 14:16:11,16.5750272,80.7472256,13782,8252,FixOK,A,ObV5CS1912,T417F6b453,"Unnamed Road, Vedurupavuluru, Andhra Pradesh, India",331815.75,40.68,IgnitionOn,1,44.015,88.8,5,-113
8dca8020-4578-493c-9389-d7d852618026-12,EDC_BS6_PERIODIC,2025-12-06 05:18:48,2025-12-07 14:16:11,16.5750384,80.7477888,13783,8252,FixOK,A,ObV5CS1912,T417F6b453,"Unnamed Road, Vedurupavuluru, Andhra Pradesh, India",331815.75,38.84,IgnitionOn,1,43.11,88.8,4,-113
8dca8020-4578-493c-9389-d7d852618026-13,EDC_BS6_PERIODIC,2025-12-06 05:18:54,2025-12-07 14:16:11,16.5750624,80.748384,13784,8252,FixOK,A,ObV5CS1912,T417F6b453,"Unnamed Road, Vedurupavuluru, Andhra Pradesh, India",331815.875,39.8,IgnitionOn,1,42.93,87.9,5,-113
8dca8020-4578-493c-9389-d7d852618026-14,EDC_BS6_PERIODIC,2025-12-06 05:19:00,2025-12-07 14:16:11,16.5750784,80.7490048,13785,8252,FixOK,A,ObV5CS1912,T417F6b453,"Unnamed Road, Vedurupavuluru, Andhra Pradesh, India",331815.875,41.32,IgnitionOn,1,42.139,88.4,5,-113
8dca8020-4578-493c-9389-d7d852618026-15,EDC_BS6_PERIODIC,2025-12-06 05:19:06,2025-12-07 14:16:11,16.5751136,80.749632,13786,8252,FixOK,A,ObV5CS1912,T417F6b453,"Unnamed Road, Vedurupavuluru, Andhra Pradesh, India",331816,41.92,IgnitionOn,1,41.049,85.59,5,-113
8dca8020-4578-493c-9389-d7d852618026-16,EDC_BS6_PERIODIC,2025-12-06 05:19:12,2025-12-07 14:16:11,16.5751712,80.7502592,13787,8252,FixOK,A,ObV5CS1912,T417F6b453,"Unnamed Road, Vedurupavuluru, Andhra Pradesh, India",331816,41.59,IgnitionOn,1,40.569,84.19,5,-113
8dca8020-4578-493c-9389-d7d852618026-17,EDC_BS6_PERIODIC,2025-12-06 05:19:18,2025-12-07 14:16:11,16.5752032,80.7509056,13788,8252,FixOK,A,ObV5CS1912,T417F6b453,"Unnamed Road, Vedurupavuluru, Andhra Pradesh, India",331816.125,42.57,IgnitionOn,1,40.353,86.9,5,-113
8dca8020-4578-493c-9389-d7d852618026-18,EDC_BS6_PERIODIC,2025-12-06 05:19:24,2025-12-07 14:16:11,16.5752352,80.7515584,13789,8252,FixOK,A,ObV5CS1912,T417F6b453,"Unnamed Road, Vedurupavuluru, Andhra Pradesh 521107, India",331816.25,44.1,IgnitionOn,1,39.529,88.5,5,-113
8dca8020-4578-493c-9389-d7d852618026-19,EDC_BS6_PERIODIC,2025-12-06 05:19:30,2025-12-07 14:16:11,16.5752624,80.752256,13790,8252,FixOK,A,ObV5CS1912,T417F6b453,"Unnamed Road, Vedurupavuluru, Andhra Pradesh 521107, India",331816.25,46.54,IgnitionOn,1,39.119,87,5,-113
8dca8020-4578-493c-9389-d7d852618026-20,EDC_BS6_PERIODIC,2025-12-06 05:19:36,2025-12-07 14:16:11,16.5752864,80.7529664,13791,8252,FixOK,A,ObV5CS1912,T417F6b453,"Unnamed Road, Vedurupavuluru, Andhra Pradesh 521107, India",331816.375,46.89,IgnitionOn,1,38.54,87.4,5,-113
8dca8020-4578-493c-9389-d7d852618026-21,EDC_BS6_PERIODIC,2025-12-06 05:19:42,2025-12-07 14:16:11,16.5752992,80.7536896,13792,8252,FixOK,A,ObV5CS1912,T417F6b453,"Unnamed Road, Vedurupavuluru, Andhra Pradesh 521107, India",331816.5,47.78,IgnitionOn,1,37.529,88.09,6,-113
8dca8020-4578-493c-9389-d7d852618026-22,EDC_BS6_PERIODIC,2025-12-06 05:19:48,2025-12-07 14:16:11,16.5753088,80.754432,13793,8252,FixOK,A,ObV5CS1912,T417F6b453,"Unnamed Road, Vedurupavuluru, Andhra Pradesh 521107, India",331816.5,49.53,IgnitionOn,1,36.56,88.9,6,-113
8dca8020-4578-493c-9389-d7d852618026-23,EDC_BS6_PERIODIC,2025-12-06 05:19:54,2025-12-07 14:16:11,16.5753104,80.7552064,13794,8252,FixOK,A,ObV5CS1912,T417F6b453,"Unnamed Road, Purushottapatnam, Andhra Pradesh 521286, India",331816.625,51.09,IgnitionOn,1,36.113,90.5,6,-113
8dca8020-4578-493c-9389-d7d852618026-24,EDC_BS6_PERIODIC,2025-12-06 05:20:00,2025-12-07 14:16:11,16.5752992,80.7559936,13795,8252,FixOK,A,ObV5CS1912,T417F6b453,"Unnamed Road, Purushottapatnam, Andhra Pradesh 521286, India",331816.75,51.84,IgnitionOn,1,34.9,90.09,6,-113
8dca8020-4578-493c-9389-d7d852618026-25,EDC_BS6_PERIODIC,2025-12-06 05:20:06,2025-12-07 14:16:11,16.575288,80.7567424,13796,8252,FixOK,A,ObV5CS1912,T417F6b453,"Unnamed Road, Purushottapatnam, Andhra Pradesh 521286, India",331816.75,50.09,IgnitionOn,1,33.61,90.69,6,-113
8dca8020-4578-493c-9389-d7d852618026-26,EDC_BS6_PERIODIC,2025-12-06 05:20:12,2025-12-07 14:16:11,16.5752768,80.7574656,13797,8252,FixOK,A,ObV5CS1912,T417F6b453,"Unnamed Road, Purushottapatnam, Andhra Pradesh 521286, India",331816.875,47.75,IgnitionOn,1,33.13,91.19,6,-113
8dca8020-4578-493c-9389-d7d852618026-27,EDC_BS6_PERIODIC,2025-12-06 05:20:18,2025-12-07 14:16:11,16.5752496,80.7581504,13798,8252,FixOK,A,ObV5CS1912,T417F6b453,"Unnamed Road, Purushottapatnam, Andhra Pradesh 521286, India",331817,45.57,IgnitionOn,1,32.799,91.59,6,-113
8dca8020-4578-493c-9389-d7d852618026-28,EDC_BS6_PERIODIC,2025-12-06 05:20:24,2025-12-07 14:16:11,16.5752144,80.7588352,13799,8252,FixOK,A,ObV5CS1912,T417F6b453,"Unnamed Road, Andhra Pradesh 521286, India",331817,44.96,IgnitionOn,1,32.43,93.5,6,-113
8dca8020-4578-493c-9389-d7d852618026-29,EDC_BS6_PERIODIC,2025-12-06 05:20:30,2025-12-07 14:16:11,16.5751616,80.75952,13800,8252,FixOK,A,ObV5CS1912,T417F6b453,"Chikkavaram - Purushottapatnam Rd Rd, Andhra Pradesh 521286, India",331817.125,45.68,IgnitionOn,1,32.243,92.69,5,-113
8dca8020-4578-493c-9389-d7d852618026-30,EDC_BS6_PERIODIC,2025-12-06 05:20:36,2025-12-07 14:16:11,16.5751232,80.7601792,13801,8252,FixOK,A,ObV5CS1912,T417F6b453,"Chikkavaram - Purushottapatnam Rd Rd, Andhra Pradesh 521286, India",331817.25,42.7,IgnitionOn,1,32.06,92.4,5,-113
8dca8020-4578-493c-9389-d7d852618026-31,EDC_BS6_PERIODIC,2025-12-06 05:20:42,2025-12-07 14:16:11,16.5750768,80.7607744,13802,8252,FixOK,A,ObV5CS1912,T417F6b453,"Chikkavaram - Purushottapatnam Rd Rd, Andhra Pradesh 521286, India",331817.25,39.88,IgnitionOn,1,32.209,94,6,-113
8dca8020-4578-493c-9389-d7d852618026-32,EDC_BS6_PERIODIC,2025-12-06 05:20:48,2025-12-07 14:16:11,16.5750272,80.761344,13803,8252,FixOK,A,ObV5CS1912,T417F6b453,"Chikkavaram - Purushottapatnam Rd Rd, Andhra Pradesh 521286, India",331817.375,37.97,IgnitionOn,1,32.25,94.4,5,-113
8dca8020-4578-493c-9389-d7d852618026-33,EDC_BS6_PERIODIC,2025-12-06 05:20:54,2025-12-07 14:16:11,16.5749696,80.7619072,13804,8252,FixOK,A,ObV5CS1912,T417F6b453,"Chikkavaram - Purushottapatnam Rd Rd, Andhra Pradesh 521286, India",331817.375,37.51,IgnitionOn,1,32.31,96.3,5,-113
8dca8020-4578-493c-9389-d7d852618026-34,EDC_BS6_PERIODIC,2025-12-06 05:21:00,2025-12-07 14:16:11,16.5749104,80.7624896,13805,8252,FixOK,A,ObV5CS1912,T417F6b453,"Chikkavaram - Purushottapatnam Rd Rd, Andhra Pradesh 521286, India",331817.5,39.45,IgnitionOn,1,32.22,97.09,5,-113
8dca8020-4578-493c-9389-d7d852618026-35,EDC_BS6_PERIODIC,2025-12-06 05:21:06,2025-12-07 14:16:11,16.5748496,80.7631104,13806,8252,FixOK,A,ObV5CS1912,T417F6b453,"Chikkavaram - Purushottapatnam Rd Rd, Andhra Pradesh 521286, India",331817.5,42.25,IgnitionOn,1,31.945,96.5,5,-113
8dca8020-4578-493c-9389-d7d852618026-36,EDC_BS6_PERIODIC,2025-12-06 05:21:12,2025-12-07 14:16:11,16.5747664,80.7637824,13807,8252,FixOK,A,ObV5CS1912,T417F6b453,"Chikkavaram - Purushottapatnam Rd Rd, Andhra Pradesh 521286, India",331817.625,45.92,IgnitionOn,1,31.51,98.3,6,-113
8dca8020-4578-493c-9389-d7d852618026-37,EDC_BS6_PERIODIC,2025-12-06 05:21:18,2025-12-07 14:16:11,16.5746624,80.7644928,13808,8252,FixOK,A,ObV5CS1912,T417F6b453,"Chikkavaram - Purushottapatnam Rd Rd, Andhra Pradesh 521286, India",331817.75,47.18,IgnitionOn,1,31.299,98.5,6,-113
8dca8020-4578-493c-9389-d7d852618026-38,EDC_BS6_PERIODIC,2025-12-06 05:21:24,2025-12-07 14:16:11,16.5745408,80.765216,13809,8252,FixOK,A,ObV5CS1912,T417F6b453,"Chikkavaram - Purushottapatnam Rd Rd, Andhra Pradesh 521286, India",331817.75,48.52,IgnitionOn,1,30.959,101.19,6,-113
8dca8020-4578-493c-9389-d7d852618026-39,EDC_BS6_PERIODIC,2025-12-06 05:21:30,2025-12-07 14:16:11,16.574424,80.7659584,13810,8252,FixOK,A,ObV5CS1912,T417F6b453,"Chikkavaram - Purushottapatnam Rd Rd, Andhra Pradesh 521286, India",331817.875,49.82,IgnitionOn,1,30.389,100.09,6,-113
8dca8020-4578-493c-9389-d7d852618026-40,EDC_BS6_PERIODIC,2025-12-06 05:21:36,2025-12-07 14:16:11,16.5743216,80.7666944,13811,8252,FixOK,A,ObV5CS1912,T417F6b453,"Unnamed Road, Purushottapatnam, Andhra Pradesh 521286, India",331818,49.67,IgnitionOn,1,29.94,99.4,6,-113
8dca8020-4578-493c-9389-d7d852618026-41,EDC_BS6_PERIODIC,2025-12-06 05:21:42,2025-12-07 14:16:11,16.574192,80.7674304,13812,8252,FixOK,A,ObV5CS1912,T417F6b453,"Unnamed Road, Purushottapatnam, Andhra Pradesh 521286, India",331818,48.97,IgnitionOn,1,29.629,101.09,4,-113
8dca8020-4578-493c-9389-d7d852618026-42,EDC_BS6_PERIODIC,2025-12-06 05:21:48,2025-12-07 14:16:11,16.5740704,80.768128,13813,8252,FixOK,A,ObV5CS1912,T417F6b453,"Unnamed Road, Purushottapatnam, Andhra Pradesh 521286, India",331818.125,46.45,IgnitionOn,1,29.37,100.8,5,-113
8dca8020-4578-493c-9389-d7d852618026-43,EDC_BS6_PERIODIC,2025-12-06 05:21:54,2025-12-07 14:16:11,16.5739376,80.7687808,13814,8252,FixOK,A,ObV5CS1912,T417F6b453,"Unnamed Road, Purushottapatnam, Andhra Pradesh 521286, India",331818.25,43.43,IgnitionOn,1,28.87,101.5,5,-113
8dca8020-4578-493c-9389-d7d852618026-44,EDC_BS6_PERIODIC,2025-12-06 05:22:00,2025-12-07 14:16:11,16.573832,80.76928,13815,8252,FixOK,A,ObV5CS1912,T417F6b453,"Unnamed Road, Purushottapatnam, Andhra Pradesh 521286, India",331818.25,38.93,IgnitionOn,1,28.379,102.59,5,-113
8dca8020-4578-493c-9389-d7d852618026-45,EDC_BS6_PERIODIC,2025-12-06 05:22:06,2025-12-07 14:16:11,16.5736736,80.7699776,13816,8252,FixOK,A,ObV5CS1912,T417F6b453,"Unnamed Road, Purushottapatnam, Andhra Pradesh 521286, India",331818.375,40.73,IgnitionOn,1,28.469,102.3,4,-113
8dca8020-4578-493c-9389-d7d852618026-46,EDC_BS6_PERIODIC,2025-12-06 05:22:12,2025-12-07 14:16:11,16.5735376,80.7705984,13817,8252,FixOK,A,ObV5CS1912,T417F6b453,"Unnamed Road, Purushottapatnam, Andhra Pradesh 521286, India",331818.375,42.45,IgnitionOn,1,28.389,102.09,5,-113
8dca8020-4578-493c-9389-d7d852618026-47,EDC_BS6_PERIODIC,2025-12-06 05:22:18,2025-12-07 14:16:11,16.5733952,80.7712256,13818,8252,FixOK,A,ObV5CS1912,T417F6b453,"Unnamed Road, Purushottapatnam, Andhra Pradesh 521286, India",331818.5,42.56,IgnitionOn,1,28.243,104,5,-113
8dca8020-4578-493c-9389-d7d852618026-48,EDC_BS6_PERIODIC,2025-12-06 05:22:24,2025-12-07 14:16:11,16.5732448,80.7718464,13819,8252,FixOK,A,ObV5CS1912,T417F6b453,"Unnamed Road, Purushottapatnam, Andhra Pradesh 521286, India",331818.5,42.66,IgnitionOn,1,27.92,104.8,4,-113
8dca8020-4578-493c-9389-d7d852618026-49,EDC_BS6_PERIODIC,2025-12-06 05:22:30,2025-12-07 14:16:11,16.5730816,80.7724864,13820,8252,FixOK,A,ObV5CS1912,T417F6b453,"Unnamed Road, Purushottapatnam, Andhra Pradesh 521286, India",331818.625,43.84,IgnitionOn,1,27.69,105.09,6,-113
8dca8020-4578-493c-9389-d7d852618026-50,EDC_BS6_PERIODIC,2025-12-06 05:22:36,2025-12-07 14:16:11,16.572896,80.773152,13821,8252,FixOK,A,ObV5CS1912,T417F6b453,"Unnamed Road, Purushottapatnam, Andhra Pradesh 521286, India",331818.625,46.18,IgnitionOn,1,27.36,106.5,6,-113
ef3f0422-6bc7-4903-a9f2-0abda18a9d17-1,EDC_BS6_PERIODIC,2025-12-06 05:22:42,2025-12-07 14:16:30,16.5726944,80.7738112,13822,8252,FixOK,A,ObV5CS1912,T417F6b453,"Unnamed Road, Purushottapatnam, Andhra Pradesh 521286, India",331818.75,45.83,IgnitionOn,1,27.479,107.5,6,-113
ef3f0422-6bc7-4903-a9f2-0abda18a9d17-2,EDC_BS6_PERIODIC,2025-12-06 05:22:48,2025-12-07 14:16:30,16.5725008,80.7745024,13823,8252,FixOK,A,ObV5CS1912,T417F6b453,"Unnamed Road, Purushottapatnam, Andhra Pradesh 521286, India",331818.875,46.86,IgnitionOn,1,27.469,106,4,-113
ef3f0422-6bc7-4903-a9f2-0abda18a9d17-3,EDC_BS6_PERIODIC,2025-12-06 05:22:54,2025-12-07 14:16:30,16.5723184,80.7752064,13824,8252,FixOK,A,ObV5CS1912,T417F6b453,"Unnamed Road, Purushottapatnam, Andhra Pradesh 521286, India",331818.875,48.21,IgnitionOn,1,27.239,104.59,6,-113
ef3f0422-6bc7-4903-a9f2-0abda18a9d17-4,EDC_BS6_PERIODIC,2025-12-06 05:23:00,2025-12-07 14:16:30,16.5721296,80.7758848,13825,8252,FixOK,A,ObV5CS1912,T417F6b453,"Unnamed Road, Purushottapatnam, Andhra Pradesh 521286, India",331819,47.55,IgnitionOn,1,27.239,106,5,-113
ef3f0422-6bc7-4903-a9f2-0abda18a9d17-5,EDC_BS6_PERIODIC,2025-12-06 05:23:06,2025-12-07 14:16:30,16.5719088,80.7765248,13826,8252,FixOK,A,ObV5CS1912,T417F6b453,"Unnamed Road, Purushottapatnam, Andhra Pradesh 521286, India",331819.125,45.97,IgnitionOn,1,27.149,107.8,5,-113
ef3f0422-6bc7-4903-a9f2-0abda18a9d17-6,EDC_BS6_PERIODIC,2025-12-06 05:23:12,2025-12-07 14:16:30,16.5716944,80.777152,13827,8252,FixOK,A,ObV5CS1912,T417F6b453,"Unnamed Road, Purushottapatnam, Andhra Pradesh 521286, India",331819.125,44.22,IgnitionOn,1,27.049,109.19,5,-113
ef3f0422-6bc7-4903-a9f2-0abda18a9d17-7,EDC_BS6_PERIODIC,2025-12-06 05:23:18,2025-12-07 14:16:30,16.5714912,80.7777344,13828,8252,FixOK,A,ObV5CS1912,T417F6b453,"Unnamed Road, Purushottapatnam, Andhra Pradesh 521286, India",331819.25,41.74,IgnitionOn,1,27.01,109.5,4,-113
ef3f0422-6bc7-4903-a9f2-0abda18a9d17-8,EDC_BS6_PERIODIC,2025-12-06 05:23:24,2025-12-07 14:16:30,16.5713136,80.778304,13829,8252,FixOK,A,ObV5CS1912,T417F6b453,"Unnamed Road, Purushottapatnam, Andhra Pradesh 521286, India",331819.375,39.63,IgnitionOn,1,26.889,108,4,-113
ef3f0422-6bc7-4903-a9f2-0abda18a9d17-9,EDC_BS6_PERIODIC,2025-12-06 05:23:30,2025-12-07 14:16:30,16.5711296,80.77888,13830,8252,FixOK,A,ObV5CS1912,T417F6b453,"Unnamed Road, Purushottapatnam, Andhra Pradesh 521286, India",331819.375,39.84,IgnitionOn,1,26.871,108.8,4,-113
ef3f0422-6bc7-4903-a9f2-0abda18a9d17-10,EDC_BS6_PERIODIC,2025-12-06 05:23:36,2025-12-07 14:16:30,16.5709344,80.7795072,13831,8252,FixOK,A,ObV5CS1912,T417F6b453,"Unnamed Road, Purushottapatnam, Andhra Pradesh 521286, India",331819.5,43.03,IgnitionOn,1,26.84,108.69,5,-113
ef3f0422-6bc7-4903-a9f2-0abda18a9d17-11,EDC_BS6_PERIODIC,2025-12-06 05:23:42,2025-12-07 14:16:30,16.5707232,80.7801088,13832,8252,FixOK,A,ObV5CS1912,T417F6b453,"Unnamed Road, Purushottapatnam, Andhra Pradesh 521286, India",331819.5,42.85,IgnitionOn,1,26.739,110.59,5,-113
ef3f0422-6bc7-4903-a9f2-0abda18a9d17-12,EDC_BS6_PERIODIC,2025-12-06 05:23:48,2025-12-07 14:16:30,16.5705072,80.7807232,13833,8252,FixOK,A,ObV5CS1912,T417F6b453,"Unnamed Road, Purushottapatnam, Andhra Pradesh 521286, India",331819.625,42.19,IgnitionOn,1,26.7,110.19,5,-113
ef3f0422-6bc7-4903-a9f2-0abda18a9d17-13,EDC_BS6_PERIODIC,2025-12-06 05:23:54,2025-12-07 14:16:30,16.5703056,80.781312,13834,8252,FixOK,A,ObV5CS1912,T417F6b453,"Unnamed Road, Purushottapatnam, Andhra Pradesh 521286, India",331819.625,42.04,IgnitionOn,1,26.59,109.8,6,-113
ef3f0422-6bc7-4903-a9f2-0abda18a9d17-14,EDC_BS6_PERIODIC,2025-12-06 05:24:00,2025-12-07 14:16:30,16.5700992,80.7819392,13835,8252,FixOK,A,ObV5CS1912,T417F6b453,"Unnamed Road, B B Gudem, Andhra Pradesh 521286, India",331819.75,43.21,IgnitionOn,1,26.489,108.69,4,-113
ef3f0422-6bc7-4903-a9f2-0abda18a9d17-15,EDC_BS6_PERIODIC,2025-12-06 05:24:06,2025-12-07 14:16:30,16.5698816,80.7825792,13836,8252,FixOK,A,ObV5CS1912,T417F6b453,"Unnamed Road, B B Gudem, Andhra Pradesh 521286, India",331819.875,45.03,IgnitionOn,1,26.363,109,4,-113
ef3f0422-6bc7-4903-a9f2-0abda18a9d17-16,EDC_BS6_PERIODIC,2025-12-06 05:24:12,2025-12-07 14:16:30,16.5696528,80.783232,13837,8252,FixOK,A,ObV5CS1912,T417F6b453,"Unnamed Road, B B Gudem, Andhra Pradesh 521286, India",331819.875,47.23,IgnitionOn,1,26.09,109.9,5,-113
ef3f0422-6bc7-4903-a9f2-0abda18a9d17-17,EDC_BS6_PERIODIC,2025-12-06 05:24:18,2025-12-07 14:16:30,16.5694336,80.7838848,13838,8252,FixOK,A,ObV5CS1912,T417F6b453,"Unnamed Road, B B Gudem, Andhra Pradesh 521286, India",331820,46.16,IgnitionOn,1,25.979,110.09,5,-113
ef3f0422-6bc7-4903-a9f2-0abda18a9d17-18,EDC_BS6_PERIODIC,2025-12-06 05:24:24,2025-12-07 14:16:30,16.5692448,80.7845056,13839,8252,FixOK,A,ObV5CS1912,T417F6b453,"Unnamed Road, B B Gudem, Andhra Pradesh 521286, India",331820.125,43.16,IgnitionOn,1,25.94,107.09,5,-113
ef3f0422-6bc7-4903-a9f2-0abda18a9d17-19,EDC_BS6_PERIODIC,2025-12-06 05:24:30,2025-12-07 14:16:30,16.5690544,80.7850752,13840,8252,FixOK,A,ObV5CS1912,T417F6b453,"Unnamed Road, B B Gudem, Andhra Pradesh 521286, India",331820.125,40.13,IgnitionOn,1,25.93,109.9,6,-113
ef3f0422-6bc7-4903-a9f2-0abda18a9d17-20,EDC_BS6_PERIODIC,2025-12-06 05:24:36,2025-12-07 14:16:30,16.5688656,80.7856128,13841,8252,FixOK,A,ObV5CS1912,T417F6b453,"Unnamed Road, B B Gudem, Andhra Pradesh 521286, India",331820.25,38.21,IgnitionOn,1,25.739,109.09,5,-113
ef3f0422-6bc7-4903-a9f2-0abda18a9d17-21,EDC_BS6_PERIODIC,2025-12-06 05:24:42,2025-12-07 14:16:30,16.5687008,80.7861504,13842,8252,FixOK,A,ObV5CS1912,T417F6b453,"Unnamed Road, B B Gudem, Andhra Pradesh 521286, India",331820.25,37.74,IgnitionOn,1,25.586,107.4,5,-113
ef3f0422-6bc7-4903-a9f2-0abda18a9d17-22,EDC_BS6_PERIODIC,2025-12-06 05:24:48,2025-12-07 14:16:30,16.5685136,80.78672,13843,8252,FixOK,A,ObV5CS1912,T417F6b453,"Unnamed Road, B B Gudem, Andhra Pradesh 521286, India",331820.375,39.54,IgnitionOn,1,25.299,109.5,5,-113
ef3f0422-6bc7-4903-a9f2-0abda18a9d17-23,EDC_BS6_PERIODIC,2025-12-06 05:24:54,2025-12-07 14:16:30,16.5683264,80.787328,13844,8252,FixOK,A,ObV5CS1912,T417F6b453,"Unnamed Road, B B Gudem, Andhra Pradesh 521286, India",331820.375,41.95,IgnitionOn,1,25.129,106.19,5,-113
ef3f0422-6bc7-4903-a9f2-0abda18a9d17-24,EDC_BS6_PERIODIC,2025-12-06 05:25:00,2025-12-07 14:16:30,16.5681456,80.7880192,13845,8252,FixOK,A,ObV5CS1912,T417F6b453,"Unnamed Road, Andhra Pradesh 521101, India",331820.5,45.84,IgnitionOn,1,25.03,105.5,5,-113
ef3f0422-6bc7-4903-a9f2-0abda18a9d17-26,EDC_BS6_PERIODIC,2025-12-06 05:25:06,2025-12-07 14:16:30,16.5679392,80.7887104,13846,8252,FixOK,A,ObV5CS1912,T417F6b453,"Unnamed Road, Andhra Pradesh 521101, India",331820.625,46.66,IgnitionOn,1,24.989,108.59,5,-113
ef3f0422-6bc7-4903-a9f2-0abda18a9d17-27,EDC_BS6_PERIODIC,2025-12-06 05:25:12,2025-12-07 14:16:30,16.567736,80.7893888,13847,8252,FixOK,A,ObV5CS1912,T417F6b453,"Unnamed Road, Andhra Pradesh 521101, India",331820.625,47.6,IgnitionOn,1,24.86,107.5,5,-113
ef3f0422-6bc7-4903-a9f2-0abda18a9d17-28,EDC_BS6_PERIODIC,2025-12-06 05:25:18,2025-12-07 14:16:30,16.5674896,80.7901056,13848,8252,FixOK,A,ObV5CS1912,T417F6b453,"Bahu Balendruni Gudem, B B Gudem, Andhra Pradesh 521101, India",331820.75,49.73,IgnitionOn,1,24.695,109,4,-113
ef3f0422-6bc7-4903-a9f2-0abda18a9d17-29,EDC_BS6_PERIODIC,2025-12-06 05:25:24,2025-12-07 14:16:30,16.5672912,80.79072,13849,8252,FixOK,A,ObV5CS1912,T417F6b453,"Bahu Balendruni Gudem, B B Gudem, Andhra Pradesh 521101, India",331820.875,42.74,IgnitionOn,1,24.739,108.09,4,-113
ef3f0422-6bc7-4903-a9f2-0abda18a9d17-30,EDC_BS6_PERIODIC,2025-12-06 05:25:30,2025-12-07 14:16:30,16.5671184,80.791232,13850,8252,FixOK,A,ObV5CS1912,T417F6b453,"Bahu Balendruni Gudem, B B Gudem, Andhra Pradesh 521101, India",331820.875,38.32,IgnitionOn,1,24.76,113.19,4,-113
ef3f0422-6bc7-4903-a9f2-0abda18a9d17-31,EDC_BS6_PERIODIC,2025-12-06 05:25:36,2025-12-07 14:16:30,16.5669328,80.7917312,13851,8252,FixOK,A,ObV5CS1912,T417F6b453,"Bahu Balendruni Gudem, B B Gudem, Andhra Pradesh 521101, India",331821,35.92,IgnitionOn,1,24.489,109.8,4,-113
ef3f0422-6bc7-4903-a9f2-0abda18a9d17-32,EDC_BS6_PERIODIC,2025-12-06 05:25:42,2025-12-07 14:16:30,16.5668,80.7920576,13852,8252,FixOK,A,ObV5CS1912,T417F6b453,"Bahu Balendruni Gudem, B B Gudem, Andhra Pradesh 521101, India",331821,18,IgnitionOn,1,24.27,116.3,5,-113
ef3f0422-6bc7-4903-a9f2-0abda18a9d17-33,EDC_BS6_PERIODIC,2025-12-06 05:25:48,2025-12-07 14:16:30,16.5667296,80.7921664,13853,8252,FixOK,A,ObV5CS1912,T417F6b453,"Bahu Balendruni Gudem, B B Gudem, Andhra Pradesh 521101, India",331821,8.05,IgnitionOn,1,23.829,150.1,5,-113
ef3f0422-6bc7-4903-a9f2-0abda18a9d17-34,EDC_BS6_PERIODIC,2025-12-06 05:25:54,2025-12-07 14:16:30,16.56664,80.7924224,13854,8252,FixOK,A,ObV5CS1912,T417F6b453,"Bahu Balendruni Gudem, B B Gudem, Andhra Pradesh 521101, India",331821,18.52,IgnitionOn,1,23.893,102.4,5,-113
e83f94a1-ceea-48b7-8906-253592b24aec-6,ACU_SW_PART_NO,2025-12-06 11:29:08,2025-12-06 11:30:13,17.0026368,81.786656,61324,8254,StoredFix,,ObV5CS1912,T417F6b453,,287399,,IgnitionOn,1,,,,
e83f94a1-ceea-48b7-8906-253592b24aec-5,ECU_SW_PART_NO,2025-12-06 11:29:08,2025-12-06 11:30:13,17.0026368,81.786656,61323,8254,StoredFix,,ObV5CS1912,T417F6b453,,287399,,IgnitionOn,1,,,,
e83f94a1-ceea-48b7-8906-253592b24aec-7,EDC_BS6_PERIODIC,2025-12-06 11:29:08,2025-12-06 11:30:13,17.0026368,81.786656,16231,8254,StoredFix,V,ObV5CS1912,T417F6b453,,0,0,IgnitionOn,1,26.94,19.39,0,-71
e83f94a1-ceea-48b7-8906-253592b24aec-2,GPS_MESSAGE,2025-12-06 11:29:08,2025-12-06 11:30:13,17.0026368,81.786656,,8254,NoFix,,ObV5CS1912,T417F6b453,,287399,,IgnitionOn,1,0,0,0,
e83f94a1-ceea-48b7-8906-253592b24aec-4,IGNITION_ON,2025-12-06 11:29:08,2025-12-06 11:30:13,17.0026368,81.786656,61322,8254,StoredFix,,ObV5CS1912,T417F6b453,,287399,,IgnitionOn,1,,,,
e83f94a1-ceea-48b7-8906-253592b24aec-1,TRIP_START,2025-12-06 11:29:08,2025-12-06 11:30:13,17.0026368,81.786656,,8254,StoredFix,,ObV5CS1912,T417F6b453,,287399,,IgnitionOn,1,,,,
e83f94a1-ceea-48b7-8906-253592b24aec-3,VERSION_UPDATE,2025-12-06 11:29:08,2025-12-06 11:30:13,17.0026368,81.786656,,8254,StoredFix,,ObV5CS1912,T417F6b453,,28739.9,,IgnitionOn,1,,,,
e83f94a1-ceea-48b7-8906-253592b24aec-8,VIN_NO_CAN,2025-12-06 11:29:12,2025-12-06 11:30:13,17.0026368,81.786656,61325,8254,StoredFix,,ObV5CS1912,T417F6b453,,287399,,IgnitionOn,1,,,,
e83f94a1-ceea-48b7-8906-253592b24aec-9,EDC_BS6_PERIODIC,2025-12-06 11:29:14,2025-12-06 11:30:13,17.0026368,81.786656,16232,8254,StoredFix,V,ObV5CS1912,T417F6b453,,331984.125,4.94,IgnitionOn,1,26.94,19.39,0,-63
e83f94a1-ceea-48b7-8906-253592b24aec-10,EDC_BS6_PERIODIC,2025-12-06 11:29:20,2025-12-06 11:30:13,17.0026368,81.786656,16233,8254,StoredFix,V,ObV5CS1912,T417F6b453,,331984.125,0,IgnitionOn,1,26.94,19.39,0,-61
e83f94a1-ceea-48b7-8906-253592b24aec-14,IUPR_BOOST_PRESSURE_CONTROL_SYSTEM,2025-12-06 11:29:22,2025-12-06 11:30:13,17.0026368,81.786656,61329,8254,StoredFix,,ObV5CS1912,T417F6b453,,287399,,IgnitionOn,1,,,,
e83f94a1-ceea-48b7-8906-253592b24aec-13,IUPR_EGR_SYSTEM,2025-12-06 11:29:22,2025-12-06 11:30:13,17.0026368,81.786656,61328,8254,StoredFix,,ObV5CS1912,T417F6b453,,287399,,IgnitionOn,1,,,,
e83f94a1-ceea-48b7-8906-253592b24aec-11,IUPR_GENERAL,2025-12-06 11:29:22,2025-12-06 11:30:13,17.0026368,81.786656,61326,8254,StoredFix,,ObV5CS1912,T417F6b453,,287399,,IgnitionOn,1,,,,
e83f94a1-ceea-48b7-8906-253592b24aec-12,IUPR_OXIDATION,2025-12-06 11:29:22,2025-12-06 11:30:13,17.0026368,81.786656,61327,8254,StoredFix,,ObV5CS1912,T417F6b453,,287399,,IgnitionOn,1,,,,
e83f94a1-ceea-48b7-8906-253592b24aec-15,EDC_BS6_PERIODIC,2025-12-06 11:29:26,2025-12-06 11:30:13,17.0026368,81.786656,16234,8254,StoredFix,V,ObV5CS1912,T417F6b453,,331984.125,0,IgnitionOn,1,26.94,19.39,0,-59
e83f94a1-ceea-48b7-8906-253592b24aec-16,EDC_BS6_PERIODIC,2025-12-06 11:29:32,2025-12-06 11:30:13,17.0026368,81.786656,16235,8254,StoredFix,V,ObV5CS1912,T417F6b453,,331984.125,0,IgnitionOn,1,26.94,19.39,0,-69
c2ae5a3d-f2d0-4ef7-be12-8ab1cfdef33c-1,EDC_BS6_PERIODIC,2025-12-06 11:29:38,2025-12-06 11:30:53,17.0026368,81.786656,16236,8254,StoredFix,V,ObV5CS1912,T417F6b453,,331984.125,0,IgnitionOn,1,26.94,19.39,0,-69
c2ae5a3d-f2d0-4ef7-be12-8ab1cfdef33c-2,EDC_BS6_PERIODIC,2025-12-06 11:29:44,2025-12-06 11:30:53,17.0026368,81.786656,16237,8254,StoredFix,V,ObV5CS1912,T417F6b453,,331984.125,0,IgnitionOn,0,26.94,19.39,0,-73
c2ae5a3d-f2d0-4ef7-be12-8ab1cfdef33c-3,IGNITION_OFF,2025-12-06 11:29:45,2025-12-06 11:30:53,17.0026368,81.786656,61330,8254,StoredFix,,ObV5CS1912,T417F6b453,,287399,,IgnitionOn,0,,,,
c2ae5a3d-f2d0-4ef7-be12-8ab1cfdef33c-4,EDC_BS6_PERIODIC,2025-12-06 11:29:50,2025-12-06 11:30:53,17.0026368,81.786656,16238,8254,StoredFix,V,ObV5CS1912,T417F6b453,,331984.125,0,IgnitionOn,0,26.94,19.39,0,-67
a69a44ff-2eab-4ead-a9d7-e9c1310ebdbc,HEARTBEAT_MESSAGE,2025-12-06 11:29:51,2025-12-06 11:29:51,0,0,,,,,ObV5CS1912,T417F6b453,,,,,1,,,,
c2ae5a3d-f2d0-4ef7-be12-8ab1cfdef33c-5,EDC_BS6_PERIODIC,2025-12-06 11:29:56,2025-12-06 11:30:53,17.0026368,81.786656,16239,8254,StoredFix,V,ObV5CS1912,T417F6b453,,331984.125,0,IgnitionOn,0,26.94,19.39,0,-71
c2ae5a3d-f2d0-4ef7-be12-8ab1cfdef33c-6,EDC_BS6_PERIODIC,2025-12-06 11:30:02,2025-12-06 11:30:53,17.0026368,81.786656,16240,8254,StoredFix,V,ObV5CS1912,T417F6b453,,331984.125,0,IgnitionOn,0,26.94,19.39,0,-71
c2ae5a3d-f2d0-4ef7-be12-8ab1cfdef33c-7,EDC_BS6_PERIODIC,2025-12-06 11:30:08,2025-12-06 11:30:53,17.0026368,81.786656,16241,8254,StoredFix,V,ObV5CS1912,T417F6b453,,331984.125,0,IgnitionOn,0,26.94,19.39,0,-73
c2ae5a3d-f2d0-4ef7-be12-8ab1cfdef33c-8,EDC_BS6_PERIODIC,2025-12-06 11:30:14,2025-12-06 11:30:53,17.0026368,81.786656,16242,8254,StoredFix,V,ObV5CS1912,T417F6b453,,331984.125,0,IgnitionOn,0,26.94,19.39,0,-69
c2ae5a3d-f2d0-4ef7-be12-8ab1cfdef33c-9,EDC_BS6_PERIODIC,2025-12-06 11:30:20,2025-12-06 11:30:53,17.0026368,81.786656,16243,8254,StoredFix,V,ObV5CS1912,T417F6b453,,0,0,IgnitionOn,0,26.94,19.39,0,-69
c2ae5a3d-f2d0-4ef7-be12-8ab1cfdef33c-10,EDC_BS6_PERIODIC,2025-12-06 11:30:26,2025-12-06 11:30:53,17.0026368,81.786656,16244,8254,StoredFix,V,ObV5CS1912,T417F6b453,,0,0,IgnitionOn,0,26.94,19.39,0,-69
c2ae5a3d-f2d0-4ef7-be12-8ab1cfdef33c-11,EDC_BS6_PERIODIC,2025-12-06 11:30:32,2025-12-06 11:30:53,17.0026368,81.786656,16245,8254,StoredFix,V,ObV5CS1912,T417F6b453,,0,0,IgnitionOn,0,26.94,19.39,0,-69
d2d46d5d-58cc-43a6-93c3-42af1c69ae1e-34,EDC_BS6_PERIODIC,2025-12-06 11:30:38,2025-12-06 11:31:54,17.0026368,81.786656,16246,8254,StoredFix,V,ObV5CS1912,T417F6b453,,0,0,IgnitionOn,0,26.94,19.39,0,-69
d2d46d5d-58cc-43a6-93c3-42af1c69ae1e-35,EDC_BS6_PERIODIC,2025-12-06 11:30:44,2025-12-06 11:31:54,17.0026368,81.786656,16247,8254,StoredFix,V,ObV5CS1912,T417F6b453,,0,0,IgnitionOn,0,26.94,19.39,0,-69
d2d46d5d-58cc-43a6-93c3-42af1c69ae1e-36,EDC_BS6_PERIODIC,2025-12-06 11:30:50,2025-12-06 11:31:54,17.0026368,81.786656,16248,8254,StoredFix,V,ObV5CS1912,T417F6b453,,0,0,IgnitionOn,0,26.94,19.39,0,-69
d2d46d5d-58cc-43a6-93c3-42af1c69ae1e-37,EDC_BS6_PERIODIC,2025-12-06 11:30:56,2025-12-06 11:31:54,17.0026368,81.786656,16249,8254,StoredFix,V,ObV5CS1912,T417F6b453,,0,0,IgnitionOn,0,26.94,19.39,0,-69
d2d46d5d-58cc-43a6-93c3-42af1c69ae1e-38,EDC_BS6_PERIODIC,2025-12-06 11:31:02,2025-12-06 11:31:54,17.0026368,81.786656,16250,8254,StoredFix,V,ObV5CS1912,T417F6b453,,0,0,IgnitionOn,0,26.94,19.39,0,-71
d2d46d5d-58cc-43a6-93c3-42af1c69ae1e-39,EDC_BS6_PERIODIC,2025-12-06 11:31:08,2025-12-06 11:31:54,17.0026368,81.786656,16251,8254,StoredFix,V,ObV5CS1912,T417F6b453,,0,0,IgnitionOn,0,26.94,19.39,0,-73
d2d46d5d-58cc-43a6-93c3-42af1c69ae1e-40,EDC_BS6_PERIODIC,2025-12-06 11:31:14,2025-12-06 11:31:54,17.0026368,81.786656,16252,8254,StoredFix,V,ObV5CS1912,T417F6b453,,0,0,IgnitionOn,0,26.94,19.39,0,-67
d2d46d5d-58cc-43a6-93c3-42af1c69ae1e-41,EDC_BS6_PERIODIC,2025-12-06 11:31:20,2025-12-06 11:31:54,17.0026368,81.786656,16253,8254,StoredFix,V,ObV5CS1912,T417F6b453,,0,0,IgnitionOn,0,26.94,19.39,0,-69
d2d46d5d-58cc-43a6-93c3-42af1c69ae1e-42,EDC_BS6_PERIODIC,2025-12-06 11:31:26,2025-12-06 11:31:54,17.0026368,81.786656,16254,8254,StoredFix,V,ObV5CS1912,T417F6b453,,0,0,IgnitionOn,0,26.94,19.39,0,-69
d2d46d5d-58cc-43a6-93c3-42af1c69ae1e-43,EDC_BS6_PERIODIC,2025-12-06 11:31:32,2025-12-06 11:31:54,17.0026368,81.786656,16255,8254,StoredFix,V,ObV5CS1912,T417F6b453,,0,0,IgnitionOn,0,26.94,19.39,0,-71
a45eae74-76f0-42fc-b771-2ba3e745bf40-1,EDC_BS6_PERIODIC,2025-12-06 11:31:38,2025-12-06 11:32:01,17.0026368,81.786656,16256,8254,StoredFix,V,ObV5CS1912,T417F6b453,,0,0,IgnitionOn,0,26.94,19.39,0,-69
a45eae74-76f0-42fc-b771-2ba3e745bf40-2,EDC_BS6_PERIODIC,2025-12-06 11:31:44,2025-12-06 11:32:01,17.0026368,81.786656,16257,8254,StoredFix,V,ObV5CS1912,T417F6b453,,0,0,IgnitionOn,0,26.94,19.39,0,-67
a45eae74-76f0-42fc-b771-2ba3e745bf40-3,GPS_MESSAGE,2025-12-06 11:31:44,2025-12-06 11:32:01,17.0026368,81.786656,,8254,NoFix,,ObV5CS1912,T417F6b453,,287399,,IgnitionOff,0,0,0,0,
a45eae74-76f0-42fc-b771-2ba3e745bf40-4,TRIP_END,2025-12-06 11:31:44,2025-12-06 11:32:01,17.0026368,81.786656,,8254,StoredFix,,ObV5CS1912,T417F6b453,,287399,,IgnitionOff,0,,,,
83b487f8-5c1a-45bb-a5da-d0a39aa785a6,HEARTBEAT_MESSAGE,2025-12-06 11:31:59,2025-12-06 11:31:59,0,0,,,,,ObV5CS1912,T417F6b453,,,,,1,,,,
ca42746b-ba48-4802-b1c3-228176aefb18-6,ACU_SW_PART_NO,2025-12-06 12:47:13,2025-12-06 12:48:04,17.0026368,81.786656,61334,8255,StoredFix,,ObV5CS1912,T417F6b453,,287399,,IgnitionOn,1,,,,
ca42746b-ba48-4802-b1c3-228176aefb18-5,ECU_SW_PART_NO,2025-12-06 12:47:13,2025-12-06 12:48:04,17.0026368,81.786656,61333,8255,StoredFix,,ObV5CS1912,T417F6b453,,287399,,IgnitionOn,1,,,,
ca42746b-ba48-4802-b1c3-228176aefb18-7,EDC_BS6_PERIODIC,2025-12-06 12:47:13,2025-12-06 12:48:04,17.0026368,81.786656,16258,8255,StoredFix,V,ObV5CS1912,T417F6b453,,0,0,IgnitionOn,1,26.94,19.39,0,-71
ca42746b-ba48-4802-b1c3-228176aefb18-2,GPS_MESSAGE,2025-12-06 12:47:13,2025-12-06 12:48:04,17.0026368,81.786656,,8255,NoFix,,ObV5CS1912,T417F6b453,,287399,,IgnitionOn,1,0,0,0,
ca42746b-ba48-4802-b1c3-228176aefb18-4,IGNITION_ON,2025-12-06 12:47:13,2025-12-06 12:48:04,17.0026368,81.786656,61332,8255,StoredFix,,ObV5CS1912,T417F6b453,,287399,,IgnitionOn,1,,,,
ca42746b-ba48-4802-b1c3-228176aefb18-1,TRIP_START,2025-12-06 12:47:13,2025-12-06 12:48:04,17.0026368,81.786656,,8255,StoredFix,,ObV5CS1912,T417F6b453,,287399,,IgnitionOn,1,,,,
ca42746b-ba48-4802-b1c3-228176aefb18-3,VERSION_UPDATE,2025-12-06 12:47:13,2025-12-06 12:48:04,17.0026368,81.786656,,8255,StoredFix,,ObV5CS1912,T417F6b453,,28739.9,,IgnitionOn,1,,,,
ca42746b-ba48-4802-b1c3-228176aefb18-8,EDC_BS6_PERIODIC,2025-12-06 12:47:19,2025-12-06 12:48:04,17.0026368,81.786656,16259,8255,StoredFix,V,ObV5CS1912,T417F6b453,,331984.125,0,IgnitionOn,1,26.94,19.39,0,-69
ca42746b-ba48-4802-b1c3-228176aefb18-9,EDC_BS6_PERIODIC,2025-12-06 12:47:25,2025-12-06 12:48:04,17.0026368,81.786656,16260,8255,StoredFix,V,ObV5CS1912,T417F6b453,,331984.125,0,IgnitionOn,1,26.94,19.39,0,-69
ca42746b-ba48-4802-b1c3-228176aefb18-10,EDC_BS6_PERIODIC,2025-12-06 12:47:31,2025-12-06 12:48:04,17.0026368,81.786656,16261,8255,StoredFix,V,ObV5CS1912,T417F6b453,,331984.125,0,IgnitionOn,1,26.94,19.39,0,-61
41004b61-eb38-4293-81ee-199feb0f6f3c,HEARTBEAT_MESSAGE,2025-12-06 12:47:36,2025-12-06 12:47:36,0,0,,,,,ObV5CS1912,T417F6b453,,,,,1,,,,
ca42746b-ba48-4802-b1c3-228176aefb18-11,EDC_BS6_PERIODIC,2025-12-06 12:47:37,2025-12-06 12:48:04,17.0026368,81.786656,16262,8255,StoredFix,V,ObV5CS1912,T417F6b453,,331984.125,0,IgnitionOn,1,26.94,19.39,0,-71
d8887b14-1d56-4de8-acb2-0d4fdc1a4ed2-1,EDC_BS6_PERIODIC,2025-12-06 12:47:43,2025-12-06 12:48:39,17.0026368,81.786656,16263,8255,StoredFix,V,ObV5CS1912,T417F6b453,,331984.125,0,IgnitionOn,1,26.94,19.39,0,-71
d8887b14-1d56-4de8-acb2-0d4fdc1a4ed2-2,EDC_BS6_PERIODIC,2025-12-06 12:47:49,2025-12-06 12:48:39,17.0026368,81.786656,16264,8255,StoredFix,V,ObV5CS1912,T417F6b453,,331984.125,0,IgnitionOn,1,26.94,19.39,0,-71
d8887b14-1d56-4de8-acb2-0d4fdc1a4ed2-3,EDC_BS6_PERIODIC,2025-12-06 12:47:55,2025-12-06 12:48:39,17.0026368,81.786656,16265,8255,StoredFix,V,ObV5CS1912,T417F6b453,,331984.125,0,IgnitionOn,1,26.94,19.39,0,-63
d8887b14-1d56-4de8-acb2-0d4fdc1a4ed2-4,EDC_BS6_PERIODIC,2025-12-06 12:48:01,2025-12-06 12:48:39,17.0026368,81.786656,16266,8255,StoredFix,V,ObV5CS1912,T417F6b453,,331984.125,0,IgnitionOn,1,26.94,19.39,0,-69
d8887b14-1d56-4de8-acb2-0d4fdc1a4ed2-5,EDC_BS6_PERIODIC,2025-12-06 12:48:07,2025-12-06 12:48:39,17.0026368,81.786656,16267,8255,StoredFix,V,ObV5CS1912,T417F6b453,,331984.125,0,IgnitionOn,1,26.94,19.39,0,-69
d8887b14-1d56-4de8-acb2-0d4fdc1a4ed2-6,EDC_BS6_PERIODIC,2025-12-06 12:48:13,2025-12-06 12:48:39,17.0026368,81.786656,16268,8255,StoredFix,V,ObV5CS1912,T417F6b453,,331984.125,0,IgnitionOn,1,26.94,19.39,0,-69
d8887b14-1d56-4de8-acb2-0d4fdc1a4ed2-7,EDC_BS6_PERIODIC,2025-12-06 12:48:19,2025-12-06 12:48:39,17.0026368,81.786656,16269,8255,StoredFix,V,ObV5CS1912,T417F6b453,,331984.125,0,IgnitionOn,1,26.94,19.39,0,-69
d8887b14-1d56-4de8-acb2-0d4fdc1a4ed2-8,EDC_BS6_PERIODIC,2025-12-06 12:48:25,2025-12-06 12:48:39,17.0026368,81.786656,16270,8255,StoredFix,V,ObV5CS1912,T417F6b453,,331984.125,0,IgnitionOn,1,26.94,19.39,0,-69
d8887b14-1d56-4de8-acb2-0d4fdc1a4ed2-9,EDC_BS6_PERIODIC,2025-12-06 12:48:31,2025-12-06 12:48:39,17.0026368,81.786656,16271,8255,StoredFix,V,ObV5CS1912,T417F6b453,,331984.125,0,IgnitionOn,1,26.94,19.39,0,-67
d8887b14-1d56-4de8-acb2-0d4fdc1a4ed2-10,EDC_BS6_PERIODIC,2025-12-06 12:48:37,2025-12-06 12:48:39,17.0026368,81.786656,16272,8255,StoredFix,V,ObV5CS1912,T417F6b453,,331984.125,0,IgnitionOn,1,26.94,19.39,0,-67
00dc23a1-077b-485f-b869-6cb7ab75f1bc-35,EDC_BS6_PERIODIC,2025-12-06 12:48:43,2025-12-06 12:49:40,17.0026368,81.786656,16273,8255,StoredFix,V,ObV5CS1912,T417F6b453,,331984.125,0,IgnitionOn,1,26.94,19.39,0,-69
00dc23a1-077b-485f-b869-6cb7ab75f1bc-36,EDC_BS6_PERIODIC,2025-12-06 12:48:49,2025-12-06 12:49:40,17.0026368,81.786656,16274,8255,StoredFix,V,ObV5CS1912,T417F6b453,,331984.125,5.13,IgnitionOn,1,26.94,19.39,0,-69
00dc23a1-077b-485f-b869-6cb7ab75f1bc-37,EDC_BS6_PERIODIC,2025-12-06 12:48:55,2025-12-06 12:49:40,17.0026368,81.786656,16275,8255,StoredFix,V,ObV5CS1912,T417F6b453,,331984.125,5.23,IgnitionOn,1,26.94,19.39,0,-67
00dc23a1-077b-485f-b869-6cb7ab75f1bc-38,EDC_BS6_PERIODIC,2025-12-06 12:49:01,2025-12-06 12:49:40,17.0026368,81.786656,16276,8255,StoredFix,V,ObV5CS1912,T417F6b453,,331984.125,0,IgnitionOn,1,26.94,19.39,0,-69
00dc23a1-077b-485f-b869-6cb7ab75f1bc-39,EDC_BS6_PERIODIC,2025-12-06 12:49:07,2025-12-06 12:49:40,17.0026368,81.786656,16277,8255,StoredFix,V,ObV5CS1912,T417F6b453,,331984.125,2.52,IgnitionOn,1,26.94,19.39,0,-69
00dc23a1-077b-485f-b869-6cb7ab75f1bc-40,EDC_BS6_PERIODIC,2025-12-06 12:49:13,2025-12-06 12:49:40,17.0026368,81.786656,16278,8255,StoredFix,V,ObV5CS1912,T417F6b453,,331984.125,0,IgnitionOn,1,26.94,19.39,0,-73
00dc23a1-077b-485f-b869-6cb7ab75f1bc-41,EDC_BS6_PERIODIC,2025-12-06 12:49:19,2025-12-06 12:49:40,17.0026368,81.786656,16279,8255,StoredFix,V,ObV5CS1912,T417F6b453,,331984.125,0,IgnitionOn,1,26.94,19.39,0,-69
00dc23a1-077b-485f-b869-6cb7ab75f1bc-42,EDC_BS6_PERIODIC,2025-12-06 12:49:25,2025-12-06 12:49:40,17.0026368,81.786656,16280,8255,StoredFix,V,ObV5CS1912,T417F6b453,,331984.125,0,IgnitionOn,1,26.94,19.39,0,-73
00dc23a1-077b-485f-b869-6cb7ab75f1bc-43,EDC_BS6_PERIODIC,2025-12-06 12:49:31,2025-12-06 12:49:40,17.0026368,81.786656,16281,8255,StoredFix,V,ObV5CS1912,T417F6b453,,331984.125,3.16,IgnitionOn,1,26.94,19.39,0,-71
00dc23a1-077b-485f-b869-6cb7ab75f1bc-44,EDC_BS6_PERIODIC,2025-12-06 12:49:37,2025-12-06 12:49:40,17.0026368,81.786656,16282,8255,StoredFix,V,ObV5CS1912,T417F6b453,,331984.125,0,IgnitionOn,1,26.94,19.39,0,-61
00dc23a1-077b-485f-b869-6cb7ab75f1bc-45,EDC_BS6_PERIODIC,2025-12-06 12:49:43,2025-12-06 12:49:40,17.0026368,81.786656,16283,8255,StoredFix,V,ObV5CS1912,T417F6b453,,331984.125,0,IgnitionOn,1,26.94,19.39,0,-61
097903dc-1c3c-4c80-9320-00cc22369ad9-1-1,BS6_IGNITION_OFF_HB_MESSAGE,2025-12-06 18:49:09,2025-12-06 18:49:14,17.063272,82.1343616,,8255,3DFix,A,ObV5CS1912,T417F6b453,"Unnamed Road, Andhra Pradesh 533437, India",287442,,IgnitionOff,0,36,0,3,
097903dc-1c3c-4c80-9320-00cc22369ad9-1,GPS_MESSAGE,2025-12-06 18:49:09,2025-12-06 18:49:14,17.063272,82.1343616,,8255,3DFix,,ObV5CS1912,T417F6b453,,287442,,IgnitionOff,0,36,0,3,
ef39af48-9ecf-465c-8bf4-12723aacd8ca,HEARTBEAT_MESSAGE,2025-12-06 18:49:12,2025-12-06 18:49:12,0,0,,,,,ObV5CS1912,T417F6b453,,,,,0,,,,
