Message ID,Message Type,Event Time,Ingestion Timestamp,Latitude,Longitude,Sequence Number,Trip Number,Fix Quality,Packet Status,Config Version,Firmware Version,Address,Odometer,Vehicle Speed,Trip Type,Ignition Status,Altitude,Heading,Number of Satellites,GSM Strength
fa860ee0-a998-4192-a15c-d7bd97febb9b-1-1,BS6_IGNITION_OFF_HB_MESSAGE,2025-12-19 00:09:46,2025-12-19 00:09:56,23.4437744,86.1963392,,595,3DFix,A,OaJ5CU0303,G133E15425,"C5VW+CF2, Selani, West Bengal 723201, India",0,,IgnitionOff,0,260,33,13,
fa860ee0-a998-4192-a15c-d7bd97febb9b-1,GPS_MESSAGE,2025-12-19 00:09:46,2025-12-19 00:09:56,23.4437744,86.1963392,,595,3DFix,,OaJ5CU0303,G133E15425,,0,,IgnitionOff,0,260,33,13,
2505a261-9d15-489b-bbb1-9c7510e0f856,HEARTBEAT_MESSAGE,2025-12-19 00:09:52,2025-12-19 00:09:52,0,0,,,,,OaJ5CU0303,G133E15425,,,,,0,,,,
27a70af1-32d0-4b4d-a482-598237c0a96d-12,TRIP_START,2025-12-19 01:04:41,2025-12-19 01:06:34,23.4437984,86.196224,,596,StoredFix,,OaJ5CU0303,G133E15425,,0,,IgnitionOn,1,,,,
27a70af1-32d0-4b4d-a482-598237c0a96d-11,GPS_MESSAGE,2025-12-19 01:04:53,2025-12-19 01:06:34,23.4437984,86.196224,,596,NoFix,,OaJ5CU0303,G133E15425,,0,,IgnitionOn,1,0,0,0,
27a70af1-32d0-4b4d-a482-598237c0a96d-10,VERSION_UPDATE,2025-12-19 01:04:53,2025-12-19 01:06:34,23.4437984,86.196224,,596,StoredFix,,OaJ5CU0303,G133E15425,,0,,IgnitionOn,1,,,,
27a70af1-32d0-4b4d-a482-598237c0a96d-9,IGNITION_ON,2025-12-19 01:04:58,2025-12-19 01:06:34,23.4437984,86.196224,23386,596,StoredFix,,OaJ5CU0303,G133E15425,,0,,IgnitionOn,1,,,,
27a70af1-32d0-4b4d-a482-598237c0a96d-4,ACU_SW_PART_NO,2025-12-19 01:04:59,2025-12-19 01:06:34,23.4437984,86.196224,23391,596,StoredFix,,OaJ5CU0303,G133E15425,,0,,IgnitionOn,1,,,,
27a70af1-32d0-4b4d-a482-598237c0a96d-7,BATTERY_VOLTAGE_DIP,2025-12-19 01:04:59,2025-12-19 01:06:34,23.4437984,86.196224,23388,596,StoredFix,,OaJ5CU0303,G133E15425,,0,0,IgnitionOn,1,,,,
27a70af1-32d0-4b4d-a482-598237c0a96d-6-1,BATTERY_VOLTAGE_DIP_AUX_DATA,2025-12-19 01:04:59,2025-12-19 01:06:34,23.4437984,86.196224,1,596,StoredFix,,OaJ5CU0303,G133E15425,,0,,IgnitionOn,1,,,,
27a70af1-32d0-4b4d-a482-598237c0a96d-6-2,BATTERY_VOLTAGE_DIP_AUX_DATA,2025-12-19 01:04:59,2025-12-19 01:06:34,23.4437984,86.196224,2,596,StoredFix,,OaJ5CU0303,G133E15425,,0,,IgnitionOn,1,,,,
27a70af1-32d0-4b4d-a482-598237c0a96d-6-3,BATTERY_VOLTAGE_DIP_AUX_DATA,2025-12-19 01:04:59,2025-12-19 01:06:34,23.4437984,86.196224,3,596,StoredFix,,OaJ5CU0303,G133E15425,,0,,IgnitionOn,1,,,,
27a70af1-32d0-4b4d-a482-598237c0a96d-5,ECU_SW_PART_NO,2025-12-19 01:04:59,2025-12-19 01:06:34,23.4437984,86.196224,23390,596,StoredFix,,OaJ5CU0303,G133E15425,,0,,IgnitionOn,1,,,,
27a70af1-32d0-4b4d-a482-598237c0a96d-3,EDC_BS6_PERIODIC,2025-12-19 01:04:59,2025-12-19 01:06:34,23.4437984,86.196224,25125,596,StoredFix,V,OaJ5CU0303,G133E15425,,0,0,IgnitionOn,1,254.467,173.39,0,-113
27a70af1-32d0-4b4d-a482-598237c0a96d-8,ENGINE_CRANKING,2025-12-19 01:04:59,2025-12-19 01:06:34,23.4437984,86.196224,23387,596,StoredFix,,OaJ5CU0303,G133E15425,,0,,IgnitionOn,1,,,,
27a70af1-32d0-4b4d-a482-598237c0a96d-2,EDC_BS6_PERIODIC,2025-12-19 01:05:05,2025-12-19 01:06:34,23.4437984,86.196224,25126,596,StoredFix,V,OaJ5CU0303,G133E15425,,4747.375,0,IgnitionOn,1,254.467,173.39,0,-113
27a70af1-32d0-4b4d-a482-598237c0a96d-1,EDC_BS6_PERIODIC,2025-12-19 01:05:11,2025-12-19 01:06:34,23.4437984,86.196224,25127,596,StoredFix,V,OaJ5CU0303,G133E15425,,4747.375,0,IgnitionOn,1,254.467,173.39,0,-113
826b786d-972e-44c3-8858-b099b0428889-11,EDC_BS6_PERIODIC,2025-12-19 01:05:17,2025-12-19 01:08:41,23.4437504,86.1963008,25128,596,StoredFix,V,OaJ5CU0303,G133E15425,"C5VW+CF2, Selani, West Bengal 723201, India",4747.375,0,IgnitionOn,1,271.972,173.39,16,-113
826b786d-972e-44c3-8858-b099b0428889-10,GPS_MESSAGE,2025-12-19 01:05:21,2025-12-19 01:08:41,23.4437616,86.1962752,,596,3DFix,,OaJ5CU0303,G133E15425,"C5VW+CF2, Selani, West Bengal 723201, India",0,,IgnitionOn,1,270,11,17,
bc4036e5-c049-4a2b-affe-e94e9dfbbe38-10,EDC_BS6_PERIODIC,2025-12-19 01:05:23,2025-12-19 01:06:31,23.4437616,86.1962752,25129,596,FixOK,A,OaJ5CU0303,G133E15425,,4747.375,0,IgnitionOn,1,268.346,173.39,18,-113
bc4036e5-c049-4a2b-affe-e94e9dfbbe38-9,EDC_BS6_PERIODIC,2025-12-19 01:05:29,2025-12-19 01:06:31,23.4437616,86.196256,25130,596,FixOK,A,OaJ5CU0303,G133E15425,,4747.375,0,IgnitionOn,1,266.753,173.39,20,-113
bc4036e5-c049-4a2b-affe-e94e9dfbbe38-8,EDC_BS6_PERIODIC,2025-12-19 01:05:35,2025-12-19 01:06:31,23.4437584,86.196256,25131,596,FixOK,A,OaJ5CU0303,G133E15425,,4747.375,0,IgnitionOn,1,265.565,173.39,20,-113
bc4036e5-c049-4a2b-affe-e94e9dfbbe38-7,EDC_BS6_PERIODIC,2025-12-19 01:05:41,2025-12-19 01:06:31,23.4437584,86.1962752,25132,596,FixOK,A,OaJ5CU0303,G133E15425,,4747.375,0,IgnitionOn,1,264.683,173.39,22,-113
bc4036e5-c049-4a2b-affe-e94e9dfbbe38-6,EDC_BS6_PERIODIC,2025-12-19 01:05:47,2025-12-19 01:06:31,23.4437664,86.196256,25133,596,FixOK,A,OaJ5CU0303,G133E15425,,4747.375,0,IgnitionOn,1,263.387,173.39,22,-113
bc4036e5-c049-4a2b-affe-e94e9dfbbe38-5,EDC_BS6_PERIODIC,2025-12-19 01:05:53,2025-12-19 01:06:31,23.4437696,86.196256,25134,596,FixOK,A,OaJ5CU0303,G133E15425,,4747.375,0,IgnitionOn,1,261.712,173.39,22,-113
bc4036e5-c049-4a2b-affe-e94e9dfbbe38-4,EDC_BS6_PERIODIC,2025-12-19 01:05:59,2025-12-19 01:06:31,23.4437696,86.196256,25135,596,FixOK,A,OaJ5CU0303,G133E15425,,4747.375,0,IgnitionOn,1,261.726,173.39,22,-113
bc4036e5-c049-4a2b-affe-e94e9dfbbe38-3,EDC_BS6_PERIODIC,2025-12-19 01:06:06,2025-12-19 01:06:31,23.4437696,86.196256,25136,596,FixOK,A,OaJ5CU0303,G133E15425,,4747.375,0,IgnitionOn,1,261.766,173.39,22,-113
bc4036e5-c049-4a2b-affe-e94e9dfbbe38-2,EDC_BS6_PERIODIC,2025-12-19 01:06:12,2025-12-19 01:06:31,23.4437696,86.196256,25137,596,FixOK,A,OaJ5CU0303,G133E15425,,4747.375,0,IgnitionOn,1,261.803,173.39,22,-113
bc4036e5-c049-4a2b-affe-e94e9dfbbe38-1,EDC_BS6_PERIODIC,2025-12-19 01:06:19,2025-12-19 01:06:31,23.4437696,86.196256,25138,596,FixOK,A,OaJ5CU0303,G133E15425,,4747.375,0,IgnitionOn,1,261.842,173.39,23,-113
826b786d-972e-44c3-8858-b099b0428889-8,EDC_BS6_PERIODIC,2025-12-19 01:06:25,2025-12-19 01:08:41,23.4437744,86.1962752,25139,596,FixOK,A,OaJ5CU0303,G133E15425,"C5VW+CF2, Selani, West Bengal 723201, India",4747.375,0,IgnitionOn,1,261.856,173.39,23,-113
c55dc0ca-4fea-4baa-a9eb-10d73ddce48c,HEARTBEAT_MESSAGE,2025-12-19 01:06:29,2025-12-19 01:06:29,0,0,,,,,OaJ5CU0303,G133E15425,,,,,1,,,,
826b786d-972e-44c3-8858-b099b0428889-7,EDC_BS6_PERIODIC,2025-12-19 01:06:31,2025-12-19 01:08:41,23.4437744,86.1962752,25140,596,FixOK,A,OaJ5CU0303,G133E15425,"C5VW+CF2, Selani, West Bengal 723201, India",4747.375,0,IgnitionOn,1,261.971,173.39,23,-113
826b786d-972e-44c3-8858-b099b0428889-6,EDC_BS6_PERIODIC,2025-12-19 01:06:37,2025-12-19 01:08:41,23.4437776,86.1962752,25141,596,FixOK,A,OaJ5CU0303,G133E15425,"C5VW+CF2, Selani, West Bengal 723201, India",4747.375,0,IgnitionOn,1,262.01,173.39,23,-113
826b786d-972e-44c3-8858-b099b0428889-5,EDC_BS6_PERIODIC,2025-12-19 01:06:43,2025-12-19 01:08:41,23.4437824,86.1962752,25142,596,FixOK,A,OaJ5CU0303,G133E15425,"C5VW+CF2, Selani, West Bengal 723201, India",4747.375,0,IgnitionOn,1,262.277,173.39,24,-113
826b786d-972e-44c3-8858-b099b0428889-4,EDC_BS6_PERIODIC,2025-12-19 01:06:49,2025-12-19 01:08:41,23.4437824,86.196288,25143,596,FixOK,A,OaJ5CU0303,G133E15425,"C5VW+CF2, Selani, West Bengal 723201, India",4747.375,0,IgnitionOn,1,262.303,173.39,24,-113
826b786d-972e-44c3-8858-b099b0428889-3,EDC_BS6_PERIODIC,2025-12-19 01:06:55,2025-12-19 01:08:41,23.4437856,86.196288,25144,596,FixOK,A,OaJ5CU0303,G133E15425,"C5VW+CF2, Selani, West Bengal 723201, India",4747.375,0,IgnitionOn,1,262.769,173.39,24,-113
826b786d-972e-44c3-8858-b099b0428889-2,EDC_BS6_PERIODIC,2025-12-19 01:07:01,2025-12-19 01:08:41,23.4437904,86.196288,25145,596,FixOK,A,OaJ5CU0303,G133E15425,"C5VW+CF2, Selani, West Bengal 723201, India",4747.375,0,IgnitionOn,1,262.977,173.39,24,-113
826b786d-972e-44c3-8858-b099b0428889-1,EDC_BS6_PERIODIC,2025-12-19 01:07:07,2025-12-19 01:08:41,23.4437936,86.1963008,25146,596,FixOK,A,OaJ5CU0303,G133E15425,"C5VW+CF2, Selani, West Bengal 723201, India",4747.375,0,IgnitionOn,1,262.983,173.39,24,-113
66a9a205-3dc3-4498-a024-8252a922b061-1,EDC_BS6_PERIODIC,2025-12-19 01:07:13,2025-12-19 01:15:20,23.4437984,86.1963008,25147,596,FixOK,A,OaJ5CU0303,G133E15425,"C5VW+CF2, Selani, West Bengal 723201, India",4747.375,0,IgnitionOn,1,263.373,173.39,25,-113
66a9a205-3dc3-4498-a024-8252a922b061-2,EDC_BS6_PERIODIC,2025-12-19 01:07:19,2025-12-19 01:15:20,23.4437936,86.1963008,25148,596,FixOK,A,OaJ5CU0303,G133E15425,"C5VW+CF2, Selani, West Bengal 723201, India",4747.375,0,IgnitionOn,1,263.342,173.39,27,-113
826b786d-972e-44c3-8858-b099b0428889-9,EDC_BS6_PERIODIC,2025-12-19 01:07:25,2025-12-19 01:08:41,23.4437984,86.1963008,25149,596,FixOK,A,OaJ5CU0303,G133E15425,"C5VW+CF2, Selani, West Bengal 723201, India",4747.375,0,IgnitionOn,1,263.384,173.39,27,-87
66a9a205-3dc3-4498-a024-8252a922b061-3,EDC_BS6_PERIODIC,2025-12-19 01:07:31,2025-12-19 01:15:20,23.4437984,86.196288,25150,596,FixOK,A,OaJ5CU0303,G133E15425,"C5VW+CF2, Selani, West Bengal 723201, India",4747.375,0,IgnitionOn,1,263.376,173.39,27,-87
f35c4030-9170-4635-984e-ebfcf43b1e04-10,EDC_BS6_PERIODIC,2025-12-19 01:07:37,2025-12-19 01:08:31,23.4438016,86.196288,25151,596,FixOK,A,OaJ5CU0303,G133E15425,"C5VW+CF2, Selani, West Bengal 723201, India",4747.375,0,IgnitionOn,1,263.601,173.39,27,-87
f35c4030-9170-4635-984e-ebfcf43b1e04-9,EDC_BS6_PERIODIC,2025-12-19 01:07:43,2025-12-19 01:08:31,23.4438016,86.1963008,25152,596,FixOK,A,OaJ5CU0303,G133E15425,"C5VW+CF2, Selani, West Bengal 723201, India",4747.375,0,IgnitionOn,1,263.723,173.39,27,-87
f35c4030-9170-4635-984e-ebfcf43b1e04-8,EDC_BS6_PERIODIC,2025-12-19 01:07:49,2025-12-19 01:08:31,23.4438064,86.1963008,25153,596,FixOK,A,OaJ5CU0303,G133E15425,"C5VW+CF2, Selani, West Bengal 723201, India",4747.375,0,IgnitionOn,1,264.356,173.39,26,-87
f35c4030-9170-4635-984e-ebfcf43b1e04-7,EDC_BS6_PERIODIC,2025-12-19 01:07:55,2025-12-19 01:08:31,23.4438016,86.196288,25154,596,FixOK,A,OaJ5CU0303,G133E15425,"C5VW+CF2, Selani, West Bengal 723201, India",4747.375,0,IgnitionOn,1,264.489,173.39,26,-87
f35c4030-9170-4635-984e-ebfcf43b1e04-6,EDC_BS6_PERIODIC,2025-12-19 01:08:01,2025-12-19 01:08:31,23.4437984,86.196288,25155,596,FixOK,A,OaJ5CU0303,G133E15425,"C5VW+CF2, Selani, West Bengal 723201, India",4747.375,0,IgnitionOn,1,264.444,173.39,26,-87
f35c4030-9170-4635-984e-ebfcf43b1e04-5,EXCESSIVE_IDLING_START,2025-12-19 01:08:01,2025-12-19 01:08:31,23.4437984,86.196288,23392,596,FixOK,,OaJ5CU0303,G133E15425,"C5VW+CF2, Selani, West Bengal 723201, India",0,,IgnitionOn,1,,,,
f35c4030-9170-4635-984e-ebfcf43b1e04-4,EDC_BS6_PERIODIC,2025-12-19 01:08:07,2025-12-19 01:08:31,23.4437984,86.1963008,25156,596,FixOK,A,OaJ5CU0303,G133E15425,"C5VW+CF2, Selani, West Bengal 723201, India",4747.375,0,IgnitionOn,1,264.529,173.39,26,-87
f35c4030-9170-4635-984e-ebfcf43b1e04-3,EDC_BS6_PERIODIC,2025-12-19 01:08:13,2025-12-19 01:08:31,23.4437984,86.1963008,25157,596,FixOK,A,OaJ5CU0303,G133E15425,"C5VW+CF2, Selani, West Bengal 723201, India",4747.375,0,IgnitionOn,1,264.588,173.39,26,-87
f35c4030-9170-4635-984e-ebfcf43b1e04-1,EDC_BS6_PERIODIC,2025-12-19 01:08:19,2025-12-19 01:08:31,23.4438016,86.1963008,25158,596,FixOK,A,OaJ5CU0303,G133E15425,"C5VW+CF2, Selani, West Bengal 723201, India",4747.375,0,IgnitionOn,1,264.604,173.39,26,-87
f35c4030-9170-4635-984e-ebfcf43b1e04-2,EDC_BS6_PERIODIC,2025-12-19 01:08:25,2025-12-19 01:08:31,23.4438016,86.1963008,25159,596,FixOK,A,OaJ5CU0303,G133E15425,"C5VW+CF2, Selani, West Bengal 723201, India",4747.375,0,IgnitionOn,1,264.717,173.39,26,-87
49587088-7a37-452e-9122-d756f8df3280-10,EDC_BS6_PERIODIC,2025-12-19 01:08:31,2025-12-19 01:09:32,23.4437984,86.1963008,25160,596,FixOK,A,OaJ5CU0303,G133E15425,"C5VW+CF2, Selani, West Bengal 723201, India",4747.375,0,IgnitionOn,1,264.768,173.39,26,-87
49587088-7a37-452e-9122-d756f8df3280-9,EDC_BS6_PERIODIC,2025-12-19 01:08:37,2025-12-19 01:09:32,23.4438016,86.1963008,25161,596,FixOK,A,OaJ5CU0303,G133E15425,"C5VW+CF2, Selani, West Bengal 723201, India",4747.375,0,IgnitionOn,1,264.906,173.39,28,-87
49587088-7a37-452e-9122-d756f8df3280-8,EDC_BS6_PERIODIC,2025-12-19 01:08:43,2025-12-19 01:09:32,23.4438016,86.1963008,25162,596,FixOK,A,OaJ5CU0303,G133E15425,"C5VW+CF2, Selani, West Bengal 723201, India",4747.375,0,IgnitionOn,1,265.015,173.39,28,-87
49587088-7a37-452e-9122-d756f8df3280-7,EDC_BS6_PERIODIC,2025-12-19 01:08:49,2025-12-19 01:09:32,23.4438016,86.1963008,25163,596,FixOK,A,OaJ5CU0303,G133E15425,"C5VW+CF2, Selani, West Bengal 723201, India",4747.375,0,IgnitionOn,1,265.177,173.39,28,-87
49587088-7a37-452e-9122-d756f8df3280-6,EDC_BS6_PERIODIC,2025-12-19 01:08:55,2025-12-19 01:09:32,23.4438016,86.1963008,25164,596,FixOK,A,OaJ5CU0303,G133E15425,"C5VW+CF2, Selani, West Bengal 723201, India",4747.375,0,IgnitionOn,1,265.221,173.39,28,-87
49587088-7a37-452e-9122-d756f8df3280-5,EDC_BS6_PERIODIC,2025-12-19 01:09:01,2025-12-19 01:09:32,23.4438016,86.196288,25165,596,FixOK,A,OaJ5CU0303,G133E15425,"C5VW+CF2, Selani, West Bengal 723201, India",4747.375,0,IgnitionOn,1,265.252,173.39,28,-87
49587088-7a37-452e-9122-d756f8df3280-4,EDC_BS6_PERIODIC,2025-12-19 01:09:07,2025-12-19 01:09:32,23.4437984,86.196288,25166,596,FixOK,A,OaJ5CU0303,G133E15425,"C5VW+CF2, Selani, West Bengal 723201, India",4747.375,0,IgnitionOn,1,265.243,173.39,29,-87
49587088-7a37-452e-9122-d756f8df3280-3,EDC_BS6_PERIODIC,2025-12-19 01:09:13,2025-12-19 01:09:32,23.4437936,86.196288,25167,596,FixOK,A,OaJ5CU0303,G133E15425,"C5VW+CF2, Selani, West Bengal 723201, India",4747.375,0,IgnitionOn,1,265.208,173.39,29,-87
49587088-7a37-452e-9122-d756f8df3280-2,EDC_BS6_PERIODIC,2025-12-19 01:09:19,2025-12-19 01:09:32,23.4437936,86.196288,25168,596,FixOK,A,OaJ5CU0303,G133E15425,"C5VW+CF2, Selani, West Bengal 723201, India",4747.375,0,IgnitionOn,1,265.209,173.39,29,-87
49587088-7a37-452e-9122-d756f8df3280-1,EDC_BS6_PERIODIC,2025-12-19 01:09:25,2025-12-19 01:09:32,23.4437936,86.1962752,25169,596,FixOK,A,OaJ5CU0303,G133E15425,"C5VW+CF2, Selani, West Bengal 723201, India",4747.375,0,IgnitionOn,1,265.169,173.39,29,-87
f0eb7364-f14f-4492-a2aa-9eec4f247211-10,EDC_BS6_PERIODIC,2025-12-19 01:09:31,2025-12-19 01:10:34,23.4437984,86.1962752,25170,596,FixOK,A,OaJ5CU0303,G133E15425,"C5VW+CF2, Selani, West Bengal 723201, India",4747.375,0,IgnitionOn,1,265.14,173.39,30,-87
f0eb7364-f14f-4492-a2aa-9eec4f247211-9,EDC_BS6_PERIODIC,2025-12-19 01:09:37,2025-12-19 01:10:34,23.4437984,86.1962752,25171,596,FixOK,A,OaJ5CU0303,G133E15425,"C5VW+CF2, Selani, West Bengal 723201, India",4747.375,0,IgnitionOn,1,265.164,173.39,30,-87
f0eb7364-f14f-4492-a2aa-9eec4f247211-8,EDC_BS6_PERIODIC,2025-12-19 01:09:43,2025-12-19 01:10:34,23.4437936,86.1962752,25172,596,FixOK,A,OaJ5CU0303,G133E15425,"C5VW+CF2, Selani, West Bengal 723201, India",4747.375,0,IgnitionOn,1,265.201,173.39,30,-87
f0eb7364-f14f-4492-a2aa-9eec4f247211-7,EDC_BS6_PERIODIC,2025-12-19 01:09:49,2025-12-19 01:10:34,23.4437936,86.1962752,25173,596,FixOK,A,OaJ5CU0303,G133E15425,"C5VW+CF2, Selani, West Bengal 723201, India",4747.375,0,IgnitionOn,1,265.174,173.39,30,-87
f0eb7364-f14f-4492-a2aa-9eec4f247211-6,EDC_BS6_PERIODIC,2025-12-19 01:09:55,2025-12-19 01:10:34,23.4437936,86.1962752,25174,596,FixOK,A,OaJ5CU0303,G133E15425,"C5VW+CF2, Selani, West Bengal 723201, India",4747.375,0,IgnitionOn,1,265.197,173.39,30,-87
f0eb7364-f14f-4492-a2aa-9eec4f247211-5,EDC_BS6_PERIODIC,2025-12-19 01:10:01,2025-12-19 01:10:34,23.4437904,86.196256,25175,596,FixOK,A,OaJ5CU0303,G133E15425,"C5VW+CF2, Selani, West Bengal 723201, India",4747.375,0,IgnitionOn,1,265.156,173.39,30,-87
f0eb7364-f14f-4492-a2aa-9eec4f247211-4,EDC_BS6_PERIODIC,2025-12-19 01:10:07,2025-12-19 01:10:34,23.4437904,86.196256,25176,596,FixOK,A,OaJ5CU0303,G133E15425,"C5VW+CF2, Selani, West Bengal 723201, India",4747.375,0,IgnitionOn,1,265.129,173.39,30,-87
f0eb7364-f14f-4492-a2aa-9eec4f247211-3,EDC_BS6_PERIODIC,2025-12-19 01:10:13,2025-12-19 01:10:34,23.4437904,86.196256,25177,596,FixOK,A,OaJ5CU0303,G133E15425,"C5VW+CF2, Selani, West Bengal 723201, India",4747.375,0,IgnitionOn,1,265.101,173.39,30,-87
f0eb7364-f14f-4492-a2aa-9eec4f247211-2,EDC_BS6_PERIODIC,2025-12-19 01:10:19,2025-12-19 01:10:34,23.4437904,86.196256,25178,596,FixOK,A,OaJ5CU0303,G133E15425,"C5VW+CF2, Selani, West Bengal 723201, India",4747.375,0,IgnitionOn,1,265.02,173.39,30,-87
f0eb7364-f14f-4492-a2aa-9eec4f247211-1,EDC_BS6_PERIODIC,2025-12-19 01:10:25,2025-12-19 01:10:34,23.4437904,86.196256,25179,596,FixOK,A,OaJ5CU0303,G133E15425,"C5VW+CF2, Selani, West Bengal 723201, India",4747.375,0,IgnitionOn,1,264.932,173.39,30,-87
66a9a205-3dc3-4498-a024-8252a922b061-4,EDC_BS6_PERIODIC,2025-12-19 01:10:31,2025-12-19 01:15:20,23.4437904,86.196256,25180,596,FixOK,A,OaJ5CU0303,G133E15425,"C5VW+CF2, Selani, West Bengal 723201, India",4747.375,0,IgnitionOn,1,264.894,173.39,30,-87
66a9a205-3dc3-4498-a024-8252a922b061-5,EDC_BS6_PERIODIC,2025-12-19 01:10:37,2025-12-19 01:15:20,23.4437936,86.196256,25181,596,FixOK,A,OaJ5CU0303,G133E15425,"C5VW+CF2, Selani, West Bengal 723201, India",4747.375,0,IgnitionOn,1,264.963,173.39,30,-87
66a9a205-3dc3-4498-a024-8252a922b061-6,EDC_BS6_PERIODIC,2025-12-19 01:10:43,2025-12-19 01:15:20,23.4437936,86.196256,25182,596,FixOK,A,OaJ5CU0303,G133E15425,"C5VW+CF2, Selani, West Bengal 723201, India",4747.375,0,IgnitionOn,1,264.992,173.39,30,-87
66a9a205-3dc3-4498-a024-8252a922b061-7,EDC_BS6_PERIODIC,2025-12-19 01:10:49,2025-12-19 01:15:20,23.4437984,86.1962752,25183,596,FixOK,A,OaJ5CU0303,G133E15425,"C5VW+CF2, Selani, West Bengal 723201, India",4747.375,0,IgnitionOn,1,265.2,173.39,30,-87
66a9a205-3dc3-4498-a024-8252a922b061-8,EDC_BS6_PERIODIC,2025-12-19 01:10:55,2025-12-19 01:15:20,23.4437984,86.1962752,25184,596,FixOK,A,OaJ5CU0303,G133E15425,"C5VW+CF2, Selani, West Bengal 723201, India",4747.375,0,IgnitionOn,1,265.187,173.39,30,-87
66a9a205-3dc3-4498-a024-8252a922b061-9,EDC_BS6_PERIODIC,2025-12-19 01:11:01,2025-12-19 01:15:20,23.4438016,86.1962752,25185,596,FixOK,A,OaJ5CU0303,G133E15425,"C5VW+CF2, Selani, West Bengal 723201, India",4747.375,0,IgnitionOn,1,265.183,173.39,30,-87
66a9a205-3dc3-4498-a024-8252a922b061-10,EDC_BS6_PERIODIC,2025-12-19 01:11:07,2025-12-19 01:15:20,23.4438016,86.1962752,25186,596,FixOK,A,OaJ5CU0303,G133E15425,"C5VW+CF2, Selani, West Bengal 723201, India",4747.375,0,IgnitionOn,1,265.213,173.39,30,-87
66a9a205-3dc3-4498-a024-8252a922b061-11,EDC_BS6_PERIODIC,2025-12-19 01:11:13,2025-12-19 01:15:20,23.4438064,86.1962752,25187,596,FixOK,A,OaJ5CU0303,G133E15425,"C5VW+CF2, Selani, West Bengal 723201, India",4747.375,0,IgnitionOn,1,265.191,173.39,29,-87
66a9a205-3dc3-4498-a024-8252a922b061-12,EDC_BS6_PERIODIC,2025-12-19 01:11:19,2025-12-19 01:15:20,23.4438064,86.1962752,25188,596,FixOK,A,OaJ5CU0303,G133E15425,"C5VW+CF2, Selani, West Bengal 723201, India",4747.375,0,IgnitionOn,1,265.187,173.39,29,-87
66a9a205-3dc3-4498-a024-8252a922b061-13,EDC_BS6_PERIODIC,2025-12-19 01:11:25,2025-12-19 01:15:20,23.4438064,86.196256,25189,596,FixOK,A,OaJ5CU0303,G133E15425,"C5VW+CF2, Selani, West Bengal 723201, India",4747.375,0,IgnitionOn,1,265.148,173.39,31,-87
66a9a205-3dc3-4498-a024-8252a922b061-14,EDC_BS6_PERIODIC,2025-12-19 01:11:31,2025-12-19 01:15:20,23.4438112,86.196256,25190,596,FixOK,A,OaJ5CU0303,G133E15425,"C5VW+CF2, Selani, West Bengal 723201, India",4747.375,0,IgnitionOn,1,265.111,173.39,30,-87
66a9a205-3dc3-4498-a024-8252a922b061-16,EDC_BS6_PERIODIC,2025-12-19 01:11:36,2025-12-19 01:15:20,23.443816,86.1962752,25191,596,FixOK,A,OaJ5CU0303,G133E15425,"C5VW+CF2, Selani, West Bengal 723201, India",4747.375,0,IgnitionOn,0,265.119,173.39,30,-87
66a9a205-3dc3-4498-a024-8252a922b061-17,IGNITION_OFF,2025-12-19 01:11:37,2025-12-19 01:15:20,23.443816,86.196256,23393,596,FixOK,,OaJ5CU0303,G133E15425,"C5VW+CF2, Selani, West Bengal 723201, India",0,,IgnitionOn,0,,,,
66a9a205-3dc3-4498-a024-8252a922b061-18,EDC_BS6_PERIODIC,2025-12-19 01:11:42,2025-12-19 01:15:20,23.4438208,86.1962752,25192,596,FixOK,A,OaJ5CU0303,G133E15425,"C5VW+CF2, Selani, West Bengal 723201, India",4747.375,0,IgnitionOn,0,265.122,173.39,30,-87
66a9a205-3dc3-4498-a024-8252a922b061-19,EDC_BS6_PERIODIC,2025-12-19 01:11:49,2025-12-19 01:15:20,23.443824,86.1962752,25193,596,FixOK,A,OaJ5CU0303,G133E15425,"C5VW+CF2, Selani, West Bengal 723201, India",4747.375,0,IgnitionOn,0,265.158,173.39,30,-87
66a9a205-3dc3-4498-a024-8252a922b061-20,EDC_BS6_PERIODIC,2025-12-19 01:11:54,2025-12-19 01:15:20,23.4438272,86.1962752,25194,596,FixOK,A,OaJ5CU0303,G133E15425,"C5VW+CF2, Selani, West Bengal 723201, India",4747.375,0,IgnitionOn,0,265.259,173.39,28,-87
66a9a205-3dc3-4498-a024-8252a922b061-21,EDC_BS6_PERIODIC,2025-12-19 01:12:00,2025-12-19 01:15:20,23.4438272,86.196256,25195,596,FixOK,A,OaJ5CU0303,G133E15425,"C5VW+CF2, Selani, West Bengal 723201, India",4747.375,0,IgnitionOn,0,265.355,173.39,27,-87
66a9a205-3dc3-4498-a024-8252a922b061-22,EDC_BS6_PERIODIC,2025-12-19 01:12:06,2025-12-19 01:15:20,23.443832,86.1962752,25196,596,FixOK,A,OaJ5CU0303,G133E15425,"C5VW+CF2, Selani, West Bengal 723201, India",4747.375,0,IgnitionOn,0,265.343,173.39,28,-87
66a9a205-3dc3-4498-a024-8252a922b061-23,EDC_BS6_PERIODIC,2025-12-19 01:12:12,2025-12-19 01:15:20,23.443832,86.1962752,25197,596,FixOK,A,OaJ5CU0303,G133E15425,"C5VW+CF2, Selani, West Bengal 723201, India",0,0,IgnitionOn,0,265.359,173.39,27,-87
66a9a205-3dc3-4498-a024-8252a922b061-24,EDC_BS6_PERIODIC,2025-12-19 01:12:18,2025-12-19 01:15:20,23.4438272,86.1962752,25198,596,FixOK,A,OaJ5CU0303,G133E15425,"C5VW+CF2, Selani, West Bengal 723201, India",0,0,IgnitionOn,0,265.334,173.39,27,-87
66a9a205-3dc3-4498-a024-8252a922b061-25,EDC_BS6_PERIODIC,2025-12-19 01:12:24,2025-12-19 01:15:20,23.443832,86.1962752,25199,596,FixOK,A,OaJ5CU0303,G133E15425,"C5VW+CF2, Selani, West Bengal 723201, India",0,0,IgnitionOn,0,265.348,173.39,29,-87
66a9a205-3dc3-4498-a024-8252a922b061-15,EDC_BS6_PERIODIC,2025-12-19 01:12:31,2025-12-19 01:15:20,23.443832,86.1962752,25200,596,FixOK,A,OaJ5CU0303,G133E15425,"C5VW+CF2, Selani, West Bengal 723201, India",0,0,IgnitionOn,0,265.335,173.39,29,-87
66a9a205-3dc3-4498-a024-8252a922b061-27,EDC_BS6_PERIODIC,2025-12-19 01:12:36,2025-12-19 01:15:20,23.443832,86.1962752,25201,596,FixOK,A,OaJ5CU0303,G133E15425,"C5VW+CF2, Selani, West Bengal 723201, India",0,0,IgnitionOn,0,265.345,173.39,29,-87
66a9a205-3dc3-4498-a024-8252a922b061-28,EDC_BS6_PERIODIC,2025-12-19 01:12:42,2025-12-19 01:15:20,23.4438272,86.1962752,25202,596,FixOK,A,OaJ5CU0303,G133E15425,"C5VW+CF2, Selani, West Bengal 723201, India",0,0,IgnitionOn,0,265.321,173.39,29,-87
66a9a205-3dc3-4498-a024-8252a922b061-29,EDC_BS6_PERIODIC,2025-12-19 01:12:48,2025-12-19 01:15:20,23.443832,86.196256,25203,596,FixOK,A,OaJ5CU0303,G133E15425,"C5VW+CF2, Selani, West Bengal 723201, India",0,0,IgnitionOn,0,265.325,173.39,29,-87
66a9a205-3dc3-4498-a024-8252a922b061-30,EDC_BS6_PERIODIC,2025-12-19 01:12:54,2025-12-19 01:15:20,23.4438272,86.1962752,25204,596,FixOK,A,OaJ5CU0303,G133E15425,"C5VW+CF2, Selani, West Bengal 723201, India",0,0,IgnitionOn,0,265.334,173.39,29,-87
66a9a205-3dc3-4498-a024-8252a922b061-31,EDC_BS6_PERIODIC,2025-12-19 01:13:00,2025-12-19 01:15:20,23.4438272,86.1962752,25205,596,FixOK,A,OaJ5CU0303,G133E15425,"C5VW+CF2, Selani, West Bengal 723201, India",0,0,IgnitionOn,0,265.261,173.39,30,-87
66a9a205-3dc3-4498-a024-8252a922b061-32,EDC_BS6_PERIODIC,2025-12-19 01:13:06,2025-12-19 01:15:20,23.4438272,86.1962752,25206,596,FixOK,A,OaJ5CU0303,G133E15425,"C5VW+CF2, Selani, West Bengal 723201, India",0,0,IgnitionOn,0,265.221,173.39,30,-87
66a9a205-3dc3-4498-a024-8252a922b061-33,EDC_BS6_PERIODIC,2025-12-19 01:13:12,2025-12-19 01:15:20,23.4438272,86.1962752,25207,596,FixOK,A,OaJ5CU0303,G133E15425,"C5VW+CF2, Selani, West Bengal 723201, India",0,0,IgnitionOn,0,265.206,173.39,31,-87
66a9a205-3dc3-4498-a024-8252a922b061-34,EDC_BS6_PERIODIC,2025-12-19 01:13:18,2025-12-19 01:15:20,23.4438272,86.1962752,25208,596,FixOK,A,OaJ5CU0303,G133E15425,"C5VW+CF2, Selani, West Bengal 723201, India",0,0,IgnitionOn,0,265.178,173.39,31,-87
66a9a205-3dc3-4498-a024-8252a922b061-35,EDC_BS6_PERIODIC,2025-12-19 01:13:24,2025-12-19 01:15:20,23.4438272,86.1962752,25209,596,FixOK,A,OaJ5CU0303,G133E15425,"C5VW+CF2, Selani, West Bengal 723201, India",0,0,IgnitionOn,0,265.152,173.39,31,-89
66a9a205-3dc3-4498-a024-8252a922b061-36,EDC_BS6_PERIODIC,2025-12-19 01:13:30,2025-12-19 01:15:20,23.4438272,86.1962752,25210,596,FixOK,A,OaJ5CU0303,G133E15425,"C5VW+CF2, Selani, West Bengal 723201, India",0,0,IgnitionOn,0,265.102,173.39,31,-89
66a9a205-3dc3-4498-a024-8252a922b061-26,EDC_BS6_PERIODIC,2025-12-19 01:13:36,2025-12-19 01:15:20,23.4438272,86.1962752,25211,596,FixOK,A,OaJ5CU0303,G133E15425,"C5VW+CF2, Selani, West Bengal 723201, India",0,0,IgnitionOn,0,265.141,173.39,30,-89
66a9a205-3dc3-4498-a024-8252a922b061-37,GPS_MESSAGE,2025-12-19 01:13:37,2025-12-19 01:15:20,23.4438272,86.1962752,,596,3DFix,,OaJ5CU0303,G133E15425,"C5VW+CF2, Selani, West Bengal 723201, India",0,,IgnitionOff,0,265,5,30,
66a9a205-3dc3-4498-a024-8252a922b061-39,DEVICE_METRICS,2025-12-19 01:13:38,2025-12-19 01:15:20,23.4438272,86.1962752,,596,FixOK,,OaJ5CU0303,G133E15425,"C5VW+CF2, Selani, West Bengal 723201, India",0,,IgnitionOff,0,,,,
66a9a205-3dc3-4498-a024-8252a922b061-38,TRIP_END,2025-12-19 01:13:38,2025-12-19 01:15:20,23.4438272,86.1962752,,596,FixOK,,OaJ5CU0303,G133E15425,"C5VW+CF2, Selani, West Bengal 723201, India",0,,IgnitionOff,0,,,,
746eb8dd-e23d-4177-ae38-44b18081abc1,HEARTBEAT_MESSAGE,2025-12-19 01:13:44,2025-12-19 01:13:44,0,0,,,,,OaJ5CU0303,G133E15425,,,,,1,,,,
bc68fb5b-ecb3-470b-9cd7-46aff6028074-12,TRIP_START,2025-12-19 01:25:41,2025-12-19 01:30:16,23.4438272,86.1962752,,597,StoredFix,,OaJ5CU0303,G133E15425,"C5VW+CF2, Selani, West Bengal 723201, India",0,,IgnitionOn,1,,,,
bc68fb5b-ecb3-470b-9cd7-46aff6028074-11,GPS_MESSAGE,2025-12-19 01:25:53,2025-12-19 01:30:16,23.4438272,86.1962752,,597,NoFix,,OaJ5CU0303,G133E15425,"C5VW+CF2, Selani, West Bengal 723201, India",0,,IgnitionOn,1,0,0,0,
bc68fb5b-ecb3-470b-9cd7-46aff6028074-10,VERSION_UPDATE,2025-12-19 01:25:53,2025-12-19 01:30:16,23.4438272,86.1962752,,597,StoredFix,,OaJ5CU0303,G133E15425,"C5VW+CF2, Selani, West Bengal 723201, India",0,,IgnitionOn,1,,,,
bc68fb5b-ecb3-470b-9cd7-46aff6028074-9,IGNITION_ON,2025-12-19 01:25:58,2025-12-19 01:30:16,23.4438272,86.1962752,23394,597,StoredFix,,OaJ5CU0303,G133E15425,"C5VW+CF2, Selani, West Bengal 723201, India",0,,IgnitionOn,1,,,,
bc68fb5b-ecb3-470b-9cd7-46aff6028074-7,ACU_SW_PART_NO,2025-12-19 01:25:59,2025-12-19 01:30:16,23.4438272,86.1962752,23396,597,StoredFix,,OaJ5CU0303,G133E15425,"C5VW+CF2, Selani, West Bengal 723201, India",0,,IgnitionOn,1,,,,
bc68fb5b-ecb3-470b-9cd7-46aff6028074-8,ECU_SW_PART_NO,2025-12-19 01:25:59,2025-12-19 01:30:16,23.4438272,86.1962752,23395,597,StoredFix,,OaJ5CU0303,G133E15425,"C5VW+CF2, Selani, West Bengal 723201, India",0,,IgnitionOn,1,,,,
bc68fb5b-ecb3-470b-9cd7-46aff6028074-6,EDC_BS6_PERIODIC,2025-12-19 01:25:59,2025-12-19 01:30:16,23.4438272,86.1962752,25212,597,StoredFix,V,OaJ5CU0303,G133E15425,"C5VW+CF2, Selani, West Bengal 723201, India",4747.375,0,IgnitionOn,1,265.135,173.39,0,-113
bc68fb5b-ecb3-470b-9cd7-46aff6028074-5,ENGINE_CRANKING,2025-12-19 01:25:59,2025-12-19 01:30:16,23.4438272,86.1962752,23397,597,StoredFix,,OaJ5CU0303,G133E15425,"C5VW+CF2, Selani, West Bengal 723201, India",0,,IgnitionOn,1,,,,
bc68fb5b-ecb3-470b-9cd7-46aff6028074-4,BATTERY_VOLTAGE_DIP,2025-12-19 01:26:01,2025-12-19 01:30:16,23.4438272,86.1962752,23398,597,StoredFix,,OaJ5CU0303,G133E15425,"C5VW+CF2, Selani, West Bengal 723201, India",0,0,IgnitionOn,1,,,,
bc68fb5b-ecb3-470b-9cd7-46aff6028074-3-1,BATTERY_VOLTAGE_DIP_AUX_DATA,2025-12-19 01:26:01,2025-12-19 01:30:16,23.4438272,86.1962752,1,597,StoredFix,,OaJ5CU0303,G133E15425,"C5VW+CF2, Selani, West Bengal 723201, India",0,,IgnitionOn,1,,,,
bc68fb5b-ecb3-470b-9cd7-46aff6028074-3-2,BATTERY_VOLTAGE_DIP_AUX_DATA,2025-12-19 01:26:01,2025-12-19 01:30:16,23.4438272,86.1962752,2,597,StoredFix,,OaJ5CU0303,G133E15425,"C5VW+CF2, Selani, West Bengal 723201, India",0,,IgnitionOn,1,,,,
bc68fb5b-ecb3-470b-9cd7-46aff6028074-3-3,BATTERY_VOLTAGE_DIP_AUX_DATA,2025-12-19 01:26:01,2025-12-19 01:30:16,23.4438272,86.1962752,3,597,StoredFix,,OaJ5CU0303,G133E15425,"C5VW+CF2, Selani, West Bengal 723201, India",0,,IgnitionOn,1,,,,
bc68fb5b-ecb3-470b-9cd7-46aff6028074-2,EDC_BS6_PERIODIC,2025-12-19 01:26:05,2025-12-19 01:30:16,23.4438272,86.1962752,25213,597,StoredFix,V,OaJ5CU0303,G133E15425,"C5VW+RH6, Selani, West Bengal 723201, India",4747.375,0,IgnitionOn,1,265.135,173.39,0,-113
e0af09c5-d8c4-4959-bac0-8423a84b612f-10,EDC_BS6_PERIODIC,2025-12-19 01:26:11,2025-12-19 01:27:10,23.4438272,86.1962752,25214,597,StoredFix,V,OaJ5CU0303,G133E15425,"C5VW+CF2, Selani, West Bengal 723201, India",4747.375,0,IgnitionOn,1,265.135,173.39,0,-113
e0af09c5-d8c4-4959-bac0-8423a84b612f-9,EDC_BS6_PERIODIC,2025-12-19 01:26:17,2025-12-19 01:27:10,23.4437936,86.196224,25215,597,StoredFix,V,OaJ5CU0303,G133E15425,"C5VW+CF2, Selani, West Bengal 723201, India",4747.375,0,IgnitionOn,1,246.923,173.39,26,-113
e0af09c5-d8c4-4959-bac0-8423a84b612f-8,GPS_MESSAGE,2025-12-19 01:26:21,2025-12-19 01:27:10,23.4437984,86.196224,,597,3DFix,,OaJ5CU0303,G133E15425,"C5VW+CF2, Selani, West Bengal 723201, India",0,,IgnitionOn,1,246,24,27,
e0af09c5-d8c4-4959-bac0-8423a84b612f-7,EDC_BS6_PERIODIC,2025-12-19 01:26:23,2025-12-19 01:27:10,23.4437984,86.196224,25216,597,FixOK,A,OaJ5CU0303,G133E15425,"C5VW+CF2, Selani, West Bengal 723201, India",4747.375,0,IgnitionOn,1,246.348,173.39,27,-113
e0af09c5-d8c4-4959-bac0-8423a84b612f-6,EDC_BS6_PERIODIC,2025-12-19 01:26:29,2025-12-19 01:27:10,23.4437984,86.196224,25217,597,FixOK,A,OaJ5CU0303,G133E15425,"C5VW+CF2, Selani, West Bengal 723201, India",4747.375,0,IgnitionOn,1,246.154,173.39,27,-113
e0af09c5-d8c4-4959-bac0-8423a84b612f-5,EDC_BS6_PERIODIC,2025-12-19 01:26:35,2025-12-19 01:27:10,23.4437936,86.196224,25218,597,FixOK,A,OaJ5CU0303,G133E15425,"C5VW+CF2, Selani, West Bengal 723201, India",4747.375,0,IgnitionOn,1,245.772,173.39,28,-113
e0af09c5-d8c4-4959-bac0-8423a84b612f-4,EDC_BS6_PERIODIC,2025-12-19 01:26:41,2025-12-19 01:27:10,23.4437904,86.196224,25219,597,FixOK,A,OaJ5CU0303,G133E15425,"C5VW+CF2, Selani, West Bengal 723201, India",4747.375,0,IgnitionOn,1,246.085,173.39,29,-113
e0af09c5-d8c4-4959-bac0-8423a84b612f-3,EDC_BS6_PERIODIC,2025-12-19 01:26:47,2025-12-19 01:27:10,23.4437904,86.196224,25220,597,FixOK,A,OaJ5CU0303,G133E15425,"C5VW+CF2, Selani, West Bengal 723201, India",4747.375,0,IgnitionOn,1,246.202,173.39,29,-113
e0af09c5-d8c4-4959-bac0-8423a84b612f-2,EDC_BS6_PERIODIC,2025-12-19 01:26:53,2025-12-19 01:27:10,23.4437904,86.196224,25221,597,FixOK,A,OaJ5CU0303,G133E15425,"C5VW+CF2, Selani, West Bengal 723201, India",4747.375,0,IgnitionOn,1,246.328,173.39,27,-113
e0af09c5-d8c4-4959-bac0-8423a84b612f-1,EDC_BS6_PERIODIC,2025-12-19 01:27:00,2025-12-19 01:27:10,23.4437936,86.1962368,25222,597,FixOK,A,OaJ5CU0303,G133E15425,"C5VW+CF2, Selani, West Bengal 723201, India",4747.375,0,IgnitionOn,1,246.324,173.39,28,-113
a78b5a60-caf1-433a-be34-eb7fa6d8db32-10,EDC_BS6_PERIODIC,2025-12-19 01:27:06,2025-12-19 01:28:10,23.4438016,86.196224,25223,597,FixOK,A,OaJ5CU0303,G133E15425,"C5VW+CF2, Selani, West Bengal 723201, India",4747.375,0,IgnitionOn,1,246.386,173.39,28,-113
753dbc06-ed8d-4aa6-b2bf-ffe1e82bcaea,HEARTBEAT_MESSAGE,2025-12-19 01:27:08,2025-12-19 01:27:08,0,0,,,,,OaJ5CU0303,G133E15425,,,,,1,,,,
a78b5a60-caf1-433a-be34-eb7fa6d8db32-9,EDC_BS6_PERIODIC,2025-12-19 01:27:12,2025-12-19 01:28:10,23.4438112,86.196224,25224,597,FixOK,A,OaJ5CU0303,G133E15425,"C5VW+CF2, Selani, West Bengal 723201, India",4747.375,0,IgnitionOn,1,246.425,173.39,28,-113
a78b5a60-caf1-433a-be34-eb7fa6d8db32-8,EDC_BS6_PERIODIC,2025-12-19 01:27:18,2025-12-19 01:28:10,23.4438368,86.1962368,25225,597,FixOK,A,OaJ5CU0303,G133E15425,"C5VW+CF2, Selani, West Bengal 723201, India",4747.375,1.99,IgnitionOn,1,246.55,173.39,28,-113
a78b5a60-caf1-433a-be34-eb7fa6d8db32-7,EDC_BS6_PERIODIC,2025-12-19 01:27:24,2025-12-19 01:28:10,23.443864,86.1962368,25226,597,FixOK,A,OaJ5CU0303,G133E15425,"C5VW+CF2, Selani, West Bengal 723201, India",4747.375,2.08,IgnitionOn,1,246.675,173.39,28,-113
a78b5a60-caf1-433a-be34-eb7fa6d8db32-6,EDC_BS6_PERIODIC,2025-12-19 01:27:30,2025-12-19 01:28:10,23.4439168,86.196256,25227,597,FixOK,A,OaJ5CU0303,G133E15425,"C5VW+CF2, Selani, West Bengal 723201, India",4747.375,3.6100001,IgnitionOn,1,246.782,12.1,26,-113
a78b5a60-caf1-433a-be34-eb7fa6d8db32-5,EDC_BS6_PERIODIC,2025-12-19 01:27:36,2025-12-19 01:28:10,23.443952,86.196256,25228,597,FixOK,A,OaJ5CU0303,G133E15425,"C5VW+CF2, Selani, West Bengal 723201, India",4747.375,3.66,IgnitionOn,1,247.018,11.13,28,-113
a78b5a60-caf1-433a-be34-eb7fa6d8db32-4,EDC_BS6_PERIODIC,2025-12-19 01:27:42,2025-12-19 01:28:10,23.4439984,86.1962752,25229,597,FixOK,A,OaJ5CU0303,G133E15425,"C5VW+CF2, Selani, West Bengal 723201, India",4747.375,3.62,IgnitionOn,1,247.227,12.52,30,-113
a78b5a60-caf1-433a-be34-eb7fa6d8db32-3,EDC_BS6_PERIODIC,2025-12-19 01:27:48,2025-12-19 01:28:10,23.4440416,86.1962752,25230,597,FixOK,A,OaJ5CU0303,G133E15425,"C5VW+CF2, Selani, West Bengal 723201, India",4747.375,3.6,IgnitionOn,1,247.496,10.85,30,-113
a78b5a60-caf1-433a-be34-eb7fa6d8db32-2,EDC_BS6_PERIODIC,2025-12-19 01:27:54,2025-12-19 01:28:10,23.444088,86.196288,25231,597,FixOK,A,OaJ5CU0303,G133E15425,"C5VW+CF2, Selani, West Bengal 723201, India",4747.375,3.59,IgnitionOn,1,247.82,10.03,31,-113
a78b5a60-caf1-433a-be34-eb7fa6d8db32-1,EDC_BS6_PERIODIC,2025-12-19 01:28:00,2025-12-19 01:28:10,23.444128,86.196288,25232,597,FixOK,A,OaJ5CU0303,G133E15425,"C5VW+CF2, Selani, West Bengal 723201, India",4747.375,3.6100001,IgnitionOn,1,248.207,10.03,31,-113
bc68fb5b-ecb3-470b-9cd7-46aff6028074-1,EDC_BS6_PERIODIC,2025-12-19 01:28:06,2025-12-19 01:30:16,23.4441792,86.1963008,25233,597,FixOK,A,OaJ5CU0303,G133E15425,"C5VW+RH6, Selani, West Bengal 723201, India",4747.5,4.31,IgnitionOn,1,248.422,10.03,31,-83
8eb12374-af4e-4829-a7f8-da4447f6020a-14,EDC_BS6_PERIODIC,2025-12-19 01:28:12,2025-12-19 01:34:28,23.4442736,86.1963392,25234,597,FixOK,A,OaJ5CU0303,G133E15425,"C6W2+J9 Ratnadi, West Bengal, India",4747.5,6.74,IgnitionOn,1,249.309,1.42,31,-83
4505ae65-13e0-42a0-bd09-2b88b54ca739-10,EDC_BS6_PERIODIC,2025-12-19 01:28:18,2025-12-19 01:29:12,23.444376,86.196384,25235,597,FixOK,A,OaJ5CU0303,G133E15425,"C5VW+CF2, Selani, West Bengal 723201, India",4747.5,6.47,IgnitionOn,1,250.253,30.18,31,-83
4505ae65-13e0-42a0-bd09-2b88b54ca739-9,EDC_BS6_PERIODIC,2025-12-19 01:28:24,2025-12-19 01:29:12,23.4444816,86.1964672,25236,597,FixOK,A,OaJ5CU0303,G133E15425,"C5VW+CF2, Selani, West Bengal 723201, India",4747.5,6.52,IgnitionOn,1,251.395,31.03,30,-83
4505ae65-13e0-42a0-bd09-2b88b54ca739-8,EDC_BS6_PERIODIC,2025-12-19 01:28:30,2025-12-19 01:29:12,23.4445728,86.196512,25237,597,FixOK,A,OaJ5CU0303,G133E15425,"C5VW+CF2, Selani, West Bengal 723201, India",4747.5,6.55,IgnitionOn,1,253.093,24.67,30,-83
4505ae65-13e0-42a0-bd09-2b88b54ca739-7,EDC_BS6_PERIODIC,2025-12-19 01:28:36,2025-12-19 01:29:12,23.4446752,86.1965504,25238,597,FixOK,A,OaJ5CU0303,G133E15425,"C5VW+CF2, Selani, West Bengal 723201, India",4747.5,6.54,IgnitionOn,1,254.798,11.69,30,-83
4505ae65-13e0-42a0-bd09-2b88b54ca739-6,EDC_BS6_PERIODIC,2025-12-19 01:28:42,2025-12-19 01:29:12,23.444776,86.1965824,25239,597,FixOK,A,OaJ5CU0303,G133E15425,"C5VW+CF2, Selani, West Bengal 723201, India",4747.5,7.9,IgnitionOn,1,255.942,15.92,30,-83
4505ae65-13e0-42a0-bd09-2b88b54ca739-5,EDC_BS6_PERIODIC,2025-12-19 01:28:48,2025-12-19 01:29:12,23.4449296,86.1966336,25240,597,FixOK,A,OaJ5CU0303,G133E15425,"C5VW+CF2, Selani, West Bengal 723201, India",4747.5,12.48,IgnitionOn,1,259.51,18.67,29,-83
4505ae65-13e0-42a0-bd09-2b88b54ca739-4,BRAKE_PRESSED,2025-12-19 01:28:53,2025-12-19 01:29:12,23.4450272,86.1966976,23400,597,FixOK,,OaJ5CU0303,G133E15425,"C5VW+CF2, Selani, West Bengal 723201, India",0,6.99,IgnitionOn,1,,,,
4505ae65-13e0-42a0-bd09-2b88b54ca739-3,EDC_BS6_PERIODIC,2025-12-19 01:28:54,2025-12-19 01:29:12,23.4450272,86.1966976,25241,597,FixOK,A,OaJ5CU0303,G133E15425,"C5VW+CF2, Selani, West Bengal 723201, India",4747.5,9.73,IgnitionOn,1,261.925,38.15,29,-83
4505ae65-13e0-42a0-bd09-2b88b54ca739-1,EDC_BS6_PERIODIC,2025-12-19 01:29:00,2025-12-19 01:29:12,23.4451168,86.1967424,25242,597,FixOK,A,OaJ5CU0303,G133E15425,"C5VW+CF2, Selani, West Bengal 723201, India",4747.625,6.45,IgnitionOn,1,263.496,29.04,29,-83
4505ae65-13e0-42a0-bd09-2b88b54ca739-2,EDC_BS6_PERIODIC,2025-12-19 01:29:06,2025-12-19 01:29:12,23.4452224,86.1967744,25243,597,FixOK,A,OaJ5CU0303,G133E15425,"C5VW+CF2, Selani, West Bengal 723201, India",4747.625,7.67,IgnitionOn,1,266.291,15.85,29,-83
8eb12374-af4e-4829-a7f8-da4447f6020a-13,EDC_BS6_PERIODIC,2025-12-19 01:29:12,2025-12-19 01:34:28,23.4453088,86.1968064,25244,597,FixOK,A,OaJ5CU0303,G133E15425,"C6W2+J9 Ratnadi, West Bengal, India",4747.625,6.96,IgnitionOn,1,268.045,5.6899999999999995,29,-83
f42d4f1d-3a78-40b3-94ff-9bb43b2e1a53-10,EDC_BS6_PERIODIC,2025-12-19 01:29:18,2025-12-19 01:30:13,23.4454384,86.1968576,25245,597,FixOK,A,OaJ5CU0303,G133E15425,"C5VW+CF2, Selani, West Bengal 723201, India",4747.625,9.74,IgnitionOn,1,269.364,16.37,29,-83
f42d4f1d-3a78-40b3-94ff-9bb43b2e1a53-8,CLUTCH_RIDING_START,2025-12-19 01:29:24,2025-12-19 01:30:13,23.44556,86.1969216,23401,597,FixOK,,OaJ5CU0303,G133E15425,"C5VW+CF2, Selani, West Bengal 723201, India",0,9.28,IgnitionOn,1,,,,
f42d4f1d-3a78-40b3-94ff-9bb43b2e1a53-9,EDC_BS6_PERIODIC,2025-12-19 01:29:24,2025-12-19 01:30:13,23.445544,86.1969216,25246,597,FixOK,A,OaJ5CU0303,G133E15425,"C5VW+CF2, Selani, West Bengal 723201, India",4747.625,8.6,IgnitionOn,1,273.98,28.87,28,-83
f42d4f1d-3a78-40b3-94ff-9bb43b2e1a53-7,EDC_BS6_PERIODIC,2025-12-19 01:29:30,2025-12-19 01:30:13,23.4456784,86.19696,25247,597,FixOK,A,OaJ5CU0303,G133E15425,"C5VW+CF2, Selani, West Bengal 723201, India",4747.625,9.6,IgnitionOn,1,276.591,13.34,28,-83
f42d4f1d-3a78-40b3-94ff-9bb43b2e1a53-6,EDC_BS6_PERIODIC,2025-12-19 01:29:36,2025-12-19 01:30:13,23.4458112,86.19696,25248,597,FixOK,A,OaJ5CU0303,G133E15425,"C5VW+CF2, Selani, West Bengal 723201, India",4747.625,6.48,IgnitionOn,1,275.554,359.86,27,-83
f42d4f1d-3a78-40b3-94ff-9bb43b2e1a53-5,EDC_BS6_PERIODIC,2025-12-19 01:29:42,2025-12-19 01:30:13,23.4459184,86.1969792,25249,597,FixOK,A,OaJ5CU0303,G133E15425,"C5VW+CF2, Selani, West Bengal 723201, India",4747.625,7.45,IgnitionOn,1,275.886,7.63,27,-83
f42d4f1d-3a78-40b3-94ff-9bb43b2e1a53-4,EDC_BS6_PERIODIC,2025-12-19 01:29:48,2025-12-19 01:30:13,23.4460352,86.197024,25250,597,FixOK,A,OaJ5CU0303,G133E15425,"C5VW+CF2, Selani, West Bengal 723201, India",4747.625,8.97,IgnitionOn,1,276.23,3.58,26,-83
f42d4f1d-3a78-40b3-94ff-9bb43b2e1a53-3,EDC_BS6_PERIODIC,2025-12-19 01:29:54,2025-12-19 01:30:13,23.4461296,86.1970688,25251,597,FixOK,A,OaJ5CU0303,G133E15425,"C5VW+CF2, Selani, West Bengal 723201, India",4747.75,7.83,IgnitionOn,1,276.465,12.94,27,-83
f42d4f1d-3a78-40b3-94ff-9bb43b2e1a53-2,EDC_BS6_PERIODIC,2025-12-19 01:30:00,2025-12-19 01:30:13,23.4462592,86.1971072,25252,597,FixOK,A,OaJ5CU0303,G133E15425,"C5VW+CF2, Selani, West Bengal 723201, India",4747.75,10.1,IgnitionOn,1,277.529,19.85,26,-83
f42d4f1d-3a78-40b3-94ff-9bb43b2e1a53-1,EDC_BS6_PERIODIC,2025-12-19 01:30:06,2025-12-19 01:30:13,23.4464288,86.197152,25253,597,FixOK,A,OaJ5CU0303,G133E15425,"C5VW+CF2, Selani, West Bengal 723201, India",4747.75,9.65,IgnitionOn,1,273.447,9.97,26,-83
8eb12374-af4e-4829-a7f8-da4447f6020a-12,CLUTCH_RIDING_END,2025-12-19 01:30:09,2025-12-19 01:34:28,23.4465152,86.1971712,23402,597,FixOK,,OaJ5CU0303,G133E15425,"C6W2+J9 Ratnadi, West Bengal, India",0,6.64,IgnitionOn,1,,,,
8eb12374-af4e-4829-a7f8-da4447f6020a-11,EDC_BS6_PERIODIC,2025-12-19 01:30:12,2025-12-19 01:34:28,23.4465472,86.197184,25254,597,FixOK,A,OaJ5CU0303,G133E15425,"C6W2+J9 Ratnadi, West Bengal, India",4747.75,6.75,IgnitionOn,1,267.712,3.4,26,-83
fabde856-8153-4ecf-af74-77c45ca40bf9-10,EDC_BS6_PERIODIC,2025-12-19 01:30:18,2025-12-19 01:31:13,23.4466592,86.197216,25255,597,FixOK,A,OaJ5CU0303,G133E15425,"C5VW+CF2, Selani, West Bengal 723201, India",4747.75,6.75,IgnitionOn,1,262.739,6.48,26,-83
fabde856-8153-4ecf-af74-77c45ca40bf9-9,BRAKE_PRESSED,2025-12-19 01:30:21,2025-12-19 01:31:13,23.446696,86.19728,23403,597,FixOK,,OaJ5CU0303,G133E15425,"C5VW+CF2, Selani, West Bengal 723201, India",0,7.17,IgnitionOn,1,,,,
fabde856-8153-4ecf-af74-77c45ca40bf9-8,EDC_BS6_PERIODIC,2025-12-19 01:30:24,2025-12-19 01:31:13,23.44668,86.197312,25256,597,FixOK,A,OaJ5CU0303,G133E15425,"C5VW+CF2, Selani, West Bengal 723201, India",4747.75,6.63,IgnitionOn,1,257.36,100.7,25,-83
fabde856-8153-4ecf-af74-77c45ca40bf9-7,EDC_BS6_PERIODIC,2025-12-19 01:30:30,2025-12-19 01:31:13,23.4466256,86.197408,25257,597,FixOK,A,OaJ5CU0303,G133E15425,"C5VW+CF2, Selani, West Bengal 723201, India",4747.75,7.23,IgnitionOn,1,255.497,127.95,25,-83
fabde856-8153-4ecf-af74-77c45ca40bf9-6,EDC_BS6_PERIODIC,2025-12-19 01:30:36,2025-12-19 01:31:13,23.4465472,86.1975296,25258,597,FixOK,A,OaJ5CU0303,G133E15425,"C5VW+CF2, Selani, West Bengal 723201, India",4747.75,8.95,IgnitionOn,1,252.432,121.77,27,-83
fabde856-8153-4ecf-af74-77c45ca40bf9-5,EDC_BS6_PERIODIC,2025-12-19 01:30:42,2025-12-19 01:31:13,23.446472,86.1976384,25259,597,FixOK,A,OaJ5CU0303,G133E15425,"C5VW+CF2, Selani, West Bengal 723201, India",4747.75,8.33,IgnitionOn,1,250.779,123.97,27,-83
fabde856-8153-4ecf-af74-77c45ca40bf9-4,EDC_BS6_PERIODIC,2025-12-19 01:30:48,2025-12-19 01:31:13,23.4464016,86.1977344,25260,597,FixOK,A,OaJ5CU0303,G133E15425,"C5VW+CF2, Selani, West Bengal 723201, India",4747.875,10.01,IgnitionOn,1,249.434,123.62,27,-83
fabde856-8153-4ecf-af74-77c45ca40bf9-3,EDC_BS6_PERIODIC,2025-12-19 01:30:54,2025-12-19 01:31:13,23.446336,86.1979008,25261,597,FixOK,A,OaJ5CU0303,G133E15425,"C5VW+CF2, Selani, West Bengal 723201, India",4747.875,11.76,IgnitionOn,1,247.589,106.51,27,-83
fabde856-8153-4ecf-af74-77c45ca40bf9-2,EDC_BS6_PERIODIC,2025-12-19 01:31:00,2025-12-19 01:31:13,23.446304,86.1980928,25262,597,FixOK,A,OaJ5CU0303,G133E15425,"C5VW+CF2, Selani, West Bengal 723201, India",4747.875,12.88,IgnitionOn,1,246.85,98.7,27,-83
fabde856-8153-4ecf-af74-77c45ca40bf9-1,EDC_BS6_PERIODIC,2025-12-19 01:31:06,2025-12-19 01:31:13,23.4463008,86.1981312,25263,597,FixOK,A,OaJ5CU0303,G133E15425,"C5VW+CF2, Selani, West Bengal 723201, India",4747.875,13.93,IgnitionOn,1,246.714,98.7,27,-83
8eb12374-af4e-4829-a7f8-da4447f6020a-10,EDC_BS6_PERIODIC,2025-12-19 01:31:12,2025-12-19 01:34:28,23.4461792,86.1988608,25264,597,FixOK,A,OaJ5CU0303,G133E15425,"C6W2+J9 Ratnadi, West Bengal, India",4747.875,19.12,IgnitionOn,1,248.229,101.5,27,-83
e00b2427-542c-4be5-a139-fc9a0db5051b-10,EDC_BS6_PERIODIC,2025-12-19 01:31:18,2025-12-19 01:32:22,23.4461952,86.1992192,25265,597,FixOK,A,OaJ5CU0303,G133E15425,"C5VW+RH6, Selani, West Bengal 723201, India",4748,22.38,IgnitionOn,1,248.003,92.76,27,-83
e00b2427-542c-4be5-a139-fc9a0db5051b-9,EDC_BS6_PERIODIC,2025-12-19 01:31:24,2025-12-19 01:32:22,23.4463392,86.1995264,25266,597,FixOK,A,OaJ5CU0303,G133E15425,"C5VW+RH6, Selani, West Bengal 723201, India",4748,22.2,IgnitionOn,1,245.552,63.99,26,-83
e00b2427-542c-4be5-a139-fc9a0db5051b-8,EDC_BS6_PERIODIC,2025-12-19 01:31:30,2025-12-19 01:32:22,23.446416,86.1998592,25267,597,FixOK,A,OaJ5CU0303,G133E15425,"C5VW+RH6, Selani, West Bengal 723201, India",4748,23.44,IgnitionOn,1,244.679,83.08,27,-83
e00b2427-542c-4be5-a139-fc9a0db5051b-7,EDC_BS6_PERIODIC,2025-12-19 01:31:36,2025-12-19 01:32:22,23.446464,86.2001408,25268,597,FixOK,A,OaJ5CU0303,G133E15425,"C5VW+RH6, Selani, West Bengal 723201, India",4748.125,20.24,IgnitionOn,1,242.625,79.69,27,-83
e00b2427-542c-4be5-a139-fc9a0db5051b-6,EDC_BS6_PERIODIC,2025-12-19 01:31:42,2025-12-19 01:32:22,23.446512,86.2004864,25269,597,FixOK,A,OaJ5CU0303,G133E15425,"C5VW+RH6, Selani, West Bengal 723201, India",4748.125,19.85,IgnitionOn,1,241.615,84.01,27,-83
e00b2427-542c-4be5-a139-fc9a0db5051b-5,EDC_BS6_PERIODIC,2025-12-19 01:31:48,2025-12-19 01:32:22,23.4465152,86.200832,25270,597,FixOK,A,OaJ5CU0303,G133E15425,"C5VW+RH6, Selani, West Bengal 723201, India",4748.125,22.37,IgnitionOn,1,241.226,80.09,26,-83
e00b2427-542c-4be5-a139-fc9a0db5051b-4,BRAKE_PRESSED,2025-12-19 01:31:53,2025-12-19 01:32:22,23.44632,86.201088,23404,597,FixOK,,OaJ5CU0303,G133E15425,"C5VW+RH6, Selani, West Bengal 723201, India",0,13.04,IgnitionOn,1,,,,
e00b2427-542c-4be5-a139-fc9a0db5051b-3,EDC_BS6_PERIODIC,2025-12-19 01:31:54,2025-12-19 01:32:22,23.44632,86.201088,25271,597,FixOK,A,OaJ5CU0303,G133E15425,"C5VW+RH6, Selani, West Bengal 723201, India",4748.125,21.44,IgnitionOn,1,242.764,144.33,25,-83
e00b2427-542c-4be5-a139-fc9a0db5051b-2,EDC_BS6_PERIODIC,2025-12-19 01:32:00,2025-12-19 01:32:22,23.4461792,86.2012032,25272,597,FixOK,A,OaJ5CU0303,G133E15425,"C5VW+RH6, Selani, West Bengal 723201, India",4748.25,20.14,IgnitionOn,1,244.483,142.02,26,-83
e00b2427-542c-4be5-a139-fc9a0db5051b-1,EDC_BS6_PERIODIC,2025-12-19 01:32:06,2025-12-19 01:32:22,23.4460768,86.2013504,25273,597,FixOK,A,OaJ5CU0303,G133E15425,"C5VW+RH6, Selani, West Bengal 723201, India",4748.25,7.76,IgnitionOn,1,244.888,124.91,28,-83
8eb12374-af4e-4829-a7f8-da4447f6020a-9,EDC_BS6_PERIODIC,2025-12-19 01:32:12,2025-12-19 01:34:28,23.4459872,86.2015296,25274,597,FixOK,A,OaJ5CU0303,G133E15425,"C6W2+J9 Ratnadi, West Bengal, India",4748.25,12.68,IgnitionOn,1,246.789,119.06,28,-83
8eb12374-af4e-4829-a7f8-da4447f6020a-7,EDC_BS6_PERIODIC,2025-12-19 01:32:18,2025-12-19 01:34:28,23.445952,86.20176,25275,597,FixOK,A,OaJ5CU0303,G133E15425,"C6W2+J9 Ratnadi, West Bengal, India",4748.25,14.68,IgnitionOn,1,248.126,103.58,28,-83
8eb12374-af4e-4829-a7f8-da4447f6020a-6,EDC_BS6_PERIODIC,2025-12-19 01:32:24,2025-12-19 01:34:28,23.446,86.20192,25276,597,FixOK,A,OaJ5CU0303,G133E15425,"C6W2+J9 Ratnadi, West Bengal, India",4748.25,13.72,IgnitionOn,1,248.557,72.77,28,-83
8eb12374-af4e-4829-a7f8-da4447f6020a-5,EDC_BS6_PERIODIC,2025-12-19 01:32:30,2025-12-19 01:34:28,23.446064,86.2020992,25277,597,FixOK,A,OaJ5CU0303,G133E15425,"C6W2+J9 Ratnadi, West Bengal, India",4748.375,12.37,IgnitionOn,1,247.473,69.87,28,-83
8eb12374-af4e-4829-a7f8-da4447f6020a-4,EDC_BS6_PERIODIC,2025-12-19 01:32:36,2025-12-19 01:34:28,23.4461424,86.2022976,25278,597,FixOK,A,OaJ5CU0303,G133E15425,"C6W2+J9 Ratnadi, West Bengal, India",4748.375,13.58,IgnitionOn,1,246.848,67.8,28,-83
8eb12374-af4e-4829-a7f8-da4447f6020a-3,EDC_BS6_PERIODIC,2025-12-19 01:32:42,2025-12-19 01:34:28,23.446184,86.2025216,25279,597,FixOK,A,OaJ5CU0303,G133E15425,"C6W2+J9 Ratnadi, West Bengal, India",4748.375,14.84,IgnitionOn,1,246.878,77.01,28,-83
8eb12374-af4e-4829-a7f8-da4447f6020a-2,EDC_BS6_PERIODIC,2025-12-19 01:32:48,2025-12-19 01:34:28,23.4461616,86.2027648,25280,597,FixOK,A,OaJ5CU0303,G133E15425,"C6W2+J9 Ratnadi, West Bengal, India",4748.375,15.14,IgnitionOn,1,247.203,91.25,28,-83
8eb12374-af4e-4829-a7f8-da4447f6020a-1,EDC_BS6_PERIODIC,2025-12-19 01:32:54,2025-12-19 01:34:28,23.4461216,86.2030208,25281,597,FixOK,A,OaJ5CU0303,G133E15425,"C6W2+J9 Ratnadi, West Bengal, India",4748.375,16.24,IgnitionOn,1,248.972,104.37,28,-83
320ca2bc-a8cf-4aa0-b35e-2cdd749bd93b-13,EDC_BS6_PERIODIC,2025-12-19 01:33:00,2025-12-19 01:40:39,23.4460768,86.2032704,25282,597,FixOK,A,OaJ5CU0303,G133E15425,"C6R5+Q3 Baragram, West Bengal, India",4748.5,14.41,IgnitionOn,1,249.752,101.45,28,-83
320ca2bc-a8cf-4aa0-b35e-2cdd749bd93b-12,BRAKE_PRESSED,2025-12-19 01:33:01,2025-12-19 01:40:39,23.446064,86.2033536,23405,597,FixOK,,OaJ5CU0303,G133E15425,"C6R5+Q3 Baragram, West Bengal, India",0,11.98,IgnitionOn,1,,,,
1815728e-818c-4c58-868b-7a291c44373f-10,EDC_BS6_PERIODIC,2025-12-19 01:33:06,2025-12-19 01:34:16,23.4460288,86.2034816,25283,597,FixOK,A,OaJ5CU0303,G133E15425,"C6W2+J9 Ratnadi, West Bengal, India",4748.5,16.09,IgnitionOn,1,249.442,105.94,28,-83
8eb12374-af4e-4829-a7f8-da4447f6020a-8,EDC_BS6_PERIODIC,2025-12-19 01:33:12,2025-12-19 01:34:28,23.4459392,86.2035968,25284,597,FixOK,A,OaJ5CU0303,G133E15425,"C6W2+J9 Ratnadi, West Bengal, India",4748.5,11.17,IgnitionOn,1,249.082,128.08,28,-83
1815728e-818c-4c58-868b-7a291c44373f-9,EDC_BS6_PERIODIC,2025-12-19 01:33:18,2025-12-19 01:34:16,23.445832,86.2036352,25285,597,FixOK,A,OaJ5CU0303,G133E15425,"C6W2+J9 Ratnadi, West Bengal, India",4748.5,7.23,IgnitionOn,1,249.339,155.63,28,-83
1815728e-818c-4c58-868b-7a291c44373f-8,EDC_BS6_PERIODIC,2025-12-19 01:33:24,2025-12-19 01:34:16,23.4457312,86.20368,25286,597,FixOK,A,OaJ5CU0303,G133E15425,"C6W2+J9 Ratnadi, West Bengal, India",4748.5,5.24,IgnitionOn,1,249.233,154.97,28,-83
1815728e-818c-4c58-868b-7a291c44373f-7,EDC_BS6_PERIODIC,2025-12-19 01:33:30,2025-12-19 01:34:16,23.445568,86.2037632,25287,597,FixOK,A,OaJ5CU0303,G133E15425,"C6W2+J9 Ratnadi, West Bengal, India",4748.5,12.03,IgnitionOn,1,248.378,156.83,28,-83
1815728e-818c-4c58-868b-7a291c44373f-6,EDC_BS6_PERIODIC,2025-12-19 01:33:36,2025-12-19 01:34:16,23.4453952,86.2038272,25288,597,FixOK,A,OaJ5CU0303,G133E15425,"C6W2+J9 Ratnadi, West Bengal, India",4748.5,13.23,IgnitionOn,1,248.208,153.94,28,-83
1815728e-818c-4c58-868b-7a291c44373f-5,EDC_BS6_PERIODIC,2025-12-19 01:33:42,2025-12-19 01:34:16,23.4452096,86.203936,25289,597,FixOK,A,OaJ5CU0303,G133E15425,"C6W2+J9 Ratnadi, West Bengal, India",4748.625,12.42,IgnitionOn,1,248.647,149.58,28,-83
1815728e-818c-4c58-868b-7a291c44373f-4,EDC_BS6_PERIODIC,2025-12-19 01:33:48,2025-12-19 01:34:16,23.4450208,86.2041216,25290,597,FixOK,A,OaJ5CU0303,G133E15425,"C6W2+J9 Ratnadi, West Bengal, India",4748.625,16.23,IgnitionOn,1,250.449,140.36,28,-83
1815728e-818c-4c58-868b-7a291c44373f-3,EDC_BS6_PERIODIC,2025-12-19 01:33:54,2025-12-19 01:34:16,23.4448,86.2042304,25291,597,FixOK,A,OaJ5CU0303,G133E15425,"C6W2+J9 Ratnadi, West Bengal, India",4748.625,17.8,IgnitionOn,1,251.86,173.92,28,-83
1815728e-818c-4c58-868b-7a291c44373f-2,EDC_BS6_PERIODIC,2025-12-19 01:34:00,2025-12-19 01:34:16,23.444448,86.2041984,25292,597,FixOK,A,OaJ5CU0303,G133E15425,"C6W2+J9 Ratnadi, West Bengal, India",4748.625,24.07,IgnitionOn,1,253.41,186.97,28,-83
1815728e-818c-4c58-868b-7a291c44373f-1,EDC_BS6_PERIODIC,2025-12-19 01:34:06,2025-12-19 01:34:16,23.444184,86.2042624,25293,597,FixOK,A,OaJ5CU0303,G133E15425,"C6W2+J9 Ratnadi, West Bengal, India",4748.75,20.71,IgnitionOn,1,253.333,154.5,28,-65
320ca2bc-a8cf-4aa0-b35e-2cdd749bd93b-11,EDC_BS6_PERIODIC,2025-12-19 01:34:12,2025-12-19 01:40:39,23.4439936,86.2044928,25294,597,FixOK,A,OaJ5CU0303,G133E15425,"C6R5+Q3 Baragram, West Bengal, India",4748.75,18.27,IgnitionOn,1,254.362,131.08,28,-65
320ca2bc-a8cf-4aa0-b35e-2cdd749bd93b-10,BRAKE_PRESSED,2025-12-19 01:34:15,2025-12-19 01:40:39,23.4438848,86.2046848,23406,597,FixOK,,OaJ5CU0303,G133E15425,"C6R5+Q3 Baragram, West Bengal, India",0,14.33,IgnitionOn,1,,,,
320ca2bc-a8cf-4aa0-b35e-2cdd749bd93b-9,EDC_BS6_PERIODIC,2025-12-19 01:34:18,2025-12-19 01:40:39,23.44384,86.204768,25295,597,FixOK,A,OaJ5CU0303,G133E15425,"C6R5+Q3 Baragram, West Bengal, India",4748.75,20.98,IgnitionOn,1,256.436,121.11,28,-65
6324fd3d-d64d-4445-9882-ee121b96ee78-10,EDC_BS6_PERIODIC,2025-12-19 01:34:24,2025-12-19 01:35:18,23.4437696,86.204928,25296,597,FixOK,A,OaJ5CU0303,G133E15425,"C6W2+FF Ratnadi, West Bengal, India",4748.875,13.9,IgnitionOn,1,258.64,116.83,28,-65
6324fd3d-d64d-4445-9882-ee121b96ee78-9,BRAKE_PRESSED,2025-12-19 01:34:26,2025-12-19 01:35:18,23.443744,86.204992,23407,597,FixOK,,OaJ5CU0303,G133E15425,"C6W2+FF Ratnadi, West Bengal, India",0,4.91,IgnitionOn,1,,,,
6324fd3d-d64d-4445-9882-ee121b96ee78-8,EDC_BS6_PERIODIC,2025-12-19 01:34:30,2025-12-19 01:35:18,23.44372,86.2050496,25297,597,FixOK,A,OaJ5CU0303,G133E15425,"C6W2+FF Ratnadi, West Bengal, India",4748.875,6.8,IgnitionOn,1,260.095,118.31,28,-65
6324fd3d-d64d-4445-9882-ee121b96ee78-7,EDC_BS6_PERIODIC,2025-12-19 01:34:36,2025-12-19 01:35:18,23.443712,86.2050624,25298,597,FixOK,A,OaJ5CU0303,G133E15425,"C6W2+FF Ratnadi, West Bengal, India",4748.875,3.13,IgnitionOn,1,259.411,118.31,28,-65
6324fd3d-d64d-4445-9882-ee121b96ee78-6,EDC_BS6_PERIODIC,2025-12-19 01:34:42,2025-12-19 01:35:18,23.443712,86.2050624,25299,597,FixOK,A,OaJ5CU0303,G133E15425,"C6W2+FF Ratnadi, West Bengal, India",4748.875,0,IgnitionOn,1,259.411,118.31,27,-65
6324fd3d-d64d-4445-9882-ee121b96ee78-5,EDC_BS6_PERIODIC,2025-12-19 01:34:48,2025-12-19 01:35:18,23.443712,86.2050624,25300,597,FixOK,A,OaJ5CU0303,G133E15425,"C6W2+FF Ratnadi, West Bengal, India",4748.875,0,IgnitionOn,1,259.411,118.31,28,-65
6324fd3d-d64d-4445-9882-ee121b96ee78-4,EDC_BS6_PERIODIC,2025-12-19 01:34:53,2025-12-19 01:35:18,23.4436992,86.2050816,25301,597,FixOK,A,OaJ5CU0303,G133E15425,"C6W2+FF Ratnadi, West Bengal, India",4748.875,0,IgnitionOn,1,259.411,118.31,28,-65
6324fd3d-d64d-4445-9882-ee121b96ee78-3,EDC_BS6_PERIODIC,2025-12-19 01:34:59,2025-12-19 01:35:18,23.443632,86.2051904,25302,597,FixOK,A,OaJ5CU0303,G133E15425,"C6W2+FF Ratnadi, West Bengal, India",4748.875,8.94,IgnitionOn,1,259.523,126.4,28,-65
6324fd3d-d64d-4445-9882-ee121b96ee78-2,EDC_BS6_PERIODIC,2025-12-19 01:35:05,2025-12-19 01:35:18,23.4435264,86.2053184,25303,597,FixOK,A,OaJ5CU0303,G133E15425,"C6W2+FF Ratnadi, West Bengal, India",4748.875,11.96,IgnitionOn,1,259.636,130.22,28,-65
6324fd3d-d64d-4445-9882-ee121b96ee78-1,EDC_BS6_PERIODIC,2025-12-19 01:35:11,2025-12-19 01:35:18,23.4434208,86.205504,25304,597,FixOK,A,OaJ5CU0303,G133E15425,"C6W2+FF Ratnadi, West Bengal, India",4748.875,12.9,IgnitionOn,1,259.79,120.05,28,-65
320ca2bc-a8cf-4aa0-b35e-2cdd749bd93b-8,EDC_BS6_PERIODIC,2025-12-19 01:35:17,2025-12-19 01:40:39,23.4433184,86.2056832,25305,597,FixOK,A,OaJ5CU0303,G133E15425,"C6R5+Q3 Baragram, West Bengal, India",4748.875,13.64,IgnitionOn,1,260.225,122.29,28,-65
320ca2bc-a8cf-4aa0-b35e-2cdd749bd93b-7,BRAKE_PRESSED,2025-12-19 01:35:19,2025-12-19 01:40:39,23.4432768,86.2057472,23408,597,FixOK,,OaJ5CU0303,G133E15425,"C6R5+Q3 Baragram, West Bengal, India",0,11.59,IgnitionOn,1,,,,
56721094-33eb-4ffd-ac54-c29b1075a02a-10,EDC_BS6_PERIODIC,2025-12-19 01:35:23,2025-12-19 01:36:19,23.443208,86.205856,25306,597,FixOK,A,OaJ5CU0303,G133E15425,"C6V4+96 Ratnadi, West Bengal, India",4748.875,15.16,IgnitionOn,1,260.735,123.2,28,-65
56721094-33eb-4ffd-ac54-c29b1075a02a-9,EDC_BS6_PERIODIC,2025-12-19 01:35:29,2025-12-19 01:36:19,23.443128,86.2060096,25307,597,FixOK,A,OaJ5CU0303,G133E15425,"C6V4+96 Ratnadi, West Bengal, India",4749,13.71,IgnitionOn,1,260.954,122.93,28,-65
56721094-33eb-4ffd-ac54-c29b1075a02a-8,BRAKE_PRESSED,2025-12-19 01:35:33,2025-12-19 01:36:19,23.44304,86.2061376,23409,597,FixOK,,OaJ5CU0303,G133E15425,"C6V4+96 Ratnadi, West Bengal, India",0,9.8,IgnitionOn,1,,,,
56721094-33eb-4ffd-ac54-c29b1075a02a-7,EDC_BS6_PERIODIC,2025-12-19 01:35:35,2025-12-19 01:36:19,23.443,86.2062016,25308,597,FixOK,A,OaJ5CU0303,G133E15425,"C6V4+96 Ratnadi, West Bengal, India",4749,15.5,IgnitionOn,1,260.511,127.48,28,-65
56721094-33eb-4ffd-ac54-c29b1075a02a-6,EDC_BS6_PERIODIC,2025-12-19 01:35:41,2025-12-19 01:36:19,23.442904,86.2063104,25309,597,FixOK,A,OaJ5CU0303,G133E15425,"C6V4+96 Ratnadi, West Bengal, India",4749,7.79,IgnitionOn,1,260.493,129.19,28,-65
56721094-33eb-4ffd-ac54-c29b1075a02a-5,EDC_BS6_PERIODIC,2025-12-19 01:35:47,2025-12-19 01:36:19,23.4428256,86.2063616,25310,597,FixOK,A,OaJ5CU0303,G133E15425,"C6W3+CC Ratnadi, West Bengal, India",4749,7.04,IgnitionOn,1,260.756,133.02,28,-65
56721094-33eb-4ffd-ac54-c29b1075a02a-4,EDC_BS6_PERIODIC,2025-12-19 01:35:53,2025-12-19 01:36:19,23.4427008,86.2064768,25311,597,FixOK,A,OaJ5CU0303,G133E15425,"C6W3+CC Ratnadi, West Bengal, India",4749,12.09,IgnitionOn,1,258.399,138.96,28,-65
56721094-33eb-4ffd-ac54-c29b1075a02a-3,EDC_BS6_PERIODIC,2025-12-19 01:35:59,2025-12-19 01:36:19,23.442552,86.206624,25312,597,FixOK,A,OaJ5CU0303,G133E15425,"C6W3+CC Ratnadi, West Bengal, India",4749,15.04,IgnitionOn,1,258.014,140.11,27,-65
56721094-33eb-4ffd-ac54-c29b1075a02a-2,EDC_BS6_PERIODIC,2025-12-19 01:36:05,2025-12-19 01:36:19,23.4423776,86.2068608,25313,597,FixOK,A,OaJ5CU0303,G133E15425,"C6W3+CC Ratnadi, West Bengal, India",4749.125,22.99,IgnitionOn,1,257.229,129.13,27,-65
56721094-33eb-4ffd-ac54-c29b1075a02a-1,EDC_BS6_PERIODIC,2025-12-19 01:36:11,2025-12-19 01:36:19,23.4422,86.2072256,25314,597,FixOK,A,OaJ5CU0303,G133E15425,"C6W3+CC Ratnadi, West Bengal, India",4749.125,25.35,IgnitionOn,1,256.549,118.98,26,-65
320ca2bc-a8cf-4aa0-b35e-2cdd749bd93b-5,EDC_BS6_PERIODIC,2025-12-19 01:36:17,2025-12-19 01:40:39,23.4420352,86.2075648,25315,597,FixOK,A,OaJ5CU0303,G133E15425,"C6R5+Q3 Baragram, West Bengal, India",4749.125,24.09,IgnitionOn,1,257.734,114.29,26,-65
320ca2bc-a8cf-4aa0-b35e-2cdd749bd93b-6,GPS_MESSAGE,2025-12-19 01:36:17,2025-12-19 01:40:39,23.4420352,86.2075648,,597,3DFix,,OaJ5CU0303,G133E15425,"C6R5+Q3 Baragram, West Bengal, India",0,,IgnitionOn,1,257,11,26,
320ca2bc-a8cf-4aa0-b35e-2cdd749bd93b-4,EDC_BS6_PERIODIC,2025-12-19 01:36:23,2025-12-19 01:40:39,23.4418864,86.2079104,25316,597,FixOK,A,OaJ5CU0303,G133E15425,"C6R5+Q3 Baragram, West Bengal, India",4749.25,24.25,IgnitionOn,1,258.304,113.95,26,-65
7cfd7d22-2aeb-4a85-87d1-f4a6f844850c-10,EDC_BS6_PERIODIC,2025-12-19 01:36:29,2025-12-19 01:37:20,23.44176,86.2082496,25317,597,FixOK,A,OaJ5CU0303,G133E15425,"C5VW+RH6, Selani, West Bengal 723201, India",4749.25,21.91,IgnitionOn,1,260.834,111.45,27,-65
7cfd7d22-2aeb-4a85-87d1-f4a6f844850c-9,EDC_BS6_PERIODIC,2025-12-19 01:36:35,2025-12-19 01:37:20,23.4416416,86.2085632,25318,597,FixOK,A,OaJ5CU0303,G133E15425,"C5VW+RH6, Selani, West Bengal 723201, India",4749.25,21.2,IgnitionOn,1,261.722,112.08,27,-65
7cfd7d22-2aeb-4a85-87d1-f4a6f844850c-8,EDC_BS6_PERIODIC,2025-12-19 01:36:41,2025-12-19 01:37:20,23.4415232,86.2088704,25319,597,FixOK,A,OaJ5CU0303,G133E15425,"C5VW+RH6, Selani, West Bengal 723201, India",4749.375,20.12,IgnitionOn,1,262.197,112.79,28,-65
7cfd7d22-2aeb-4a85-87d1-f4a6f844850c-7,CLUTCH_RIDING_START,2025-12-19 01:36:43,2025-12-19 01:37:20,23.441488,86.2089664,23410,597,FixOK,,OaJ5CU0303,G133E15425,"C5VW+RH6, Selani, West Bengal 723201, India",0,18.59,IgnitionOn,1,,,,
7cfd7d22-2aeb-4a85-87d1-f4a6f844850c-6,EDC_BS6_PERIODIC,2025-12-19 01:36:47,2025-12-19 01:37:20,23.4414304,86.2091584,25320,597,FixOK,A,OaJ5CU0303,G133E15425,"C5VW+RH6, Selani, West Bengal 723201, India",4749.375,19.18,IgnitionOn,1,262.092,103.4,27,-65
7cfd7d22-2aeb-4a85-87d1-f4a6f844850c-5,EDC_BS6_PERIODIC,2025-12-19 01:36:53,2025-12-19 01:37:20,23.4413792,86.20944,25321,597,FixOK,A,OaJ5CU0303,G133E15425,"C5VW+RH6, Selani, West Bengal 723201, India",4749.375,17.22,IgnitionOn,1,261.954,100.93,26,-65
7cfd7d22-2aeb-4a85-87d1-f4a6f844850c-4,CLUTCH_RIDING_END,2025-12-19 01:36:56,2025-12-19 01:37:20,23.4413568,86.2095872,23411,597,FixOK,,OaJ5CU0303,G133E15425,"C5VW+RH6, Selani, West Bengal 723201, India",0,20.65,IgnitionOn,1,,,,
7cfd7d22-2aeb-4a85-87d1-f4a6f844850c-3,EDC_BS6_PERIODIC,2025-12-19 01:36:59,2025-12-19 01:37:20,23.441336,86.2096768,25322,597,FixOK,A,OaJ5CU0303,G133E15425,"C5VW+RH6, Selani, West Bengal 723201, India",4749.375,21.4,IgnitionOn,1,261.515,100.8,27,-65
7cfd7d22-2aeb-4a85-87d1-f4a6f844850c-2,EDC_BS6_PERIODIC,2025-12-19 01:37:05,2025-12-19 01:37:20,23.4412608,86.2100096,25323,597,FixOK,A,OaJ5CU0303,G133E15425,"C5VW+RH6, Selani, West Bengal 723201, India",4749.5,22.63,IgnitionOn,1,261.812,106.45,27,-65
7cfd7d22-2aeb-4a85-87d1-f4a6f844850c-1,EDC_BS6_PERIODIC,2025-12-19 01:37:11,2025-12-19 01:37:20,23.4411936,86.2103552,25324,597,FixOK,A,OaJ5CU0303,G133E15425,"C5VW+RH6, Selani, West Bengal 723201, India",4749.5,23.29,IgnitionOn,1,261.951,103.26,26,-65
7c4b1aea-2406-460a-805a-0e52b77736de-10,EDC_BS6_PERIODIC,2025-12-19 01:37:17,2025-12-19 01:38:21,23.441152,86.2107456,25325,597,FixOK,A,OaJ5CU0303,G133E15425,"C6V4+96 Ratnadi, West Bengal, India",4749.5,24.8,IgnitionOn,1,262.32,95.72,26,-65
7c4b1aea-2406-460a-805a-0e52b77736de-9,EDC_BS6_PERIODIC,2025-12-19 01:37:23,2025-12-19 01:38:21,23.44112,86.2111488,25326,597,FixOK,A,OaJ5CU0303,G133E15425,"C6V4+96 Ratnadi, West Bengal, India",4749.625,25.2,IgnitionOn,1,264.838,97.25,27,-65
7c4b1aea-2406-460a-805a-0e52b77736de-8,EDC_BS6_PERIODIC,2025-12-19 01:37:29,2025-12-19 01:38:21,23.441048,86.21152,25327,597,FixOK,A,OaJ5CU0303,G133E15425,"C6V4+96 Ratnadi, West Bengal, India",4749.625,24.45,IgnitionOn,1,263.927,103.72,26,-65
7c4b1aea-2406-460a-805a-0e52b77736de-7,EDC_BS6_PERIODIC,2025-12-19 01:37:35,2025-12-19 01:38:21,23.440904,86.2118656,25328,597,FixOK,A,OaJ5CU0303,G133E15425,"C6V4+96 Ratnadi, West Bengal, India",4749.625,22.55,IgnitionOn,1,262.111,114.18,27,-65
7c4b1aea-2406-460a-805a-0e52b77736de-6,EDC_BS6_PERIODIC,2025-12-19 01:37:41,2025-12-19 01:38:21,23.4407376,86.212192,25329,597,FixOK,A,OaJ5CU0303,G133E15425,"C6V4+96 Ratnadi, West Bengal, India",4749.75,23.4,IgnitionOn,1,261.584,118.15,28,-65
7c4b1aea-2406-460a-805a-0e52b77736de-5,EDC_BS6_PERIODIC,2025-12-19 01:37:47,2025-12-19 01:38:21,23.4406528,86.212352,25330,597,FixOK,A,OaJ5CU0303,G133E15425,"C6V4+96 Ratnadi, West Bengal, India",4749.75,21.75,IgnitionOn,1,261.941,118.3,28,-65
7c4b1aea-2406-460a-805a-0e52b77736de-4,EDC_BS6_PERIODIC,2025-12-19 01:37:53,2025-12-19 01:38:21,23.4406528,86.212352,25331,597,FixOK,A,OaJ5CU0303,G133E15425,"C6V4+96 Ratnadi, West Bengal, India",4749.75,22.54,IgnitionOn,1,261.941,118.3,28,-65
7c4b1aea-2406-460a-805a-0e52b77736de-3,EDC_BS6_PERIODIC,2025-12-19 01:37:59,2025-12-19 01:38:21,23.44012,86.21328,25332,597,FixOK,A,OaJ5CU0303,G133E15425,"C6V4+96 Ratnadi, West Bengal, India",4749.875,19.26,IgnitionOn,1,263.542,123.83,28,-65
7c4b1aea-2406-460a-805a-0e52b77736de-2,EDC_BS6_PERIODIC,2025-12-19 01:38:05,2025-12-19 01:38:21,23.4399776,86.2134912,25333,597,FixOK,A,OaJ5CU0303,G133E15425,"C6V4+96 Ratnadi, West Bengal, India",4749.875,16.74,IgnitionOn,1,265.736,125.52,28,-65
7c4b1aea-2406-460a-805a-0e52b77736de-1,EDC_BS6_PERIODIC,2025-12-19 01:38:11,2025-12-19 01:38:21,23.439816,86.2137536,25334,597,FixOK,A,OaJ5CU0303,G133E15425,"C6V4+96 Ratnadi, West Bengal, India",4749.875,20.48,IgnitionOn,1,266.546,124.56,28,-65
320ca2bc-a8cf-4aa0-b35e-2cdd749bd93b-3,EDC_BS6_PERIODIC,2025-12-19 01:38:17,2025-12-19 01:40:39,23.4396768,86.2139648,25335,597,FixOK,A,OaJ5CU0303,G133E15425,"C6R5+Q3 Baragram, West Bengal, India",4749.875,19.38,IgnitionOn,1,268.691,125.72,28,-65
d41d19e5-a2ba-41ab-b4af-7e930b36afa6-10,EDC_BS6_PERIODIC,2025-12-19 01:38:23,2025-12-19 01:39:22,23.4395584,86.214176,25336,597,FixOK,A,OaJ5CU0303,G133E15425,"C6R5+HM Baragram, West Bengal, India",4750,15.98,IgnitionOn,1,268.407,125.05,28,-65
d41d19e5-a2ba-41ab-b4af-7e930b36afa6-9,EDC_BS6_PERIODIC,2025-12-19 01:38:29,2025-12-19 01:39:22,23.439432,86.214336,25337,597,FixOK,A,OaJ5CU0303,G133E15425,"C6R5+HM Baragram, West Bengal, India",4750,14.95,IgnitionOn,1,268.388,125.18,27,-65
d41d19e5-a2ba-41ab-b4af-7e930b36afa6-8,EDC_BS6_PERIODIC,2025-12-19 01:38:35,2025-12-19 01:39:22,23.4393312,86.2144704,25338,597,FixOK,A,OaJ5CU0303,G133E15425,"C6R5+HM Baragram, West Bengal, India",4750,13.55,IgnitionOn,1,266.105,137.63,27,-65
d41d19e5-a2ba-41ab-b4af-7e930b36afa6-7,BRAKE_PRESSED,2025-12-19 01:38:41,2025-12-19 01:39:22,23.439224,86.2145984,23412,597,FixOK,,OaJ5CU0303,G133E15425,"C6R5+HM Baragram, West Bengal, India",0,5.57,IgnitionOn,1,,,,
d41d19e5-a2ba-41ab-b4af-7e930b36afa6-6,EDC_BS6_PERIODIC,2025-12-19 01:38:41,2025-12-19 01:39:22,23.439224,86.2145984,25339,597,FixOK,A,OaJ5CU0303,G133E15425,"C6R5+HM Baragram, West Bengal, India",4750,12.53,IgnitionOn,1,265.403,130.8,27,-65
d41d19e5-a2ba-41ab-b4af-7e930b36afa6-5,EDC_BS6_PERIODIC,2025-12-19 01:38:47,2025-12-19 01:39:22,23.439184,86.2146624,25340,597,FixOK,A,OaJ5CU0303,G133E15425,"C6R5+HM Baragram, West Bengal, India",4750,7.38,IgnitionOn,1,265.718,124.97,27,-65
d41d19e5-a2ba-41ab-b4af-7e930b36afa6-4,EDC_BS6_PERIODIC,2025-12-19 01:38:53,2025-12-19 01:39:22,23.4391648,86.2146944,25341,597,FixOK,A,OaJ5CU0303,G133E15425,"C6R5+HM Baragram, West Bengal, India",4750,3.1,IgnitionOn,1,264.884,124.97,27,-65
d41d19e5-a2ba-41ab-b4af-7e930b36afa6-3,EDC_BS6_PERIODIC,2025-12-19 01:38:59,2025-12-19 01:39:22,23.439136,86.2147264,25342,597,FixOK,A,OaJ5CU0303,G133E15425,"C6R5+HM Baragram, West Bengal, India",4750,3.07,IgnitionOn,1,264.872,124.97,26,-65
d41d19e5-a2ba-41ab-b4af-7e930b36afa6-2,EDC_BS6_PERIODIC,2025-12-19 01:39:05,2025-12-19 01:39:22,23.439128,86.2147456,25343,597,FixOK,A,OaJ5CU0303,G133E15425,"C6R5+HM Baragram, West Bengal, India",4750,3.71,IgnitionOn,1,264.821,124.97,27,-65
d41d19e5-a2ba-41ab-b4af-7e930b36afa6-1,EDC_BS6_PERIODIC,2025-12-19 01:39:11,2025-12-19 01:39:22,23.4391168,86.2147776,25344,597,FixOK,A,OaJ5CU0303,G133E15425,"C6R5+HM Baragram, West Bengal, India",4750.125,0,IgnitionOn,1,264.934,124.97,27,-65
320ca2bc-a8cf-4aa0-b35e-2cdd749bd93b-2,EDC_BS6_PERIODIC,2025-12-19 01:39:17,2025-12-19 01:40:39,23.4390896,86.2148416,25345,597,FixOK,A,OaJ5CU0303,G133E15425,"C6R5+Q3 Baragram, West Bengal, India",4750.125,4.7,IgnitionOn,1,265.248,112.8,27,-65
320ca2bc-a8cf-4aa0-b35e-2cdd749bd93b-1,EDC_BS6_PERIODIC,2025-12-19 01:39:23,2025-12-19 01:40:39,23.4389792,86.214976,25346,597,FixOK,A,OaJ5CU0303,G133E15425,"C6R5+Q3 Baragram, West Bengal, India",4750.125,9.16,IgnitionOn,1,265.451,144.49,27,-65
ba8ed9f4-e47d-43f9-bfd7-63b7cce85214-12,EDC_BS6_PERIODIC,2025-12-19 01:39:29,2025-12-19 01:51:55,23.438736,86.2151168,25347,597,FixOK,A,OaJ5CU0303,G133E15425,"C65M+RV4, Sindri, West Bengal 723201, India",4750.125,18.8,IgnitionOn,1,265.696,150.32,27,-65
ba8ed9f4-e47d-43f9-bfd7-63b7cce85214-11,EDC_BS6_PERIODIC,2025-12-19 01:39:35,2025-12-19 01:51:55,23.4383456,86.2153472,25348,597,FixOK,A,OaJ5CU0303,G133E15425,"C65M+RV4, Sindri, West Bengal 723201, India",4750.125,27.69,IgnitionOn,1,266.207,152.46,28,-65
3b47ac1a-734c-4bf7-9488-74c36855d8db-10,EDC_BS6_PERIODIC,2025-12-19 01:39:41,2025-12-19 01:40:23,23.4378544,86.2156224,25349,597,FixOK,A,OaJ5CU0303,G133E15425,"C6R5+Q3 Baragram, West Bengal, India",4750.25,33.71,IgnitionOn,1,265.768,152.19,29,-65
3b47ac1a-734c-4bf7-9488-74c36855d8db-9,EDC_BS6_PERIODIC,2025-12-19 01:39:47,2025-12-19 01:40:23,23.437248,86.215968,25350,597,FixOK,A,OaJ5CU0303,G133E15425,"C6R5+Q3 Baragram, West Bengal, India",4750.25,43.17,IgnitionOn,1,265.238,152,30,-65
3b47ac1a-734c-4bf7-9488-74c36855d8db-8,EXHAUST_BRAKE_ON_START,2025-12-19 01:39:52,2025-12-19 01:40:23,23.436848,86.216192,23413,597,FixOK,,OaJ5CU0303,G133E15425,"C6R5+Q3 Baragram, West Bengal, India",0,42.41,IgnitionOn,1,,,,
3b47ac1a-734c-4bf7-9488-74c36855d8db-7,EDC_BS6_PERIODIC,2025-12-19 01:39:53,2025-12-19 01:40:23,23.4366528,86.2163072,25351,597,FixOK,A,OaJ5CU0303,G133E15425,"C6R5+Q3 Baragram, West Bengal, India",4750.375,45.82,IgnitionOn,1,264.8,151.52,30,-65
3b47ac1a-734c-4bf7-9488-74c36855d8db-6,BRAKE_PRESSED,2025-12-19 01:39:54,2025-12-19 01:40:23,23.43656,86.2163776,23414,597,FixOK,,OaJ5CU0303,G133E15425,"C6R5+Q3 Baragram, West Bengal, India",0,37.86,IgnitionOn,1,,,,
3b47ac1a-734c-4bf7-9488-74c36855d8db-5,EXHAUST_BRAKE_ON_END,2025-12-19 01:39:56,2025-12-19 01:40:23,23.4364656,86.2164224,23415,597,FixOK,,OaJ5CU0303,G133E15425,"C6R5+Q3 Baragram, West Bengal, India",0,31.93,IgnitionOn,1,,,,
3b47ac1a-734c-4bf7-9488-74c36855d8db-4,EDC_BS6_PERIODIC,2025-12-19 01:39:59,2025-12-19 01:40:23,23.4361632,86.2166016,25352,597,FixOK,A,OaJ5CU0303,G133E15425,"C6R5+Q3 Baragram, West Bengal, India",4750.375,42.13,IgnitionOn,1,265.279,149.47,30,-65
3b47ac1a-734c-4bf7-9488-74c36855d8db-3,EDC_BS6_PERIODIC,2025-12-19 01:40:05,2025-12-19 01:40:23,23.4358208,86.2168,25353,597,FixOK,A,OaJ5CU0303,G133E15425,"C6R5+Q3 Baragram, West Bengal, India",4750.5,28.54,IgnitionOn,1,265.764,151.05,30,-69
3b47ac1a-734c-4bf7-9488-74c36855d8db-2,EDC_BS6_PERIODIC,2025-12-19 01:40:11,2025-12-19 01:40:23,23.4355872,86.2169472,25354,597,FixOK,A,OaJ5CU0303,G133E15425,"C6R5+Q3 Baragram, West Bengal, India",4750.5,22.52,IgnitionOn,1,265.734,149.94,30,-69
3b47ac1a-734c-4bf7-9488-74c36855d8db-1,EDC_BS6_PERIODIC,2025-12-19 01:40:17,2025-12-19 01:40:23,23.4353024,86.2171008,25355,597,FixOK,A,OaJ5CU0303,G133E15425,"C6R5+Q3 Baragram, West Bengal, India",4750.5,22.63,IgnitionOn,1,265.64,151.53,30,-69
8d545d88-ed5e-47a8-8d03-6868dad4e076-10,EDC_BS6_PERIODIC,2025-12-19 01:40:23,2025-12-19 01:41:24,23.4350256,86.217248,25356,597,FixOK,A,OaJ5CU0303,G133E15425,"C6P8+8JC, Phuljhariya, West Bengal 723201, India",4750.625,20.9,IgnitionOn,1,265.971,152.67,30,-69
8d545d88-ed5e-47a8-8d03-6868dad4e076-9,EDC_BS6_PERIODIC,2025-12-19 01:40:29,2025-12-19 01:41:24,23.4347392,86.2174144,25357,597,FixOK,A,OaJ5CU0303,G133E15425,"C6P8+8JC, Phuljhariya, West Bengal 723201, India",4750.625,22.09,IgnitionOn,1,266.175,152,30,-69
8d545d88-ed5e-47a8-8d03-6868dad4e076-8,EDC_BS6_PERIODIC,2025-12-19 01:40:35,2025-12-19 01:41:24,23.4344608,86.2175744,25358,597,FixOK,A,OaJ5CU0303,G133E15425,"C6P8+8JC, Phuljhariya, West Bengal 723201, India",4750.625,21.8,IgnitionOn,1,265.877,151.39,30,-69
8d545d88-ed5e-47a8-8d03-6868dad4e076-7,EDC_BS6_PERIODIC,2025-12-19 01:40:41,2025-12-19 01:41:24,23.434176,86.2177408,25359,597,FixOK,A,OaJ5CU0303,G133E15425,"C6P8+8JC, Phuljhariya, West Bengal 723201, India",4750.75,21.67,IgnitionOn,1,267.634,152.72,30,-69
8d545d88-ed5e-47a8-8d03-6868dad4e076-6,EDC_BS6_PERIODIC,2025-12-19 01:40:47,2025-12-19 01:41:24,23.4339024,86.2179072,25360,597,FixOK,A,OaJ5CU0303,G133E15425,"C6P8+8JC, Phuljhariya, West Bengal 723201, India",4750.75,21.76,IgnitionOn,1,267.713,150.11,30,-69
8d545d88-ed5e-47a8-8d03-6868dad4e076-5,EDC_BS6_PERIODIC,2025-12-19 01:40:53,2025-12-19 01:41:24,23.4336384,86.218048,25361,597,FixOK,A,OaJ5CU0303,G133E15425,"C6P8+8JC, Phuljhariya, West Bengal 723201, India",4750.75,20.52,IgnitionOn,1,268.921,151.19,30,-69
8d545d88-ed5e-47a8-8d03-6868dad4e076-4,EDC_BS6_PERIODIC,2025-12-19 01:40:59,2025-12-19 01:41:24,23.4333856,86.218176,25362,597,FixOK,A,OaJ5CU0303,G133E15425,"C6P8+8JC, Phuljhariya, West Bengal 723201, India",4750.875,19.51,IgnitionOn,1,268.376,151.63,30,-69
6a52517a-0efb-473c-b554-5bc0b4bf7127,HEARTBEAT_MESSAGE,2025-12-19 01:41:01,2025-12-19 01:41:01,0,0,,,,,OaJ5CU0303,G133E15425,,,,,1,,,,
8d545d88-ed5e-47a8-8d03-6868dad4e076-3,EDC_BS6_PERIODIC,2025-12-19 01:41:05,2025-12-19 01:41:24,23.4331232,86.2183424,25363,597,FixOK,A,OaJ5CU0303,G133E15425,"C6P8+8JC, Phuljhariya, West Bengal 723201, India",4750.875,20.75,IgnitionOn,1,268.167,150.88,30,-69
8d545d88-ed5e-47a8-8d03-6868dad4e076-2,EDC_BS6_PERIODIC,2025-12-19 01:41:11,2025-12-19 01:41:24,23.4328448,86.2184896,25364,597,FixOK,A,OaJ5CU0303,G133E15425,"C6P8+8JC, Phuljhariya, West Bengal 723201, India",4750.875,21.93,IgnitionOn,1,267.787,152.82,30,-69
8d545d88-ed5e-47a8-8d03-6868dad4e076-1,EDC_BS6_PERIODIC,2025-12-19 01:41:17,2025-12-19 01:41:24,23.43256,86.2186752,25365,597,FixOK,A,OaJ5CU0303,G133E15425,"C6P8+8JC, Phuljhariya, West Bengal 723201, India",4750.875,21.91,IgnitionOn,1,268.319,151.46,30,-69
c5cf3651-12cd-4ec8-be73-cb97964c227d-10,EDC_BS6_PERIODIC,2025-12-19 01:41:23,2025-12-19 01:42:25,23.4322256,86.218848,25366,597,FixOK,A,OaJ5CU0303,G133E15425,"C6V3+HR Ratnadi, West Bengal, India",4751,26.16,IgnitionOn,1,270.247,152.58,30,-69
c5cf3651-12cd-4ec8-be73-cb97964c227d-9,EDC_BS6_PERIODIC,2025-12-19 01:41:29,2025-12-19 01:42:25,23.431856,86.2190592,25367,597,FixOK,A,OaJ5CU0303,G133E15425,"C6V3+HR Ratnadi, West Bengal, India",4751,28.16,IgnitionOn,1,271.533,151.91,30,-69
c5cf3651-12cd-4ec8-be73-cb97964c227d-8,EDC_BS6_PERIODIC,2025-12-19 01:41:35,2025-12-19 01:42:25,23.431456,86.2192896,25368,597,FixOK,A,OaJ5CU0303,G133E15425,"C6V3+HR Ratnadi, West Bengal, India",4751.125,30.5,IgnitionOn,1,272.524,152.57,30,-69
c5cf3651-12cd-4ec8-be73-cb97964c227d-7,EDC_BS6_PERIODIC,2025-12-19 01:41:41,2025-12-19 01:42:25,23.431136,86.2194624,25369,597,FixOK,A,OaJ5CU0303,G133E15425,"C6V3+HR Ratnadi, West Bengal, India",4751.125,29.57,IgnitionOn,1,272.322,152.02,30,-69
c5cf3651-12cd-4ec8-be73-cb97964c227d-6,EDC_BS6_PERIODIC,2025-12-19 01:41:47,2025-12-19 01:42:25,23.4307648,86.21968,25370,597,FixOK,A,OaJ5CU0303,G133E15425,"C6V3+HR Ratnadi, West Bengal, India",4751.125,28.69,IgnitionOn,1,272.013,151.28,30,-69
c5cf3651-12cd-4ec8-be73-cb97964c227d-5,EDC_BS6_PERIODIC,2025-12-19 01:41:53,2025-12-19 01:42:25,23.430384,86.219904,25371,597,FixOK,A,OaJ5CU0303,G133E15425,"C6V3+HR Ratnadi, West Bengal, India",4751.25,29.73,IgnitionOn,1,272.707,151.27,30,-69
c5cf3651-12cd-4ec8-be73-cb97964c227d-4,EDC_BS6_PERIODIC,2025-12-19 01:41:59,2025-12-19 01:42:25,23.4300288,86.2201216,25372,597,FixOK,A,OaJ5CU0303,G133E15425,"C6V3+HR Ratnadi, West Bengal, India",4751.25,27.09,IgnitionOn,1,273.92,151.49,30,-69
c5cf3651-12cd-4ec8-be73-cb97964c227d-3,EDC_BS6_PERIODIC,2025-12-19 01:42:05,2025-12-19 01:42:25,23.42968,86.2203264,25373,597,FixOK,A,OaJ5CU0303,G133E15425,"C6V3+HR Ratnadi, West Bengal, India",4751.375,26.96,IgnitionOn,1,275.953,152.39,31,-69
c5cf3651-12cd-4ec8-be73-cb97964c227d-2,EDC_BS6_PERIODIC,2025-12-19 01:42:11,2025-12-19 01:42:25,23.4293568,86.2205312,25374,597,FixOK,A,OaJ5CU0303,G133E15425,"C6V3+HR Ratnadi, West Bengal, India",4751.375,25.15,IgnitionOn,1,278.122,149,31,-69
c5cf3651-12cd-4ec8-be73-cb97964c227d-1,EDC_BS6_PERIODIC,2025-12-19 01:42:17,2025-12-19 01:42:25,23.4290112,86.2207488,25375,597,FixOK,A,OaJ5CU0303,G133E15425,"C6V3+HR Ratnadi, West Bengal, India",4751.375,27.97,IgnitionOn,1,279.062,149.83,30,-69
b55266e5-b1c4-47b3-876f-676929977731-10,EDC_BS6_PERIODIC,2025-12-19 01:42:23,2025-12-19 01:43:26,23.4286976,86.220928,25376,597,FixOK,A,OaJ5CU0303,G133E15425,"C6R5+Q3 Baragram, West Bengal, India",4751.5,24.83,IgnitionOn,1,279.724,153.02,31,-69
b55266e5-b1c4-47b3-876f-676929977731-9,EDC_BS6_PERIODIC,2025-12-19 01:42:29,2025-12-19 01:43:26,23.4283712,86.2211264,25377,597,FixOK,A,OaJ5CU0303,G133E15425,"C6R5+Q3 Baragram, West Bengal, India",4751.5,25.33,IgnitionOn,1,279.842,152.11,30,-69
b55266e5-b1c4-47b3-876f-676929977731-8,EDC_BS6_PERIODIC,2025-12-19 01:42:35,2025-12-19 01:43:26,23.4280352,86.2213056,25378,597,FixOK,A,OaJ5CU0303,G133E15425,"C6R5+Q3 Baragram, West Bengal, India",4751.5,25.78,IgnitionOn,1,279.683,153.46,31,-69
b55266e5-b1c4-47b3-876f-676929977731-7,EDC_BS6_PERIODIC,2025-12-19 01:42:41,2025-12-19 01:43:26,23.4276992,86.221472,25379,597,FixOK,A,OaJ5CU0303,G133E15425,"C6R5+Q3 Baragram, West Bengal, India",4751.625,25.48,IgnitionOn,1,277.894,156.46,31,-69
b55266e5-b1c4-47b3-876f-676929977731-6,EDC_BS6_PERIODIC,2025-12-19 01:42:47,2025-12-19 01:43:26,23.4273472,86.221632,25380,597,FixOK,A,OaJ5CU0303,G133E15425,"C6R5+Q3 Baragram, West Bengal, India",4751.625,26.3,IgnitionOn,1,276.47,155.52,31,-69
b55266e5-b1c4-47b3-876f-676929977731-5,EDC_BS6_PERIODIC,2025-12-19 01:42:53,2025-12-19 01:43:26,23.4269728,86.2218112,25381,597,FixOK,A,OaJ5CU0303,G133E15425,"C6R5+Q3 Baragram, West Bengal, India",4751.625,27.66,IgnitionOn,1,274.533,158.14,31,-69
b55266e5-b1c4-47b3-876f-676929977731-4,EDC_BS6_PERIODIC,2025-12-19 01:42:59,2025-12-19 01:43:26,23.4266272,86.2219392,25382,597,FixOK,A,OaJ5CU0303,G133E15425,"C6R5+Q3 Baragram, West Bengal, India",4751.75,25.15,IgnitionOn,1,274.259,159.08,31,-69
b55266e5-b1c4-47b3-876f-676929977731-3,EDC_BS6_PERIODIC,2025-12-19 01:43:05,2025-12-19 01:43:26,23.4262688,86.2220864,25383,597,FixOK,A,OaJ5CU0303,G133E15425,"C6R5+Q3 Baragram, West Bengal, India",4751.75,26.11,IgnitionOn,1,274.122,160,30,-69
b55266e5-b1c4-47b3-876f-676929977731-2,EDC_BS6_PERIODIC,2025-12-19 01:43:11,2025-12-19 01:43:26,23.4259072,86.2222144,25384,597,FixOK,A,OaJ5CU0303,G133E15425,"C6R5+Q3 Baragram, West Bengal, India",4751.875,26.55,IgnitionOn,1,273.535,161.3,30,-69
b55266e5-b1c4-47b3-876f-676929977731-1,EDC_BS6_PERIODIC,2025-12-19 01:43:17,2025-12-19 01:43:26,23.4256064,86.2223104,25385,597,FixOK,A,OaJ5CU0303,G133E15425,"C6R5+Q3 Baragram, West Bengal, India",4751.875,25.84,IgnitionOn,1,272.321,164.94,31,-69
a32116d6-061f-4735-acb9-9ffaeb61fe1f-10,EDC_BS6_PERIODIC,2025-12-19 01:43:23,2025-12-19 01:44:27,23.4252352,86.2224512,25386,597,FixOK,A,OaJ5CU0303,G133E15425,"C6J9+RMC, Baragram, West Bengal 723201, India",4751.875,26.73,IgnitionOn,1,272.165,162.89,31,-69
a32116d6-061f-4735-acb9-9ffaeb61fe1f-9,EDC_BS6_PERIODIC,2025-12-19 01:43:29,2025-12-19 01:44:27,23.42484,86.2225792,25387,597,FixOK,A,OaJ5CU0303,G133E15425,"C6J9+RMC, Baragram, West Bengal 723201, India",4752,27.79,IgnitionOn,1,272.584,162.97,31,-69
a32116d6-061f-4735-acb9-9ffaeb61fe1f-8,EDC_BS6_PERIODIC,2025-12-19 01:43:35,2025-12-19 01:44:27,23.4244384,86.222688,25388,597,FixOK,A,OaJ5CU0303,G133E15425,"C6J9+RMC, Baragram, West Bengal 723201, India",4752,28.9,IgnitionOn,1,272.863,163.44,30,-69
a32116d6-061f-4735-acb9-9ffaeb61fe1f-7,EDC_BS6_PERIODIC,2025-12-19 01:43:41,2025-12-19 01:44:27,23.42404,86.2228352,25389,597,FixOK,A,OaJ5CU0303,G133E15425,"C6J9+RMC, Baragram, West Bengal 723201, India",4752,28.8,IgnitionOn,1,274.462,162.71,30,-69
a32116d6-061f-4735-acb9-9ffaeb61fe1f-6,EDC_BS6_PERIODIC,2025-12-19 01:43:47,2025-12-19 01:44:27,23.4236672,86.2229504,25390,597,FixOK,A,OaJ5CU0303,G133E15425,"C6J9+RMC, Baragram, West Bengal 723201, India",4752.125,26.32,IgnitionOn,1,276.171,161.88,30,-69
a32116d6-061f-4735-acb9-9ffaeb61fe1f-5,EDC_BS6_PERIODIC,2025-12-19 01:43:53,2025-12-19 01:44:27,23.4232928,86.2230784,25391,597,FixOK,A,OaJ5CU0303,G133E15425,"C6J9+RMC, Baragram, West Bengal 723201, India",4752.125,27.34,IgnitionOn,1,277.01,163.17,31,-69
a32116d6-061f-4735-acb9-9ffaeb61fe1f-4,EDC_BS6_PERIODIC,2025-12-19 01:43:59,2025-12-19 01:44:27,23.422904,86.2231936,25392,597,FixOK,A,OaJ5CU0303,G133E15425,"C6J9+RMC, Baragram, West Bengal 723201, India",4752.25,27.92,IgnitionOn,1,278.736,162.35,31,-69
a32116d6-061f-4735-acb9-9ffaeb61fe1f-3,EDC_BS6_PERIODIC,2025-12-19 01:44:05,2025-12-19 01:44:27,23.4224992,86.2233216,25393,597,FixOK,A,OaJ5CU0303,G133E15425,"C6J9+RMC, Baragram, West Bengal 723201, India",4752.25,28.98,IgnitionOn,1,279.805,163.08,31,-69
a32116d6-061f-4735-acb9-9ffaeb61fe1f-2,EDC_BS6_PERIODIC,2025-12-19 01:44:11,2025-12-19 01:44:27,23.4221024,86.2234752,25394,597,FixOK,A,OaJ5CU0303,G133E15425,"C6J9+RMC, Baragram, West Bengal 723201, India",4752.25,28.64,IgnitionOn,1,279.765,162.44,30,-69
a32116d6-061f-4735-acb9-9ffaeb61fe1f-1,EDC_BS6_PERIODIC,2025-12-19 01:44:17,2025-12-19 01:44:27,23.4217408,86.2236032,25395,597,FixOK,A,OaJ5CU0303,G133E15425,"C6J9+RMC, Baragram, West Bengal 723201, India",4752.375,25.9,IgnitionOn,1,280.769,161.58,31,-69
ba8ed9f4-e47d-43f9-bfd7-63b7cce85214-10,EDC_BS6_PERIODIC,2025-12-19 01:44:23,2025-12-19 01:51:55,23.4213856,86.2237952,25396,597,FixOK,A,OaJ5CU0303,G133E15425,"C65M+RV4, Sindri, West Bengal 723201, India",4752.375,27.43,IgnitionOn,1,283.079,154.24,31,-69
a0ff24d9-45a6-4bbb-aa6d-81f2a7837583-10,EDC_BS6_PERIODIC,2025-12-19 01:44:29,2025-12-19 01:45:29,23.421032,86.2239936,25397,597,FixOK,A,OaJ5CU0303,G133E15425,"C6J9+RMC, Baragram, West Bengal 723201, India",4752.5,28.12,IgnitionOn,1,285.268,151.47,30,-69
a0ff24d9-45a6-4bbb-aa6d-81f2a7837583-9,EDC_BS6_PERIODIC,2025-12-19 01:44:35,2025-12-19 01:45:29,23.4206816,86.2242176,25398,597,FixOK,A,OaJ5CU0303,G133E15425,"C6J9+RMC, Baragram, West Bengal 723201, India",4752.5,27.3,IgnitionOn,1,285.994,151.82,31,-69
a0ff24d9-45a6-4bbb-aa6d-81f2a7837583-8,EDC_BS6_PERIODIC,2025-12-19 01:44:41,2025-12-19 01:45:29,23.4203648,86.2244608,25399,597,FixOK,A,OaJ5CU0303,G133E15425,"C6J9+RMC, Baragram, West Bengal 723201, India",4752.5,26.84,IgnitionOn,1,287.808,144.27,31,-69
a0ff24d9-45a6-4bbb-aa6d-81f2a7837583-7,EDC_BS6_PERIODIC,2025-12-19 01:44:48,2025-12-19 01:45:29,23.4200992,86.2246912,25400,597,FixOK,A,OaJ5CU0303,G133E15425,"C6J9+RMC, Baragram, West Bengal 723201, India",4752.625,28.85,IgnitionOn,1,287.926,141.83,31,-69
a0ff24d9-45a6-4bbb-aa6d-81f2a7837583-6,EDC_BS6_PERIODIC,2025-12-19 01:44:53,2025-12-19 01:45:29,23.419608,86.2251584,25401,597,FixOK,A,OaJ5CU0303,G133E15425,"C6J9+RMC, Baragram, West Bengal 723201, India",4752.625,29.91,IgnitionOn,1,289.562,140.25,31,-69
a0ff24d9-45a6-4bbb-aa6d-81f2a7837583-5,EDC_BS6_PERIODIC,2025-12-19 01:44:59,2025-12-19 01:45:29,23.4192832,86.2254592,25402,597,FixOK,A,OaJ5CU0303,G133E15425,"C6J9+RMC, Baragram, West Bengal 723201, India",4752.75,29.27,IgnitionOn,1,289.709,139.41,31,-69
a0ff24d9-45a6-4bbb-aa6d-81f2a7837583-4,EDC_BS6_PERIODIC,2025-12-19 01:45:05,2025-12-19 01:45:29,23.41896,86.22576,25403,597,FixOK,A,OaJ5CU0303,G133E15425,"C6J9+RMC, Baragram, West Bengal 723201, India",4752.75,28.64,IgnitionOn,1,289.717,138.32,30,-69
a0ff24d9-45a6-4bbb-aa6d-81f2a7837583-3,EDC_BS6_PERIODIC,2025-12-19 01:45:11,2025-12-19 01:45:29,23.418632,86.2260544,25404,597,FixOK,A,OaJ5CU0303,G133E15425,"C6J9+RMC, Baragram, West Bengal 723201, India",4752.75,28.98,IgnitionOn,1,291.195,142.22,31,-69
a0ff24d9-45a6-4bbb-aa6d-81f2a7837583-1,EDC_BS6_PERIODIC,2025-12-19 01:45:17,2025-12-19 01:45:29,23.4182896,86.2263168,25405,597,FixOK,A,OaJ5CU0303,G133E15425,"C6J9+RMC, Baragram, West Bengal 723201, India",4752.875,28.92,IgnitionOn,1,291.424,147.5,31,-69
a0ff24d9-45a6-4bbb-aa6d-81f2a7837583-2,EDC_BS6_PERIODIC,2025-12-19 01:45:23,2025-12-19 01:45:29,23.4179392,86.226528,25406,597,FixOK,A,OaJ5CU0303,G133E15425,"C6J9+RMC, Baragram, West Bengal 723201, India",4752.875,27.8,IgnitionOn,1,291.778,151.91,31,-69
ba8ed9f4-e47d-43f9-bfd7-63b7cce85214-9,EDC_BS6_PERIODIC,2025-12-19 01:45:29,2025-12-19 01:51:55,23.4176224,86.226688,25407,597,FixOK,A,OaJ5CU0303,G133E15425,"C65M+RV4, Sindri, West Bengal 723201, India",4753,24.21,IgnitionOn,1,291.492,153.75,31,-69
5c254f04-280c-485d-ad75-86dca9abfc06-10,EDC_BS6_PERIODIC,2025-12-19 01:45:35,2025-12-19 01:46:30,23.4173152,86.2268416,25408,597,FixOK,A,OaJ5CU0303,G133E15425,"C6J9+RMC, Baragram, West Bengal 723201, India",4753,22.81,IgnitionOn,1,290.899,158.88,31,-69
5c254f04-280c-485d-ad75-86dca9abfc06-9,EDC_BS6_PERIODIC,2025-12-19 01:45:41,2025-12-19 01:46:30,23.416992,86.2269504,25409,597,FixOK,A,OaJ5CU0303,G133E15425,"C6J9+RMC, Baragram, West Bengal 723201, India",4753,23.45,IgnitionOn,1,290.396,164.55,31,-69
5c254f04-280c-485d-ad75-86dca9abfc06-8,EDC_BS6_PERIODIC,2025-12-19 01:45:47,2025-12-19 01:46:30,23.4166464,86.2270464,25410,597,FixOK,A,OaJ5CU0303,G133E15425,"C6J9+RMC, Baragram, West Bengal 723201, India",4753,24.59,IgnitionOn,1,289.805,162.78,31,-69
5c254f04-280c-485d-ad75-86dca9abfc06-7,EDC_BS6_PERIODIC,2025-12-19 01:45:53,2025-12-19 01:46:30,23.4162752,86.2271872,25411,597,FixOK,A,OaJ5CU0303,G133E15425,"C6J9+RMC, Baragram, West Bengal 723201, India",4753.125,26.58,IgnitionOn,1,289.305,164.53,31,-69
5c254f04-280c-485d-ad75-86dca9abfc06-6,EDC_BS6_PERIODIC,2025-12-19 01:45:59,2025-12-19 01:46:30,23.4158752,86.2272768,25412,597,FixOK,A,OaJ5CU0303,G133E15425,"C6J9+RMC, Baragram, West Bengal 723201, India",4753.125,28.3,IgnitionOn,1,289.94,168.25,31,-69
5c254f04-280c-485d-ad75-86dca9abfc06-5,EDC_BS6_PERIODIC,2025-12-19 01:46:05,2025-12-19 01:46:30,23.4154784,86.227392,25413,597,FixOK,A,OaJ5CU0303,G133E15425,"C6J9+RMC, Baragram, West Bengal 723201, India",4753.25,28.67,IgnitionOn,1,289.497,164.97,31,-83
5c254f04-280c-485d-ad75-86dca9abfc06-4,EDC_BS6_PERIODIC,2025-12-19 01:46:11,2025-12-19 01:46:30,23.4150912,86.227488,25414,597,FixOK,A,OaJ5CU0303,G133E15425,"C6J9+RMC, Baragram, West Bengal 723201, India",4753.25,27.12,IgnitionOn,1,288.848,169.47,31,-83
5c254f04-280c-485d-ad75-86dca9abfc06-2,EDC_BS6_PERIODIC,2025-12-19 01:46:17,2025-12-19 01:46:30,23.41468,86.2275712,25415,597,FixOK,A,OaJ5CU0303,G133E15425,"C6J9+RMC, Baragram, West Bengal 723201, India",4753.25,28.9,IgnitionOn,1,288.12,168.82,31,-83
5c254f04-280c-485d-ad75-86dca9abfc06-3,GPS_MESSAGE,2025-12-19 01:46:17,2025-12-19 01:46:30,23.41468,86.2275712,,597,3DFix,,OaJ5CU0303,G133E15425,"C6J9+RMC, Baragram, West Bengal 723201, India",0,,IgnitionOn,1,288,16,31,
5c254f04-280c-485d-ad75-86dca9abfc06-1,EDC_BS6_PERIODIC,2025-12-19 01:46:23,2025-12-19 01:46:30,23.4143216,86.227648,25416,597,FixOK,A,OaJ5CU0303,G133E15425,"C6J9+RMC, Baragram, West Bengal 723201, India",4753.375,30.37,IgnitionOn,1,288.701,168.64,31,-83
ba8ed9f4-e47d-43f9-bfd7-63b7cce85214-8,BRAKE_PRESSED,2025-12-19 01:46:28,2025-12-19 01:51:55,23.413944,86.2277504,23416,597,FixOK,,OaJ5CU0303,G133E15425,"C65M+RV4, Sindri, West Bengal 723201, India",0,31.74,IgnitionOn,1,,,,
ba8ed9f4-e47d-43f9-bfd7-63b7cce85214-7,EDC_BS6_PERIODIC,2025-12-19 01:46:29,2025-12-19 01:51:55,23.413872,86.2277824,25417,597,FixOK,A,OaJ5CU0303,G133E15425,"C65M+RV4, Sindri, West Bengal 723201, India",4753.375,31.88,IgnitionOn,1,287.622,166.61,31,-83
ba8ed9f4-e47d-43f9-bfd7-63b7cce85214-6,EDC_BS6_PERIODIC,2025-12-19 01:46:35,2025-12-19 01:51:55,23.413424,86.2278976,25418,597,FixOK,A,OaJ5CU0303,G133E15425,"C65M+RV4, Sindri, West Bengal 723201, India",4753.5,31.36,IgnitionOn,1,286.687,166.24,31,-83
ba8ed9f4-e47d-43f9-bfd7-63b7cce85214-5,EDC_BS6_PERIODIC,2025-12-19 01:46:41,2025-12-19 01:51:55,23.4130048,86.2280256,25419,597,FixOK,A,OaJ5CU0303,G133E15425,"C65M+RV4, Sindri, West Bengal 723201, India",4753.5,29.52,IgnitionOn,1,285.496,162.77,30,-83
ce1d6ccb-da51-434c-911f-d6126fc02c4e-10,BRAKE_PRESSED,2025-12-19 01:46:42,2025-12-19 01:47:31,23.4129312,86.2280384,23417,597,FixOK,,OaJ5CU0303,G133E15425,"C6J9+RMC, Baragram, West Bengal 723201, India",0,30.36,IgnitionOn,1,,,,
ce1d6ccb-da51-434c-911f-d6126fc02c4e-9,EDC_BS6_PERIODIC,2025-12-19 01:46:47,2025-12-19 01:47:31,23.412584,86.228192,25420,597,FixOK,A,OaJ5CU0303,G133E15425,"C6J9+RMC, Baragram, West Bengal 723201, India",4753.625,30.25,IgnitionOn,1,285.011,157.63,30,-83
ce1d6ccb-da51-434c-911f-d6126fc02c4e-8,EDC_BS6_PERIODIC,2025-12-19 01:46:53,2025-12-19 01:47:31,23.4122016,86.228384,25421,597,FixOK,A,OaJ5CU0303,G133E15425,"C6J9+RMC, Baragram, West Bengal 723201, India",4753.625,28.83,IgnitionOn,1,285.115,152.05,32,-83
ce1d6ccb-da51-434c-911f-d6126fc02c4e-7,BRAKE_PRESSED,2025-12-19 01:46:56,2025-12-19 01:47:31,23.412008,86.2284928,23418,597,FixOK,,OaJ5CU0303,G133E15425,"C6J9+RMC, Baragram, West Bengal 723201, India",0,31.12,IgnitionOn,1,,,,
ce1d6ccb-da51-434c-911f-d6126fc02c4e-6,EDC_BS6_PERIODIC,2025-12-19 01:46:59,2025-12-19 01:47:31,23.4118112,86.2286336,25422,597,FixOK,A,OaJ5CU0303,G133E15425,"C6J9+RMC, Baragram, West Bengal 723201, India",4753.625,30.72,IgnitionOn,1,284.364,149.71,32,-83
ce1d6ccb-da51-434c-911f-d6126fc02c4e-5,EDC_BS6_PERIODIC,2025-12-19 01:47:05,2025-12-19 01:47:31,23.4114368,86.2289344,25423,597,FixOK,A,OaJ5CU0303,G133E15425,"C6J9+RMC, Baragram, West Bengal 723201, India",4753.75,31.86,IgnitionOn,1,283.174,141.41,32,-83
ce1d6ccb-da51-434c-911f-d6126fc02c4e-4,EDC_BS6_PERIODIC,2025-12-19 01:47:11,2025-12-19 01:47:31,23.4111072,86.2292608,25424,597,FixOK,A,OaJ5CU0303,G133E15425,"C6J9+RMC, Baragram, West Bengal 723201, India",4753.75,28.86,IgnitionOn,1,283.45,134.24,32,-83
ce1d6ccb-da51-434c-911f-d6126fc02c4e-3,EDC_BS6_PERIODIC,2025-12-19 01:47:17,2025-12-19 01:47:31,23.410832,86.2296064,25425,597,FixOK,A,OaJ5CU0303,G133E15425,"C6J9+RMC, Baragram, West Bengal 723201, India",4753.875,28.28,IgnitionOn,1,283.217,129.99,32,-83
ce1d6ccb-da51-434c-911f-d6126fc02c4e-2,EDC_BS6_PERIODIC,2025-12-19 01:47:23,2025-12-19 01:47:31,23.410576,86.229984,25426,597,FixOK,A,OaJ5CU0303,G133E15425,"C6J9+RMC, Baragram, West Bengal 723201, India",4753.875,29.69,IgnitionOn,1,281.658,125.44,32,-83
ce1d6ccb-da51-434c-911f-d6126fc02c4e-1,BRAKE_PRESSED,2025-12-19 01:47:25,2025-12-19 01:47:31,23.4104976,86.230112,23419,597,FixOK,,OaJ5CU0303,G133E15425,"C6J9+RMC, Baragram, West Bengal 723201, India",0,29.94,IgnitionOn,1,,,,
ba8ed9f4-e47d-43f9-bfd7-63b7cce85214-4,EDC_BS6_PERIODIC,2025-12-19 01:47:29,2025-12-19 01:51:55,23.410352,86.2304,25427,597,FixOK,A,OaJ5CU0303,G133E15425,"C65M+RV4, Sindri, West Bengal 723201, India",4753.875,31.21,IgnitionOn,1,281.022,119.05,31,-83
ba8ed9f4-e47d-43f9-bfd7-63b7cce85214-3,EDC_BS6_PERIODIC,2025-12-19 01:47:35,2025-12-19 01:51:55,23.4101888,86.2307904,25428,597,FixOK,A,OaJ5CU0303,G133E15425,"C65M+RV4, Sindri, West Bengal 723201, India",4754,25.66,IgnitionOn,1,279.453,114.47,31,-83
ba8ed9f4-e47d-43f9-bfd7-63b7cce85214-2,EDC_BS6_PERIODIC,2025-12-19 01:47:41,2025-12-19 01:51:55,23.4100624,86.231168,25429,597,FixOK,A,OaJ5CU0303,G133E15425,"C65M+RV4, Sindri, West Bengal 723201, India",4754,26.1,IgnitionOn,1,277.846,106.97,31,-83
ba8ed9f4-e47d-43f9-bfd7-63b7cce85214-1,BRAKE_PRESSED,2025-12-19 01:47:44,2025-12-19 01:51:55,23.4100032,86.2313728,23420,597,FixOK,,OaJ5CU0303,G133E15425,"C65M+RV4, Sindri, West Bengal 723201, India",0,28.95,IgnitionOn,1,,,,
4630148b-06e8-495e-9f74-b6350b77aa1a-10,EDC_BS6_PERIODIC,2025-12-19 01:47:47,2025-12-19 01:48:32,23.40996,86.2316096,25430,597,FixOK,A,OaJ5CU0303,G133E15425,"C6J9+RMC, Baragram, West Bengal 723201, India",4754.125,28.25,IgnitionOn,1,275.733,102.66,31,-83
4630148b-06e8-495e-9f74-b6350b77aa1a-9,EDC_BS6_PERIODIC,2025-12-19 01:47:53,2025-12-19 01:48:32,23.4099072,86.231968,25431,597,FixOK,A,OaJ5CU0303,G133E15425,"C6J9+RMC, Baragram, West Bengal 723201, India",4754.125,27.48,IgnitionOn,1,273.7,100.43,32,-83
4630148b-06e8-495e-9f74-b6350b77aa1a-8,BRAKE_PRESSED,2025-12-19 01:47:56,2025-12-19 01:48:32,23.4098752,86.232192,23421,597,FixOK,,OaJ5CU0303,G133E15425,"C6J9+RMC, Baragram, West Bengal 723201, India",0,24.39,IgnitionOn,1,,,,
4630148b-06e8-495e-9f74-b6350b77aa1a-7,EDC_BS6_PERIODIC,2025-12-19 01:47:59,2025-12-19 01:48:32,23.4098528,86.2324096,25432,597,FixOK,A,OaJ5CU0303,G133E15425,"C6J9+RMC, Baragram, West Bengal 723201, India",4754.125,27.1,IgnitionOn,1,274.912,96.4,32,-83
4630148b-06e8-495e-9f74-b6350b77aa1a-6,EDC_BS6_PERIODIC,2025-12-19 01:48:05,2025-12-19 01:48:32,23.4098176,86.2327744,25433,597,FixOK,A,OaJ5CU0303,G133E15425,"C6J9+RMC, Baragram, West Bengal 723201, India",4754.25,22.84,IgnitionOn,1,275.299,96,32,-83
4630148b-06e8-495e-9f74-b6350b77aa1a-5,EDC_BS6_PERIODIC,2025-12-19 01:48:11,2025-12-19 01:48:32,23.4097792,86.2331008,25434,597,FixOK,A,OaJ5CU0303,G133E15425,"C6J9+RMC, Baragram, West Bengal 723201, India",4754.25,19.4,IgnitionOn,1,276.377,97.27,32,-83
4630148b-06e8-495e-9f74-b6350b77aa1a-4,BRAKE_PRESSED,2025-12-19 01:48:12,2025-12-19 01:48:32,23.4097728,86.2331648,23422,597,FixOK,,OaJ5CU0303,G133E15425,"C6J9+RMC, Baragram, West Bengal 723201, India",0,20.15,IgnitionOn,1,,,,
4630148b-06e8-495e-9f74-b6350b77aa1a-3,EDC_BS6_PERIODIC,2025-12-19 01:48:17,2025-12-19 01:48:32,23.409744,86.2334464,25435,597,FixOK,A,OaJ5CU0303,G133E15425,"C6J9+RMC, Baragram, West Bengal 723201, India",4754.25,20.52,IgnitionOn,1,276.752,96.55,32,-83
4630148b-06e8-495e-9f74-b6350b77aa1a-2,EDC_BS6_PERIODIC,2025-12-19 01:48:23,2025-12-19 01:48:32,23.409704,86.2337216,25436,597,FixOK,A,OaJ5CU0303,G133E15425,"C6J9+RMC, Baragram, West Bengal 723201, India",4754.375,18.27,IgnitionOn,1,276.565,99.65,32,-83
4630148b-06e8-495e-9f74-b6350b77aa1a-1,BRAKE_PRESSED,2025-12-19 01:48:25,2025-12-19 01:48:32,23.409688,86.233824,23423,597,FixOK,,OaJ5CU0303,G133E15425,"C6J9+RMC, Baragram, West Bengal 723201, India",0,14.12,IgnitionOn,1,,,,
a3937fec-df05-4d67-8600-17219fcc66cf-10,EDC_BS6_PERIODIC,2025-12-19 01:48:29,2025-12-19 01:49:33,23.4096672,86.234016,25437,597,FixOK,A,OaJ5CU0303,G133E15425,"C6J9+RMC, Baragram, West Bengal 723201, India",4754.375,18.76,IgnitionOn,1,275.217,98.5,32,-83
a3937fec-df05-4d67-8600-17219fcc66cf-9,EDC_BS6_PERIODIC,2025-12-19 01:48:35,2025-12-19 01:49:33,23.4096512,86.2341632,25438,597,FixOK,A,OaJ5CU0303,G133E15425,"C6J9+RMC, Baragram, West Bengal 723201, India",4754.375,7.47,IgnitionOn,1,274.578,101.12,32,-83
a3937fec-df05-4d67-8600-17219fcc66cf-8,EDC_BS6_PERIODIC,2025-12-19 01:48:41,2025-12-19 01:49:33,23.40964,86.2341888,25439,597,FixOK,A,OaJ5CU0303,G133E15425,"C6J9+RMC, Baragram, West Bengal 723201, India",4754.375,0,IgnitionOn,1,275.129,101.12,33,-83
a3937fec-df05-4d67-8600-17219fcc66cf-7,EDC_BS6_PERIODIC,2025-12-19 01:48:47,2025-12-19 01:49:33,23.40964,86.2341888,25440,597,FixOK,A,OaJ5CU0303,G133E15425,"C6J9+RMC, Baragram, West Bengal 723201, India",4754.375,0,IgnitionOn,1,275.165,101.12,33,-83
a3937fec-df05-4d67-8600-17219fcc66cf-6,EDC_BS6_PERIODIC,2025-12-19 01:48:53,2025-12-19 01:49:33,23.40964,86.2341888,25441,597,FixOK,A,OaJ5CU0303,G133E15425,"C6J9+RMC, Baragram, West Bengal 723201, India",4754.375,0,IgnitionOn,1,275.165,101.12,33,-83
a3937fec-df05-4d67-8600-17219fcc66cf-5,EDC_BS6_PERIODIC,2025-12-19 01:48:59,2025-12-19 01:49:33,23.40964,86.2341888,25442,597,FixOK,A,OaJ5CU0303,G133E15425,"C6J9+RMC, Baragram, West Bengal 723201, India",4754.375,0,IgnitionOn,1,275.165,101.12,33,-83
a3937fec-df05-4d67-8600-17219fcc66cf-4,EDC_BS6_PERIODIC,2025-12-19 01:49:05,2025-12-19 01:49:33,23.40964,86.2341888,25443,597,FixOK,A,OaJ5CU0303,G133E15425,"C6J9+RMC, Baragram, West Bengal 723201, India",4754.375,0,IgnitionOn,1,275.165,101.12,33,-83
a3937fec-df05-4d67-8600-17219fcc66cf-3,EDC_BS6_PERIODIC,2025-12-19 01:49:11,2025-12-19 01:49:33,23.40964,86.2341888,25444,597,FixOK,A,OaJ5CU0303,G133E15425,"C6J9+RMC, Baragram, West Bengal 723201, India",4754.375,0,IgnitionOn,1,275.165,101.12,33,-83
a3937fec-df05-4d67-8600-17219fcc66cf-2,EDC_BS6_PERIODIC,2025-12-19 01:49:17,2025-12-19 01:49:33,23.40964,86.2341888,25445,597,FixOK,A,OaJ5CU0303,G133E15425,"C6J9+RMC, Baragram, West Bengal 723201, India",4754.375,0,IgnitionOn,1,275.165,101.12,32,-83
a3937fec-df05-4d67-8600-17219fcc66cf-1,EDC_BS6_PERIODIC,2025-12-19 01:49:23,2025-12-19 01:49:33,23.40964,86.2341888,25446,597,FixOK,A,OaJ5CU0303,G133E15425,"C6J9+RMC, Baragram, West Bengal 723201, India",4754.375,0,IgnitionOn,1,275.165,101.12,32,-83
ccc6d4a5-fadc-458b-b8e4-7d5d456f515b-10,EDC_BS6_PERIODIC,2025-12-19 01:49:29,2025-12-19 01:50:34,23.40964,86.2341888,25447,597,FixOK,A,OaJ5CU0303,G133E15425,"C6J9+RMC, Baragram, West Bengal 723201, India",4754.375,0,IgnitionOn,1,275.165,101.12,32,-83
ccc6d4a5-fadc-458b-b8e4-7d5d456f515b-9,EDC_BS6_PERIODIC,2025-12-19 01:49:35,2025-12-19 01:50:34,23.40964,86.2341888,25448,597,FixOK,A,OaJ5CU0303,G133E15425,"C6J9+RMC, Baragram, West Bengal 723201, India",4754.375,0,IgnitionOn,1,275.165,101.12,32,-83
ccc6d4a5-fadc-458b-b8e4-7d5d456f515b-8,EDC_BS6_PERIODIC,2025-12-19 01:49:41,2025-12-19 01:50:34,23.40964,86.2341888,25449,597,FixOK,A,OaJ5CU0303,G133E15425,"C6J9+RMC, Baragram, West Bengal 723201, India",4754.375,0,IgnitionOn,1,275.165,101.12,32,-83
ccc6d4a5-fadc-458b-b8e4-7d5d456f515b-7,EDC_BS6_PERIODIC,2025-12-19 01:49:47,2025-12-19 01:50:34,23.40964,86.2341888,25450,597,FixOK,A,OaJ5CU0303,G133E15425,"C6J9+RMC, Baragram, West Bengal 723201, India",4754.375,0,IgnitionOn,1,275.165,101.12,32,-83
ccc6d4a5-fadc-458b-b8e4-7d5d456f515b-6,EDC_BS6_PERIODIC,2025-12-19 01:49:53,2025-12-19 01:50:34,23.40964,86.2341888,25451,597,FixOK,A,OaJ5CU0303,G133E15425,"C6J9+RMC, Baragram, West Bengal 723201, India",4754.375,0,IgnitionOn,1,275.165,101.12,33,-83
ccc6d4a5-fadc-458b-b8e4-7d5d456f515b-5,EDC_BS6_PERIODIC,2025-12-19 01:49:59,2025-12-19 01:50:34,23.40964,86.2341888,25452,597,FixOK,A,OaJ5CU0303,G133E15425,"C6J9+RMC, Baragram, West Bengal 723201, India",4754.375,0,IgnitionOn,1,275.165,101.12,33,-83
ccc6d4a5-fadc-458b-b8e4-7d5d456f515b-4,EDC_BS6_PERIODIC,2025-12-19 01:50:05,2025-12-19 01:50:34,23.40964,86.2341888,25453,597,FixOK,A,OaJ5CU0303,G133E15425,"C6J9+RMC, Baragram, West Bengal 723201, India",4754.375,0,IgnitionOn,1,275.165,101.12,33,-83
ccc6d4a5-fadc-458b-b8e4-7d5d456f515b-3,EDC_BS6_PERIODIC,2025-12-19 01:50:11,2025-12-19 01:50:34,23.40964,86.2341888,25454,597,FixOK,A,OaJ5CU0303,G133E15425,"C6J9+RMC, Baragram, West Bengal 723201, India",4754.375,0,IgnitionOn,1,275.165,101.12,33,-83
ccc6d4a5-fadc-458b-b8e4-7d5d456f515b-2,EDC_BS6_PERIODIC,2025-12-19 01:50:17,2025-12-19 01:50:34,23.40964,86.2341888,25455,597,FixOK,A,OaJ5CU0303,G133E15425,"C6J9+RMC, Baragram, West Bengal 723201, India",4754.375,0,IgnitionOn,1,275.165,101.12,33,-83
ccc6d4a5-fadc-458b-b8e4-7d5d456f515b-1,EDC_BS6_PERIODIC,2025-12-19 01:50:23,2025-12-19 01:50:34,23.40964,86.2341888,25456,597,FixOK,A,OaJ5CU0303,G133E15425,"C6J9+RMC, Baragram, West Bengal 723201, India",4754.375,0,IgnitionOn,1,275.165,101.12,33,-83
a9f61f77-a671-4773-8a2a-dc058e292883-1,EDC_BS6_PERIODIC,2025-12-19 01:50:29,2025-12-19 01:57:20,23.4096608,86.234208,25457,597,FixOK,A,OaJ5CU0303,G133E15425,"C65M+RV4, Sindri, West Bengal 723201, India",4754.375,1.6600001,IgnitionOn,1,275.165,101.12,33,-83
3ef18a45-7944-4037-bdf4-fddd023a803c-7,EDC_BS6_PERIODIC,2025-12-19 01:50:35,2025-12-19 01:56:40,23.409688,86.234208,25458,597,FixOK,A,OaJ5CU0303,G133E15425,"C65M+RV4, Sindri, West Bengal 723201, India",4754.375,2.8600001,IgnitionOn,1,275.196,101.12,33,-83
16a1a556-f997-40b8-b40b-13b80a4777bb-10,EDC_BS6_PERIODIC,2025-12-19 01:50:41,2025-12-19 01:51:35,23.409704,86.2342272,25459,597,FixOK,A,OaJ5CU0303,G133E15425,"C65M+RV4, Sindri, West Bengal 723201, India",4754.375,0,IgnitionOn,1,275.097,101.12,32,-83
16a1a556-f997-40b8-b40b-13b80a4777bb-9,BRAKE_PRESSED,2025-12-19 01:50:44,2025-12-19 01:51:35,23.409704,86.2342272,23424,597,FixOK,,OaJ5CU0303,G133E15425,"C65M+RV4, Sindri, West Bengal 723201, India",0,4.91,IgnitionOn,1,,,,
16a1a556-f997-40b8-b40b-13b80a4777bb-8,EDC_BS6_PERIODIC,2025-12-19 01:50:47,2025-12-19 01:51:35,23.409704,86.2342272,25460,597,FixOK,A,OaJ5CU0303,G133E15425,"C65M+RV4, Sindri, West Bengal 723201, India",4754.375,4.88,IgnitionOn,1,275.097,101.12,32,-83
16a1a556-f997-40b8-b40b-13b80a4777bb-7,EDC_BS6_PERIODIC,2025-12-19 01:50:53,2025-12-19 01:51:35,23.40976,86.2342976,25461,597,FixOK,A,OaJ5CU0303,G133E15425,"C65M+RV4, Sindri, West Bengal 723201, India",4754.375,4.8,IgnitionOn,1,275.14,47.54,33,-83
16a1a556-f997-40b8-b40b-13b80a4777bb-6,EDC_BS6_PERIODIC,2025-12-19 01:50:59,2025-12-19 01:51:35,23.4098096,86.2343104,25462,597,FixOK,A,OaJ5CU0303,G133E15425,"C65M+RV4, Sindri, West Bengal 723201, India",4754.375,2.95,IgnitionOn,1,275.158,30.03,33,-83
16a1a556-f997-40b8-b40b-13b80a4777bb-5,EDC_BS6_PERIODIC,2025-12-19 01:51:05,2025-12-19 01:51:35,23.4098336,86.2343104,25463,597,FixOK,A,OaJ5CU0303,G133E15425,"C65M+RV4, Sindri, West Bengal 723201, India",4754.375,0,IgnitionOn,1,275.168,30.03,33,-83
16a1a556-f997-40b8-b40b-13b80a4777bb-4,EDC_BS6_PERIODIC,2025-12-19 01:51:11,2025-12-19 01:51:35,23.4098336,86.2343104,25464,597,FixOK,A,OaJ5CU0303,G133E15425,"C65M+RV4, Sindri, West Bengal 723201, India",4754.375,0,IgnitionOn,1,275.162,30.03,33,-83
16a1a556-f997-40b8-b40b-13b80a4777bb-3,EDC_BS6_PERIODIC,2025-12-19 01:51:17,2025-12-19 01:51:35,23.4098336,86.2343104,25465,597,FixOK,A,OaJ5CU0303,G133E15425,"C6J9+RMC, Baragram, West Bengal 723201, India",4754.375,0,IgnitionOn,1,275.162,30.03,33,-83
16a1a556-f997-40b8-b40b-13b80a4777bb-2,EDC_BS6_PERIODIC,2025-12-19 01:51:23,2025-12-19 01:51:35,23.4098336,86.2343104,25466,597,FixOK,A,OaJ5CU0303,G133E15425,"C6J9+RMC, Baragram, West Bengal 723201, India",4754.375,0,IgnitionOn,1,275.162,30.03,33,-83
16a1a556-f997-40b8-b40b-13b80a4777bb-1,EDC_BS6_PERIODIC,2025-12-19 01:51:29,2025-12-19 01:51:35,23.4098336,86.2343104,25467,597,FixOK,A,OaJ5CU0303,G133E15425,"C6J9+RMC, Baragram, West Bengal 723201, India",4754.375,0,IgnitionOn,1,275.162,30.03,33,-83
2daa8b66-e94f-4e40-afba-2a515a0c59c3-10,EDC_BS6_PERIODIC,2025-12-19 01:51:35,2025-12-19 01:52:36,23.4098336,86.2343104,25468,597,FixOK,A,OaJ5CU0303,G133E15425,"C65M+RV4, Sindri, West Bengal 723201, India",4754.375,0,IgnitionOn,1,275.162,30.03,33,-83
2daa8b66-e94f-4e40-afba-2a515a0c59c3-9,EDC_BS6_PERIODIC,2025-12-19 01:51:41,2025-12-19 01:52:36,23.4098336,86.2343104,25469,597,FixOK,A,OaJ5CU0303,G133E15425,"C65M+RV4, Sindri, West Bengal 723201, India",4754.375,0,IgnitionOn,1,275.162,30.03,33,-83
2daa8b66-e94f-4e40-afba-2a515a0c59c3-8,EDC_BS6_PERIODIC,2025-12-19 01:51:47,2025-12-19 01:52:36,23.4098336,86.2343104,25470,597,FixOK,A,OaJ5CU0303,G133E15425,"C65M+RV4, Sindri, West Bengal 723201, India",4754.375,0,IgnitionOn,1,275.162,30.03,33,-83
2daa8b66-e94f-4e40-afba-2a515a0c59c3-7,EDC_BS6_PERIODIC,2025-12-19 01:51:53,2025-12-19 01:52:36,23.4098336,86.2343104,25471,597,FixOK,A,OaJ5CU0303,G133E15425,"C65M+RV4, Sindri, West Bengal 723201, India",4754.375,0,IgnitionOn,1,275.162,30.03,33,-83
2daa8b66-e94f-4e40-afba-2a515a0c59c3-6,EDC_BS6_PERIODIC,2025-12-19 01:51:59,2025-12-19 01:52:36,23.4098336,86.2343104,25472,597,FixOK,A,OaJ5CU0303,G133E15425,"C65M+RV4, Sindri, West Bengal 723201, India",4754.375,0,IgnitionOn,1,275.162,30.03,33,-83
2daa8b66-e94f-4e40-afba-2a515a0c59c3-5,EDC_BS6_PERIODIC,2025-12-19 01:52:05,2025-12-19 01:52:36,23.4098336,86.2343104,25473,597,FixOK,A,OaJ5CU0303,G133E15425,"C65M+RV4, Sindri, West Bengal 723201, India",4754.375,0,IgnitionOn,1,275.162,30.03,33,-77
2daa8b66-e94f-4e40-afba-2a515a0c59c3-4,EDC_BS6_PERIODIC,2025-12-19 01:52:11,2025-12-19 01:52:36,23.4098336,86.2343104,25474,597,FixOK,A,OaJ5CU0303,G133E15425,"C65M+RV4, Sindri, West Bengal 723201, India",4754.375,0,IgnitionOn,1,275.162,30.03,33,-77
2daa8b66-e94f-4e40-afba-2a515a0c59c3-3,EDC_BS6_PERIODIC,2025-12-19 01:52:17,2025-12-19 01:52:36,23.4098336,86.2343104,25475,597,FixOK,A,OaJ5CU0303,G133E15425,"C65M+RV4, Sindri, West Bengal 723201, India",4754.375,0,IgnitionOn,1,275.162,30.03,32,-77
2daa8b66-e94f-4e40-afba-2a515a0c59c3-2,EDC_BS6_PERIODIC,2025-12-19 01:52:23,2025-12-19 01:52:36,23.4098336,86.2343104,25476,597,FixOK,A,OaJ5CU0303,G133E15425,"C65M+RV4, Sindri, West Bengal 723201, India",4754.375,0,IgnitionOn,1,275.162,30.03,34,-77
2daa8b66-e94f-4e40-afba-2a515a0c59c3-1,EDC_BS6_PERIODIC,2025-12-19 01:52:29,2025-12-19 01:52:36,23.4098336,86.2343104,25477,597,FixOK,A,OaJ5CU0303,G133E15425,"C65M+RV4, Sindri, West Bengal 723201, India",4754.375,0,IgnitionOn,1,275.162,30.03,34,-77
07ba8e50-a83f-405c-91ce-35a89d9aded8-10,EDC_BS6_PERIODIC,2025-12-19 01:52:35,2025-12-19 01:53:37,23.4098336,86.2343104,25478,597,FixOK,A,OaJ5CU0303,G133E15425,"C65M+RV4, Sindri, West Bengal 723201, India",4754.375,0,IgnitionOn,1,275.162,30.03,33,-77
07ba8e50-a83f-405c-91ce-35a89d9aded8-9,EDC_BS6_PERIODIC,2025-12-19 01:52:41,2025-12-19 01:53:37,23.4098336,86.2343104,25479,597,FixOK,A,OaJ5CU0303,G133E15425,"C65M+RV4, Sindri, West Bengal 723201, India",4754.375,0,IgnitionOn,1,275.162,30.03,33,-77
07ba8e50-a83f-405c-91ce-35a89d9aded8-8,EDC_BS6_PERIODIC,2025-12-19 01:52:47,2025-12-19 01:53:37,23.4098336,86.2343104,25480,597,FixOK,A,OaJ5CU0303,G133E15425,"C65M+RV4, Sindri, West Bengal 723201, India",4754.375,0,IgnitionOn,1,275.162,30.03,32,-77
07ba8e50-a83f-405c-91ce-35a89d9aded8-7,EDC_BS6_PERIODIC,2025-12-19 01:52:53,2025-12-19 01:53:37,23.4098336,86.2343104,25481,597,FixOK,A,OaJ5CU0303,G133E15425,"C65M+RV4, Sindri, West Bengal 723201, India",4754.375,0,IgnitionOn,1,275.162,30.03,33,-77
07ba8e50-a83f-405c-91ce-35a89d9aded8-6,EDC_BS6_PERIODIC,2025-12-19 01:52:59,2025-12-19 01:53:37,23.4098336,86.2343104,25482,597,FixOK,A,OaJ5CU0303,G133E15425,"C65M+RV4, Sindri, West Bengal 723201, India",4754.375,0,IgnitionOn,1,275.162,30.03,33,-77
07ba8e50-a83f-405c-91ce-35a89d9aded8-5,EDC_BS6_PERIODIC,2025-12-19 01:53:05,2025-12-19 01:53:37,23.4098336,86.2343104,25483,597,FixOK,A,OaJ5CU0303,G133E15425,"C65M+RV4, Sindri, West Bengal 723201, India",4754.375,0,IgnitionOn,1,275.162,30.03,33,-77
07ba8e50-a83f-405c-91ce-35a89d9aded8-4,EDC_BS6_PERIODIC,2025-12-19 01:53:11,2025-12-19 01:53:37,23.4098336,86.2343104,25484,597,FixOK,A,OaJ5CU0303,G133E15425,"C65M+RV4, Sindri, West Bengal 723201, India",4754.375,0,IgnitionOn,1,275.162,30.03,34,-77
07ba8e50-a83f-405c-91ce-35a89d9aded8-3,EDC_BS6_PERIODIC,2025-12-19 01:53:17,2025-12-19 01:53:37,23.4098336,86.2343104,25485,597,FixOK,A,OaJ5CU0303,G133E15425,"C65J+X99, Sindri, West Bengal 723105, India",4754.375,0,IgnitionOn,1,275.162,30.03,33,-77
07ba8e50-a83f-405c-91ce-35a89d9aded8-2,EDC_BS6_PERIODIC,2025-12-19 01:53:23,2025-12-19 01:53:37,23.4098336,86.2343104,25486,597,FixOK,A,OaJ5CU0303,G133E15425,"C65J+X99, Sindri, West Bengal 723105, India",4754.375,0,IgnitionOn,1,275.162,30.03,33,-77
07ba8e50-a83f-405c-91ce-35a89d9aded8-1,EDC_BS6_PERIODIC,2025-12-19 01:53:29,2025-12-19 01:53:37,23.4098336,86.2343104,25487,597,FixOK,A,OaJ5CU0303,G133E15425,"C65J+X99, Sindri, West Bengal 723105, India",4754.375,0,IgnitionOn,1,275.162,30.03,33,-77
3ef18a45-7944-4037-bdf4-fddd023a803c-6,EDC_BS6_PERIODIC,2025-12-19 01:53:35,2025-12-19 01:56:40,23.4098336,86.2343104,25488,597,FixOK,A,OaJ5CU0303,G133E15425,"C65M+RV4, Sindri, West Bengal 723201, India",4754.375,0,IgnitionOn,1,275.162,30.03,33,-77
f11dd649-9656-4c0f-82ef-2c1b574049c3-10,EDC_BS6_PERIODIC,2025-12-19 01:53:41,2025-12-19 01:54:38,23.4098336,86.2343104,25489,597,FixOK,A,OaJ5CU0303,G133E15425,"C65M+RV4, Sindri, West Bengal 723201, India",4754.375,0,IgnitionOn,0,275.162,30.03,34,-77
f11dd649-9656-4c0f-82ef-2c1b574049c3-9,IGNITION_OFF,2025-12-19 01:53:42,2025-12-19 01:54:38,23.4098336,86.2343104,23425,597,FixOK,,OaJ5CU0303,G133E15425,"C65M+RV4, Sindri, West Bengal 723201, India",0,,IgnitionOn,0,,,,
f11dd649-9656-4c0f-82ef-2c1b574049c3-8,EDC_BS6_PERIODIC,2025-12-19 01:53:47,2025-12-19 01:54:38,23.4098336,86.2343104,25490,597,FixOK,A,OaJ5CU0303,G133E15425,"C65M+RV4, Sindri, West Bengal 723201, India",4754.375,0,IgnitionOn,0,275.162,30.03,33,-77
f11dd649-9656-4c0f-82ef-2c1b574049c3-7,EDC_BS6_PERIODIC,2025-12-19 01:53:53,2025-12-19 01:54:38,23.4098336,86.2343104,25491,597,FixOK,A,OaJ5CU0303,G133E15425,"C65M+RV4, Sindri, West Bengal 723201, India",4754.375,0,IgnitionOn,0,275.162,30.03,34,-77
f11dd649-9656-4c0f-82ef-2c1b574049c3-6,EDC_BS6_PERIODIC,2025-12-19 01:53:59,2025-12-19 01:54:38,23.4098336,86.2343104,25492,597,FixOK,A,OaJ5CU0303,G133E15425,"C65M+RV4, Sindri, West Bengal 723201, India",4754.375,0,IgnitionOn,0,275.162,30.03,33,-77
f11dd649-9656-4c0f-82ef-2c1b574049c3-5,EDC_BS6_PERIODIC,2025-12-19 01:54:05,2025-12-19 01:54:38,23.4098336,86.2343104,25493,597,FixOK,A,OaJ5CU0303,G133E15425,"C65M+RV4, Sindri, West Bengal 723201, India",4754.375,0,IgnitionOn,0,275.162,30.03,34,-77
f11dd649-9656-4c0f-82ef-2c1b574049c3-4,EDC_BS6_PERIODIC,2025-12-19 01:54:11,2025-12-19 01:54:38,23.4098336,86.2343104,25494,597,FixOK,A,OaJ5CU0303,G133E15425,"C65M+RV4, Sindri, West Bengal 723201, India",4754.375,0,IgnitionOn,0,275.162,30.03,34,-77
f11dd649-9656-4c0f-82ef-2c1b574049c3-3,EDC_BS6_PERIODIC,2025-12-19 01:54:17,2025-12-19 01:54:38,23.4098336,86.2343104,25495,597,FixOK,A,OaJ5CU0303,G133E15425,"C65M+RV4, Sindri, West Bengal 723201, India",0,0,IgnitionOn,0,275.162,30.03,34,-77
f11dd649-9656-4c0f-82ef-2c1b574049c3-2,EDC_BS6_PERIODIC,2025-12-19 01:54:23,2025-12-19 01:54:38,23.4098336,86.2343104,25496,597,FixOK,A,OaJ5CU0303,G133E15425,"C6Q8+76F, Baragram, West Bengal 723201, India",0,0,IgnitionOn,0,275.162,30.03,34,-77
f11dd649-9656-4c0f-82ef-2c1b574049c3-1,EDC_BS6_PERIODIC,2025-12-19 01:54:29,2025-12-19 01:54:38,23.4098336,86.2343104,25497,597,FixOK,A,OaJ5CU0303,G133E15425,"C6Q8+76F, Baragram, West Bengal 723201, India",0,0,IgnitionOn,0,275.162,30.03,34,-77
5373a92e-7e46-4bc0-9985-58227a2981ca-10,EDC_BS6_PERIODIC,2025-12-19 01:54:35,2025-12-19 01:55:39,23.4098336,86.2343104,25498,597,FixOK,A,OaJ5CU0303,G133E15425,"C65M+RV4, Sindri, West Bengal 723201, India",0,0,IgnitionOn,0,275.162,30.03,33,-77
5373a92e-7e46-4bc0-9985-58227a2981ca-9,EDC_BS6_PERIODIC,2025-12-19 01:54:41,2025-12-19 01:55:39,23.4098336,86.2343104,25499,597,FixOK,A,OaJ5CU0303,G133E15425,"C65M+RV4, Sindri, West Bengal 723201, India",0,0,IgnitionOn,0,275.162,30.03,34,-77
5373a92e-7e46-4bc0-9985-58227a2981ca-8,EDC_BS6_PERIODIC,2025-12-19 01:54:47,2025-12-19 01:55:39,23.4098336,86.2343104,25500,597,FixOK,A,OaJ5CU0303,G133E15425,"C65M+RV4, Sindri, West Bengal 723201, India",0,0,IgnitionOn,0,275.162,30.03,34,-77
5373a92e-7e46-4bc0-9985-58227a2981ca-7,EDC_BS6_PERIODIC,2025-12-19 01:54:53,2025-12-19 01:55:39,23.4098336,86.2343104,25501,597,FixOK,A,OaJ5CU0303,G133E15425,"C65M+RV4, Sindri, West Bengal 723201, India",0,0,IgnitionOn,0,275.162,30.03,32,-77
5373a92e-7e46-4bc0-9985-58227a2981ca-6,EDC_BS6_PERIODIC,2025-12-19 01:54:59,2025-12-19 01:55:39,23.4098336,86.2343104,25502,597,FixOK,A,OaJ5CU0303,G133E15425,"C65M+RV4, Sindri, West Bengal 723201, India",0,0,IgnitionOn,0,275.162,30.03,34,-77
5373a92e-7e46-4bc0-9985-58227a2981ca-5,EDC_BS6_PERIODIC,2025-12-19 01:55:05,2025-12-19 01:55:39,23.4098336,86.2343104,25503,597,FixOK,A,OaJ5CU0303,G133E15425,"C65M+RV4, Sindri, West Bengal 723201, India",0,0,IgnitionOn,0,275.162,30.03,34,-77
5373a92e-7e46-4bc0-9985-58227a2981ca-4,EDC_BS6_PERIODIC,2025-12-19 01:55:11,2025-12-19 01:55:39,23.4098336,86.2343104,25504,597,FixOK,A,OaJ5CU0303,G133E15425,"C65M+RV4, Sindri, West Bengal 723201, India",0,0,IgnitionOn,0,275.162,30.03,35,-77
5373a92e-7e46-4bc0-9985-58227a2981ca-3,EDC_BS6_PERIODIC,2025-12-19 01:55:17,2025-12-19 01:55:39,23.4098336,86.2343104,25505,597,FixOK,A,OaJ5CU0303,G133E15425,"C65M+RV4, Sindri, West Bengal 723201, India",0,0,IgnitionOn,0,275.162,30.03,36,-77
5373a92e-7e46-4bc0-9985-58227a2981ca-2,EDC_BS6_PERIODIC,2025-12-19 01:55:23,2025-12-19 01:55:39,23.4098336,86.2343104,25506,597,FixOK,A,OaJ5CU0303,G133E15425,"C65M+RV4, Sindri, West Bengal 723201, India",0,0,IgnitionOn,0,275.162,30.03,35,-77
5373a92e-7e46-4bc0-9985-58227a2981ca-1,EDC_BS6_PERIODIC,2025-12-19 01:55:29,2025-12-19 01:55:39,23.4098336,86.2343104,25507,597,FixOK,A,OaJ5CU0303,G133E15425,"C65M+RV4, Sindri, West Bengal 723201, India",0,0,IgnitionOn,0,275.162,30.03,35,-77
3ef18a45-7944-4037-bdf4-fddd023a803c-5,EDC_BS6_PERIODIC,2025-12-19 01:55:35,2025-12-19 01:56:40,23.4098336,86.2343104,25508,597,FixOK,A,OaJ5CU0303,G133E15425,"C65M+RV4, Sindri, West Bengal 723201, India",0,0,IgnitionOn,0,275.162,30.03,35,-77
3ef18a45-7944-4037-bdf4-fddd023a803c-4,EDC_BS6_PERIODIC,2025-12-19 01:55:41,2025-12-19 01:56:40,23.4098336,86.2343104,25509,597,FixOK,A,OaJ5CU0303,G133E15425,"C65M+RV4, Sindri, West Bengal 723201, India",0,0,IgnitionOn,0,275.162,30.03,35,-77
3ef18a45-7944-4037-bdf4-fddd023a803c-1,DEVICE_METRICS,2025-12-19 01:55:42,2025-12-19 01:56:40,23.4098336,86.2343104,,597,FixOK,,OaJ5CU0303,G133E15425,"C65M+RV4, Sindri, West Bengal 723201, India",0,,IgnitionOff,0,,,,
3ef18a45-7944-4037-bdf4-fddd023a803c-3,GPS_MESSAGE,2025-12-19 01:55:42,2025-12-19 01:56:40,23.4098336,86.2343104,,597,3DFix,,OaJ5CU0303,G133E15425,"C65M+RV4, Sindri, West Bengal 723201, India",0,,IgnitionOff,0,275,1,35,
3ef18a45-7944-4037-bdf4-fddd023a803c-2,TRIP_END,2025-12-19 01:55:42,2025-12-19 01:56:40,23.4098336,86.2343104,,597,FixOK,,OaJ5CU0303,G133E15425,"C65M+RV4, Sindri, West Bengal 723201, India",0,,IgnitionOff,0,,,,
dace6880-a610-491c-9bf5-3814cfc6ad26,HEARTBEAT_MESSAGE,2025-12-19 01:55:46,2025-12-19 01:55:46,0,0,,,,,OaJ5CU0303,G133E15425,,,,,1,,,,
94e1ee23-ea57-4a52-a3d7-0953e96e2986-1-1,BS6_IGNITION_OFF_HB_MESSAGE,2025-12-19 05:59:08,2025-12-19 05:59:13,23.4098752,86.2343424,,597,3DFix,A,OaJ5CU0303,G133E15425,"C65M+RV4, Sindri, West Bengal 723201, India",0,,IgnitionOff,0,277,7,14,
94e1ee23-ea57-4a52-a3d7-0953e96e2986-1,GPS_MESSAGE,2025-12-19 05:59:08,2025-12-19 05:59:13,23.4098752,86.2343424,,597,3DFix,,OaJ5CU0303,G133E15425,,0,,IgnitionOff,0,277,7,14,
d1a0ba4d-18f9-4232-9d46-dc09407e3f80,HEARTBEAT_MESSAGE,2025-12-19 05:59:12,2025-12-19 05:59:12,0,0,,,,,OaJ5CU0303,G133E15425,,,,,0,,,,
2b9803f4-4ab0-448c-a0ff-857c216a07c0-11,TRIP_START,2025-12-19 06:38:42,2025-12-19 06:43:26,23.4098336,86.2343104,,598,StoredFix,,OaJ5CU0303,G133E15425,"C65M+RV4, Sindri, West Bengal 723201, India",0,,IgnitionOn,1,,,,
2b9803f4-4ab0-448c-a0ff-857c216a07c0-10,GPS_MESSAGE,2025-12-19 06:38:54,2025-12-19 06:43:26,23.4098336,86.2343104,,598,NoFix,,OaJ5CU0303,G133E15425,"C65M+RV4, Sindri, West Bengal 723201, India",0,,IgnitionOn,1,0,0,0,
2b9803f4-4ab0-448c-a0ff-857c216a07c0-9,VERSION_UPDATE,2025-12-19 06:38:54,2025-12-19 06:43:26,23.4098336,86.2343104,,598,StoredFix,,OaJ5CU0303,G133E15425,"C65M+RV4, Sindri, West Bengal 723201, India",0,,IgnitionOn,1,,,,
2b9803f4-4ab0-448c-a0ff-857c216a07c0-8,IGNITION_ON,2025-12-19 06:38:59,2025-12-19 06:43:26,23.4098336,86.2343104,23426,598,StoredFix,,OaJ5CU0303,G133E15425,"C65M+RV4, Sindri, West Bengal 723201, India",0,,IgnitionOn,1,,,,
2b9803f4-4ab0-448c-a0ff-857c216a07c0-5,ACU_SW_PART_NO,2025-12-19 06:39:00,2025-12-19 06:43:26,23.4098336,86.2343104,23429,598,StoredFix,,OaJ5CU0303,G133E15425,"C65M+RV4, Sindri, West Bengal 723201, India",0,,IgnitionOn,1,,,,
2b9803f4-4ab0-448c-a0ff-857c216a07c0-6,ECU_SW_PART_NO,2025-12-19 06:39:00,2025-12-19 06:43:26,23.4098336,86.2343104,23428,598,StoredFix,,OaJ5CU0303,G133E15425,"C65M+RV4, Sindri, West Bengal 723201, India",0,,IgnitionOn,1,,,,
2b9803f4-4ab0-448c-a0ff-857c216a07c0-4,EDC_BS6_PERIODIC,2025-12-19 06:39:00,2025-12-19 06:43:26,23.4098336,86.2343104,25510,598,StoredFix,V,OaJ5CU0303,G133E15425,"C65M+RV4, Sindri, West Bengal 723201, India",4754.375,0,IgnitionOn,1,275.162,30.03,0,-113
2b9803f4-4ab0-448c-a0ff-857c216a07c0-7,ENGINE_CRANKING,2025-12-19 06:39:00,2025-12-19 06:43:26,23.4098336,86.2343104,23427,598,StoredFix,,OaJ5CU0303,G133E15425,"C65M+RV4, Sindri, West Bengal 723201, India",0,,IgnitionOn,1,,,,
2b9803f4-4ab0-448c-a0ff-857c216a07c0-3,EDC_BS6_PERIODIC,2025-12-19 06:39:06,2025-12-19 06:43:26,23.4098336,86.2343104,25511,598,StoredFix,V,OaJ5CU0303,G133E15425,"C65M+RV4, Sindri, West Bengal 723201, India",4754.375,0,IgnitionOn,1,275.162,30.03,0,-113
2b9803f4-4ab0-448c-a0ff-857c216a07c0-2,EDC_BS6_PERIODIC,2025-12-19 06:39:12,2025-12-19 06:43:26,23.4098336,86.2343104,25512,598,StoredFix,V,OaJ5CU0303,G133E15425,"C65M+RV4, Sindri, West Bengal 723201, India",4754.375,0,IgnitionOn,1,275.162,30.03,0,-113
2b9803f4-4ab0-448c-a0ff-857c216a07c0-1,EDC_BS6_PERIODIC,2025-12-19 06:39:18,2025-12-19 06:43:26,23.4098592,86.2342976,25513,598,StoredFix,V,OaJ5CU0303,G133E15425,"C65M+RV4, Sindri, West Bengal 723201, India",4754.375,0,IgnitionOn,1,277.437,30.03,27,-113
c45b8d8c-71c5-493e-a57f-83e6d3ba1b3a-10,GPS_MESSAGE,2025-12-19 06:39:22,2025-12-19 06:40:19,23.4098592,86.2342976,,598,3DFix,,OaJ5CU0303,G133E15425,,0,,IgnitionOn,1,277,5,27,
c45b8d8c-71c5-493e-a57f-83e6d3ba1b3a-9,EDC_BS6_PERIODIC,2025-12-19 06:39:24,2025-12-19 06:40:19,23.4098592,86.2342976,25514,598,FixOK,A,OaJ5CU0303,G133E15425,,4754.375,0,IgnitionOn,1,277.17,30.03,27,-113
c45b8d8c-71c5-493e-a57f-83e6d3ba1b3a-7,EDC_BS6_PERIODIC,2025-12-19 06:39:30,2025-12-19 06:40:19,23.409864,86.2342976,25515,598,FixOK,A,OaJ5CU0303,G133E15425,,4754.375,0,IgnitionOn,1,277.095,30.03,26,-113
c45b8d8c-71c5-493e-a57f-83e6d3ba1b3a-6,EDC_BS6_PERIODIC,2025-12-19 06:39:36,2025-12-19 06:40:19,23.409864,86.2342976,25516,598,FixOK,A,OaJ5CU0303,G133E15425,,4754.375,0,IgnitionOn,1,276.868,30.03,28,-113
c45b8d8c-71c5-493e-a57f-83e6d3ba1b3a-5,EDC_BS6_PERIODIC,2025-12-19 06:39:42,2025-12-19 06:40:19,23.409864,86.2342976,25517,598,FixOK,A,OaJ5CU0303,G133E15425,,4754.375,0,IgnitionOn,1,275.975,30.03,27,-113
c45b8d8c-71c5-493e-a57f-83e6d3ba1b3a-4,EDC_BS6_PERIODIC,2025-12-19 06:39:48,2025-12-19 06:40:19,23.4098592,86.2342976,25518,598,FixOK,A,OaJ5CU0303,G133E15425,,4754.375,0,IgnitionOn,1,275.649,30.03,27,-113
c45b8d8c-71c5-493e-a57f-83e6d3ba1b3a-3,EDC_BS6_PERIODIC,2025-12-19 06:39:54,2025-12-19 06:40:19,23.409864,86.2342976,25519,598,FixOK,A,OaJ5CU0303,G133E15425,,4754.375,0,IgnitionOn,1,275.493,30.03,28,-113
c45b8d8c-71c5-493e-a57f-83e6d3ba1b3a-2,EDC_BS6_PERIODIC,2025-12-19 06:40:00,2025-12-19 06:40:19,23.4098592,86.2342976,25520,598,FixOK,A,OaJ5CU0303,G133E15425,,4754.375,0,IgnitionOn,1,275.464,30.03,28,-113
c45b8d8c-71c5-493e-a57f-83e6d3ba1b3a-1,EDC_BS6_PERIODIC,2025-12-19 06:40:07,2025-12-19 06:40:19,23.4098592,86.2343104,25521,598,FixOK,A,OaJ5CU0303,G133E15425,,4754.375,0,IgnitionOn,1,275.503,30.03,27,-113
c45b8d8c-71c5-493e-a57f-83e6d3ba1b3a-8,EDC_BS6_PERIODIC,2025-12-19 06:40:13,2025-12-19 06:40:19,23.409864,86.2343104,25522,598,FixOK,A,OaJ5CU0303,G133E15425,,4754.375,0,IgnitionOn,1,275.563,30.03,28,-113
444b0aea-40b3-449e-826a-bc7b29f72c47,HEARTBEAT_MESSAGE,2025-12-19 06:40:17,2025-12-19 06:40:17,0,0,,,,,OaJ5CU0303,G133E15425,,,,,1,,,,
05572e45-2609-419c-ad2a-33aeabb62612-10,EDC_BS6_PERIODIC,2025-12-19 06:40:19,2025-12-19 06:41:20,23.409864,86.2343104,25523,598,FixOK,A,OaJ5CU0303,G133E15425,"C65M+RV4, Sindri, West Bengal 723201, India",4754.375,0,IgnitionOn,1,275.552,30.03,28,-113
05572e45-2609-419c-ad2a-33aeabb62612-9,EDC_BS6_PERIODIC,2025-12-19 06:40:25,2025-12-19 06:41:20,23.409864,86.2343104,25524,598,FixOK,A,OaJ5CU0303,G133E15425,"C65M+RV4, Sindri, West Bengal 723201, India",4754.375,0,IgnitionOn,1,275.562,30.03,28,-113
05572e45-2609-419c-ad2a-33aeabb62612-8,EDC_BS6_PERIODIC,2025-12-19 06:40:31,2025-12-19 06:41:20,23.4098688,86.2343104,25525,598,FixOK,A,OaJ5CU0303,G133E15425,"C65M+RV4, Sindri, West Bengal 723201, India",4754.375,0,IgnitionOn,1,275.57,30.03,27,-113
05572e45-2609-419c-ad2a-33aeabb62612-7,EDC_BS6_PERIODIC,2025-12-19 06:40:37,2025-12-19 06:41:20,23.4098688,86.2343104,25526,598,FixOK,A,OaJ5CU0303,G133E15425,"C65M+RV4, Sindri, West Bengal 723201, India",4754.375,0,IgnitionOn,1,275.593,30.03,29,-113
05572e45-2609-419c-ad2a-33aeabb62612-6,EDC_BS6_PERIODIC,2025-12-19 06:40:43,2025-12-19 06:41:20,23.4098688,86.2343104,25527,598,FixOK,A,OaJ5CU0303,G133E15425,"C65M+RV4, Sindri, West Bengal 723201, India",4754.375,0,IgnitionOn,1,275.634,30.03,29,-113
05572e45-2609-419c-ad2a-33aeabb62612-5,EDC_BS6_PERIODIC,2025-12-19 06:40:49,2025-12-19 06:41:20,23.409872,86.2343104,25528,598,FixOK,A,OaJ5CU0303,G133E15425,"C65M+RV4, Sindri, West Bengal 723201, India",4754.375,0,IgnitionOn,1,275.688,30.03,29,-113
05572e45-2609-419c-ad2a-33aeabb62612-4,EDC_BS6_PERIODIC,2025-12-19 06:40:55,2025-12-19 06:41:20,23.409872,86.2343104,25529,598,FixOK,A,OaJ5CU0303,G133E15425,"C65M+RV4, Sindri, West Bengal 723201, India",4754.375,0,IgnitionOn,1,275.709,30.03,29,-113
05572e45-2609-419c-ad2a-33aeabb62612-3,EDC_BS6_PERIODIC,2025-12-19 06:41:01,2025-12-19 06:41:20,23.409872,86.2343104,25530,598,FixOK,A,OaJ5CU0303,G133E15425,"C65M+RV4, Sindri, West Bengal 723201, India",4754.375,0,IgnitionOn,1,275.67,30.03,29,-113
05572e45-2609-419c-ad2a-33aeabb62612-2,EDC_BS6_PERIODIC,2025-12-19 06:41:07,2025-12-19 06:41:20,23.4098688,86.2343104,25531,598,FixOK,A,OaJ5CU0303,G133E15425,,4754.375,0,IgnitionOn,1,275.664,30.03,29,-113
05572e45-2609-419c-ad2a-33aeabb62612-1,EDC_BS6_PERIODIC,2025-12-19 06:41:13,2025-12-19 06:41:20,23.4098688,86.2343104,25532,598,FixOK,A,OaJ5CU0303,G133E15425,,4754.375,0,IgnitionOn,1,275.692,30.03,31,-83
6fadbbef-efc4-42b9-a8c3-67714f2a4f99-1,EDC_BS6_PERIODIC,2025-12-19 06:41:19,2025-12-19 06:52:11,23.409864,86.2343104,25533,598,FixOK,A,OaJ5CU0303,G133E15425,"C65J+X99, Sindri, West Bengal 723105, India",4754.375,0,IgnitionOn,1,275.695,30.03,31,-83
af8c4446-c9b9-49b9-899f-c04f75b8f227-10,EDC_BS6_PERIODIC,2025-12-19 06:41:25,2025-12-19 06:42:21,23.4098592,86.2343104,25534,598,FixOK,A,OaJ5CU0303,G133E15425,"C65M+RV4, Sindri, West Bengal 723201, India",4754.375,0,IgnitionOn,1,275.733,30.03,31,-83
af8c4446-c9b9-49b9-899f-c04f75b8f227-9,EDC_BS6_PERIODIC,2025-12-19 06:41:31,2025-12-19 06:42:21,23.409856,86.2343104,25535,598,FixOK,A,OaJ5CU0303,G133E15425,"C65M+RV4, Sindri, West Bengal 723201, India",4754.375,0,IgnitionOn,1,275.774,30.03,31,-83
af8c4446-c9b9-49b9-899f-c04f75b8f227-8,EDC_BS6_PERIODIC,2025-12-19 06:41:37,2025-12-19 06:42:21,23.4098592,86.2343104,25536,598,FixOK,A,OaJ5CU0303,G133E15425,"C65M+RV4, Sindri, West Bengal 723201, India",4754.375,0,IgnitionOn,1,275.807,30.03,32,-83
af8c4446-c9b9-49b9-899f-c04f75b8f227-7,EDC_BS6_PERIODIC,2025-12-19 06:41:43,2025-12-19 06:42:21,23.409856,86.2342976,25537,598,FixOK,A,OaJ5CU0303,G133E15425,"C65M+RV4, Sindri, West Bengal 723201, India",4754.375,0,IgnitionOn,1,275.825,30.03,32,-83
af8c4446-c9b9-49b9-899f-c04f75b8f227-6,EDC_BS6_PERIODIC,2025-12-19 06:41:49,2025-12-19 06:42:21,23.4098592,86.2342976,25538,598,FixOK,A,OaJ5CU0303,G133E15425,"C65M+RV4, Sindri, West Bengal 723201, India",4754.375,0,IgnitionOn,1,275.872,30.03,32,-83
af8c4446-c9b9-49b9-899f-c04f75b8f227-5,EDC_BS6_PERIODIC,2025-12-19 06:41:55,2025-12-19 06:42:21,23.409856,86.2343104,25539,598,FixOK,A,OaJ5CU0303,G133E15425,"C65M+RV4, Sindri, West Bengal 723201, India",4754.375,0,IgnitionOn,1,275.899,30.03,31,-83
af8c4446-c9b9-49b9-899f-c04f75b8f227-4,EDC_BS6_PERIODIC,2025-12-19 06:42:01,2025-12-19 06:42:21,23.4098592,86.2343104,25540,598,FixOK,A,OaJ5CU0303,G133E15425,"C65M+RV4, Sindri, West Bengal 723201, India",4754.375,0,IgnitionOn,1,275.957,30.03,30,-83
af8c4446-c9b9-49b9-899f-c04f75b8f227-3,EXCESSIVE_IDLING_START,2025-12-19 06:42:02,2025-12-19 06:42:21,23.4098592,86.2343104,23430,598,FixOK,,OaJ5CU0303,G133E15425,"C65M+RV4, Sindri, West Bengal 723201, India",0,,IgnitionOn,1,,,,
af8c4446-c9b9-49b9-899f-c04f75b8f227-2,EDC_BS6_PERIODIC,2025-12-19 06:42:07,2025-12-19 06:42:21,23.4098592,86.2342976,25541,598,FixOK,A,OaJ5CU0303,G133E15425,"C65M+RV4, Sindri, West Bengal 723201, India",4754.375,0,IgnitionOn,1,275.968,30.03,30,-83
af8c4446-c9b9-49b9-899f-c04f75b8f227-1,EDC_BS6_PERIODIC,2025-12-19 06:42:13,2025-12-19 06:42:21,23.4098416,86.2342976,25542,598,FixOK,A,OaJ5CU0303,G133E15425,"C65M+RV4, Sindri, West Bengal 723201, India",4754.375,0,IgnitionOn,1,275.981,30.03,32,-83
6fadbbef-efc4-42b9-a8c3-67714f2a4f99-2,EDC_BS6_PERIODIC,2025-12-19 06:42:19,2025-12-19 06:52:11,23.4098336,86.2342976,25543,598,FixOK,A,OaJ5CU0303,G133E15425,"C65J+X99, Sindri, West Bengal 723105, India",4754.375,0,IgnitionOn,1,275.986,30.03,32,-83
e88d0bff-87ff-45f7-b99b-037892708c63-10,EDC_BS6_PERIODIC,2025-12-19 06:42:25,2025-12-19 06:43:22,23.4097904,86.2342976,25544,598,FixOK,A,OaJ5CU0303,G133E15425,"C65M+RV4, Sindri, West Bengal 723201, India",4754.375,2.93,IgnitionOn,1,276.253,30.03,32,-83
e88d0bff-87ff-45f7-b99b-037892708c63-9,EDC_BS6_PERIODIC,2025-12-19 06:42:31,2025-12-19 06:43:22,23.4097312,86.2342784,25545,598,FixOK,A,OaJ5CU0303,G133E15425,"C65M+RV4, Sindri, West Bengal 723201, India",4754.375,4.08,IgnitionOn,1,276.468,191.85,32,-83
e88d0bff-87ff-45f7-b99b-037892708c63-8,EXCESSIVE_IDLING_END,2025-12-19 06:42:34,2025-12-19 06:43:22,23.409696,86.2342976,23431,598,FixOK,,OaJ5CU0303,G133E15425,"C65M+RV4, Sindri, West Bengal 723201, India",0,,IgnitionOn,1,,,,
e88d0bff-87ff-45f7-b99b-037892708c63-7,EDC_BS6_PERIODIC,2025-12-19 06:42:37,2025-12-19 06:43:22,23.4096768,86.2342976,25546,598,FixOK,A,OaJ5CU0303,G133E15425,"C65M+RV4, Sindri, West Bengal 723201, India",4754.375,4.27,IgnitionOn,1,276.768,174.24,32,-83
e88d0bff-87ff-45f7-b99b-037892708c63-6,EDC_BS6_PERIODIC,2025-12-19 06:42:43,2025-12-19 06:43:22,23.409648,86.2343424,25547,598,FixOK,A,OaJ5CU0303,G133E15425,"C65M+RV4, Sindri, West Bengal 723201, India",4754.375,4.27,IgnitionOn,1,277.079,145.11,33,-83
e88d0bff-87ff-45f7-b99b-037892708c63-5,EDC_BS6_PERIODIC,2025-12-19 06:42:49,2025-12-19 06:43:22,23.4096448,86.2343424,25548,598,FixOK,A,OaJ5CU0303,G133E15425,"C65M+RV4, Sindri, West Bengal 723201, India",4754.375,0,IgnitionOn,1,277.167,145.11,33,-83
e88d0bff-87ff-45f7-b99b-037892708c63-4,EDC_BS6_PERIODIC,2025-12-19 06:42:55,2025-12-19 06:43:22,23.4096448,86.2343424,25549,598,FixOK,A,OaJ5CU0303,G133E15425,"C65M+RV4, Sindri, West Bengal 723201, India",4754.375,0,IgnitionOn,1,277.242,145.11,32,-83
e88d0bff-87ff-45f7-b99b-037892708c63-3,EDC_BS6_PERIODIC,2025-12-19 06:43:01,2025-12-19 06:43:22,23.4096448,86.2343104,25550,598,FixOK,A,OaJ5CU0303,G133E15425,"C65M+RV4, Sindri, West Bengal 723201, India",4754.375,2.84,IgnitionOn,1,277.26,145.11,32,-83
e88d0bff-87ff-45f7-b99b-037892708c63-2,EDC_BS6_PERIODIC,2025-12-19 06:43:07,2025-12-19 06:43:22,23.4096512,86.2342976,25551,598,FixOK,A,OaJ5CU0303,G133E15425,"C65M+RV4, Sindri, West Bengal 723201, India",4754.375,0,IgnitionOn,1,277.401,145.11,32,-83
e88d0bff-87ff-45f7-b99b-037892708c63-1,EDC_BS6_PERIODIC,2025-12-19 06:43:13,2025-12-19 06:43:22,23.40968,86.23424,25552,598,FixOK,A,OaJ5CU0303,G133E15425,"C65M+RV4, Sindri, West Bengal 723201, India",4754.375,3.66,IgnitionOn,1,277.505,145.11,34,-83
691df20d-cb92-44e6-a444-9724161fb041-10,EDC_BS6_PERIODIC,2025-12-19 06:43:19,2025-12-19 06:44:24,23.4096768,86.2341888,25553,598,FixOK,A,OaJ5CU0303,G133E15425,"C65M+RV4, Sindri, West Bengal 723201, India",4754.375,3.54,IgnitionOn,1,277.661,281.45,33,-83
691df20d-cb92-44e6-a444-9724161fb041-9,EDC_BS6_PERIODIC,2025-12-19 06:43:25,2025-12-19 06:44:24,23.40964,86.2341248,25554,598,FixOK,A,OaJ5CU0303,G133E15425,"C65M+RV4, Sindri, West Bengal 723201, India",4754.5,3.7,IgnitionOn,1,277.854,232.05,32,-83
691df20d-cb92-44e6-a444-9724161fb041-8,EDC_BS6_PERIODIC,2025-12-19 06:43:31,2025-12-19 06:44:24,23.409632,86.2341248,25555,598,FixOK,A,OaJ5CU0303,G133E15425,"C65M+RV4, Sindri, West Bengal 723201, India",4754.5,0,IgnitionOn,1,277.929,232.05,33,-83
691df20d-cb92-44e6-a444-9724161fb041-7,EDC_BS6_PERIODIC,2025-12-19 06:43:37,2025-12-19 06:44:24,23.4096448,86.234144,25556,598,FixOK,A,OaJ5CU0303,G133E15425,"C65M+RV4, Sindri, West Bengal 723201, India",4754.5,1.8399999,IgnitionOn,1,278.183,232.05,33,-83
691df20d-cb92-44e6-a444-9724161fb041-6,EDC_BS6_PERIODIC,2025-12-19 06:43:43,2025-12-19 06:44:24,23.4096512,86.234144,25557,598,FixOK,A,OaJ5CU0303,G133E15425,"C65M+RV4, Sindri, West Bengal 723201, India",4754.5,0,IgnitionOn,1,278.757,232.05,33,-83
691df20d-cb92-44e6-a444-9724161fb041-5,EDC_BS6_PERIODIC,2025-12-19 06:43:49,2025-12-19 06:44:24,23.409656,86.234144,25558,598,FixOK,A,OaJ5CU0303,G133E15425,"C65M+RV4, Sindri, West Bengal 723201, India",4754.5,0,IgnitionOn,1,278.71,232.05,33,-83
691df20d-cb92-44e6-a444-9724161fb041-4,EDC_BS6_PERIODIC,2025-12-19 06:43:55,2025-12-19 06:44:24,23.4096608,86.234144,25559,598,FixOK,A,OaJ5CU0303,G133E15425,"C65M+RV4, Sindri, West Bengal 723201, India",4754.5,0,IgnitionOn,1,278.783,232.05,33,-83
691df20d-cb92-44e6-a444-9724161fb041-3,EDC_BS6_PERIODIC,2025-12-19 06:44:01,2025-12-19 06:44:24,23.4096608,86.234144,25560,598,FixOK,A,OaJ5CU0303,G133E15425,"C65M+RV4, Sindri, West Bengal 723201, India",4754.5,0,IgnitionOn,1,278.783,232.05,33,-83
691df20d-cb92-44e6-a444-9724161fb041-2,EDC_BS6_PERIODIC,2025-12-19 06:44:07,2025-12-19 06:44:24,23.4096608,86.2341632,25561,598,FixOK,A,OaJ5CU0303,G133E15425,"C65M+RV4, Sindri, West Bengal 723201, India",4754.5,0,IgnitionOn,1,278.878,232.05,35,-83
691df20d-cb92-44e6-a444-9724161fb041-1,EDC_BS6_PERIODIC,2025-12-19 06:44:13,2025-12-19 06:44:24,23.409656,86.234176,25562,598,FixOK,A,OaJ5CU0303,G133E15425,"C65M+RV4, Sindri, West Bengal 723201, India",4754.5,0,IgnitionOn,1,278.892,232.05,35,-83
6fadbbef-efc4-42b9-a8c3-67714f2a4f99-3,EDC_BS6_PERIODIC,2025-12-19 06:44:19,2025-12-19 06:52:11,23.409656,86.234176,25563,598,FixOK,A,OaJ5CU0303,G133E15425,"C65J+X99, Sindri, West Bengal 723105, India",4754.5,0,IgnitionOn,1,278.899,232.05,35,-83
6fadbbef-efc4-42b9-a8c3-67714f2a4f99-4,EDC_BS6_PERIODIC,2025-12-19 06:44:25,2025-12-19 06:52:11,23.409656,86.234208,25564,598,FixOK,A,OaJ5CU0303,G133E15425,"C65J+X99, Sindri, West Bengal 723105, India",4754.5,1.8399999,IgnitionOn,1,278.927,232.05,35,-83
6fadbbef-efc4-42b9-a8c3-67714f2a4f99-5,EDC_BS6_PERIODIC,2025-12-19 06:44:31,2025-12-19 06:52:11,23.4096608,86.234208,25565,598,FixOK,A,OaJ5CU0303,G133E15425,"C65J+X99, Sindri, West Bengal 723105, India",4754.5,1.4,IgnitionOn,1,278.92,232.05,35,-83
dd764bf5-0049-4e42-b3e4-836046be6b54-10,EDC_BS6_PERIODIC,2025-12-19 06:44:37,2025-12-19 06:45:24,23.409664,86.2342272,25566,598,FixOK,A,OaJ5CU0303,G133E15425,"C65M+RV4, Sindri, West Bengal 723201, India",4754.5,0,IgnitionOn,1,278.927,232.05,36,-83
dd764bf5-0049-4e42-b3e4-836046be6b54-9,EDC_BS6_PERIODIC,2025-12-19 06:44:43,2025-12-19 06:45:24,23.409672,86.2342272,25567,598,FixOK,A,OaJ5CU0303,G133E15425,"C65M+RV4, Sindri, West Bengal 723201, India",4754.5,0,IgnitionOn,1,278.709,232.05,36,-83
dd764bf5-0049-4e42-b3e4-836046be6b54-8,EDC_BS6_PERIODIC,2025-12-19 06:44:49,2025-12-19 06:45:24,23.4096672,86.2342272,25568,598,FixOK,A,OaJ5CU0303,G133E15425,"C65M+RV4, Sindri, West Bengal 723201, India",4754.5,0,IgnitionOn,1,278.669,232.05,36,-83
dd764bf5-0049-4e42-b3e4-836046be6b54-7,EDC_BS6_PERIODIC,2025-12-19 06:44:55,2025-12-19 06:45:24,23.409616,86.2343424,25569,598,FixOK,A,OaJ5CU0303,G133E15425,"C65M+RV4, Sindri, West Bengal 723201, India",4754.5,0,IgnitionOn,1,278.829,102.15,36,-83
dd764bf5-0049-4e42-b3e4-836046be6b54-6,EDC_BS6_PERIODIC,2025-12-19 06:45:01,2025-12-19 06:45:24,23.4095824,86.2345216,25570,598,FixOK,A,OaJ5CU0303,G133E15425,"C65M+RV4, Sindri, West Bengal 723201, India",4754.5,10.59,IgnitionOn,1,278.897,98.43,35,-83
dd764bf5-0049-4e42-b3e4-836046be6b54-5,EDC_BS6_PERIODIC,2025-12-19 06:45:07,2025-12-19 06:45:24,23.409536,86.2348672,25571,598,FixOK,A,OaJ5CU0303,G133E15425,"C65M+RV4, Sindri, West Bengal 723201, India",4754.5,14.04,IgnitionOn,1,278.541,97.26,35,-83
dd764bf5-0049-4e42-b3e4-836046be6b54-4,EXHAUST_BRAKE_ON_START,2025-12-19 06:45:07,2025-12-19 06:45:24,23.409536,86.2348672,23432,598,FixOK,,OaJ5CU0303,G133E15425,"C65M+RV4, Sindri, West Bengal 723201, India",0,21.62,IgnitionOn,1,,,,
dd764bf5-0049-4e42-b3e4-836046be6b54-2,BRAKE_PRESSED,2025-12-19 06:45:08,2025-12-19 06:45:24,23.4095168,86.2349952,23434,598,FixOK,,OaJ5CU0303,G133E15425,"C65M+RV4, Sindri, West Bengal 723201, India",0,18.57,IgnitionOn,1,,,,
dd764bf5-0049-4e42-b3e4-836046be6b54-3,EXHAUST_BRAKE_ON_END,2025-12-19 06:45:08,2025-12-19 06:45:24,23.409528,86.2349312,23433,598,FixOK,,OaJ5CU0303,G133E15425,"C65M+RV4, Sindri, West Bengal 723201, India",0,18.96,IgnitionOn,1,,,,
dd764bf5-0049-4e42-b3e4-836046be6b54-1,EDC_BS6_PERIODIC,2025-12-19 06:45:13,2025-12-19 06:45:24,23.4095008,86.2351232,25572,598,FixOK,A,OaJ5CU0303,G133E15425,"C65M+RV4, Sindri, West Bengal 723201, India",4754.5,23.62,IgnitionOn,1,278.5,98.91,34,-83
6fadbbef-efc4-42b9-a8c3-67714f2a4f99-6,EDC_BS6_PERIODIC,2025-12-19 06:45:19,2025-12-19 06:52:11,23.409472,86.2352704,25573,598,FixOK,A,OaJ5CU0303,G133E15425,"C65J+X99, Sindri, West Bengal 723105, India",4754.5,13.26,IgnitionOn,1,277.72,87.19,35,-83
6fadbbef-efc4-42b9-a8c3-67714f2a4f99-7,EDC_BS6_PERIODIC,2025-12-19 06:45:25,2025-12-19 06:52:11,23.409392,86.2352384,25574,598,FixOK,A,OaJ5CU0303,G133E15425,"C65J+X99, Sindri, West Bengal 723105, India",4754.625,4.42,IgnitionOn,1,277.502,254.91,34,-83
6fadbbef-efc4-42b9-a8c3-67714f2a4f99-8,EDC_BS6_PERIODIC,2025-12-19 06:45:31,2025-12-19 06:52:11,23.40944,86.2350208,25575,598,FixOK,A,OaJ5CU0303,G133E15425,"C65J+X99, Sindri, West Bengal 723105, India",4754.625,8.59,IgnitionOn,1,277.89,286.75,35,-83
3e2bce71-1acc-4451-9244-8572865f4ed1-10,BRAKE_PRESSED,2025-12-19 06:45:33,2025-12-19 06:46:25,23.409464,86.23488,23435,598,FixOK,,OaJ5CU0303,G133E15425,"C65M+RV4, Sindri, West Bengal 723201, India",0,16.44,IgnitionOn,1,,,,
3e2bce71-1acc-4451-9244-8572865f4ed1-9,EDC_BS6_PERIODIC,2025-12-19 06:45:37,2025-12-19 06:46:25,23.4094752,86.2347392,25576,598,FixOK,A,OaJ5CU0303,G133E15425,"C65M+RV4, Sindri, West Bengal 723201, India",4754.625,18.64,IgnitionOn,1,278.697,277.01,37,-83
3e2bce71-1acc-4451-9244-8572865f4ed1-7,BRAKE_PRESSED,2025-12-19 06:45:43,2025-12-19 06:46:25,23.409496,86.2344896,23436,598,FixOK,,OaJ5CU0303,G133E15425,"C65M+RV4, Sindri, West Bengal 723201, India",0,8.05,IgnitionOn,1,,,,
3e2bce71-1acc-4451-9244-8572865f4ed1-8,EDC_BS6_PERIODIC,2025-12-19 06:45:43,2025-12-19 06:46:25,23.409496,86.2345024,25577,598,FixOK,A,OaJ5CU0303,G133E15425,"C65M+RV4, Sindri, West Bengal 723201, India",4754.625,15.3,IgnitionOn,1,280.01,277.04,37,-83
3e2bce71-1acc-4451-9244-8572865f4ed1-6,EDC_BS6_PERIODIC,2025-12-19 06:45:49,2025-12-19 06:46:25,23.4094912,86.2343744,25578,598,FixOK,A,OaJ5CU0303,G133E15425,"C65M+RV4, Sindri, West Bengal 723201, India",4754.625,11.18,IgnitionOn,1,281.061,272.66,37,-83
3e2bce71-1acc-4451-9244-8572865f4ed1-5,EDC_BS6_PERIODIC,2025-12-19 06:45:55,2025-12-19 06:46:25,23.4094912,86.2343744,25579,598,FixOK,A,OaJ5CU0303,G133E15425,"C65M+RV4, Sindri, West Bengal 723201, India",4754.625,0,IgnitionOn,1,280.351,272.66,37,-83
3e2bce71-1acc-4451-9244-8572865f4ed1-4,EDC_BS6_PERIODIC,2025-12-19 06:46:01,2025-12-19 06:46:25,23.4094912,86.2343744,25580,598,FixOK,A,OaJ5CU0303,G133E15425,"C65M+RV4, Sindri, West Bengal 723201, India",4754.625,0,IgnitionOn,1,280.351,272.66,37,-83
3e2bce71-1acc-4451-9244-8572865f4ed1-3,EDC_BS6_PERIODIC,2025-12-19 06:46:07,2025-12-19 06:46:25,23.4094912,86.2343744,25581,598,FixOK,A,OaJ5CU0303,G133E15425,"C65M+RV4, Sindri, West Bengal 723201, India",4754.625,0,IgnitionOn,1,280.351,272.66,36,-83
3e2bce71-1acc-4451-9244-8572865f4ed1-2,EDC_BS6_PERIODIC,2025-12-19 06:46:13,2025-12-19 06:46:25,23.409488,86.2343616,25582,598,FixOK,A,OaJ5CU0303,G133E15425,"C65M+RV4, Sindri, West Bengal 723201, India",4754.625,0,IgnitionOn,1,280.414,272.66,37,-83
3e2bce71-1acc-4451-9244-8572865f4ed1-1,EDC_BS6_PERIODIC,2025-12-19 06:46:19,2025-12-19 06:46:25,23.4095008,86.2342976,25583,598,FixOK,A,OaJ5CU0303,G133E15425,"C65M+RV4, Sindri, West Bengal 723201, India",4754.625,4.66,IgnitionOn,1,280.76,277.85,35,-83
6fadbbef-efc4-42b9-a8c3-67714f2a4f99-9,EDC_BS6_PERIODIC,2025-12-19 06:46:25,2025-12-19 06:52:11,23.40952,86.2341632,25584,598,FixOK,A,OaJ5CU0303,G133E15425,"C65J+X99, Sindri, West Bengal 723105, India",4754.625,6.44,IgnitionOn,1,281.196,281.33,35,-83
6fadbbef-efc4-42b9-a8c3-67714f2a4f99-10,EDC_BS6_PERIODIC,2025-12-19 06:46:31,2025-12-19 06:52:11,23.4095536,86.2339072,25585,598,FixOK,A,OaJ5CU0303,G133E15425,"C65J+X99, Sindri, West Bengal 723105, India",4754.75,12.23,IgnitionOn,1,281.796,278.85,35,-83
6fadbbef-efc4-42b9-a8c3-67714f2a4f99-11,EDC_BS6_PERIODIC,2025-12-19 06:46:37,2025-12-19 06:52:11,23.4095776,86.2335936,25586,598,FixOK,A,OaJ5CU0303,G133E15425,"C65J+X99, Sindri, West Bengal 723105, India",4754.75,17.13,IgnitionOn,1,281.967,271.26,36,-83
31024249-0d62-4a84-a204-b4c60a5cea8d-10,EDC_BS6_PERIODIC,2025-12-19 06:46:43,2025-12-19 06:47:26,23.4095936,86.2331392,25587,598,FixOK,A,OaJ5CU0303,G133E15425,"NH18, Sindri, West Bengal 723201, India",4754.75,23.81,IgnitionOn,1,282.377,273.35,36,-83
31024249-0d62-4a84-a204-b4c60a5cea8d-9,BRAKE_PRESSED,2025-12-19 06:46:47,2025-12-19 06:47:26,23.409616,86.232832,23437,598,FixOK,,OaJ5CU0303,G133E15425,"NH18, Sindri, West Bengal 723201, India",0,29.14,IgnitionOn,1,,,,
31024249-0d62-4a84-a204-b4c60a5cea8d-8,EDC_BS6_PERIODIC,2025-12-19 06:46:49,2025-12-19 06:47:26,23.409616,86.2327296,25588,598,FixOK,A,OaJ5CU0303,G133E15425,"NH18, Sindri, West Bengal 723201, India",4754.875,28.62,IgnitionOn,1,282.704,273.66,36,-83
31024249-0d62-4a84-a204-b4c60a5cea8d-7,EDC_BS6_PERIODIC,2025-12-19 06:46:55,2025-12-19 06:47:26,23.409536,86.2322688,25589,598,FixOK,A,OaJ5CU0303,G133E15425,"NH18, Sindri, West Bengal 723201, India",4754.875,30.91,IgnitionOn,1,282.39,260.79,35,-83
31024249-0d62-4a84-a204-b4c60a5cea8d-6,EDC_BS6_PERIODIC,2025-12-19 06:47:01,2025-12-19 06:47:26,23.4095392,86.2317696,25590,598,FixOK,A,OaJ5CU0303,G133E15425,"NH18, Sindri, West Bengal 723201, India",4754.875,32.07,IgnitionOn,1,283.037,271.5,36,-83
31024249-0d62-4a84-a204-b4c60a5cea8d-5,BRAKE_PRESSED,2025-12-19 06:47:02,2025-12-19 06:47:26,23.4095536,86.2315904,23438,598,FixOK,,OaJ5CU0303,G133E15425,"NH18, Sindri, West Bengal 723201, India",0,25.74,IgnitionOn,1,,,,
31024249-0d62-4a84-a204-b4c60a5cea8d-4,EDC_BS6_PERIODIC,2025-12-19 06:47:07,2025-12-19 06:47:26,23.4095936,86.231296,25591,598,FixOK,A,OaJ5CU0303,G133E15425,"NH18, Sindri, West Bengal 723201, India",4755,30.49,IgnitionOn,1,282.769,280.26,36,-83
31024249-0d62-4a84-a204-b4c60a5cea8d-3,BRAKE_PRESSED,2025-12-19 06:47:12,2025-12-19 06:47:26,23.4096128,86.23104,23439,598,FixOK,,OaJ5CU0303,G133E15425,"NH18, Sindri, West Bengal 723201, India",0,7.95,IgnitionOn,1,,,,
31024249-0d62-4a84-a204-b4c60a5cea8d-2,EDC_BS6_PERIODIC,2025-12-19 06:47:13,2025-12-19 06:47:26,23.4096128,86.23104,25592,598,FixOK,A,OaJ5CU0303,G133E15425,"NH18, Sindri, West Bengal 723201, India",4755,18.6,IgnitionOn,1,282.497,271.07,37,-61
31024249-0d62-4a84-a204-b4c60a5cea8d-1,EDC_BS6_PERIODIC,2025-12-19 06:47:19,2025-12-19 06:47:26,23.4096064,86.230944,25593,598,FixOK,A,OaJ5CU0303,G133E15425,"NH18, Sindri, West Bengal 723201, India",4755,9.93,IgnitionOn,1,281.79,271.7,37,-61
8e594323-a4c3-4672-a5a0-b45b09108be2-10,EDC_BS6_PERIODIC,2025-12-19 06:47:25,2025-12-19 06:48:28,23.4096128,86.230944,25594,598,FixOK,A,OaJ5CU0303,G133E15425,"C65J+X99, Sindri, West Bengal 723105, India",4755,0,IgnitionOn,1,281.615,271.7,36,-61
8e594323-a4c3-4672-a5a0-b45b09108be2-9,EDC_BS6_PERIODIC,2025-12-19 06:47:31,2025-12-19 06:48:28,23.4096128,86.230944,25595,598,FixOK,A,OaJ5CU0303,G133E15425,"C65J+X99, Sindri, West Bengal 723105, India",4755,0,IgnitionOn,1,281.615,271.7,36,-61
8e594323-a4c3-4672-a5a0-b45b09108be2-8,EDC_BS6_PERIODIC,2025-12-19 06:47:37,2025-12-19 06:48:28,23.4096128,86.230944,25596,598,FixOK,A,OaJ5CU0303,G133E15425,"C65M+RV4, Sindri, West Bengal 723201, India",4755,0,IgnitionOn,1,281.615,271.7,37,-61
8e594323-a4c3-4672-a5a0-b45b09108be2-7,EDC_BS6_PERIODIC,2025-12-19 06:47:43,2025-12-19 06:48:28,23.4096128,86.230944,25597,598,FixOK,A,OaJ5CU0303,G133E15425,"C65M+RV4, Sindri, West Bengal 723201, India",4755,0,IgnitionOn,1,281.614,271.7,36,-61
8e594323-a4c3-4672-a5a0-b45b09108be2-6,EDC_BS6_PERIODIC,2025-12-19 06:47:49,2025-12-19 06:48:28,23.4096128,86.230944,25598,598,FixOK,A,OaJ5CU0303,G133E15425,"C65M+RV4, Sindri, West Bengal 723201, India",4755,0,IgnitionOn,1,281.614,271.7,37,-61
8e594323-a4c3-4672-a5a0-b45b09108be2-5,EDC_BS6_PERIODIC,2025-12-19 06:47:55,2025-12-19 06:48:28,23.4096128,86.230944,25599,598,FixOK,A,OaJ5CU0303,G133E15425,"C65M+RV4, Sindri, West Bengal 723201, India",4755,0,IgnitionOn,1,281.614,271.7,37,-61
8e594323-a4c3-4672-a5a0-b45b09108be2-4,EDC_BS6_PERIODIC,2025-12-19 06:48:01,2025-12-19 06:48:28,23.4096128,86.230944,25600,598,FixOK,A,OaJ5CU0303,G133E15425,"C65M+RV4, Sindri, West Bengal 723201, India",4755,0,IgnitionOn,1,281.614,271.7,37,-61
8e594323-a4c3-4672-a5a0-b45b09108be2-3,EDC_BS6_PERIODIC,2025-12-19 06:48:06,2025-12-19 06:48:28,23.4096128,86.230944,25601,598,FixOK,A,OaJ5CU0303,G133E15425,"C65M+RV4, Sindri, West Bengal 723201, India",4755,0,IgnitionOn,1,281.614,271.7,37,-61
8e594323-a4c3-4672-a5a0-b45b09108be2-2,EDC_BS6_PERIODIC,2025-12-19 06:48:12,2025-12-19 06:48:28,23.4096128,86.230944,25602,598,FixOK,A,OaJ5CU0303,G133E15425,"C65M+RV4, Sindri, West Bengal 723201, India",4755,0,IgnitionOn,1,281.614,271.7,39,-61
8e594323-a4c3-4672-a5a0-b45b09108be2-1,EDC_BS6_PERIODIC,2025-12-19 06:48:18,2025-12-19 06:48:28,23.4096128,86.230944,25603,598,FixOK,A,OaJ5CU0303,G133E15425,"C65M+RV4, Sindri, West Bengal 723201, India",4755,0,IgnitionOn,1,281.614,271.7,39,-61
d618831f-17fe-4ab6-baa9-c03b6425d59e-7,EDC_BS6_PERIODIC,2025-12-19 06:48:24,2025-12-19 06:51:31,23.4096128,86.230944,25604,598,FixOK,A,OaJ5CU0303,G133E15425,"C65J+X99, Sindri, West Bengal 723105, India",4755,0,IgnitionOn,1,281.614,271.7,39,-61
d618831f-17fe-4ab6-baa9-c03b6425d59e-6,EDC_BS6_PERIODIC,2025-12-19 06:48:30,2025-12-19 06:51:31,23.4096128,86.230944,25605,598,FixOK,A,OaJ5CU0303,G133E15425,"C65J+X99, Sindri, West Bengal 723105, India",4755,0,IgnitionOn,1,281.614,271.7,38,-61
dd560584-e829-4e6e-94da-5ed031536285-10,IGNITION_OFF,2025-12-19 06:48:34,2025-12-19 06:49:29,23.4096128,86.230944,23440,598,FixOK,,OaJ5CU0303,G133E15425,"C65J+X99, Sindri, West Bengal 723105, India",0,,IgnitionOn,0,,,,
dd560584-e829-4e6e-94da-5ed031536285-9,EDC_BS6_PERIODIC,2025-12-19 06:48:36,2025-12-19 06:49:29,23.4096128,86.230944,25606,598,FixOK,A,OaJ5CU0303,G133E15425,"C65J+X99, Sindri, West Bengal 723105, India",4755,0,IgnitionOn,0,281.615,271.7,39,-61
dd560584-e829-4e6e-94da-5ed031536285-8,EDC_BS6_PERIODIC,2025-12-19 06:48:42,2025-12-19 06:49:29,23.4096128,86.230944,25607,598,FixOK,A,OaJ5CU0303,G133E15425,"C65J+X99, Sindri, West Bengal 723105, India",4755,0,IgnitionOn,0,281.615,271.7,39,-61
dd560584-e829-4e6e-94da-5ed031536285-7,EDC_BS6_PERIODIC,2025-12-19 06:48:48,2025-12-19 06:49:29,23.4096128,86.230944,25608,598,FixOK,A,OaJ5CU0303,G133E15425,"C65J+X99, Sindri, West Bengal 723105, India",4755,0,IgnitionOn,0,281.615,271.7,39,-61
dd560584-e829-4e6e-94da-5ed031536285-6,EDC_BS6_PERIODIC,2025-12-19 06:48:54,2025-12-19 06:49:29,23.4096128,86.230944,25609,598,FixOK,A,OaJ5CU0303,G133E15425,"C65J+X99, Sindri, West Bengal 723105, India",4755,0,IgnitionOn,0,281.615,271.7,39,-61
dd560584-e829-4e6e-94da-5ed031536285-5,EDC_BS6_PERIODIC,2025-12-19 06:49:00,2025-12-19 06:49:29,23.4096128,86.230944,25610,598,FixOK,A,OaJ5CU0303,G133E15425,"C65J+X99, Sindri, West Bengal 723105, India",4755,0,IgnitionOn,0,281.615,271.7,39,-61
dd560584-e829-4e6e-94da-5ed031536285-4,EDC_BS6_PERIODIC,2025-12-19 06:49:06,2025-12-19 06:49:29,23.4096128,86.230944,25611,598,FixOK,A,OaJ5CU0303,G133E15425,"C65J+X99, Sindri, West Bengal 723105, India",4755,0,IgnitionOn,0,281.614,271.7,38,-61
dd560584-e829-4e6e-94da-5ed031536285-3,EDC_BS6_PERIODIC,2025-12-19 06:49:12,2025-12-19 06:49:29,23.4096128,86.230944,25612,598,FixOK,A,OaJ5CU0303,G133E15425,"C65J+X99, Sindri, West Bengal 723105, India",0,0,IgnitionOn,0,281.615,271.7,38,-61
dd560584-e829-4e6e-94da-5ed031536285-1,EDC_BS6_PERIODIC,2025-12-19 06:49:18,2025-12-19 06:49:29,23.4096128,86.230944,25613,598,FixOK,A,OaJ5CU0303,G133E15425,"C65J+X99, Sindri, West Bengal 723105, India",0,0,IgnitionOn,0,281.614,271.7,38,-61
dd560584-e829-4e6e-94da-5ed031536285-2,GPS_MESSAGE,2025-12-19 06:49:18,2025-12-19 06:49:29,23.4096128,86.230944,,598,3DFix,,OaJ5CU0303,G133E15425,"C65J+X99, Sindri, West Bengal 723105, India",0,,IgnitionOn,1,281,27,38,
b933231a-38ac-4bbb-9f20-93683b33b720-10,EDC_BS6_PERIODIC,2025-12-19 06:49:24,2025-12-19 06:50:30,23.4096128,86.230944,25614,598,FixOK,A,OaJ5CU0303,G133E15425,"C65J+X99, Sindri, West Bengal 723105, India",0,0,IgnitionOn,0,281.614,271.7,39,-61
b933231a-38ac-4bbb-9f20-93683b33b720-9,EDC_BS6_PERIODIC,2025-12-19 06:49:30,2025-12-19 06:50:30,23.4096128,86.230944,25615,598,FixOK,A,OaJ5CU0303,G133E15425,"C65J+X99, Sindri, West Bengal 723105, India",0,0,IgnitionOn,0,281.614,271.7,38,-61
b933231a-38ac-4bbb-9f20-93683b33b720-8,EDC_BS6_PERIODIC,2025-12-19 06:49:36,2025-12-19 06:50:30,23.4096128,86.230944,25616,598,FixOK,A,OaJ5CU0303,G133E15425,"C65J+X99, Sindri, West Bengal 723105, India",0,0,IgnitionOn,0,281.614,271.7,38,-61
b933231a-38ac-4bbb-9f20-93683b33b720-7,EDC_BS6_PERIODIC,2025-12-19 06:49:42,2025-12-19 06:50:30,23.4096128,86.230944,25617,598,FixOK,A,OaJ5CU0303,G133E15425,"C65J+X99, Sindri, West Bengal 723105, India",0,0,IgnitionOn,0,281.614,271.7,39,-61
b933231a-38ac-4bbb-9f20-93683b33b720-6,EDC_BS6_PERIODIC,2025-12-19 06:49:48,2025-12-19 06:50:30,23.4096128,86.230944,25618,598,FixOK,A,OaJ5CU0303,G133E15425,"C65J+X99, Sindri, West Bengal 723105, India",0,0,IgnitionOn,0,281.614,271.7,39,-61
b933231a-38ac-4bbb-9f20-93683b33b720-5,EDC_BS6_PERIODIC,2025-12-19 06:49:54,2025-12-19 06:50:30,23.4096128,86.230944,25619,598,FixOK,A,OaJ5CU0303,G133E15425,"C65J+X99, Sindri, West Bengal 723105, India",0,0,IgnitionOn,0,281.614,271.7,39,-61
b933231a-38ac-4bbb-9f20-93683b33b720-4,EDC_BS6_PERIODIC,2025-12-19 06:50:00,2025-12-19 06:50:30,23.4096128,86.230944,25620,598,FixOK,A,OaJ5CU0303,G133E15425,"NH18, Sindri, West Bengal 723201, India",0,0,IgnitionOn,0,281.614,271.7,38,-61
b933231a-38ac-4bbb-9f20-93683b33b720-3,EDC_BS6_PERIODIC,2025-12-19 06:50:06,2025-12-19 06:50:30,23.4096128,86.230944,25621,598,FixOK,A,OaJ5CU0303,G133E15425,"NH18, Sindri, West Bengal 723201, India",0,0,IgnitionOn,0,281.614,271.7,38,-61
b933231a-38ac-4bbb-9f20-93683b33b720-2,EDC_BS6_PERIODIC,2025-12-19 06:50:12,2025-12-19 06:50:30,23.4096128,86.230944,25622,598,FixOK,A,OaJ5CU0303,G133E15425,"NH18, Sindri, West Bengal 723201, India",0,0,IgnitionOn,0,281.615,271.7,38,-61
b933231a-38ac-4bbb-9f20-93683b33b720-1,EDC_BS6_PERIODIC,2025-12-19 06:50:18,2025-12-19 06:50:30,23.4096128,86.230944,25623,598,FixOK,A,OaJ5CU0303,G133E15425,"NH18, Sindri, West Bengal 723201, India",0,0,IgnitionOn,0,281.615,271.7,39,-61
d618831f-17fe-4ab6-baa9-c03b6425d59e-5,EDC_BS6_PERIODIC,2025-12-19 06:50:24,2025-12-19 06:51:31,23.4096128,86.230944,25624,598,FixOK,A,OaJ5CU0303,G133E15425,"C65J+X99, Sindri, West Bengal 723105, India",0,0,IgnitionOn,0,281.615,271.7,39,-61
d618831f-17fe-4ab6-baa9-c03b6425d59e-4,EDC_BS6_PERIODIC,2025-12-19 06:50:30,2025-12-19 06:51:31,23.4096128,86.230944,25625,598,FixOK,A,OaJ5CU0303,G133E15425,"C65J+X99, Sindri, West Bengal 723105, India",0,0,IgnitionOn,0,281.615,271.7,39,-61
d618831f-17fe-4ab6-baa9-c03b6425d59e-3,GPS_MESSAGE,2025-12-19 06:50:33,2025-12-19 06:51:31,23.4096128,86.230944,,598,3DFix,,OaJ5CU0303,G133E15425,"C65J+X99, Sindri, West Bengal 723105, India",0,,IgnitionOff,0,281,27,39,
d618831f-17fe-4ab6-baa9-c03b6425d59e-1,DEVICE_METRICS,2025-12-19 06:50:34,2025-12-19 06:51:31,23.4096128,86.230944,,598,FixOK,,OaJ5CU0303,G133E15425,"C65J+X99, Sindri, West Bengal 723105, India",0,,IgnitionOff,0,,,,
d618831f-17fe-4ab6-baa9-c03b6425d59e-2,TRIP_END,2025-12-19 06:50:34,2025-12-19 06:51:31,23.4096128,86.230944,,598,FixOK,,OaJ5CU0303,G133E15425,"C65J+X99, Sindri, West Bengal 723105, India",0,,IgnitionOff,0,,,,
93c2f746-538c-4f83-832d-4412931c53b2,HEARTBEAT_MESSAGE,2025-12-19 06:50:39,2025-12-19 06:50:39,0,0,,,,,OaJ5CU0303,G133E15425,,,,,1,,,,
cb13aad0-63e5-4907-947f-c2ef310c3a6c-2,IGNITION_ON,2025-12-19 06:52:30,2025-12-19 06:58:11,23.4096128,86.230944,23443,598,FixOK,,OaJ5CU0303,G133E15425,"NH18, Sindri, West Bengal 723201, India",0,,IgnitionOff,1,,,,
cb13aad0-63e5-4907-947f-c2ef310c3a6c-1,IGNITION_ON,2025-12-19 06:52:31,2025-12-19 06:58:11,23.4096128,86.230944,23443,598,FixOK,,OaJ5CU0303,G133E15425,"NH18, Sindri, West Bengal 723201, India",0,,IgnitionOff,1,,,,
cb13aad0-63e5-4907-947f-c2ef310c3a6c-3,TRIP_START,2025-12-19 06:53:15,2025-12-19 06:58:11,23.4096128,86.230944,,599,StoredFix,,OaJ5CU0303,G133E15425,"NH18, Sindri, West Bengal 723201, India",0,,IgnitionOn,1,,,,
cb13aad0-63e5-4907-947f-c2ef310c3a6c-4,GPS_MESSAGE,2025-12-19 06:53:27,2025-12-19 06:58:11,23.4096128,86.230944,,599,NoFix,,OaJ5CU0303,G133E15425,"NH18, Sindri, West Bengal 723201, India",0,,IgnitionOn,1,0,0,0,
cb13aad0-63e5-4907-947f-c2ef310c3a6c-5,VERSION_UPDATE,2025-12-19 06:53:27,2025-12-19 06:58:11,23.4096128,86.230944,,599,StoredFix,,OaJ5CU0303,G133E15425,"NH18, Sindri, West Bengal 723201, India",0,,IgnitionOn,1,,,,
cb13aad0-63e5-4907-947f-c2ef310c3a6c-8,ACU_SW_PART_NO,2025-12-19 06:53:33,2025-12-19 06:58:11,23.4096128,86.230944,23446,599,StoredFix,,OaJ5CU0303,G133E15425,"NH18, Sindri, West Bengal 723201, India",0,,IgnitionOn,1,,,,
cb13aad0-63e5-4907-947f-c2ef310c3a6c-7,ECU_SW_PART_NO,2025-12-19 06:53:33,2025-12-19 06:58:11,23.4096128,86.230944,23445,599,StoredFix,,OaJ5CU0303,G133E15425,"NH18, Sindri, West Bengal 723201, India",0,,IgnitionOn,1,,,,
cb13aad0-63e5-4907-947f-c2ef310c3a6c-9,EDC_BS6_PERIODIC,2025-12-19 06:53:33,2025-12-19 06:58:11,23.4096128,86.230944,25626,599,StoredFix,V,OaJ5CU0303,G133E15425,"NH18, Sindri, West Bengal 723201, India",4755.125,3.18,IgnitionOn,1,281.615,271.7,0,-113
cb13aad0-63e5-4907-947f-c2ef310c3a6c-6,ENGINE_CRANKING,2025-12-19 06:53:33,2025-12-19 06:58:11,23.4096128,86.230944,23444,599,StoredFix,,OaJ5CU0303,G133E15425,"NH18, Sindri, West Bengal 723201, India",0,,IgnitionOn,1,,,,
cb13aad0-63e5-4907-947f-c2ef310c3a6c-10,EDC_BS6_PERIODIC,2025-12-19 06:53:39,2025-12-19 06:58:11,23.4096128,86.230944,25627,599,StoredFix,V,OaJ5CU0303,G133E15425,"NH18, Sindri, West Bengal 723201, India",4755.125,0,IgnitionOn,1,281.615,271.7,0,-113
cb13aad0-63e5-4907-947f-c2ef310c3a6c-11,EDC_BS6_PERIODIC,2025-12-19 06:53:45,2025-12-19 06:58:11,23.4096128,86.230944,25628,599,StoredFix,V,OaJ5CU0303,G133E15425,"NH18, Sindri, West Bengal 723201, India",4755.125,0,IgnitionOn,1,281.615,271.7,0,-113
cb13aad0-63e5-4907-947f-c2ef310c3a6c-12,EDC_BS6_PERIODIC,2025-12-19 06:53:51,2025-12-19 06:58:11,23.409304,86.2309632,25629,599,StoredFix,V,OaJ5CU0303,G133E15425,"NH18, Sindri, West Bengal 723201, India",4755.125,0,IgnitionOn,1,280.411,271.7,38,-113
cb13aad0-63e5-4907-947f-c2ef310c3a6c-13,GPS_MESSAGE,2025-12-19 06:53:55,2025-12-19 06:58:11,23.409304,86.2309632,,599,3DFix,,OaJ5CU0303,G133E15425,"NH18, Sindri, West Bengal 723201, India",0,,IgnitionOn,1,280,18,38,
cb13aad0-63e5-4907-947f-c2ef310c3a6c-14,EDC_BS6_PERIODIC,2025-12-19 06:53:57,2025-12-19 06:58:11,23.409304,86.2309632,25630,599,FixOK,A,OaJ5CU0303,G133E15425,"NH18, Sindri, West Bengal 723201, India",4755.125,0,IgnitionOn,1,280.394,271.7,38,-113
cb13aad0-63e5-4907-947f-c2ef310c3a6c-15,EDC_BS6_PERIODIC,2025-12-19 06:54:03,2025-12-19 06:58:11,23.4092768,86.230944,25631,599,FixOK,A,OaJ5CU0303,G133E15425,"NH18, Sindri, West Bengal 723201, India",4755.125,3.14,IgnitionOn,1,280.406,271.7,40,-113
cb13aad0-63e5-4907-947f-c2ef310c3a6c-16,EDC_BS6_PERIODIC,2025-12-19 06:54:09,2025-12-19 06:58:11,23.409256,86.230944,25632,599,FixOK,A,OaJ5CU0303,G133E15425,"NH18, Sindri, West Bengal 723201, India",4755.125,1.97,IgnitionOn,1,280.454,271.7,40,-113
3076fa50-b3cd-4de2-a310-d72d07e6230f-2,EDC_BS6_PERIODIC,2025-12-19 06:54:15,2025-12-19 06:57:30,23.409208,86.2309248,25633,599,FixOK,A,OaJ5CU0303,G133E15425,"NH18, Sindri, West Bengal 723201, India",4755.125,3.57,IgnitionOn,1,280.363,271.7,41,-113
3076fa50-b3cd-4de2-a310-d72d07e6230f-1,EDC_BS6_PERIODIC,2025-12-19 06:54:21,2025-12-19 06:57:30,23.4091712,86.230912,25634,599,FixOK,A,OaJ5CU0303,G133E15425,"NH18, Sindri, West Bengal 723201, India",4755.125,3.6,IgnitionOn,1,280.344,198.53,41,-113
655117d1-f2f2-4fe9-a511-1f8a2ee57315-10,EDC_BS6_PERIODIC,2025-12-19 06:54:27,2025-12-19 06:55:25,23.40916,86.2308864,25635,599,FixOK,A,OaJ5CU0303,G133E15425,"C65M+RV4, Sindri, West Bengal 723201, India",4755.125,1.73,IgnitionOn,1,280.24,198.53,41,-113
655117d1-f2f2-4fe9-a511-1f8a2ee57315-9,EDC_BS6_PERIODIC,2025-12-19 06:54:33,2025-12-19 06:55:25,23.4091264,86.2308736,25636,599,FixOK,A,OaJ5CU0303,G133E15425,"C65M+RV4, Sindri, West Bengal 723201, India",4755.125,2.88,IgnitionOn,1,280.371,198.53,41,-113
655117d1-f2f2-4fe9-a511-1f8a2ee57315-8,EDC_BS6_PERIODIC,2025-12-19 06:54:39,2025-12-19 06:55:25,23.4090864,86.2309248,25637,599,FixOK,A,OaJ5CU0303,G133E15425,"C65M+RV4, Sindri, West Bengal 723201, India",4755.125,3.37,IgnitionOn,1,280.398,105.8,39,-113
655117d1-f2f2-4fe9-a511-1f8a2ee57315-7,EDC_BS6_PERIODIC,2025-12-19 06:54:45,2025-12-19 06:55:25,23.4090752,86.2309888,25638,599,FixOK,A,OaJ5CU0303,G133E15425,"C65M+RV4, Sindri, West Bengal 723201, India",4755.125,3.73,IgnitionOn,1,280.467,94.06,40,-113
655117d1-f2f2-4fe9-a511-1f8a2ee57315-6,EDC_BS6_PERIODIC,2025-12-19 06:54:51,2025-12-19 06:55:25,23.4090592,86.2310272,25639,599,FixOK,A,OaJ5CU0303,G133E15425,"C65M+RV4, Sindri, West Bengal 723201, India",4755.125,3.54,IgnitionOn,1,280.252,109.94,41,-113
655117d1-f2f2-4fe9-a511-1f8a2ee57315-5,EDC_BS6_PERIODIC,2025-12-19 06:54:57,2025-12-19 06:55:25,23.409056,86.23104,25640,599,FixOK,A,OaJ5CU0303,G133E15425,"C65M+RV4, Sindri, West Bengal 723201, India",4755.125,0,IgnitionOn,0,280.132,109.94,41,-113
655117d1-f2f2-4fe9-a511-1f8a2ee57315-4,IGNITION_OFF,2025-12-19 06:54:58,2025-12-19 06:55:25,23.409056,86.23104,23447,599,FixOK,,OaJ5CU0303,G133E15425,"C65M+RV4, Sindri, West Bengal 723201, India",0,,IgnitionOn,0,,,,
655117d1-f2f2-4fe9-a511-1f8a2ee57315-3,EDC_BS6_PERIODIC,2025-12-19 06:55:03,2025-12-19 06:55:25,23.4090592,86.23104,25641,599,FixOK,A,OaJ5CU0303,G133E15425,"C65M+RV4, Sindri, West Bengal 723201, India",4755.125,0,IgnitionOn,0,279.957,109.94,40,-113
655117d1-f2f2-4fe9-a511-1f8a2ee57315-2,EDC_BS6_PERIODIC,2025-12-19 06:55:09,2025-12-19 06:55:25,23.409056,86.23104,25642,599,FixOK,A,OaJ5CU0303,G133E15425,"C65M+RV4, Sindri, West Bengal 723201, India",4755.125,0,IgnitionOn,0,279.906,109.94,40,-113
655117d1-f2f2-4fe9-a511-1f8a2ee57315-1,EDC_BS6_PERIODIC,2025-12-19 06:55:15,2025-12-19 06:55:25,23.409056,86.23104,25643,599,FixOK,A,OaJ5CU0303,G133E15425,"C65M+RV4, Sindri, West Bengal 723201, India",4755.125,0,IgnitionOn,0,279.89,109.94,41,-113
3983fb6b-0b90-4658-a2c1-40f52e585cac-10,EDC_BS6_PERIODIC,2025-12-19 06:55:21,2025-12-19 06:56:26,23.409056,86.23104,25644,599,FixOK,A,OaJ5CU0303,G133E15425,"NH18, Sindri, West Bengal 723201, India",4755.125,0,IgnitionOn,0,279.872,109.94,40,-113
7d9c10f6-9bc1-45f2-9384-9010c5ca85e1,HEARTBEAT_MESSAGE,2025-12-19 06:55:24,2025-12-19 06:55:24,0,0,,,,,OaJ5CU0303,G133E15425,,,,,1,,,,
3983fb6b-0b90-4658-a2c1-40f52e585cac-9,EDC_BS6_PERIODIC,2025-12-19 06:55:27,2025-12-19 06:56:26,23.4090592,86.23104,25645,599,FixOK,A,OaJ5CU0303,G133E15425,"NH18, Sindri, West Bengal 723201, India",4755.125,0,IgnitionOn,0,279.873,109.94,40,-113
3983fb6b-0b90-4658-a2c1-40f52e585cac-8,EDC_BS6_PERIODIC,2025-12-19 06:55:33,2025-12-19 06:56:26,23.4090592,86.23104,25646,599,FixOK,A,OaJ5CU0303,G133E15425,"NH18, Sindri, West Bengal 723201, India",4755.125,0,IgnitionOn,0,279.924,109.94,39,-113
3983fb6b-0b90-4658-a2c1-40f52e585cac-7,EDC_BS6_PERIODIC,2025-12-19 06:55:39,2025-12-19 06:56:26,23.409056,86.2310272,25647,599,FixOK,A,OaJ5CU0303,G133E15425,"NH18, Sindri, West Bengal 723201, India",0,0,IgnitionOn,0,279.929,109.94,40,-113
3983fb6b-0b90-4658-a2c1-40f52e585cac-6,EDC_BS6_PERIODIC,2025-12-19 06:55:45,2025-12-19 06:56:26,23.4090592,86.2310272,25648,599,FixOK,A,OaJ5CU0303,G133E15425,"NH18, Sindri, West Bengal 723201, India",0,0,IgnitionOn,0,279.833,109.94,40,-113
3983fb6b-0b90-4658-a2c1-40f52e585cac-5,EDC_BS6_PERIODIC,2025-12-19 06:55:51,2025-12-19 06:56:26,23.409064,86.2310272,25649,599,FixOK,A,OaJ5CU0303,G133E15425,"NH18, Sindri, West Bengal 723201, India",0,0,IgnitionOn,0,279.658,109.94,39,-113
3983fb6b-0b90-4658-a2c1-40f52e585cac-4,EDC_BS6_PERIODIC,2025-12-19 06:55:57,2025-12-19 06:56:26,23.409064,86.2310272,25650,599,FixOK,A,OaJ5CU0303,G133E15425,"NH18, Sindri, West Bengal 723201, India",0,0,IgnitionOn,0,279.468,109.94,40,-113
3983fb6b-0b90-4658-a2c1-40f52e585cac-3,EDC_BS6_PERIODIC,2025-12-19 06:56:03,2025-12-19 06:56:26,23.4090688,86.2310272,25651,599,FixOK,A,OaJ5CU0303,G133E15425,"C65M+RV4, Sindri, West Bengal 723201, India",0,0,IgnitionOn,0,279.319,109.94,40,-113
3983fb6b-0b90-4658-a2c1-40f52e585cac-2,EDC_BS6_PERIODIC,2025-12-19 06:56:09,2025-12-19 06:56:26,23.4090688,86.23104,25652,599,FixOK,A,OaJ5CU0303,G133E15425,"C65M+RV4, Sindri, West Bengal 723201, India",0,0,IgnitionOn,0,278.986,109.94,40,-113
3983fb6b-0b90-4658-a2c1-40f52e585cac-1,EDC_BS6_PERIODIC,2025-12-19 06:56:15,2025-12-19 06:56:26,23.4090688,86.23104,25653,599,FixOK,A,OaJ5CU0303,G133E15425,"C65M+RV4, Sindri, West Bengal 723201, India",0,0,IgnitionOn,0,278.608,109.94,40,-113
9d29f5c5-3780-4cd4-b047-ea8c48ef216c-10,EDC_BS6_PERIODIC,2025-12-19 06:56:21,2025-12-19 06:57:27,23.4090688,86.23104,25654,599,FixOK,A,OaJ5CU0303,G133E15425,"NH18, Sindri, West Bengal 723201, India",0,0,IgnitionOn,0,277.285,109.94,42,-61
9d29f5c5-3780-4cd4-b047-ea8c48ef216c-9,EDC_BS6_PERIODIC,2025-12-19 06:56:27,2025-12-19 06:57:27,23.4090688,86.2310272,25655,599,FixOK,A,OaJ5CU0303,G133E15425,"NH18, Sindri, West Bengal 723201, India",0,0,IgnitionOn,0,276.609,109.94,42,-61
9d29f5c5-3780-4cd4-b047-ea8c48ef216c-8,EDC_BS6_PERIODIC,2025-12-19 06:56:33,2025-12-19 06:57:27,23.4090688,86.2310272,25656,599,FixOK,A,OaJ5CU0303,G133E15425,"NH18, Sindri, West Bengal 723201, India",0,0,IgnitionOn,0,276.269,109.94,42,-61
9d29f5c5-3780-4cd4-b047-ea8c48ef216c-7,EDC_BS6_PERIODIC,2025-12-19 06:56:39,2025-12-19 06:57:27,23.409064,86.23104,25657,599,FixOK,A,OaJ5CU0303,G133E15425,"NH18, Sindri, West Bengal 723201, India",0,0,IgnitionOn,0,276.098,109.94,42,-61
9d29f5c5-3780-4cd4-b047-ea8c48ef216c-6,EDC_BS6_PERIODIC,2025-12-19 06:56:45,2025-12-19 06:57:27,23.409064,86.23104,25658,599,FixOK,A,OaJ5CU0303,G133E15425,"NH18, Sindri, West Bengal 723201, India",0,0,IgnitionOn,0,275.799,109.94,42,-61
9d29f5c5-3780-4cd4-b047-ea8c48ef216c-5,EDC_BS6_PERIODIC,2025-12-19 06:56:51,2025-12-19 06:57:27,23.409064,86.23104,25659,599,FixOK,A,OaJ5CU0303,G133E15425,"NH18, Sindri, West Bengal 723201, India",0,0,IgnitionOn,0,275.606,109.94,40,-61
9d29f5c5-3780-4cd4-b047-ea8c48ef216c-4,EDC_BS6_PERIODIC,2025-12-19 06:56:57,2025-12-19 06:57:27,23.409064,86.23104,25660,599,FixOK,A,OaJ5CU0303,G133E15425,"NH18, Sindri, West Bengal 723201, India",0,0,IgnitionOn,0,275.324,109.94,41,-61
9d29f5c5-3780-4cd4-b047-ea8c48ef216c-1,DEVICE_METRICS,2025-12-19 06:56:59,2025-12-19 06:57:27,23.409064,86.23104,,599,FixOK,,OaJ5CU0303,G133E15425,"NH18, Sindri, West Bengal 723201, India",0,,IgnitionOff,0,,,,
9d29f5c5-3780-4cd4-b047-ea8c48ef216c-3,GPS_MESSAGE,2025-12-19 06:56:59,2025-12-19 06:57:27,23.409064,86.23104,,599,3DFix,,OaJ5CU0303,G133E15425,"NH18, Sindri, West Bengal 723201, India",0,,IgnitionOff,0,275,12,40,
9d29f5c5-3780-4cd4-b047-ea8c48ef216c-2,TRIP_END,2025-12-19 06:56:59,2025-12-19 06:57:27,23.409064,86.23104,,599,FixOK,,OaJ5CU0303,G133E15425,"NH18, Sindri, West Bengal 723201, India",0,,IgnitionOff,0,,,,
4e2defce-869a-4b6c-aa69-604f3d06f250,HEARTBEAT_MESSAGE,2025-12-19 06:57:03,2025-12-19 06:57:03,0,0,,,,,OaJ5CU0303,G133E15425,,,,,1,,,,
e1d192f3-885f-4d55-8379-aead07fc81de-1-1,BS6_IGNITION_OFF_HB_MESSAGE,2025-12-19 10:59:57,2025-12-19 11:00:04,23.4092192,86.2316096,,599,3DFix,A,OaJ5CU0303,G133E15425,"NH18, Sindri, West Bengal 723201, India",0,,IgnitionOff,0,369,30,13,
e1d192f3-885f-4d55-8379-aead07fc81de-1,GPS_MESSAGE,2025-12-19 10:59:57,2025-12-19 11:00:04,23.4092192,86.2316096,,599,3DFix,,OaJ5CU0303,G133E15425,,0,,IgnitionOff,0,369,30,13,
3605e859-5832-4481-ae73-b3e268fc1046,HEARTBEAT_MESSAGE,2025-12-19 11:00:05,2025-12-19 11:00:05,0,0,,,,,OaJ5CU0303,G133E15425,,,,,0,,,,
73234afa-3f6f-4d8e-9683-11ce10861555-11,TRIP_START,2025-12-19 12:58:09,2025-12-19 13:04:09,23.409064,86.23104,,600,StoredFix,,OaJ5CU0303,G133E15425,"NH18, Sindri, West Bengal 723201, India",0,,IgnitionOn,1,,,,
73234afa-3f6f-4d8e-9683-11ce10861555-10,GPS_MESSAGE,2025-12-19 12:58:21,2025-12-19 13:04:09,23.409064,86.23104,,600,NoFix,,OaJ5CU0303,G133E15425,"NH18, Sindri, West Bengal 723201, India",0,,IgnitionOn,1,0,0,0,
73234afa-3f6f-4d8e-9683-11ce10861555-9,VERSION_UPDATE,2025-12-19 12:58:21,2025-12-19 13:04:09,23.409064,86.23104,,600,StoredFix,,OaJ5CU0303,G133E15425,"NH18, Sindri, West Bengal 723201, India",0,,IgnitionOn,1,,,,
73234afa-3f6f-4d8e-9683-11ce10861555-8,IGNITION_ON,2025-12-19 12:58:26,2025-12-19 13:04:09,23.409064,86.23104,23448,600,StoredFix,,OaJ5CU0303,G133E15425,"NH18, Sindri, West Bengal 723201, India",0,,IgnitionOn,1,,,,
73234afa-3f6f-4d8e-9683-11ce10861555-5,ACU_SW_PART_NO,2025-12-19 12:58:27,2025-12-19 13:04:09,23.409064,86.23104,23451,600,StoredFix,,OaJ5CU0303,G133E15425,"NH18, Sindri, West Bengal 723201, India",0,,IgnitionOn,1,,,,
73234afa-3f6f-4d8e-9683-11ce10861555-6,ECU_SW_PART_NO,2025-12-19 12:58:27,2025-12-19 13:04:09,23.409064,86.23104,23450,600,StoredFix,,OaJ5CU0303,G133E15425,"NH18, Sindri, West Bengal 723201, India",0,,IgnitionOn,1,,,,
73234afa-3f6f-4d8e-9683-11ce10861555-4,EDC_BS6_PERIODIC,2025-12-19 12:58:27,2025-12-19 13:04:09,23.409064,86.23104,25661,600,StoredFix,V,OaJ5CU0303,G133E15425,"NH18, Sindri, West Bengal 723201, India",4755.125,0,IgnitionOn,1,275.321,109.94,0,-113
73234afa-3f6f-4d8e-9683-11ce10861555-7,ENGINE_CRANKING,2025-12-19 12:58:27,2025-12-19 13:04:09,23.409064,86.23104,23449,600,StoredFix,,OaJ5CU0303,G133E15425,"NH18, Sindri, West Bengal 723201, India",0,,IgnitionOn,1,,,,
73234afa-3f6f-4d8e-9683-11ce10861555-3,EDC_BS6_PERIODIC,2025-12-19 12:58:33,2025-12-19 13:04:09,23.409064,86.23104,25662,600,StoredFix,V,OaJ5CU0303,G133E15425,"NH18, Sindri, West Bengal 723201, India",4755.125,0,IgnitionOn,1,275.321,109.94,0,-113
73234afa-3f6f-4d8e-9683-11ce10861555-2,EDC_BS6_PERIODIC,2025-12-19 12:58:39,2025-12-19 13:04:09,23.409064,86.23104,25663,600,StoredFix,V,OaJ5CU0303,G133E15425,"NH18, Sindri, West Bengal 723201, India",4755.125,0,IgnitionOn,1,275.321,109.94,0,-113
73234afa-3f6f-4d8e-9683-11ce10861555-1,EDC_BS6_PERIODIC,2025-12-19 12:58:45,2025-12-19 13:04:09,23.4091648,86.231072,25664,600,StoredFix,V,OaJ5CU0303,G133E15425,"NH18, Sindri, West Bengal 723201, India",4755.125,0,IgnitionOn,1,286.605,109.94,18,-113
c6ba0f07-1535-432f-84d8-f40d9a32e8a9-10,GPS_MESSAGE,2025-12-19 12:58:49,2025-12-19 12:59:47,23.409144,86.2310528,,600,3DFix,,OaJ5CU0303,G133E15425,,0,,IgnitionOn,1,287,22,18,
c6ba0f07-1535-432f-84d8-f40d9a32e8a9-9,EDC_BS6_PERIODIC,2025-12-19 12:58:51,2025-12-19 12:59:47,23.4091376,86.2310528,25665,600,FixOK,A,OaJ5CU0303,G133E15425,,4755.125,0,IgnitionOn,1,287.416,109.94,18,-113
c6ba0f07-1535-432f-84d8-f40d9a32e8a9-8,EDC_BS6_PERIODIC,2025-12-19 12:58:57,2025-12-19 12:59:47,23.4091296,86.2310528,25666,600,FixOK,A,OaJ5CU0303,G133E15425,,4755.125,0,IgnitionOn,1,286.059,109.94,18,-113
c6ba0f07-1535-432f-84d8-f40d9a32e8a9-7,EDC_BS6_PERIODIC,2025-12-19 12:59:03,2025-12-19 12:59:47,23.4091216,86.231072,25667,600,FixOK,A,OaJ5CU0303,G133E15425,,4755.125,0,IgnitionOn,1,286.091,109.94,23,-113
c6ba0f07-1535-432f-84d8-f40d9a32e8a9-6,EDC_BS6_PERIODIC,2025-12-19 12:59:09,2025-12-19 12:59:47,23.4091104,86.231072,25668,600,FixOK,A,OaJ5CU0303,G133E15425,,4755.125,0,IgnitionOn,1,285.494,109.94,24,-113
c6ba0f07-1535-432f-84d8-f40d9a32e8a9-5,EDC_BS6_PERIODIC,2025-12-19 12:59:15,2025-12-19 12:59:47,23.4091056,86.231072,25669,600,FixOK,A,OaJ5CU0303,G133E15425,,4755.125,0,IgnitionOn,1,285.034,109.94,27,-113
c6ba0f07-1535-432f-84d8-f40d9a32e8a9-4,EDC_BS6_PERIODIC,2025-12-19 12:59:21,2025-12-19 12:59:47,23.4091056,86.231072,25670,600,FixOK,A,OaJ5CU0303,G133E15425,,4755.125,0,IgnitionOn,1,284.661,109.94,25,-113
c6ba0f07-1535-432f-84d8-f40d9a32e8a9-3,EDC_BS6_PERIODIC,2025-12-19 12:59:27,2025-12-19 12:59:47,23.4091104,86.2310912,25671,600,FixOK,A,OaJ5CU0303,G133E15425,,4755.125,0,IgnitionOn,1,284.787,109.94,25,-113
c6ba0f07-1535-432f-84d8-f40d9a32e8a9-2,EDC_BS6_PERIODIC,2025-12-19 12:59:33,2025-12-19 12:59:47,23.4091104,86.2310912,25672,600,FixOK,A,OaJ5CU0303,G133E15425,,4755.125,0,IgnitionOn,1,284.852,109.94,25,-113
c6ba0f07-1535-432f-84d8-f40d9a32e8a9-1,EDC_BS6_PERIODIC,2025-12-19 12:59:39,2025-12-19 12:59:47,23.4091104,86.2310912,25673,600,FixOK,A,OaJ5CU0303,G133E15425,,4755.125,0,IgnitionOn,1,284.795,109.94,26,-113
9a89a08e-5076-4bd3-bb08-52a10d28ff30-10,EDC_BS6_PERIODIC,2025-12-19 12:59:45,2025-12-19 13:01:03,23.4091104,86.231104,25674,600,FixOK,A,OaJ5CU0303,G133E15425,"NH18, Sindri, West Bengal 723201, India",4755.125,0,IgnitionOn,1,284.89,109.94,26,-113
c3b2d5db-07b0-4142-b683-3f4c14c5e059,HEARTBEAT_MESSAGE,2025-12-19 12:59:46,2025-12-19 12:59:46,0,0,,,,,OaJ5CU0303,G133E15425,,,,,1,,,,
9a89a08e-5076-4bd3-bb08-52a10d28ff30-9,EDC_BS6_PERIODIC,2025-12-19 12:59:51,2025-12-19 13:01:03,23.4091104,86.231104,25675,600,FixOK,A,OaJ5CU0303,G133E15425,"NH18, Sindri, West Bengal 723201, India",4755.125,0,IgnitionOn,1,284.953,109.94,26,-113
9a89a08e-5076-4bd3-bb08-52a10d28ff30-8,EDC_BS6_PERIODIC,2025-12-19 12:59:57,2025-12-19 13:01:03,23.4091104,86.231104,25676,600,FixOK,A,OaJ5CU0303,G133E15425,"NH18, Sindri, West Bengal 723201, India",4755.125,0,IgnitionOn,1,285.182,109.94,27,-113
9a89a08e-5076-4bd3-bb08-52a10d28ff30-7,EDC_BS6_PERIODIC,2025-12-19 13:00:03,2025-12-19 13:01:03,23.4091104,86.2311168,25677,600,FixOK,A,OaJ5CU0303,G133E15425,"NH18, Sindri, West Bengal 723201, India",4755.125,0,IgnitionOn,1,285.274,109.94,28,-113
9a89a08e-5076-4bd3-bb08-52a10d28ff30-6,EDC_BS6_PERIODIC,2025-12-19 13:00:09,2025-12-19 13:01:03,23.4091104,86.2311168,25678,600,FixOK,A,OaJ5CU0303,G133E15425,"NH18, Sindri, West Bengal 723201, India",4755.125,0,IgnitionOn,1,285.898,109.94,28,-113
9a89a08e-5076-4bd3-bb08-52a10d28ff30-5,EDC_BS6_PERIODIC,2025-12-19 13:00:15,2025-12-19 13:01:03,23.4091104,86.2311168,25679,600,FixOK,A,OaJ5CU0303,G133E15425,"NH18, Sindri, West Bengal 723201, India",4755.125,0,IgnitionOn,1,286.166,109.94,30,-113
9a89a08e-5076-4bd3-bb08-52a10d28ff30-4,EDC_BS6_PERIODIC,2025-12-19 13:00:21,2025-12-19 13:01:03,23.4091184,86.2311168,25680,600,FixOK,A,OaJ5CU0303,G133E15425,"NH18, Sindri, West Bengal 723201, India",4755.125,0,IgnitionOn,1,286.375,109.94,30,-113
9a89a08e-5076-4bd3-bb08-52a10d28ff30-3,EDC_BS6_PERIODIC,2025-12-19 13:00:27,2025-12-19 13:01:03,23.4091216,86.231104,25681,600,FixOK,A,OaJ5CU0303,G133E15425,,4755.125,0,IgnitionOn,1,286.421,109.94,30,-113
9a89a08e-5076-4bd3-bb08-52a10d28ff30-2,EDC_BS6_PERIODIC,2025-12-19 13:00:33,2025-12-19 13:01:03,23.4091264,86.231104,25682,600,FixOK,A,OaJ5CU0303,G133E15425,,4755.125,0,IgnitionOn,1,286.475,109.94,30,-113
9a89a08e-5076-4bd3-bb08-52a10d28ff30-1,EDC_BS6_PERIODIC,2025-12-19 13:00:39,2025-12-19 13:01:03,23.4091264,86.231104,25683,600,FixOK,A,OaJ5CU0303,G133E15425,,4755.125,0,IgnitionOn,1,286.51,109.94,31,-67
58f59029-db91-49b2-b653-d0874af419cf-11,EDC_BS6_PERIODIC,2025-12-19 13:00:45,2025-12-19 13:22:33,23.4091344,86.2310912,25684,600,FixOK,A,OaJ5CU0303,G133E15425,"C65J+X99, Sindri, West Bengal 723105, India",4755.125,0,IgnitionOn,1,286.535,109.94,31,-67
78dd1384-8b55-4901-ac03-bc487875941b-10,EDC_BS6_PERIODIC,2025-12-19 13:00:51,2025-12-19 13:01:50,23.4091376,86.2310912,25685,600,FixOK,A,OaJ5CU0303,G133E15425,"NH18, Sindri, West Bengal 723201, India",4755.125,0,IgnitionOn,1,286.74,109.94,26,-67
78dd1384-8b55-4901-ac03-bc487875941b-9,EDC_BS6_PERIODIC,2025-12-19 13:00:57,2025-12-19 13:01:50,23.409144,86.2310912,25686,600,FixOK,A,OaJ5CU0303,G133E15425,"NH18, Sindri, West Bengal 723201, India",4755.125,0,IgnitionOn,1,286.915,109.94,31,-67
78dd1384-8b55-4901-ac03-bc487875941b-8,EDC_BS6_PERIODIC,2025-12-19 13:01:03,2025-12-19 13:01:50,23.409144,86.2310528,25687,600,FixOK,A,OaJ5CU0303,G133E15425,"NH18, Sindri, West Bengal 723201, India",4755.125,3.46,IgnitionOn,1,287.177,109.94,31,-67
78dd1384-8b55-4901-ac03-bc487875941b-7,EDC_BS6_PERIODIC,2025-12-19 13:01:09,2025-12-19 13:01:50,23.409144,86.23104,25688,600,FixOK,A,OaJ5CU0303,G133E15425,"NH18, Sindri, West Bengal 723201, India",4755.125,2.41,IgnitionOn,1,287.26,109.94,31,-67
78dd1384-8b55-4901-ac03-bc487875941b-6,EDC_BS6_PERIODIC,2025-12-19 13:01:15,2025-12-19 13:01:50,23.409144,86.23104,25689,600,FixOK,A,OaJ5CU0303,G133E15425,"NH18, Sindri, West Bengal 723201, India",4755.125,0,IgnitionOn,1,287.325,109.94,31,-67
78dd1384-8b55-4901-ac03-bc487875941b-5,EDC_BS6_PERIODIC,2025-12-19 13:01:21,2025-12-19 13:01:50,23.4091488,86.23104,25690,600,FixOK,A,OaJ5CU0303,G133E15425,"NH18, Sindri, West Bengal 723201, India",4755.125,0,IgnitionOn,1,287.337,109.94,31,-67
78dd1384-8b55-4901-ac03-bc487875941b-4,EDC_BS6_PERIODIC,2025-12-19 13:01:27,2025-12-19 13:01:50,23.4091648,86.2310528,25691,600,FixOK,A,OaJ5CU0303,G133E15425,"NH18, Sindri, West Bengal 723201, India",4755.125,0,IgnitionOn,1,287.7,109.94,31,-67
78dd1384-8b55-4901-ac03-bc487875941b-3,EXCESSIVE_IDLING_START,2025-12-19 13:01:30,2025-12-19 13:01:50,23.4091712,86.23104,23452,600,FixOK,,OaJ5CU0303,G133E15425,"NH18, Sindri, West Bengal 723201, India",0,,IgnitionOn,1,,,,
78dd1384-8b55-4901-ac03-bc487875941b-2,EDC_BS6_PERIODIC,2025-12-19 13:01:33,2025-12-19 13:01:50,23.4091712,86.23104,25692,600,FixOK,A,OaJ5CU0303,G133E15425,"NH18, Sindri, West Bengal 723201, India",4755.125,0,IgnitionOn,1,287.813,109.94,31,-67
78dd1384-8b55-4901-ac03-bc487875941b-1,EDC_BS6_PERIODIC,2025-12-19 13:01:39,2025-12-19 13:01:50,23.409176,86.23104,25693,600,FixOK,A,OaJ5CU0303,G133E15425,"NH18, Sindri, West Bengal 723201, India",4755.125,0,IgnitionOn,1,288.131,109.94,31,-67
ea850004-a881-460e-a842-04d6939ee250-10,EDC_BS6_PERIODIC,2025-12-19 13:01:45,2025-12-19 13:02:52,23.409176,86.23104,25694,600,FixOK,A,OaJ5CU0303,G133E15425,"NH18, Sindri, West Bengal 723201, India",4755.125,0,IgnitionOn,1,288.187,109.94,32,-67
ea850004-a881-460e-a842-04d6939ee250-9,EDC_BS6_PERIODIC,2025-12-19 13:01:51,2025-12-19 13:02:52,23.4091808,86.23104,25695,600,FixOK,A,OaJ5CU0303,G133E15425,"NH18, Sindri, West Bengal 723201, India",4755.125,0,IgnitionOn,1,288.165,109.94,32,-67
ea850004-a881-460e-a842-04d6939ee250-8,EDC_BS6_PERIODIC,2025-12-19 13:01:57,2025-12-19 13:02:52,23.409184,86.23104,25696,600,FixOK,A,OaJ5CU0303,G133E15425,"NH18, Sindri, West Bengal 723201, India",4755.125,0,IgnitionOn,1,288.186,109.94,32,-67
ea850004-a881-460e-a842-04d6939ee250-7,EDC_BS6_PERIODIC,2025-12-19 13:02:03,2025-12-19 13:02:52,23.4092,86.2310272,25697,600,FixOK,A,OaJ5CU0303,G133E15425,"NH18, Sindri, West Bengal 723201, India",4755.125,1.96,IgnitionOn,1,288.128,109.94,32,-67
ea850004-a881-460e-a842-04d6939ee250-6,EDC_BS6_PERIODIC,2025-12-19 13:02:09,2025-12-19 13:02:52,23.4092192,86.2310272,25698,600,FixOK,A,OaJ5CU0303,G133E15425,"NH18, Sindri, West Bengal 723201, India",4755.125,0,IgnitionOn,1,288.07,109.94,32,-67
ea850004-a881-460e-a842-04d6939ee250-5,EDC_BS6_PERIODIC,2025-12-19 13:02:15,2025-12-19 13:02:52,23.4092288,86.2310272,25699,600,FixOK,A,OaJ5CU0303,G133E15425,"NH18, Sindri, West Bengal 723201, India",4755.125,0,IgnitionOn,1,288.096,109.94,32,-67
ea850004-a881-460e-a842-04d6939ee250-4,EDC_BS6_PERIODIC,2025-12-19 13:02:21,2025-12-19 13:02:52,23.4092352,86.2310272,25700,600,FixOK,A,OaJ5CU0303,G133E15425,"NH18, Sindri, West Bengal 723201, India",4755.125,0,IgnitionOn,1,288.118,109.94,32,-67
ea850004-a881-460e-a842-04d6939ee250-3,EDC_BS6_PERIODIC,2025-12-19 13:02:27,2025-12-19 13:02:52,23.4092448,86.2310272,25701,600,FixOK,A,OaJ5CU0303,G133E15425,"NH18, Sindri, West Bengal 723201, India",4755.125,0,IgnitionOn,1,288.21,109.94,30,-67
ea850004-a881-460e-a842-04d6939ee250-2,EDC_BS6_PERIODIC,2025-12-19 13:02:33,2025-12-19 13:02:52,23.4092448,86.2310272,25702,600,FixOK,A,OaJ5CU0303,G133E15425,"NH18, Sindri, West Bengal 723201, India",4755.125,0,IgnitionOn,1,288.258,109.94,30,-67
ea850004-a881-460e-a842-04d6939ee250-1,EDC_BS6_PERIODIC,2025-12-19 13:02:39,2025-12-19 13:02:52,23.409248,86.2310272,25703,600,FixOK,A,OaJ5CU0303,G133E15425,"NH18, Sindri, West Bengal 723201, India",4755.125,0,IgnitionOn,1,288.329,109.94,30,-67
58f59029-db91-49b2-b653-d0874af419cf-10,EDC_BS6_PERIODIC,2025-12-19 13:02:45,2025-12-19 13:22:33,23.4092768,86.23104,25704,600,FixOK,A,OaJ5CU0303,G133E15425,"C65J+X99, Sindri, West Bengal 723105, India",4755.125,0,IgnitionOn,1,288.36,109.94,31,-67
789f6931-a7b9-47cf-992d-d74451db5b83-10,EXCESSIVE_IDLING_END,2025-12-19 13:02:48,2025-12-19 13:03:53,23.409296,86.23104,23453,600,FixOK,,OaJ5CU0303,G133E15425,"NH18, Sindri, West Bengal 723201, India",0,,IgnitionOn,1,,,,
789f6931-a7b9-47cf-992d-d74451db5b83-9,EDC_BS6_PERIODIC,2025-12-19 13:02:51,2025-12-19 13:03:53,23.4093216,86.23104,25705,600,FixOK,A,OaJ5CU0303,G133E15425,"NH18, Sindri, West Bengal 723201, India",4755.125,3.59,IgnitionOn,1,288.433,109.94,30,-67
789f6931-a7b9-47cf-992d-d74451db5b83-8,EDC_BS6_PERIODIC,2025-12-19 13:02:57,2025-12-19 13:03:53,23.409384,86.23104,25706,600,FixOK,A,OaJ5CU0303,G133E15425,"NH18, Sindri, West Bengal 723201, India",4755.125,4.87,IgnitionOn,1,288.463,4.96,30,-67
789f6931-a7b9-47cf-992d-d74451db5b83-7,EDC_BS6_PERIODIC,2025-12-19 13:03:03,2025-12-19 13:03:53,23.4094592,86.23104,25707,600,FixOK,A,OaJ5CU0303,G133E15425,"NH18, Sindri, West Bengal 723201, India",4755.125,5.85,IgnitionOn,1,288.502,15.5,31,-67
789f6931-a7b9-47cf-992d-d74451db5b83-6,EDC_BS6_PERIODIC,2025-12-19 13:03:09,2025-12-19 13:03:53,23.409504,86.2310528,25708,600,FixOK,A,OaJ5CU0303,G133E15425,"NH18, Sindri, West Bengal 723201, India",4755.125,3.59,IgnitionOn,1,288.537,17.52,31,-67
789f6931-a7b9-47cf-992d-d74451db5b83-5,EDC_BS6_PERIODIC,2025-12-19 13:03:15,2025-12-19 13:03:53,23.409536,86.2310528,25709,600,FixOK,A,OaJ5CU0303,G133E15425,"NH18, Sindri, West Bengal 723201, India",4755.25,3.62,IgnitionOn,1,288.565,13.94,30,-67
789f6931-a7b9-47cf-992d-d74451db5b83-4,EDC_BS6_PERIODIC,2025-12-19 13:03:21,2025-12-19 13:03:53,23.4095776,86.2310528,25710,600,FixOK,A,OaJ5CU0303,G133E15425,"NH18, Sindri, West Bengal 723201, India",4755.25,3.6399999,IgnitionOn,1,288.558,13.94,32,-67
789f6931-a7b9-47cf-992d-d74451db5b83-3,EDC_BS6_PERIODIC,2025-12-19 13:03:27,2025-12-19 13:03:53,23.4096448,86.2310272,25711,600,FixOK,A,OaJ5CU0303,G133E15425,"NH18, Sindri, West Bengal 723201, India",4755.25,3.73,IgnitionOn,1,288.351,17.61,33,-67
789f6931-a7b9-47cf-992d-d74451db5b83-2,EDC_BS6_PERIODIC,2025-12-19 13:03:33,2025-12-19 13:03:53,23.40972,86.2310912,25712,600,FixOK,A,OaJ5CU0303,G133E15425,"NH18, Sindri, West Bengal 723201, India",4755.25,6.79,IgnitionOn,1,287.984,60.63,33,-67
789f6931-a7b9-47cf-992d-d74451db5b83-1,EDC_BS6_PERIODIC,2025-12-19 13:03:39,2025-12-19 13:03:53,23.409728,86.2311808,25713,600,FixOK,A,OaJ5CU0303,G133E15425,"NH18, Sindri, West Bengal 723201, India",4755.25,6.39,IgnitionOn,1,287.384,102.36,33,-67
58f59029-db91-49b2-b653-d0874af419cf-9,EDC_BS6_PERIODIC,2025-12-19 13:03:45,2025-12-19 13:22:33,23.409728,86.2312192,25714,600,FixOK,A,OaJ5CU0303,G133E15425,"C65J+X99, Sindri, West Bengal 723105, India",4755.25,3.62,IgnitionOn,1,287.074,102.36,33,-67
58f59029-db91-49b2-b653-d0874af419cf-7,EDC_BS6_PERIODIC,2025-12-19 13:03:51,2025-12-19 13:22:33,23.4097312,86.2312192,25715,600,FixOK,A,OaJ5CU0303,G133E15425,"C65J+X99, Sindri, West Bengal 723105, India",4755.25,0,IgnitionOn,0,286.957,102.36,33,-67
58f59029-db91-49b2-b653-d0874af419cf-8,IGNITION_OFF,2025-12-19 13:03:51,2025-12-19 13:22:33,23.4097312,86.2312192,23454,600,FixOK,,OaJ5CU0303,G133E15425,"C65J+X99, Sindri, West Bengal 723105, India",0,,IgnitionOn,0,,,,
2f57cff3-60fe-44db-b29b-59675b73e63c-10,IGNITION_ON,2025-12-19 13:03:54,2025-12-19 13:04:53,23.4097312,86.2312192,23455,600,FixOK,,OaJ5CU0303,G133E15425,"NH18, Sindri, West Bengal 723201, India",0,,IgnitionOn,1,,,,
2f57cff3-60fe-44db-b29b-59675b73e63c-9,EDC_BS6_PERIODIC,2025-12-19 13:03:57,2025-12-19 13:04:53,23.409736,86.2312192,25716,600,FixOK,A,OaJ5CU0303,G133E15425,"NH18, Sindri, West Bengal 723201, India",4755.25,0,IgnitionOn,1,286.986,102.36,33,-67
2f57cff3-60fe-44db-b29b-59675b73e63c-8,EDC_BS6_PERIODIC,2025-12-19 13:04:03,2025-12-19 13:04:53,23.409736,86.2312192,25717,600,FixOK,A,OaJ5CU0303,G133E15425,"NH18, Sindri, West Bengal 723201, India",4755.25,0,IgnitionOn,1,286.902,102.36,33,-67
2f57cff3-60fe-44db-b29b-59675b73e63c-7,EDC_BS6_PERIODIC,2025-12-19 13:04:09,2025-12-19 13:04:53,23.409736,86.2312192,25718,600,FixOK,A,OaJ5CU0303,G133E15425,"NH18, Sindri, West Bengal 723201, India",4755.25,0,IgnitionOn,1,286.884,102.36,33,-67
2f57cff3-60fe-44db-b29b-59675b73e63c-6,EDC_BS6_PERIODIC,2025-12-19 13:04:15,2025-12-19 13:04:53,23.4097408,86.2312192,25719,600,FixOK,A,OaJ5CU0303,G133E15425,"NH18, Sindri, West Bengal 723201, India",4755.25,0,IgnitionOn,1,286.915,102.36,31,-67
2f57cff3-60fe-44db-b29b-59675b73e63c-5,EDC_BS6_PERIODIC,2025-12-19 13:04:21,2025-12-19 13:04:53,23.409736,86.2312192,25720,600,FixOK,A,OaJ5CU0303,G133E15425,"NH18, Sindri, West Bengal 723201, India",4755.25,0,IgnitionOn,1,286.909,102.36,33,-67
2f57cff3-60fe-44db-b29b-59675b73e63c-4,EDC_BS6_PERIODIC,2025-12-19 13:04:27,2025-12-19 13:04:53,23.409736,86.2312192,25721,600,FixOK,A,OaJ5CU0303,G133E15425,"NH18, Sindri, West Bengal 723201, India",4755.25,0,IgnitionOn,1,286.895,102.36,33,-67
2f57cff3-60fe-44db-b29b-59675b73e63c-3,EDC_BS6_PERIODIC,2025-12-19 13:04:33,2025-12-19 13:04:53,23.409736,86.2312192,25722,600,FixOK,A,OaJ5CU0303,G133E15425,"NH18, Sindri, West Bengal 723201, India",4755.25,0,IgnitionOn,1,286.865,102.36,33,-67
2f57cff3-60fe-44db-b29b-59675b73e63c-2,EDC_BS6_PERIODIC,2025-12-19 13:04:39,2025-12-19 13:04:53,23.409736,86.2312192,25723,600,FixOK,A,OaJ5CU0303,G133E15425,"NH18, Sindri, West Bengal 723201, India",4755.25,0,IgnitionOn,1,286.854,102.36,32,-67
2f57cff3-60fe-44db-b29b-59675b73e63c-1,EDC_BS6_PERIODIC,2025-12-19 13:04:45,2025-12-19 13:04:53,23.409736,86.231232,25724,600,FixOK,A,OaJ5CU0303,G133E15425,"NH18, Sindri, West Bengal 723201, India",4755.25,0,IgnitionOn,1,286.871,102.36,33,-67
23ead4fe-c984-4eac-afc6-9835040efb49-10,EDC_BS6_PERIODIC,2025-12-19 13:04:51,2025-12-19 13:05:54,23.409736,86.231232,25725,600,FixOK,A,OaJ5CU0303,G133E15425,"NH18, Sindri, West Bengal 723201, India",4755.25,0,IgnitionOn,1,286.825,102.36,33,-67
23ead4fe-c984-4eac-afc6-9835040efb49-9,EDC_BS6_PERIODIC,2025-12-19 13:04:57,2025-12-19 13:05:54,23.409736,86.231232,25726,600,FixOK,A,OaJ5CU0303,G133E15425,"NH18, Sindri, West Bengal 723201, India",4755.25,0,IgnitionOn,1,286.833,102.36,33,-67
23ead4fe-c984-4eac-afc6-9835040efb49-8,EDC_BS6_PERIODIC,2025-12-19 13:05:03,2025-12-19 13:05:54,23.409736,86.231232,25727,600,FixOK,A,OaJ5CU0303,G133E15425,"NH18, Sindri, West Bengal 723201, India",4755.25,0,IgnitionOn,1,286.845,102.36,34,-67
23ead4fe-c984-4eac-afc6-9835040efb49-7,EDC_BS6_PERIODIC,2025-12-19 13:05:09,2025-12-19 13:05:54,23.409736,86.231232,25728,600,FixOK,A,OaJ5CU0303,G133E15425,"NH18, Sindri, West Bengal 723201, India",4755.25,0,IgnitionOn,1,286.817,102.36,35,-67
23ead4fe-c984-4eac-afc6-9835040efb49-6,EDC_BS6_PERIODIC,2025-12-19 13:05:15,2025-12-19 13:05:54,23.409736,86.231232,25729,600,FixOK,A,OaJ5CU0303,G133E15425,"NH18, Sindri, West Bengal 723201, India",4755.25,0,IgnitionOn,1,286.805,102.36,35,-67
23ead4fe-c984-4eac-afc6-9835040efb49-5,EDC_BS6_PERIODIC,2025-12-19 13:05:21,2025-12-19 13:05:54,23.409736,86.2312192,25730,600,FixOK,A,OaJ5CU0303,G133E15425,"NH18, Sindri, West Bengal 723201, India",4755.25,0,IgnitionOn,1,286.774,102.36,35,-67
23ead4fe-c984-4eac-afc6-9835040efb49-4,EDC_BS6_PERIODIC,2025-12-19 13:05:27,2025-12-19 13:05:54,23.409736,86.2312192,25731,600,FixOK,A,OaJ5CU0303,G133E15425,"NH18, Sindri, West Bengal 723201, India",4755.25,0,IgnitionOn,1,286.764,102.36,35,-67
23ead4fe-c984-4eac-afc6-9835040efb49-3,EDC_BS6_PERIODIC,2025-12-19 13:05:33,2025-12-19 13:05:54,23.409736,86.2312192,25732,600,FixOK,A,OaJ5CU0303,G133E15425,"NH18, Sindri, West Bengal 723201, India",4755.25,0,IgnitionOn,1,286.743,102.36,36,-67
23ead4fe-c984-4eac-afc6-9835040efb49-2,EDC_BS6_PERIODIC,2025-12-19 13:05:39,2025-12-19 13:05:54,23.409736,86.2312192,25733,600,FixOK,A,OaJ5CU0303,G133E15425,"NH18, Sindri, West Bengal 723201, India",4755.25,0,IgnitionOn,1,286.683,102.36,36,-67
23ead4fe-c984-4eac-afc6-9835040efb49-1,EDC_BS6_PERIODIC,2025-12-19 13:05:45,2025-12-19 13:05:54,23.4097312,86.2312192,25734,600,FixOK,A,OaJ5CU0303,G133E15425,"NH18, Sindri, West Bengal 723201, India",4755.25,0,IgnitionOn,1,286.648,102.36,38,-67
2074be57-940b-4975-852c-c28011d56c4d-10,EDC_BS6_PERIODIC,2025-12-19 13:05:51,2025-12-19 13:06:56,23.4097312,86.2312192,25735,600,FixOK,A,OaJ5CU0303,G133E15425,"NH18, Sindri, West Bengal 723201, India",4755.25,0,IgnitionOn,1,286.562,102.36,38,-67
2074be57-940b-4975-852c-c28011d56c4d-9,EDC_BS6_PERIODIC,2025-12-19 13:05:57,2025-12-19 13:06:56,23.4097312,86.2312192,25736,600,FixOK,A,OaJ5CU0303,G133E15425,"NH18, Sindri, West Bengal 723201, India",4755.25,0,IgnitionOn,1,286.447,102.36,39,-67
2074be57-940b-4975-852c-c28011d56c4d-8,EDC_BS6_PERIODIC,2025-12-19 13:06:03,2025-12-19 13:06:56,23.4097312,86.2312192,25737,600,FixOK,A,OaJ5CU0303,G133E15425,"NH18, Sindri, West Bengal 723201, India",4755.25,0,IgnitionOn,1,286.268,102.36,39,-67
2074be57-940b-4975-852c-c28011d56c4d-7,EDC_BS6_PERIODIC,2025-12-19 13:06:09,2025-12-19 13:06:56,23.409736,86.2312192,25738,600,FixOK,A,OaJ5CU0303,G133E15425,"NH18, Sindri, West Bengal 723201, India",4755.25,0,IgnitionOn,1,285.864,102.36,39,-67
2074be57-940b-4975-852c-c28011d56c4d-6,EDC_BS6_PERIODIC,2025-12-19 13:06:15,2025-12-19 13:06:56,23.409736,86.2312,25739,600,FixOK,A,OaJ5CU0303,G133E15425,"NH18, Sindri, West Bengal 723201, India",4755.25,0,IgnitionOn,1,284.986,102.36,39,-67
2074be57-940b-4975-852c-c28011d56c4d-5,EDC_BS6_PERIODIC,2025-12-19 13:06:21,2025-12-19 13:06:56,23.409736,86.2312,25740,600,FixOK,A,OaJ5CU0303,G133E15425,"NH18, Sindri, West Bengal 723201, India",4755.25,0,IgnitionOn,1,284.597,102.36,39,-67
2074be57-940b-4975-852c-c28011d56c4d-4,EDC_BS6_PERIODIC,2025-12-19 13:06:27,2025-12-19 13:06:56,23.4097408,86.2312,25741,600,FixOK,A,OaJ5CU0303,G133E15425,"NH18, Sindri, West Bengal 723201, India",4755.25,0,IgnitionOn,1,283.979,102.36,39,-67
2074be57-940b-4975-852c-c28011d56c4d-3,EDC_BS6_PERIODIC,2025-12-19 13:06:33,2025-12-19 13:06:56,23.409736,86.2312192,25742,600,FixOK,A,OaJ5CU0303,G133E15425,"NH18, Sindri, West Bengal 723201, India",4755.25,0,IgnitionOn,1,284.261,102.36,38,-67
2074be57-940b-4975-852c-c28011d56c4d-2,EDC_BS6_PERIODIC,2025-12-19 13:06:39,2025-12-19 13:06:56,23.409736,86.2312192,25743,600,FixOK,A,OaJ5CU0303,G133E15425,"NH18, Sindri, West Bengal 723201, India",4755.25,0,IgnitionOn,1,284.376,102.36,38,-69
2074be57-940b-4975-852c-c28011d56c4d-1,EDC_BS6_PERIODIC,2025-12-19 13:06:45,2025-12-19 13:06:56,23.4097408,86.2312192,25744,600,FixOK,A,OaJ5CU0303,G133E15425,"NH18, Sindri, West Bengal 723201, India",4755.25,0,IgnitionOn,1,283.965,102.36,39,-69
76363186-2d30-4312-bdd4-93a9e1517ecb-10,EDC_BS6_PERIODIC,2025-12-19 13:06:51,2025-12-19 13:07:57,23.4097408,86.2312192,25745,600,FixOK,A,OaJ5CU0303,G133E15425,"C65J+X99, Sindri, West Bengal 723105, India",4755.25,0,IgnitionOn,1,283.066,102.36,39,-69
76363186-2d30-4312-bdd4-93a9e1517ecb-9,EDC_BS6_PERIODIC,2025-12-19 13:06:57,2025-12-19 13:07:57,23.4097408,86.2312192,25746,600,FixOK,A,OaJ5CU0303,G133E15425,"C65J+X99, Sindri, West Bengal 723105, India",4755.25,0,IgnitionOn,1,282.686,102.36,39,-69
76363186-2d30-4312-bdd4-93a9e1517ecb-8,EDC_BS6_PERIODIC,2025-12-19 13:07:03,2025-12-19 13:07:57,23.4097408,86.2312192,25747,600,FixOK,A,OaJ5CU0303,G133E15425,"C65J+X99, Sindri, West Bengal 723105, India",4755.25,0,IgnitionOn,1,282.243,102.36,38,-69
76363186-2d30-4312-bdd4-93a9e1517ecb-7,EDC_BS6_PERIODIC,2025-12-19 13:07:09,2025-12-19 13:07:57,23.409744,86.2312192,25748,600,FixOK,A,OaJ5CU0303,G133E15425,"C65J+X99, Sindri, West Bengal 723105, India",4755.25,0,IgnitionOn,1,281.791,102.36,39,-69
76363186-2d30-4312-bdd4-93a9e1517ecb-6,EDC_BS6_PERIODIC,2025-12-19 13:07:15,2025-12-19 13:07:57,23.409744,86.2312192,25749,600,FixOK,A,OaJ5CU0303,G133E15425,"C65J+X99, Sindri, West Bengal 723105, India",4755.25,0,IgnitionOn,1,281.489,102.36,39,-69
76363186-2d30-4312-bdd4-93a9e1517ecb-5,EDC_BS6_PERIODIC,2025-12-19 13:07:21,2025-12-19 13:07:57,23.4097472,86.2312192,25750,600,FixOK,A,OaJ5CU0303,G133E15425,"C65J+X99, Sindri, West Bengal 723105, India",4755.25,0,IgnitionOn,1,280.975,102.36,39,-69
76363186-2d30-4312-bdd4-93a9e1517ecb-4,EDC_BS6_PERIODIC,2025-12-19 13:07:27,2025-12-19 13:07:57,23.4097472,86.2312192,25751,600,FixOK,A,OaJ5CU0303,G133E15425,"C65J+X99, Sindri, West Bengal 723105, India",4755.25,0,IgnitionOn,1,280.553,102.36,39,-69
76363186-2d30-4312-bdd4-93a9e1517ecb-3,EDC_BS6_PERIODIC,2025-12-19 13:07:33,2025-12-19 13:07:57,23.4097472,86.2312192,25752,600,FixOK,A,OaJ5CU0303,G133E15425,"C65J+X99, Sindri, West Bengal 723105, India",4755.25,0,IgnitionOn,1,279.833,102.36,40,-69
76363186-2d30-4312-bdd4-93a9e1517ecb-2,EDC_BS6_PERIODIC,2025-12-19 13:07:39,2025-12-19 13:07:57,23.409744,86.2312192,25753,600,FixOK,A,OaJ5CU0303,G133E15425,"C65J+X99, Sindri, West Bengal 723105, India",4755.25,0,IgnitionOn,1,280.035,102.36,40,-69
76363186-2d30-4312-bdd4-93a9e1517ecb-1,EDC_BS6_PERIODIC,2025-12-19 13:07:45,2025-12-19 13:07:57,23.409744,86.2312192,25754,600,FixOK,A,OaJ5CU0303,G133E15425,"C65J+X99, Sindri, West Bengal 723105, India",4755.25,0,IgnitionOn,1,279.079,102.36,39,-69
58f59029-db91-49b2-b653-d0874af419cf-6,EDC_BS6_PERIODIC,2025-12-19 13:07:51,2025-12-19 13:22:33,23.409744,86.2312192,25755,600,FixOK,A,OaJ5CU0303,G133E15425,"C65J+X99, Sindri, West Bengal 723105, India",4755.25,0,IgnitionOn,1,278.101,102.36,40,-69
b7cfa20e-1523-4d72-b1e9-2420535a115b-10,EDC_BS6_PERIODIC,2025-12-19 13:07:57,2025-12-19 13:08:57,23.4097472,86.2312192,25756,600,FixOK,A,OaJ5CU0303,G133E15425,"C65J+X99, Sindri, West Bengal 723105, India",4755.25,0,IgnitionOn,1,277.513,102.36,40,-69
b7cfa20e-1523-4d72-b1e9-2420535a115b-9,EDC_BS6_PERIODIC,2025-12-19 13:08:03,2025-12-19 13:08:57,23.409744,86.2312192,25757,600,FixOK,A,OaJ5CU0303,G133E15425,"C65J+X99, Sindri, West Bengal 723105, India",4755.25,0,IgnitionOn,1,277.781,102.36,40,-69
b7cfa20e-1523-4d72-b1e9-2420535a115b-8,EDC_BS6_PERIODIC,2025-12-19 13:08:09,2025-12-19 13:08:57,23.409744,86.231232,25758,600,FixOK,A,OaJ5CU0303,G133E15425,"C65J+X99, Sindri, West Bengal 723105, India",4755.25,0,IgnitionOn,1,277.828,102.36,40,-69
b7cfa20e-1523-4d72-b1e9-2420535a115b-7,EDC_BS6_PERIODIC,2025-12-19 13:08:15,2025-12-19 13:08:57,23.4097472,86.231232,25759,600,FixOK,A,OaJ5CU0303,G133E15425,"C65J+X99, Sindri, West Bengal 723105, India",4755.25,0,IgnitionOn,1,277.371,102.36,40,-69
b7cfa20e-1523-4d72-b1e9-2420535a115b-6,EDC_BS6_PERIODIC,2025-12-19 13:08:21,2025-12-19 13:08:57,23.4097472,86.231232,25760,600,FixOK,A,OaJ5CU0303,G133E15425,"C65J+X99, Sindri, West Bengal 723105, India",4755.25,0,IgnitionOn,1,276.796,102.36,39,-69
b7cfa20e-1523-4d72-b1e9-2420535a115b-5,EDC_BS6_PERIODIC,2025-12-19 13:08:27,2025-12-19 13:08:57,23.409744,86.231232,25761,600,FixOK,A,OaJ5CU0303,G133E15425,"C65J+X99, Sindri, West Bengal 723105, India",4755.25,0,IgnitionOn,1,276.756,102.36,38,-69
b7cfa20e-1523-4d72-b1e9-2420535a115b-4,EDC_BS6_PERIODIC,2025-12-19 13:08:33,2025-12-19 13:08:57,23.409744,86.231232,25762,600,FixOK,A,OaJ5CU0303,G133E15425,"C65J+X99, Sindri, West Bengal 723105, India",4755.25,0,IgnitionOn,1,276.928,102.36,38,-69
b7cfa20e-1523-4d72-b1e9-2420535a115b-3,EDC_BS6_PERIODIC,2025-12-19 13:08:39,2025-12-19 13:08:57,23.409744,86.231232,25763,600,FixOK,A,OaJ5CU0303,G133E15425,"C65J+X99, Sindri, West Bengal 723105, India",4755.25,0,IgnitionOn,1,276.881,102.36,39,-69
b7cfa20e-1523-4d72-b1e9-2420535a115b-1,EDC_BS6_PERIODIC,2025-12-19 13:08:45,2025-12-19 13:08:57,23.409744,86.231232,25764,600,FixOK,A,OaJ5CU0303,G133E15425,"C65J+X99, Sindri, West Bengal 723105, India",4755.25,0,IgnitionOn,1,277.321,102.36,39,-69
b7cfa20e-1523-4d72-b1e9-2420535a115b-2,GPS_MESSAGE,2025-12-19 13:08:45,2025-12-19 13:08:57,23.409744,86.231232,,600,3DFix,,OaJ5CU0303,G133E15425,"C65J+X99, Sindri, West Bengal 723105, India",0,,IgnitionOn,1,277,9,39,
63bf2aa3-06bc-4510-8a83-a7aad8a49e45-10,EDC_BS6_PERIODIC,2025-12-19 13:08:51,2025-12-19 13:09:59,23.409744,86.231232,25765,600,FixOK,A,OaJ5CU0303,G133E15425,"C65J+X99, Sindri, West Bengal 723105, India",4755.25,0,IgnitionOn,1,277.651,102.36,39,-69
63bf2aa3-06bc-4510-8a83-a7aad8a49e45-9,EDC_BS6_PERIODIC,2025-12-19 13:08:57,2025-12-19 13:09:59,23.4097408,86.231232,25766,600,FixOK,A,OaJ5CU0303,G133E15425,"C65J+X99, Sindri, West Bengal 723105, India",4755.25,0,IgnitionOn,1,279.186,102.36,39,-69
63bf2aa3-06bc-4510-8a83-a7aad8a49e45-8,EDC_BS6_PERIODIC,2025-12-19 13:09:03,2025-12-19 13:09:59,23.409736,86.231232,25767,600,FixOK,A,OaJ5CU0303,G133E15425,"C65J+X99, Sindri, West Bengal 723105, India",4755.25,0,IgnitionOn,1,279.825,102.36,40,-69
63bf2aa3-06bc-4510-8a83-a7aad8a49e45-7,EDC_BS6_PERIODIC,2025-12-19 13:09:09,2025-12-19 13:09:59,23.409736,86.231232,25768,600,FixOK,A,OaJ5CU0303,G133E15425,"C65J+X99, Sindri, West Bengal 723105, India",4755.25,0,IgnitionOn,1,280.518,102.36,40,-69
63bf2aa3-06bc-4510-8a83-a7aad8a49e45-6,EDC_BS6_PERIODIC,2025-12-19 13:09:15,2025-12-19 13:09:59,23.4097312,86.231232,25769,600,FixOK,A,OaJ5CU0303,G133E15425,"C65J+X99, Sindri, West Bengal 723105, India",4755.25,0,IgnitionOn,1,280.777,102.36,40,-69
63bf2aa3-06bc-4510-8a83-a7aad8a49e45-5,EDC_BS6_PERIODIC,2025-12-19 13:09:21,2025-12-19 13:09:59,23.409736,86.231232,25770,600,FixOK,A,OaJ5CU0303,G133E15425,"C65J+X99, Sindri, West Bengal 723105, India",4755.25,0,IgnitionOn,1,280.503,102.36,40,-69
63bf2aa3-06bc-4510-8a83-a7aad8a49e45-4,EDC_BS6_PERIODIC,2025-12-19 13:09:27,2025-12-19 13:09:59,23.409736,86.231232,25771,600,FixOK,A,OaJ5CU0303,G133E15425,"C65J+X99, Sindri, West Bengal 723105, India",4755.25,0,IgnitionOn,1,280.412,102.36,40,-69
63bf2aa3-06bc-4510-8a83-a7aad8a49e45-3,EDC_BS6_PERIODIC,2025-12-19 13:09:33,2025-12-19 13:09:59,23.4097312,86.231232,25772,600,FixOK,A,OaJ5CU0303,G133E15425,"C65J+X99, Sindri, West Bengal 723105, India",4755.25,0,IgnitionOn,1,280.536,102.36,40,-69
63bf2aa3-06bc-4510-8a83-a7aad8a49e45-2,EDC_BS6_PERIODIC,2025-12-19 13:09:39,2025-12-19 13:09:59,23.4097312,86.231232,25773,600,FixOK,A,OaJ5CU0303,G133E15425,"C65J+X99, Sindri, West Bengal 723105, India",4755.25,0,IgnitionOn,1,280.046,102.36,40,-69
63bf2aa3-06bc-4510-8a83-a7aad8a49e45-1,EDC_BS6_PERIODIC,2025-12-19 13:09:45,2025-12-19 13:09:59,23.409736,86.231232,25774,600,FixOK,A,OaJ5CU0303,G133E15425,"C65J+X99, Sindri, West Bengal 723105, India",4755.25,0,IgnitionOn,1,279.226,102.36,40,-69
58f59029-db91-49b2-b653-d0874af419cf-5,EDC_BS6_PERIODIC,2025-12-19 13:09:51,2025-12-19 13:22:33,23.409736,86.231232,25775,600,FixOK,A,OaJ5CU0303,G133E15425,"C65J+X99, Sindri, West Bengal 723105, India",4755.25,0,IgnitionOn,1,278.718,102.36,41,-69
83ca3677-0913-43c1-b5a3-8be02a1e3329-10,EDC_BS6_PERIODIC,2025-12-19 13:09:57,2025-12-19 13:11:00,23.409736,86.231232,25776,600,FixOK,A,OaJ5CU0303,G133E15425,"C65J+X99, Sindri, West Bengal 723105, India",4755.25,0,IgnitionOn,1,278.768,102.36,41,-69
83ca3677-0913-43c1-b5a3-8be02a1e3329-9,EDC_BS6_PERIODIC,2025-12-19 13:10:03,2025-12-19 13:11:00,23.409736,86.231232,25777,600,FixOK,A,OaJ5CU0303,G133E15425,"C65J+X99, Sindri, West Bengal 723105, India",4755.25,0,IgnitionOn,1,278.665,102.36,41,-69
83ca3677-0913-43c1-b5a3-8be02a1e3329-8,EDC_BS6_PERIODIC,2025-12-19 13:10:09,2025-12-19 13:11:00,23.409736,86.231232,25778,600,FixOK,A,OaJ5CU0303,G133E15425,"C65J+X99, Sindri, West Bengal 723105, India",4755.25,0,IgnitionOn,1,278.411,102.36,41,-69
83ca3677-0913-43c1-b5a3-8be02a1e3329-7,EDC_BS6_PERIODIC,2025-12-19 13:10:15,2025-12-19 13:11:00,23.409736,86.231232,25779,600,FixOK,A,OaJ5CU0303,G133E15425,"C65J+X99, Sindri, West Bengal 723105, India",4755.25,0,IgnitionOn,1,277.542,102.36,41,-69
83ca3677-0913-43c1-b5a3-8be02a1e3329-6,EDC_BS6_PERIODIC,2025-12-19 13:10:21,2025-12-19 13:11:00,23.409736,86.231232,25780,600,FixOK,A,OaJ5CU0303,G133E15425,"C65J+X99, Sindri, West Bengal 723105, India",4755.25,0,IgnitionOn,1,277.118,102.36,41,-69
83ca3677-0913-43c1-b5a3-8be02a1e3329-5,EDC_BS6_PERIODIC,2025-12-19 13:10:27,2025-12-19 13:11:00,23.409736,86.231232,25781,600,FixOK,A,OaJ5CU0303,G133E15425,"C65J+X99, Sindri, West Bengal 723105, India",4755.25,0,IgnitionOn,1,276.915,102.36,40,-69
83ca3677-0913-43c1-b5a3-8be02a1e3329-4,EDC_BS6_PERIODIC,2025-12-19 13:10:33,2025-12-19 13:11:00,23.409736,86.231232,25782,600,FixOK,A,OaJ5CU0303,G133E15425,"C65J+X99, Sindri, West Bengal 723105, India",4755.25,0,IgnitionOn,1,276.127,102.36,41,-69
83ca3677-0913-43c1-b5a3-8be02a1e3329-3,EDC_BS6_PERIODIC,2025-12-19 13:10:39,2025-12-19 13:11:00,23.409736,86.231232,25783,600,FixOK,A,OaJ5CU0303,G133E15425,"C65J+X99, Sindri, West Bengal 723105, India",4755.25,0,IgnitionOn,1,275.881,102.36,41,-69
83ca3677-0913-43c1-b5a3-8be02a1e3329-2,EDC_BS6_PERIODIC,2025-12-19 13:10:45,2025-12-19 13:11:00,23.4097408,86.231232,25784,600,FixOK,A,OaJ5CU0303,G133E15425,"C65J+X99, Sindri, West Bengal 723105, India",4755.25,0,IgnitionOn,1,275.143,102.36,41,-69
83ca3677-0913-43c1-b5a3-8be02a1e3329-1,EDC_BS6_PERIODIC,2025-12-19 13:10:51,2025-12-19 13:11:00,23.409736,86.231232,25785,600,FixOK,A,OaJ5CU0303,G133E15425,"C65J+X99, Sindri, West Bengal 723105, India",4755.25,0,IgnitionOn,1,274.781,102.36,41,-69
6722a975-3405-42c0-ad58-0b5682b0db2d-10,EDC_BS6_PERIODIC,2025-12-19 13:10:57,2025-12-19 13:12:01,23.4097408,86.231232,25786,600,FixOK,A,OaJ5CU0303,G133E15425,"C65J+X99, Sindri, West Bengal 723105, India",4755.25,0,IgnitionOn,1,274.778,102.36,41,-69
6722a975-3405-42c0-ad58-0b5682b0db2d-9,EDC_BS6_PERIODIC,2025-12-19 13:11:03,2025-12-19 13:12:01,23.4097408,86.231232,25787,600,FixOK,A,OaJ5CU0303,G133E15425,"C65J+X99, Sindri, West Bengal 723105, India",4755.25,0,IgnitionOn,1,274.711,102.36,40,-69
6722a975-3405-42c0-ad58-0b5682b0db2d-8,EDC_BS6_PERIODIC,2025-12-19 13:11:09,2025-12-19 13:12:01,23.409744,86.231232,25788,600,FixOK,A,OaJ5CU0303,G133E15425,"C65J+X99, Sindri, West Bengal 723105, India",4755.25,0,IgnitionOn,1,274.805,102.36,41,-69
6722a975-3405-42c0-ad58-0b5682b0db2d-7,EDC_BS6_PERIODIC,2025-12-19 13:11:15,2025-12-19 13:12:01,23.4097408,86.2312192,25789,600,FixOK,A,OaJ5CU0303,G133E15425,"C65J+X99, Sindri, West Bengal 723105, India",4755.25,0,IgnitionOn,1,275.083,102.36,42,-69
6722a975-3405-42c0-ad58-0b5682b0db2d-6,EDC_BS6_PERIODIC,2025-12-19 13:11:21,2025-12-19 13:12:01,23.4097408,86.2312192,25790,600,FixOK,A,OaJ5CU0303,G133E15425,"C65J+X99, Sindri, West Bengal 723105, India",4755.25,0,IgnitionOn,1,275.317,102.36,42,-69
6722a975-3405-42c0-ad58-0b5682b0db2d-5,EDC_BS6_PERIODIC,2025-12-19 13:11:27,2025-12-19 13:12:01,23.409744,86.2312192,25791,600,FixOK,A,OaJ5CU0303,G133E15425,"C65J+X99, Sindri, West Bengal 723105, India",4755.25,0,IgnitionOn,1,275.125,102.36,42,-69
6722a975-3405-42c0-ad58-0b5682b0db2d-4,EDC_BS6_PERIODIC,2025-12-19 13:11:33,2025-12-19 13:12:01,23.409744,86.2312192,25792,600,FixOK,A,OaJ5CU0303,G133E15425,"C65J+X99, Sindri, West Bengal 723105, India",4755.25,0,IgnitionOn,1,274.859,102.36,42,-69
6722a975-3405-42c0-ad58-0b5682b0db2d-3,EDC_BS6_PERIODIC,2025-12-19 13:11:39,2025-12-19 13:12:01,23.409744,86.2312192,25793,600,FixOK,A,OaJ5CU0303,G133E15425,"C65J+X99, Sindri, West Bengal 723105, India",4755.25,0,IgnitionOn,1,274.485,102.36,43,-69
6722a975-3405-42c0-ad58-0b5682b0db2d-2,EDC_BS6_PERIODIC,2025-12-19 13:11:45,2025-12-19 13:12:01,23.4097472,86.2312192,25794,600,FixOK,A,OaJ5CU0303,G133E15425,"C65J+X99, Sindri, West Bengal 723105, India",4755.25,0,IgnitionOn,1,273.457,102.36,43,-69
6722a975-3405-42c0-ad58-0b5682b0db2d-1,EDC_BS6_PERIODIC,2025-12-19 13:11:51,2025-12-19 13:12:01,23.4097472,86.2312192,25795,600,FixOK,A,OaJ5CU0303,G133E15425,"C65J+X99, Sindri, West Bengal 723105, India",4755.25,0,IgnitionOn,1,272.916,102.36,42,-69
acca6ec6-15fe-4922-8e45-5a92ec217a07-10,EDC_BS6_PERIODIC,2025-12-19 13:11:57,2025-12-19 13:13:02,23.4097472,86.2312192,25796,600,FixOK,A,OaJ5CU0303,G133E15425,"C65J+X99, Sindri, West Bengal 723105, India",4755.25,0,IgnitionOn,1,272.151,102.36,43,-69
acca6ec6-15fe-4922-8e45-5a92ec217a07-9,EDC_BS6_PERIODIC,2025-12-19 13:12:03,2025-12-19 13:13:02,23.4097472,86.2312192,25797,600,FixOK,A,OaJ5CU0303,G133E15425,"C65J+X99, Sindri, West Bengal 723105, India",4755.25,0,IgnitionOn,1,271.69,102.36,43,-69
acca6ec6-15fe-4922-8e45-5a92ec217a07-8,EDC_BS6_PERIODIC,2025-12-19 13:12:09,2025-12-19 13:13:02,23.409744,86.2312192,25798,600,FixOK,A,OaJ5CU0303,G133E15425,"C65J+X99, Sindri, West Bengal 723105, India",4755.25,0,IgnitionOn,1,271.782,102.36,43,-69
acca6ec6-15fe-4922-8e45-5a92ec217a07-7,EDC_BS6_PERIODIC,2025-12-19 13:12:15,2025-12-19 13:13:02,23.409744,86.2312192,25799,600,FixOK,A,OaJ5CU0303,G133E15425,"C65J+X99, Sindri, West Bengal 723105, India",4755.25,0,IgnitionOn,1,271.748,102.36,43,-69
acca6ec6-15fe-4922-8e45-5a92ec217a07-6,EDC_BS6_PERIODIC,2025-12-19 13:12:22,2025-12-19 13:13:02,23.4097472,86.2312192,25800,600,FixOK,A,OaJ5CU0303,G133E15425,"C65J+X99, Sindri, West Bengal 723105, India",4755.25,0,IgnitionOn,1,271.591,102.36,43,-69
acca6ec6-15fe-4922-8e45-5a92ec217a07-5,EDC_BS6_PERIODIC,2025-12-19 13:12:27,2025-12-19 13:13:02,23.4097472,86.231232,25801,600,FixOK,A,OaJ5CU0303,G133E15425,"C65J+X99, Sindri, West Bengal 723105, India",4755.25,0,IgnitionOn,1,271.478,102.36,43,-69
acca6ec6-15fe-4922-8e45-5a92ec217a07-4,EDC_BS6_PERIODIC,2025-12-19 13:12:33,2025-12-19 13:13:02,23.4097472,86.231232,25802,600,FixOK,A,OaJ5CU0303,G133E15425,"C65J+X99, Sindri, West Bengal 723105, India",4755.25,0,IgnitionOn,1,271.781,102.36,43,-69
acca6ec6-15fe-4922-8e45-5a92ec217a07-3,EDC_BS6_PERIODIC,2025-12-19 13:12:39,2025-12-19 13:13:02,23.4097472,86.231232,25803,600,FixOK,A,OaJ5CU0303,G133E15425,"C65J+X99, Sindri, West Bengal 723105, India",4755.25,0,IgnitionOn,1,272.078,102.36,43,-69
acca6ec6-15fe-4922-8e45-5a92ec217a07-2,EDC_BS6_PERIODIC,2025-12-19 13:12:45,2025-12-19 13:13:02,23.4097472,86.231232,25804,600,FixOK,A,OaJ5CU0303,G133E15425,"C65J+X99, Sindri, West Bengal 723105, India",4755.25,0,IgnitionOn,1,272.515,102.36,43,-69
acca6ec6-15fe-4922-8e45-5a92ec217a07-1,EDC_BS6_PERIODIC,2025-12-19 13:12:51,2025-12-19 13:13:02,23.4097472,86.231232,25805,600,FixOK,A,OaJ5CU0303,G133E15425,"C65J+X99, Sindri, West Bengal 723105, India",4755.25,0,IgnitionOn,1,272.817,102.36,43,-69
3eb7ddcd-b497-48fc-a16a-9ad78479a739-10,EDC_BS6_PERIODIC,2025-12-19 13:12:57,2025-12-19 13:14:03,23.4097472,86.231232,25806,600,FixOK,A,OaJ5CU0303,G133E15425,"C65J+X99, Sindri, West Bengal 723105, India",4755.25,0,IgnitionOn,1,272.855,102.36,43,-69
3eb7ddcd-b497-48fc-a16a-9ad78479a739-9,EDC_BS6_PERIODIC,2025-12-19 13:13:03,2025-12-19 13:14:03,23.409744,86.231232,25807,600,FixOK,A,OaJ5CU0303,G133E15425,"C65J+X99, Sindri, West Bengal 723105, India",4755.25,0,IgnitionOn,1,273.073,102.36,43,-69
3eb7ddcd-b497-48fc-a16a-9ad78479a739-8,EDC_BS6_PERIODIC,2025-12-19 13:13:09,2025-12-19 13:14:03,23.409744,86.231232,25808,600,FixOK,A,OaJ5CU0303,G133E15425,"C65J+X99, Sindri, West Bengal 723105, India",4755.25,0,IgnitionOn,1,273.345,102.36,43,-69
3eb7ddcd-b497-48fc-a16a-9ad78479a739-7,EDC_BS6_PERIODIC,2025-12-19 13:13:15,2025-12-19 13:14:03,23.409744,86.231232,25809,600,FixOK,A,OaJ5CU0303,G133E15425,"C65J+X99, Sindri, West Bengal 723105, India",4755.25,0,IgnitionOn,1,273.455,102.36,42,-69
3eb7ddcd-b497-48fc-a16a-9ad78479a739-6,EDC_BS6_PERIODIC,2025-12-19 13:13:21,2025-12-19 13:14:03,23.409744,86.231232,25810,600,FixOK,A,OaJ5CU0303,G133E15425,"C65J+X99, Sindri, West Bengal 723105, India",4755.25,0,IgnitionOn,1,273.699,102.36,42,-69
3eb7ddcd-b497-48fc-a16a-9ad78479a739-5,EDC_BS6_PERIODIC,2025-12-19 13:13:27,2025-12-19 13:14:03,23.409744,86.231232,25811,600,FixOK,A,OaJ5CU0303,G133E15425,"C65J+X99, Sindri, West Bengal 723105, India",4755.25,0,IgnitionOn,1,273.712,102.36,42,-69
149f8428-63c5-4f4d-99b8-4f69127f1095,HEARTBEAT_MESSAGE,2025-12-19 13:13:32,2025-12-19 13:13:32,0,0,,,,,OaJ5CU0303,G133E15425,,,,,1,,,,
3eb7ddcd-b497-48fc-a16a-9ad78479a739-4,EDC_BS6_PERIODIC,2025-12-19 13:13:33,2025-12-19 13:14:03,23.4097472,86.231232,25812,600,FixOK,A,OaJ5CU0303,G133E15425,"C65J+X99, Sindri, West Bengal 723105, India",4755.25,0,IgnitionOn,1,273.786,102.36,42,-69
3eb7ddcd-b497-48fc-a16a-9ad78479a739-3,EDC_BS6_PERIODIC,2025-12-19 13:13:39,2025-12-19 13:14:03,23.409744,86.231232,25813,600,FixOK,A,OaJ5CU0303,G133E15425,"C65J+X99, Sindri, West Bengal 723105, India",4755.25,0,IgnitionOn,1,273.892,102.36,42,-69
3eb7ddcd-b497-48fc-a16a-9ad78479a739-2,EDC_BS6_PERIODIC,2025-12-19 13:13:45,2025-12-19 13:14:03,23.409744,86.2312192,25814,600,FixOK,A,OaJ5CU0303,G133E15425,"C65J+X99, Sindri, West Bengal 723105, India",4755.25,0,IgnitionOn,1,273.585,102.36,41,-69
3eb7ddcd-b497-48fc-a16a-9ad78479a739-1,EDC_BS6_PERIODIC,2025-12-19 13:13:51,2025-12-19 13:14:03,23.409744,86.231232,25815,600,FixOK,A,OaJ5CU0303,G133E15425,"C65J+X99, Sindri, West Bengal 723105, India",4755.25,0,IgnitionOn,1,273.324,102.36,41,-69
58f59029-db91-49b2-b653-d0874af419cf-4,EDC_BS6_PERIODIC,2025-12-19 13:13:57,2025-12-19 13:22:33,23.409744,86.2312192,25816,600,FixOK,A,OaJ5CU0303,G133E15425,"C65J+X99, Sindri, West Bengal 723105, India",4755.25,0,IgnitionOn,1,273.785,102.36,42,-69
58f59029-db91-49b2-b653-d0874af419cf-3,EDC_BS6_PERIODIC,2025-12-19 13:14:03,2025-12-19 13:22:33,23.409744,86.2312192,25817,600,FixOK,A,OaJ5CU0303,G133E15425,"C65J+X99, Sindri, West Bengal 723105, India",4755.25,0,IgnitionOn,1,273.611,102.36,42,-69
ab8a6cbe-896d-4077-83f8-523e24db0f6f-10,EDC_BS6_PERIODIC,2025-12-19 13:14:09,2025-12-19 13:15:04,23.409744,86.2312192,25818,600,FixOK,A,OaJ5CU0303,G133E15425,"C65J+X99, Sindri, West Bengal 723105, India",4755.25,0,IgnitionOn,1,273.654,102.36,42,-69
ab8a6cbe-896d-4077-83f8-523e24db0f6f-9,EDC_BS6_PERIODIC,2025-12-19 13:14:15,2025-12-19 13:15:04,23.409744,86.2312192,25819,600,FixOK,A,OaJ5CU0303,G133E15425,"C65J+X99, Sindri, West Bengal 723105, India",4755.25,0,IgnitionOn,1,273.842,102.36,42,-69
ab8a6cbe-896d-4077-83f8-523e24db0f6f-7,EDC_BS6_PERIODIC,2025-12-19 13:14:21,2025-12-19 13:15:04,23.409744,86.2312192,25820,600,FixOK,A,OaJ5CU0303,G133E15425,"C65J+X99, Sindri, West Bengal 723105, India",4755.25,0,IgnitionOn,1,274.795,102.36,42,-69
ab8a6cbe-896d-4077-83f8-523e24db0f6f-8,IGNITION_OFF,2025-12-19 13:14:21,2025-12-19 13:15:04,23.409744,86.2312192,23456,600,FixOK,,OaJ5CU0303,G133E15425,"C65J+X99, Sindri, West Bengal 723105, India",0,,IgnitionOn,1,,,,
ab8a6cbe-896d-4077-83f8-523e24db0f6f-6,IGNITION_ON,2025-12-19 13:14:22,2025-12-19 13:15:04,23.409744,86.2312192,23457,600,FixOK,,OaJ5CU0303,G133E15425,"C65J+X99, Sindri, West Bengal 723105, India",0,,IgnitionOn,1,,,,
ab8a6cbe-896d-4077-83f8-523e24db0f6f-5,EDC_BS6_PERIODIC,2025-12-19 13:14:27,2025-12-19 13:15:04,23.409744,86.2312192,25821,600,FixOK,A,OaJ5CU0303,G133E15425,"C65J+X99, Sindri, West Bengal 723105, India",4755.25,0,IgnitionOn,1,274.674,102.36,42,-69
ab8a6cbe-896d-4077-83f8-523e24db0f6f-4,EDC_BS6_PERIODIC,2025-12-19 13:14:33,2025-12-19 13:15:04,23.4097408,86.2312192,25822,600,FixOK,A,OaJ5CU0303,G133E15425,"C65J+X99, Sindri, West Bengal 723105, India",4755.25,0,IgnitionOn,1,274.947,102.36,42,-69
ab8a6cbe-896d-4077-83f8-523e24db0f6f-3,EDC_BS6_PERIODIC,2025-12-19 13:14:39,2025-12-19 13:15:04,23.4097408,86.2312192,25823,600,FixOK,A,OaJ5CU0303,G133E15425,"C65J+X99, Sindri, West Bengal 723105, India",4755.25,0,IgnitionOn,1,274.941,102.36,42,-69
ab8a6cbe-896d-4077-83f8-523e24db0f6f-2,EDC_BS6_PERIODIC,2025-12-19 13:14:45,2025-12-19 13:15:04,23.4097408,86.2312192,25824,600,FixOK,A,OaJ5CU0303,G133E15425,"C65J+X99, Sindri, West Bengal 723105, India",4755.25,0,IgnitionOn,1,275.325,102.36,42,-69
ab8a6cbe-896d-4077-83f8-523e24db0f6f-1,EDC_BS6_PERIODIC,2025-12-19 13:14:51,2025-12-19 13:15:04,23.409744,86.2312192,25825,600,FixOK,A,OaJ5CU0303,G133E15425,"C65J+X99, Sindri, West Bengal 723105, India",4755.25,0,IgnitionOn,1,275.602,102.36,41,-69
58f59029-db91-49b2-b653-d0874af419cf-2,EDC_BS6_PERIODIC,2025-12-19 13:14:57,2025-12-19 13:22:33,23.4097408,86.2312192,25826,600,FixOK,A,OaJ5CU0303,G133E15425,"C65J+X99, Sindri, West Bengal 723105, India",4755.25,0,IgnitionOn,1,275.638,102.36,42,-69
f9e5ee83-25f2-4476-9a0e-94311190f101-10,EDC_BS6_PERIODIC,2025-12-19 13:15:03,2025-12-19 13:16:05,23.4097408,86.2312192,25827,600,FixOK,A,OaJ5CU0303,G133E15425,"C65J+X99, Sindri, West Bengal 723105, India",4755.25,0,IgnitionOn,1,275.95,102.36,42,-69
f9e5ee83-25f2-4476-9a0e-94311190f101-9,EDC_BS6_PERIODIC,2025-12-19 13:15:09,2025-12-19 13:16:05,23.409736,86.2312192,25828,600,FixOK,A,OaJ5CU0303,G133E15425,"C65J+X99, Sindri, West Bengal 723105, India",4755.25,0,IgnitionOn,1,276.105,102.36,42,-69
f9e5ee83-25f2-4476-9a0e-94311190f101-8,EDC_BS6_PERIODIC,2025-12-19 13:15:15,2025-12-19 13:16:05,23.409736,86.2312192,25829,600,FixOK,A,OaJ5CU0303,G133E15425,"C65J+X99, Sindri, West Bengal 723105, India",4755.25,0,IgnitionOn,1,275.726,102.36,42,-69
f9e5ee83-25f2-4476-9a0e-94311190f101-7,EDC_BS6_PERIODIC,2025-12-19 13:15:21,2025-12-19 13:16:05,23.4097312,86.2312192,25830,600,FixOK,A,OaJ5CU0303,G133E15425,"C65J+X99, Sindri, West Bengal 723105, India",4755.25,0,IgnitionOn,1,275.617,102.36,42,-69
f9e5ee83-25f2-4476-9a0e-94311190f101-6,EDC_BS6_PERIODIC,2025-12-19 13:15:27,2025-12-19 13:16:05,23.4097312,86.2312192,25831,600,FixOK,A,OaJ5CU0303,G133E15425,"C65J+X99, Sindri, West Bengal 723105, India",4755.25,0,IgnitionOn,1,275.283,102.36,42,-69
f9e5ee83-25f2-4476-9a0e-94311190f101-5,EDC_BS6_PERIODIC,2025-12-19 13:15:33,2025-12-19 13:16:05,23.4097312,86.2312192,25832,600,FixOK,A,OaJ5CU0303,G133E15425,"C65J+X99, Sindri, West Bengal 723105, India",4755.25,0,IgnitionOn,1,275.329,102.36,41,-69
f9e5ee83-25f2-4476-9a0e-94311190f101-4,EDC_BS6_PERIODIC,2025-12-19 13:15:39,2025-12-19 13:16:05,23.4097312,86.2312192,25833,600,FixOK,A,OaJ5CU0303,G133E15425,"C65J+X99, Sindri, West Bengal 723105, India",4755.25,0,IgnitionOn,1,275.332,102.36,41,-69
f9e5ee83-25f2-4476-9a0e-94311190f101-3,EDC_BS6_PERIODIC,2025-12-19 13:15:45,2025-12-19 13:16:05,23.4097312,86.2312192,25834,600,FixOK,A,OaJ5CU0303,G133E15425,"C65J+X99, Sindri, West Bengal 723105, India",4755.25,0,IgnitionOn,1,275.277,102.36,42,-69
f9e5ee83-25f2-4476-9a0e-94311190f101-2,EDC_BS6_PERIODIC,2025-12-19 13:15:51,2025-12-19 13:16:05,23.4097312,86.2312192,25835,600,FixOK,A,OaJ5CU0303,G133E15425,"C65J+X99, Sindri, West Bengal 723105, India",4755.25,0,IgnitionOn,1,275.026,102.36,42,-69
f9e5ee83-25f2-4476-9a0e-94311190f101-1,EDC_BS6_PERIODIC,2025-12-19 13:15:57,2025-12-19 13:16:05,23.4097312,86.2312192,25836,600,FixOK,A,OaJ5CU0303,G133E15425,"C65J+X99, Sindri, West Bengal 723105, India",4755.25,0,IgnitionOn,1,275.29,102.36,42,-69
004f4270-47d6-43c6-b666-aff317dac698-10,EDC_BS6_PERIODIC,2025-12-19 13:16:03,2025-12-19 13:17:06,23.4097312,86.2312192,25837,600,FixOK,A,OaJ5CU0303,G133E15425,"C65J+X99, Sindri, West Bengal 723105, India",4755.25,0,IgnitionOn,1,275.513,102.36,42,-69
004f4270-47d6-43c6-b666-aff317dac698-9,EDC_BS6_PERIODIC,2025-12-19 13:16:09,2025-12-19 13:17:06,23.4097312,86.2312192,25838,600,FixOK,A,OaJ5CU0303,G133E15425,"C65J+X99, Sindri, West Bengal 723105, India",4755.25,0,IgnitionOn,1,275.781,102.36,42,-69
004f4270-47d6-43c6-b666-aff317dac698-8,EDC_BS6_PERIODIC,2025-12-19 13:16:15,2025-12-19 13:17:06,23.4097312,86.2312192,25839,600,FixOK,A,OaJ5CU0303,G133E15425,"C65J+X99, Sindri, West Bengal 723105, India",4755.25,0,IgnitionOn,1,275.294,102.36,42,-69
004f4270-47d6-43c6-b666-aff317dac698-7,EDC_BS6_PERIODIC,2025-12-19 13:16:21,2025-12-19 13:17:06,23.4097312,86.2312192,25840,600,FixOK,A,OaJ5CU0303,G133E15425,"C65J+X99, Sindri, West Bengal 723105, India",4755.25,0,IgnitionOn,1,275.726,102.36,42,-69
004f4270-47d6-43c6-b666-aff317dac698-6,EDC_BS6_PERIODIC,2025-12-19 13:16:27,2025-12-19 13:17:06,23.409736,86.2312192,25841,600,FixOK,A,OaJ5CU0303,G133E15425,"C65J+X99, Sindri, West Bengal 723105, India",4755.25,0,IgnitionOn,1,275.593,102.36,42,-69
004f4270-47d6-43c6-b666-aff317dac698-5,EDC_BS6_PERIODIC,2025-12-19 13:16:33,2025-12-19 13:17:06,23.409736,86.2312192,25842,600,FixOK,A,OaJ5CU0303,G133E15425,"C65J+X99, Sindri, West Bengal 723105, India",4755.25,0,IgnitionOn,1,275.308,102.36,42,-69
004f4270-47d6-43c6-b666-aff317dac698-4,EDC_BS6_PERIODIC,2025-12-19 13:16:39,2025-12-19 13:17:06,23.4097408,86.2312192,25843,600,FixOK,A,OaJ5CU0303,G133E15425,"C65J+X99, Sindri, West Bengal 723105, India",4755.25,0,IgnitionOn,1,275.05,102.36,42,-69
004f4270-47d6-43c6-b666-aff317dac698-3,EDC_BS6_PERIODIC,2025-12-19 13:16:45,2025-12-19 13:17:06,23.4097408,86.2312192,25844,600,FixOK,A,OaJ5CU0303,G133E15425,"C65J+X99, Sindri, West Bengal 723105, India",4755.25,0,IgnitionOn,1,274.791,102.36,42,-69
004f4270-47d6-43c6-b666-aff317dac698-2,EDC_BS6_PERIODIC,2025-12-19 13:16:51,2025-12-19 13:17:06,23.4097408,86.2312192,25845,600,FixOK,A,OaJ5CU0303,G133E15425,"C65J+X99, Sindri, West Bengal 723105, India",4755.25,0,IgnitionOn,1,274.329,102.36,42,-69
004f4270-47d6-43c6-b666-aff317dac698-1,EDC_BS6_PERIODIC,2025-12-19 13:16:57,2025-12-19 13:17:06,23.409736,86.2312,25846,600,FixOK,A,OaJ5CU0303,G133E15425,"C65J+X99, Sindri, West Bengal 723105, India",4755.25,0,IgnitionOn,1,274.523,102.36,41,-69
13fc7972-dd16-44a1-9416-7a4e27ab7dc3-10,EDC_BS6_PERIODIC,2025-12-19 13:17:03,2025-12-19 13:18:07,23.409736,86.2312192,25847,600,FixOK,A,OaJ5CU0303,G133E15425,"C65J+X99, Sindri, West Bengal 723105, India",4755.25,0,IgnitionOn,1,275.082,102.36,42,-69
13fc7972-dd16-44a1-9416-7a4e27ab7dc3-9,EDC_BS6_PERIODIC,2025-12-19 13:17:09,2025-12-19 13:18:07,23.409736,86.2312192,25848,600,FixOK,A,OaJ5CU0303,G133E15425,"C65J+X99, Sindri, West Bengal 723105, India",4755.25,0,IgnitionOn,1,275.027,102.36,42,-69
13fc7972-dd16-44a1-9416-7a4e27ab7dc3-8,EDC_BS6_PERIODIC,2025-12-19 13:17:15,2025-12-19 13:18:07,23.409736,86.2312,25849,600,FixOK,A,OaJ5CU0303,G133E15425,"C65J+X99, Sindri, West Bengal 723105, India",4755.25,0,IgnitionOn,1,275.054,102.36,42,-69
13fc7972-dd16-44a1-9416-7a4e27ab7dc3-7,EDC_BS6_PERIODIC,2025-12-19 13:17:21,2025-12-19 13:18:07,23.409736,86.2312,25850,600,FixOK,A,OaJ5CU0303,G133E15425,"C65J+X99, Sindri, West Bengal 723105, India",4755.25,0,IgnitionOn,1,274.877,102.36,42,-69
13fc7972-dd16-44a1-9416-7a4e27ab7dc3-6,EDC_BS6_PERIODIC,2025-12-19 13:17:27,2025-12-19 13:18:07,23.409736,86.2312192,25851,600,FixOK,A,OaJ5CU0303,G133E15425,"C65J+X99, Sindri, West Bengal 723105, India",4755.25,0,IgnitionOn,1,274.569,102.36,42,-69
13fc7972-dd16-44a1-9416-7a4e27ab7dc3-5,EDC_BS6_PERIODIC,2025-12-19 13:17:33,2025-12-19 13:18:07,23.409736,86.2312,25852,600,FixOK,A,OaJ5CU0303,G133E15425,"C65J+X99, Sindri, West Bengal 723105, India",4755.25,0,IgnitionOn,1,274.343,102.36,41,-69
13fc7972-dd16-44a1-9416-7a4e27ab7dc3-4,EDC_BS6_PERIODIC,2025-12-19 13:17:39,2025-12-19 13:18:07,23.4097312,86.2312,25853,600,FixOK,A,OaJ5CU0303,G133E15425,"C65J+X99, Sindri, West Bengal 723105, India",4755.25,0,IgnitionOn,1,274.195,102.36,42,-69
13fc7972-dd16-44a1-9416-7a4e27ab7dc3-3,EDC_BS6_PERIODIC,2025-12-19 13:17:45,2025-12-19 13:18:07,23.4097312,86.2312,25854,600,FixOK,A,OaJ5CU0303,G133E15425,"C65J+X99, Sindri, West Bengal 723105, India",4755.25,0,IgnitionOn,1,274.096,102.36,41,-69
13fc7972-dd16-44a1-9416-7a4e27ab7dc3-2,EDC_BS6_PERIODIC,2025-12-19 13:17:51,2025-12-19 13:18:07,23.409736,86.2312,25855,600,FixOK,A,OaJ5CU0303,G133E15425,"C65J+X99, Sindri, West Bengal 723105, India",4755.25,0,IgnitionOn,1,274.392,102.36,41,-69
13fc7972-dd16-44a1-9416-7a4e27ab7dc3-1,EDC_BS6_PERIODIC,2025-12-19 13:17:57,2025-12-19 13:18:07,23.4097408,86.2312192,25856,600,FixOK,A,OaJ5CU0303,G133E15425,"C65J+X99, Sindri, West Bengal 723105, India",4755.25,0,IgnitionOn,1,274.337,102.36,42,-69
58f59029-db91-49b2-b653-d0874af419cf-1,EDC_BS6_PERIODIC,2025-12-19 13:18:03,2025-12-19 13:22:33,23.409736,86.2312192,25857,600,FixOK,A,OaJ5CU0303,G133E15425,"C65J+X99, Sindri, West Bengal 723105, India",4755.25,0,IgnitionOn,1,274.323,102.36,42,-69
29d28d47-2c8a-4255-98c4-fb231ef4690b-13,EDC_BS6_PERIODIC,2025-12-19 13:18:09,2025-12-19 13:40:56,23.409736,86.2312192,25858,600,FixOK,A,OaJ5CU0303,G133E15425,"C65J+X99, Sindri, West Bengal 723105, India",4755.25,0,IgnitionOn,1,274.27,102.36,42,-69
0fe3820d-f92d-4331-91e5-a162cd675c31-10,EDC_BS6_PERIODIC,2025-12-19 13:18:15,2025-12-19 13:19:08,23.409736,86.2312192,25859,600,FixOK,A,OaJ5CU0303,G133E15425,"C65J+X99, Sindri, West Bengal 723105, India",4755.25,0,IgnitionOn,1,274.257,102.36,43,-69
0fe3820d-f92d-4331-91e5-a162cd675c31-9,EDC_BS6_PERIODIC,2025-12-19 13:18:21,2025-12-19 13:19:08,23.409736,86.2312192,25860,600,FixOK,A,OaJ5CU0303,G133E15425,"C65J+X99, Sindri, West Bengal 723105, India",4755.25,0,IgnitionOn,1,274.289,102.36,43,-69
0fe3820d-f92d-4331-91e5-a162cd675c31-8,EDC_BS6_PERIODIC,2025-12-19 13:18:27,2025-12-19 13:19:08,23.4097408,86.2312192,25861,600,FixOK,A,OaJ5CU0303,G133E15425,"C65J+X99, Sindri, West Bengal 723105, India",4755.25,0,IgnitionOn,1,274.312,102.36,43,-69
0fe3820d-f92d-4331-91e5-a162cd675c31-7,EDC_BS6_PERIODIC,2025-12-19 13:18:33,2025-12-19 13:19:08,23.409744,86.2312192,25862,600,FixOK,A,OaJ5CU0303,G133E15425,"C65J+X99, Sindri, West Bengal 723105, India",4755.25,0,IgnitionOn,1,274.315,102.36,43,-69
0fe3820d-f92d-4331-91e5-a162cd675c31-6,EDC_BS6_PERIODIC,2025-12-19 13:18:39,2025-12-19 13:19:08,23.4097408,86.2312192,25863,600,FixOK,A,OaJ5CU0303,G133E15425,"C65J+X99, Sindri, West Bengal 723105, India",4755.25,0,IgnitionOn,1,274.345,102.36,43,-69
0fe3820d-f92d-4331-91e5-a162cd675c31-5,OVER_STOPPAGE_START,2025-12-19 13:18:42,2025-12-19 13:19:08,23.4097408,86.2312192,23458,600,FixOK,,OaJ5CU0303,G133E15425,"C65J+X99, Sindri, West Bengal 723105, India",0,,IgnitionOn,1,,,,
0fe3820d-f92d-4331-91e5-a162cd675c31-3,EDC_BS6_PERIODIC,2025-12-19 13:18:45,2025-12-19 13:19:08,23.4097408,86.2312192,25864,600,FixOK,A,OaJ5CU0303,G133E15425,"C65J+X99, Sindri, West Bengal 723105, India",4755.25,0,IgnitionOn,1,274.346,102.36,43,-61
0fe3820d-f92d-4331-91e5-a162cd675c31-4,GPS_MESSAGE,2025-12-19 13:18:45,2025-12-19 13:19:08,23.4097408,86.2312192,,600,3DFix,,OaJ5CU0303,G133E15425,"C65J+X99, Sindri, West Bengal 723105, India",0,,IgnitionOn,1,274,13,43,
0fe3820d-f92d-4331-91e5-a162cd675c31-2,EDC_BS6_PERIODIC,2025-12-19 13:18:51,2025-12-19 13:19:08,23.4097408,86.2312192,25865,600,FixOK,A,OaJ5CU0303,G133E15425,"C65J+X99, Sindri, West Bengal 723105, India",4755.25,0,IgnitionOn,1,274.351,102.36,43,-61
0fe3820d-f92d-4331-91e5-a162cd675c31-1,EDC_BS6_PERIODIC,2025-12-19 13:18:57,2025-12-19 13:19:08,23.4097408,86.2312,25866,600,FixOK,A,OaJ5CU0303,G133E15425,"C65J+X99, Sindri, West Bengal 723105, India",4755.25,0,IgnitionOn,1,274.321,102.36,43,-61
895b2de4-3094-430a-87c0-01e696c24123-10,EDC_BS6_PERIODIC,2025-12-19 13:19:03,2025-12-19 13:20:09,23.4097408,86.2312,25867,600,FixOK,A,OaJ5CU0303,G133E15425,"C65J+X99, Sindri, West Bengal 723105, India",4755.25,0,IgnitionOn,1,274.299,102.36,43,-61
895b2de4-3094-430a-87c0-01e696c24123-9,EDC_BS6_PERIODIC,2025-12-19 13:19:09,2025-12-19 13:20:09,23.4097408,86.2312,25868,600,FixOK,A,OaJ5CU0303,G133E15425,"C65J+X99, Sindri, West Bengal 723105, India",4755.25,0,IgnitionOn,1,274.248,102.36,43,-61
895b2de4-3094-430a-87c0-01e696c24123-8,EDC_BS6_PERIODIC,2025-12-19 13:19:15,2025-12-19 13:20:09,23.4097408,86.2312,25869,600,FixOK,A,OaJ5CU0303,G133E15425,"C65J+X99, Sindri, West Bengal 723105, India",4755.25,0,IgnitionOn,1,274.242,102.36,43,-61
895b2de4-3094-430a-87c0-01e696c24123-7,EDC_BS6_PERIODIC,2025-12-19 13:19:21,2025-12-19 13:20:09,23.4097408,86.2312,25870,600,FixOK,A,OaJ5CU0303,G133E15425,"C65J+X99, Sindri, West Bengal 723105, India",4755.25,0,IgnitionOn,1,274.216,102.36,43,-61
895b2de4-3094-430a-87c0-01e696c24123-6,EDC_BS6_PERIODIC,2025-12-19 13:19:27,2025-12-19 13:20:09,23.4097408,86.2312,25871,600,FixOK,A,OaJ5CU0303,G133E15425,"C65J+X99, Sindri, West Bengal 723105, India",4755.25,0,IgnitionOn,1,274.227,102.36,43,-61
895b2de4-3094-430a-87c0-01e696c24123-5,EDC_BS6_PERIODIC,2025-12-19 13:19:33,2025-12-19 13:20:09,23.409744,86.2312192,25872,600,FixOK,A,OaJ5CU0303,G133E15425,"C65J+X99, Sindri, West Bengal 723105, India",4755.25,0,IgnitionOn,1,274.21,102.36,43,-61
895b2de4-3094-430a-87c0-01e696c24123-4,EDC_BS6_PERIODIC,2025-12-19 13:19:39,2025-12-19 13:20:09,23.409744,86.2312192,25873,600,FixOK,A,OaJ5CU0303,G133E15425,"C65J+X99, Sindri, West Bengal 723105, India",4755.25,0,IgnitionOn,1,274.265,102.36,43,-61
895b2de4-3094-430a-87c0-01e696c24123-3,EDC_BS6_PERIODIC,2025-12-19 13:19:45,2025-12-19 13:20:09,23.409744,86.2312192,25874,600,FixOK,A,OaJ5CU0303,G133E15425,"C65J+X99, Sindri, West Bengal 723105, India",4755.25,0,IgnitionOn,1,274.281,102.36,43,-61
895b2de4-3094-430a-87c0-01e696c24123-2,EDC_BS6_PERIODIC,2025-12-19 13:19:51,2025-12-19 13:20:09,23.409744,86.2312192,25875,600,FixOK,A,OaJ5CU0303,G133E15425,"C65J+X99, Sindri, West Bengal 723105, India",4755.25,0,IgnitionOn,1,274.29,102.36,42,-61
895b2de4-3094-430a-87c0-01e696c24123-1,EDC_BS6_PERIODIC,2025-12-19 13:19:57,2025-12-19 13:20:09,23.409744,86.2312192,25876,600,FixOK,A,OaJ5CU0303,G133E15425,"C65J+X99, Sindri, West Bengal 723105, India",4755.25,0,IgnitionOn,1,274.372,102.36,42,-61
2df5f36d-e8d8-4af9-a151-f1eecf73008b-10,EDC_BS6_PERIODIC,2025-12-19 13:20:03,2025-12-19 13:21:11,23.4097408,86.2312192,25877,600,FixOK,A,OaJ5CU0303,G133E15425,"C65J+X99, Sindri, West Bengal 723105, India",4755.25,0,IgnitionOn,1,274.377,102.36,42,-61
2df5f36d-e8d8-4af9-a151-f1eecf73008b-9,EDC_BS6_PERIODIC,2025-12-19 13:20:09,2025-12-19 13:21:11,23.409744,86.2312192,25878,600,FixOK,A,OaJ5CU0303,G133E15425,"C65J+X99, Sindri, West Bengal 723105, India",4755.25,0,IgnitionOn,1,274.377,102.36,42,-61
2df5f36d-e8d8-4af9-a151-f1eecf73008b-8,EDC_BS6_PERIODIC,2025-12-19 13:20:15,2025-12-19 13:21:11,23.409744,86.2312192,25879,600,FixOK,A,OaJ5CU0303,G133E15425,"C65J+X99, Sindri, West Bengal 723105, India",4755.25,0,IgnitionOn,1,274.369,102.36,42,-61
2df5f36d-e8d8-4af9-a151-f1eecf73008b-7,EDC_BS6_PERIODIC,2025-12-19 13:20:21,2025-12-19 13:21:11,23.4097472,86.2312192,25880,600,FixOK,A,OaJ5CU0303,G133E15425,"C65J+X99, Sindri, West Bengal 723105, India",4755.25,0,IgnitionOn,1,274.436,102.36,42,-61
2df5f36d-e8d8-4af9-a151-f1eecf73008b-6,EDC_BS6_PERIODIC,2025-12-19 13:20:27,2025-12-19 13:21:11,23.409752,86.2312192,25881,600,FixOK,A,OaJ5CU0303,G133E15425,"C65J+X99, Sindri, West Bengal 723105, India",4755.25,0,IgnitionOn,1,274.444,102.36,43,-61
2df5f36d-e8d8-4af9-a151-f1eecf73008b-5,EDC_BS6_PERIODIC,2025-12-19 13:20:33,2025-12-19 13:21:11,23.4097568,86.2312192,25882,600,FixOK,A,OaJ5CU0303,G133E15425,"C65J+X99, Sindri, West Bengal 723105, India",4755.25,0,IgnitionOn,1,274.49,102.36,43,-61
2df5f36d-e8d8-4af9-a151-f1eecf73008b-4,EDC_BS6_PERIODIC,2025-12-19 13:20:39,2025-12-19 13:21:11,23.4097568,86.2312192,25883,600,FixOK,A,OaJ5CU0303,G133E15425,"C65J+X99, Sindri, West Bengal 723105, India",4755.25,0,IgnitionOn,1,274.5,102.36,42,-61
2df5f36d-e8d8-4af9-a151-f1eecf73008b-3,EDC_BS6_PERIODIC,2025-12-19 13:20:45,2025-12-19 13:21:11,23.4097568,86.2312192,25884,600,FixOK,A,OaJ5CU0303,G133E15425,"C65J+X99, Sindri, West Bengal 723105, India",4755.25,0,IgnitionOn,1,274.468,102.36,41,-61
2df5f36d-e8d8-4af9-a151-f1eecf73008b-2,EDC_BS6_PERIODIC,2025-12-19 13:20:51,2025-12-19 13:21:11,23.4097568,86.2312192,25885,600,FixOK,A,OaJ5CU0303,G133E15425,"C65J+X99, Sindri, West Bengal 723105, India",4755.25,0,IgnitionOn,1,274.442,102.36,41,-61
2df5f36d-e8d8-4af9-a151-f1eecf73008b-1,EDC_BS6_PERIODIC,2025-12-19 13:20:57,2025-12-19 13:21:11,23.4097568,86.2312192,25886,600,FixOK,A,OaJ5CU0303,G133E15425,"C65J+X99, Sindri, West Bengal 723105, India",4755.25,0,IgnitionOn,1,274.444,102.36,40,-61
29d28d47-2c8a-4255-98c4-fb231ef4690b-12,EDC_BS6_PERIODIC,2025-12-19 13:21:03,2025-12-19 13:40:56,23.4097568,86.2312192,25887,600,FixOK,A,OaJ5CU0303,G133E15425,"C65J+X99, Sindri, West Bengal 723105, India",4755.25,0,IgnitionOn,1,274.447,102.36,41,-61
f7a1d915-5c33-4af4-84b5-be9dffdf564d-10,EDC_BS6_PERIODIC,2025-12-19 13:21:09,2025-12-19 13:22:11,23.4097568,86.2312192,25888,600,FixOK,A,OaJ5CU0303,G133E15425,"C65J+X99, Sindri, West Bengal 723105, India",4755.25,0,IgnitionOn,1,274.42,102.36,41,-61
f7a1d915-5c33-4af4-84b5-be9dffdf564d-9,EDC_BS6_PERIODIC,2025-12-19 13:21:15,2025-12-19 13:22:11,23.4097568,86.2312192,25889,600,FixOK,A,OaJ5CU0303,G133E15425,"C65J+X99, Sindri, West Bengal 723105, India",4755.25,0,IgnitionOn,1,274.458,102.36,40,-61
f7a1d915-5c33-4af4-84b5-be9dffdf564d-8,EDC_BS6_PERIODIC,2025-12-19 13:21:21,2025-12-19 13:22:11,23.409752,86.2312192,25890,600,FixOK,A,OaJ5CU0303,G133E15425,"C65J+X99, Sindri, West Bengal 723105, India",4755.25,0,IgnitionOn,1,274.385,102.36,41,-61
f7a1d915-5c33-4af4-84b5-be9dffdf564d-7,EDC_BS6_PERIODIC,2025-12-19 13:21:27,2025-12-19 13:22:11,23.409752,86.2312192,25891,600,FixOK,A,OaJ5CU0303,G133E15425,"C65J+X99, Sindri, West Bengal 723105, India",4755.25,0,IgnitionOn,1,274.407,102.36,43,-61
f7a1d915-5c33-4af4-84b5-be9dffdf564d-6,EDC_BS6_PERIODIC,2025-12-19 13:21:33,2025-12-19 13:22:11,23.4097472,86.2312192,25892,600,FixOK,A,OaJ5CU0303,G133E15425,"C65J+X99, Sindri, West Bengal 723105, India",4755.25,0,IgnitionOn,1,274.446,102.36,43,-61
f7a1d915-5c33-4af4-84b5-be9dffdf564d-5,EDC_BS6_PERIODIC,2025-12-19 13:21:39,2025-12-19 13:22:11,23.409744,86.2312192,25893,600,FixOK,A,OaJ5CU0303,G133E15425,"C65J+X99, Sindri, West Bengal 723105, India",4755.25,0,IgnitionOn,1,274.466,102.36,43,-61
f7a1d915-5c33-4af4-84b5-be9dffdf564d-4,EDC_BS6_PERIODIC,2025-12-19 13:21:45,2025-12-19 13:22:11,23.409744,86.2312192,25894,600,FixOK,A,OaJ5CU0303,G133E15425,"C65J+X99, Sindri, West Bengal 723105, India",4755.25,0,IgnitionOn,1,274.464,102.36,44,-61
f7a1d915-5c33-4af4-84b5-be9dffdf564d-3,EDC_BS6_PERIODIC,2025-12-19 13:21:51,2025-12-19 13:22:11,23.409744,86.2312,25895,600,FixOK,A,OaJ5CU0303,G133E15425,"C65J+X99, Sindri, West Bengal 723105, India",4755.25,0,IgnitionOn,1,274.425,102.36,44,-61
f7a1d915-5c33-4af4-84b5-be9dffdf564d-2,EDC_BS6_PERIODIC,2025-12-19 13:21:57,2025-12-19 13:22:11,23.409744,86.2312,25896,600,FixOK,A,OaJ5CU0303,G133E15425,"C65J+X99, Sindri, West Bengal 723105, India",4755.25,0,IgnitionOn,1,274.419,102.36,43,-61
f7a1d915-5c33-4af4-84b5-be9dffdf564d-1,EDC_BS6_PERIODIC,2025-12-19 13:22:03,2025-12-19 13:22:11,23.409744,86.2312192,25897,600,FixOK,A,OaJ5CU0303,G133E15425,"C65J+X99, Sindri, West Bengal 723105, India",4755.25,0,IgnitionOn,1,274.345,102.36,43,-61
c718edf7-24c2-4ab1-a751-0e67ecd75d84-10,EDC_BS6_PERIODIC,2025-12-19 13:22:09,2025-12-19 13:23:13,23.409744,86.2312,25898,600,FixOK,A,OaJ5CU0303,G133E15425,"C65J+X99, Sindri, West Bengal 723105, India",4755.25,0,IgnitionOn,1,274.322,102.36,43,-61
c718edf7-24c2-4ab1-a751-0e67ecd75d84-9,EDC_BS6_PERIODIC,2025-12-19 13:22:15,2025-12-19 13:23:13,23.409744,86.2312192,25899,600,FixOK,A,OaJ5CU0303,G133E15425,"C65J+X99, Sindri, West Bengal 723105, India",4755.25,0,IgnitionOn,1,274.321,102.36,43,-61
c718edf7-24c2-4ab1-a751-0e67ecd75d84-8,EDC_BS6_PERIODIC,2025-12-19 13:22:22,2025-12-19 13:23:13,23.409744,86.2312192,25900,600,FixOK,A,OaJ5CU0303,G133E15425,"C65J+X99, Sindri, West Bengal 723105, India",4755.25,0,IgnitionOn,1,274.337,102.36,43,-61
c718edf7-24c2-4ab1-a751-0e67ecd75d84-7,EDC_BS6_PERIODIC,2025-12-19 13:22:27,2025-12-19 13:23:13,23.4097472,86.2312192,25901,600,FixOK,A,OaJ5CU0303,G133E15425,"C65J+X99, Sindri, West Bengal 723105, India",4755.25,0,IgnitionOn,1,274.377,102.36,44,-61
c718edf7-24c2-4ab1-a751-0e67ecd75d84-6,EDC_BS6_PERIODIC,2025-12-19 13:22:33,2025-12-19 13:23:13,23.4097472,86.2312192,25902,600,FixOK,A,OaJ5CU0303,G133E15425,"C65J+X99, Sindri, West Bengal 723105, India",4755.25,0,IgnitionOn,1,274.393,102.36,44,-61
c718edf7-24c2-4ab1-a751-0e67ecd75d84-5,EDC_BS6_PERIODIC,2025-12-19 13:22:39,2025-12-19 13:23:13,23.409744,86.2312192,25903,600,FixOK,A,OaJ5CU0303,G133E15425,"C65J+X99, Sindri, West Bengal 723105, India",4755.25,0,IgnitionOn,1,274.334,102.36,44,-61
c718edf7-24c2-4ab1-a751-0e67ecd75d84-4,EDC_BS6_PERIODIC,2025-12-19 13:22:45,2025-12-19 13:23:13,23.4097408,86.2312192,25904,600,FixOK,A,OaJ5CU0303,G133E15425,"C65J+X99, Sindri, West Bengal 723105, India",4755.25,0,IgnitionOn,1,274.299,102.36,44,-61
c718edf7-24c2-4ab1-a751-0e67ecd75d84-3,EDC_BS6_PERIODIC,2025-12-19 13:22:51,2025-12-19 13:23:13,23.4097408,86.2312192,25905,600,FixOK,A,OaJ5CU0303,G133E15425,"C65J+X99, Sindri, West Bengal 723105, India",4755.25,0,IgnitionOn,1,274.29,102.36,44,-61
c718edf7-24c2-4ab1-a751-0e67ecd75d84-2,EDC_BS6_PERIODIC,2025-12-19 13:22:57,2025-12-19 13:23:13,23.4097408,86.2312192,25906,600,FixOK,A,OaJ5CU0303,G133E15425,"C65J+X99, Sindri, West Bengal 723105, India",4755.25,0,IgnitionOn,1,274.303,102.36,41,-61
c718edf7-24c2-4ab1-a751-0e67ecd75d84-1,EDC_BS6_PERIODIC,2025-12-19 13:23:03,2025-12-19 13:23:13,23.409744,86.2312192,25907,600,FixOK,A,OaJ5CU0303,G133E15425,"C65J+X99, Sindri, West Bengal 723105, India",4755.25,0,IgnitionOn,1,274.293,102.36,44,-61
9ab84bf1-fe62-425c-a56a-f0bd412ad26a-10,EDC_BS6_PERIODIC,2025-12-19 13:23:09,2025-12-19 13:24:14,23.4097408,86.2312192,25908,600,FixOK,A,OaJ5CU0303,G133E15425,"C65J+X99, Sindri, West Bengal 723105, India",4755.25,0,IgnitionOn,1,274.277,102.36,45,-61
9ab84bf1-fe62-425c-a56a-f0bd412ad26a-9,EDC_BS6_PERIODIC,2025-12-19 13:23:15,2025-12-19 13:24:14,23.4097408,86.2312,25909,600,FixOK,A,OaJ5CU0303,G133E15425,"C65J+X99, Sindri, West Bengal 723105, India",4755.25,0,IgnitionOn,1,274.282,102.36,45,-61
9ab84bf1-fe62-425c-a56a-f0bd412ad26a-8,EDC_BS6_PERIODIC,2025-12-19 13:23:21,2025-12-19 13:24:14,23.4097408,86.2312,25910,600,FixOK,A,OaJ5CU0303,G133E15425,"C65J+X99, Sindri, West Bengal 723105, India",4755.25,0,IgnitionOn,1,274.265,102.36,45,-61
9ab84bf1-fe62-425c-a56a-f0bd412ad26a-7,EDC_BS6_PERIODIC,2025-12-19 13:23:27,2025-12-19 13:24:14,23.4097408,86.2312,25911,600,FixOK,A,OaJ5CU0303,G133E15425,"C65J+X99, Sindri, West Bengal 723105, India",4755.25,0,IgnitionOn,1,274.252,102.36,45,-61
9ab84bf1-fe62-425c-a56a-f0bd412ad26a-6,EDC_BS6_PERIODIC,2025-12-19 13:23:33,2025-12-19 13:24:14,23.409744,86.2312192,25912,600,FixOK,A,OaJ5CU0303,G133E15425,"C65J+X99, Sindri, West Bengal 723105, India",4755.25,0,IgnitionOn,1,274.229,102.36,44,-61
9ab84bf1-fe62-425c-a56a-f0bd412ad26a-5,EDC_BS6_PERIODIC,2025-12-19 13:23:39,2025-12-19 13:24:14,23.4097408,86.2312,25913,600,FixOK,A,OaJ5CU0303,G133E15425,"C65J+X99, Sindri, West Bengal 723105, India",4755.25,0,IgnitionOn,1,274.239,102.36,45,-61
9ab84bf1-fe62-425c-a56a-f0bd412ad26a-4,EDC_BS6_PERIODIC,2025-12-19 13:23:45,2025-12-19 13:24:14,23.4097408,86.2312192,25914,600,FixOK,A,OaJ5CU0303,G133E15425,"C65J+X99, Sindri, West Bengal 723105, India",4755.25,0,IgnitionOn,1,274.295,102.36,45,-61
9ab84bf1-fe62-425c-a56a-f0bd412ad26a-3,EDC_BS6_PERIODIC,2025-12-19 13:23:51,2025-12-19 13:24:14,23.4097408,86.2312192,25915,600,FixOK,A,OaJ5CU0303,G133E15425,"C65J+X99, Sindri, West Bengal 723105, India",4755.25,0,IgnitionOn,1,274.25,102.36,45,-61
9ab84bf1-fe62-425c-a56a-f0bd412ad26a-2,EDC_BS6_PERIODIC,2025-12-19 13:23:57,2025-12-19 13:24:14,23.4097408,86.2312192,25916,600,FixOK,A,OaJ5CU0303,G133E15425,"NH18, Sindri, West Bengal 723201, India",4755.25,0,IgnitionOn,1,274.165,102.36,45,-61
9ab84bf1-fe62-425c-a56a-f0bd412ad26a-1,EDC_BS6_PERIODIC,2025-12-19 13:24:03,2025-12-19 13:24:14,23.4097408,86.2312192,25917,600,FixOK,A,OaJ5CU0303,G133E15425,"NH18, Sindri, West Bengal 723201, India",4755.25,0,IgnitionOn,1,274.196,102.36,45,-61
0a7e4134-bfab-49b4-bd58-2a803cd7833f-10,EDC_BS6_PERIODIC,2025-12-19 13:24:09,2025-12-19 13:25:15,23.409744,86.2312192,25918,600,FixOK,A,OaJ5CU0303,G133E15425,"C65J+X99, Sindri, West Bengal 723105, India",4755.25,0,IgnitionOn,1,274.209,102.36,45,-61
0a7e4134-bfab-49b4-bd58-2a803cd7833f-9,EDC_BS6_PERIODIC,2025-12-19 13:24:15,2025-12-19 13:25:15,23.4097408,86.2312192,25919,600,FixOK,A,OaJ5CU0303,G133E15425,"C65J+X99, Sindri, West Bengal 723105, India",4755.25,0,IgnitionOn,1,274.207,102.36,46,-61
0a7e4134-bfab-49b4-bd58-2a803cd7833f-8,EDC_BS6_PERIODIC,2025-12-19 13:24:21,2025-12-19 13:25:15,23.4097408,86.2312192,25920,600,FixOK,A,OaJ5CU0303,G133E15425,"C65J+X99, Sindri, West Bengal 723105, India",4755.25,0,IgnitionOn,1,274.235,102.36,45,-61
0a7e4134-bfab-49b4-bd58-2a803cd7833f-7,EDC_BS6_PERIODIC,2025-12-19 13:24:27,2025-12-19 13:25:15,23.4097408,86.2312192,25921,600,FixOK,A,OaJ5CU0303,G133E15425,"C65J+X99, Sindri, West Bengal 723105, India",4755.25,0,IgnitionOn,1,274.26,102.36,45,-61
0a7e4134-bfab-49b4-bd58-2a803cd7833f-6,EDC_BS6_PERIODIC,2025-12-19 13:24:33,2025-12-19 13:25:15,23.4097408,86.2312192,25922,600,FixOK,A,OaJ5CU0303,G133E15425,"C65J+X99, Sindri, West Bengal 723105, India",4755.25,0,IgnitionOn,1,274.313,102.36,45,-61
0a7e4134-bfab-49b4-bd58-2a803cd7833f-5,EDC_BS6_PERIODIC,2025-12-19 13:24:39,2025-12-19 13:25:15,23.409736,86.2312192,25923,600,FixOK,A,OaJ5CU0303,G133E15425,"C65J+X99, Sindri, West Bengal 723105, India",4755.25,0,IgnitionOn,1,274.316,102.36,45,-61
0a7e4134-bfab-49b4-bd58-2a803cd7833f-4,EDC_BS6_PERIODIC,2025-12-19 13:24:45,2025-12-19 13:25:15,23.409736,86.2312192,25924,600,FixOK,A,OaJ5CU0303,G133E15425,"C65J+X99, Sindri, West Bengal 723105, India",4755.25,0,IgnitionOn,1,274.377,102.36,45,-57
0a7e4134-bfab-49b4-bd58-2a803cd7833f-3,EDC_BS6_PERIODIC,2025-12-19 13:24:51,2025-12-19 13:25:15,23.4097408,86.2312192,25925,600,FixOK,A,OaJ5CU0303,G133E15425,"C65J+X99, Sindri, West Bengal 723105, India",4755.25,0,IgnitionOn,1,274.415,102.36,45,-57
0a7e4134-bfab-49b4-bd58-2a803cd7833f-2,EDC_BS6_PERIODIC,2025-12-19 13:24:57,2025-12-19 13:25:15,23.409736,86.2312192,25926,600,FixOK,A,OaJ5CU0303,G133E15425,"C65J+X99, Sindri, West Bengal 723105, India",4755.25,0,IgnitionOn,1,274.489,102.36,45,-57
0a7e4134-bfab-49b4-bd58-2a803cd7833f-1,EDC_BS6_PERIODIC,2025-12-19 13:25:03,2025-12-19 13:25:15,23.409736,86.2312192,25927,600,FixOK,A,OaJ5CU0303,G133E15425,"C65J+X99, Sindri, West Bengal 723105, India",4755.25,0,IgnitionOn,1,274.399,102.36,46,-57
2ee415ad-4058-4faf-8d71-6bc122c1d352-10,EDC_BS6_PERIODIC,2025-12-19 13:25:09,2025-12-19 13:26:16,23.4097408,86.2312192,25928,600,FixOK,A,OaJ5CU0303,G133E15425,"C65J+X99, Sindri, West Bengal 723105, India",4755.25,0,IgnitionOn,1,274.695,102.36,46,-57
2ee415ad-4058-4faf-8d71-6bc122c1d352-9,EDC_BS6_PERIODIC,2025-12-19 13:25:15,2025-12-19 13:26:16,23.4097408,86.2312192,25929,600,FixOK,A,OaJ5CU0303,G133E15425,"C65J+X99, Sindri, West Bengal 723105, India",4755.25,0,IgnitionOn,1,274.507,102.36,46,-57
2ee415ad-4058-4faf-8d71-6bc122c1d352-8,EDC_BS6_PERIODIC,2025-12-19 13:25:21,2025-12-19 13:26:16,23.4097408,86.2312192,25930,600,FixOK,A,OaJ5CU0303,G133E15425,"C65J+X99, Sindri, West Bengal 723105, India",4755.25,0,IgnitionOn,1,274.73,102.36,46,-57
2ee415ad-4058-4faf-8d71-6bc122c1d352-7,EDC_BS6_PERIODIC,2025-12-19 13:25:27,2025-12-19 13:26:16,23.4097408,86.2312192,25931,600,FixOK,A,OaJ5CU0303,G133E15425,"C65J+X99, Sindri, West Bengal 723105, India",4755.25,0,IgnitionOn,1,274.964,102.36,46,-57
2ee415ad-4058-4faf-8d71-6bc122c1d352-6,EDC_BS6_PERIODIC,2025-12-19 13:25:33,2025-12-19 13:26:16,23.4097408,86.2312192,25932,600,FixOK,A,OaJ5CU0303,G133E15425,"C65J+X99, Sindri, West Bengal 723105, India",4755.25,0,IgnitionOn,1,274.933,102.36,45,-57
2ee415ad-4058-4faf-8d71-6bc122c1d352-5,EDC_BS6_PERIODIC,2025-12-19 13:25:39,2025-12-19 13:26:16,23.409744,86.2312192,25933,600,FixOK,A,OaJ5CU0303,G133E15425,"C65J+X99, Sindri, West Bengal 723105, India",4755.25,0,IgnitionOn,1,274.631,102.36,46,-57
2ee415ad-4058-4faf-8d71-6bc122c1d352-4,EDC_BS6_PERIODIC,2025-12-19 13:25:45,2025-12-19 13:26:16,23.409744,86.2312192,25934,600,FixOK,A,OaJ5CU0303,G133E15425,"C65J+X99, Sindri, West Bengal 723105, India",4755.25,0,IgnitionOn,1,274.791,102.36,46,-57
2ee415ad-4058-4faf-8d71-6bc122c1d352-3,EDC_BS6_PERIODIC,2025-12-19 13:25:51,2025-12-19 13:26:16,23.409744,86.2312192,25935,600,FixOK,A,OaJ5CU0303,G133E15425,"C65J+X99, Sindri, West Bengal 723105, India",4755.25,0,IgnitionOn,1,274.64,102.36,46,-57
2ee415ad-4058-4faf-8d71-6bc122c1d352-2,EDC_BS6_PERIODIC,2025-12-19 13:25:57,2025-12-19 13:26:16,23.4097408,86.2312192,25936,600,FixOK,A,OaJ5CU0303,G133E15425,"C65J+X99, Sindri, West Bengal 723105, India",4755.25,0,IgnitionOn,1,273.736,102.36,46,-57
2ee415ad-4058-4faf-8d71-6bc122c1d352-1,EDC_BS6_PERIODIC,2025-12-19 13:26:03,2025-12-19 13:26:16,23.4097408,86.2312192,25937,600,FixOK,A,OaJ5CU0303,G133E15425,"C65J+X99, Sindri, West Bengal 723105, India",4755.25,0,IgnitionOn,1,273.442,102.36,46,-57
29d28d47-2c8a-4255-98c4-fb231ef4690b-11,EDC_BS6_PERIODIC,2025-12-19 13:26:09,2025-12-19 13:40:56,23.409744,86.2312192,25938,600,FixOK,A,OaJ5CU0303,G133E15425,"C65J+X99, Sindri, West Bengal 723105, India",4755.25,0,IgnitionOn,1,273.167,102.36,46,-57
c4fcfa3e-00d5-4916-85eb-9fdc3d385efa-10,EDC_BS6_PERIODIC,2025-12-19 13:26:15,2025-12-19 13:27:17,23.409744,86.2312192,25939,600,FixOK,A,OaJ5CU0303,G133E15425,"C65J+X99, Sindri, West Bengal 723105, India",4755.25,0,IgnitionOn,1,273.173,102.36,45,-57
c4fcfa3e-00d5-4916-85eb-9fdc3d385efa-9,EDC_BS6_PERIODIC,2025-12-19 13:26:21,2025-12-19 13:27:17,23.409744,86.2312192,25940,600,FixOK,A,OaJ5CU0303,G133E15425,"C65J+X99, Sindri, West Bengal 723105, India",4755.25,0,IgnitionOn,1,273.018,102.36,46,-57
c4fcfa3e-00d5-4916-85eb-9fdc3d385efa-8,EDC_BS6_PERIODIC,2025-12-19 13:26:27,2025-12-19 13:27:17,23.409744,86.2312192,25941,600,FixOK,A,OaJ5CU0303,G133E15425,"C65J+X99, Sindri, West Bengal 723105, India",4755.25,0,IgnitionOn,1,273.588,102.36,46,-57
c4fcfa3e-00d5-4916-85eb-9fdc3d385efa-7,EDC_BS6_PERIODIC,2025-12-19 13:26:33,2025-12-19 13:27:17,23.409744,86.2312192,25942,600,FixOK,A,OaJ5CU0303,G133E15425,"C65J+X99, Sindri, West Bengal 723105, India",4755.25,0,IgnitionOn,1,273.736,102.36,46,-57
c4fcfa3e-00d5-4916-85eb-9fdc3d385efa-6,EDC_BS6_PERIODIC,2025-12-19 13:26:39,2025-12-19 13:27:17,23.4097408,86.2312192,25943,600,FixOK,A,OaJ5CU0303,G133E15425,"C65J+X99, Sindri, West Bengal 723105, India",4755.25,0,IgnitionOn,1,273.93,102.36,46,-57
c4fcfa3e-00d5-4916-85eb-9fdc3d385efa-5,EDC_BS6_PERIODIC,2025-12-19 13:26:45,2025-12-19 13:27:17,23.409744,86.2312192,25944,600,FixOK,A,OaJ5CU0303,G133E15425,"C65J+X99, Sindri, West Bengal 723105, India",4755.25,0,IgnitionOn,1,273.954,102.36,46,-57
c4fcfa3e-00d5-4916-85eb-9fdc3d385efa-4,EDC_BS6_PERIODIC,2025-12-19 13:26:51,2025-12-19 13:27:17,23.409744,86.2312192,25945,600,FixOK,A,OaJ5CU0303,G133E15425,"C65J+X99, Sindri, West Bengal 723105, India",4755.25,0,IgnitionOn,1,273.756,102.36,46,-57
c4fcfa3e-00d5-4916-85eb-9fdc3d385efa-3,EDC_BS6_PERIODIC,2025-12-19 13:26:57,2025-12-19 13:27:17,23.409744,86.2312192,25946,600,FixOK,A,OaJ5CU0303,G133E15425,"C65J+X99, Sindri, West Bengal 723105, India",4755.25,0,IgnitionOn,1,273.55,102.36,46,-57
c4fcfa3e-00d5-4916-85eb-9fdc3d385efa-2,EDC_BS6_PERIODIC,2025-12-19 13:27:03,2025-12-19 13:27:17,23.409744,86.2312192,25947,600,FixOK,A,OaJ5CU0303,G133E15425,"C65J+X99, Sindri, West Bengal 723105, India",4755.25,0,IgnitionOn,1,273.489,102.36,46,-57
c4fcfa3e-00d5-4916-85eb-9fdc3d385efa-1,EDC_BS6_PERIODIC,2025-12-19 13:27:09,2025-12-19 13:27:17,23.409744,86.2312192,25948,600,FixOK,A,OaJ5CU0303,G133E15425,"C65J+X99, Sindri, West Bengal 723105, India",4755.25,0,IgnitionOn,1,273.523,102.36,46,-57
e1da5644-6774-4401-b1ff-d151e3c38a12-10,EDC_BS6_PERIODIC,2025-12-19 13:27:15,2025-12-19 13:28:18,23.409744,86.2312192,25949,600,FixOK,A,OaJ5CU0303,G133E15425,"C65J+X99, Sindri, West Bengal 723105, India",4755.25,0,IgnitionOn,1,273.533,102.36,46,-57
e1da5644-6774-4401-b1ff-d151e3c38a12-9,EDC_BS6_PERIODIC,2025-12-19 13:27:21,2025-12-19 13:28:18,23.409744,86.2312192,25950,600,FixOK,A,OaJ5CU0303,G133E15425,"C65J+X99, Sindri, West Bengal 723105, India",4755.25,0,IgnitionOn,1,273.546,102.36,46,-57
e1da5644-6774-4401-b1ff-d151e3c38a12-8,EDC_BS6_PERIODIC,2025-12-19 13:27:27,2025-12-19 13:28:18,23.409744,86.2312192,25951,600,FixOK,A,OaJ5CU0303,G133E15425,"C65J+X99, Sindri, West Bengal 723105, India",4755.25,0,IgnitionOn,1,273.649,102.36,46,-57
e1da5644-6774-4401-b1ff-d151e3c38a12-7,EDC_BS6_PERIODIC,2025-12-19 13:27:33,2025-12-19 13:28:18,23.4097472,86.2312192,25952,600,FixOK,A,OaJ5CU0303,G133E15425,"C65J+X99, Sindri, West Bengal 723105, India",4755.25,0,IgnitionOn,1,273.716,102.36,46,-57
e1da5644-6774-4401-b1ff-d151e3c38a12-6,EDC_BS6_PERIODIC,2025-12-19 13:27:39,2025-12-19 13:28:18,23.4097472,86.2312192,25953,600,FixOK,A,OaJ5CU0303,G133E15425,"C65J+X99, Sindri, West Bengal 723105, India",4755.25,0,IgnitionOn,1,273.368,102.36,46,-57
e1da5644-6774-4401-b1ff-d151e3c38a12-5,EDC_BS6_PERIODIC,2025-12-19 13:27:45,2025-12-19 13:28:18,23.4097472,86.2312192,25954,600,FixOK,A,OaJ5CU0303,G133E15425,"C65J+X99, Sindri, West Bengal 723105, India",4755.25,0,IgnitionOn,1,273.231,102.36,46,-57
e1da5644-6774-4401-b1ff-d151e3c38a12-4,EDC_BS6_PERIODIC,2025-12-19 13:27:51,2025-12-19 13:28:18,23.4097472,86.2312,25955,600,FixOK,A,OaJ5CU0303,G133E15425,"C65J+X99, Sindri, West Bengal 723105, India",4755.25,0,IgnitionOn,1,273.173,102.36,46,-57
e1da5644-6774-4401-b1ff-d151e3c38a12-3,EDC_BS6_PERIODIC,2025-12-19 13:27:57,2025-12-19 13:28:18,23.409752,86.2312,25956,600,FixOK,A,OaJ5CU0303,G133E15425,"C65J+X99, Sindri, West Bengal 723105, India",4755.25,0,IgnitionOn,1,273.3,102.36,46,-57
e1da5644-6774-4401-b1ff-d151e3c38a12-2,EDC_BS6_PERIODIC,2025-12-19 13:28:03,2025-12-19 13:28:18,23.4097568,86.2312,25957,600,FixOK,A,OaJ5CU0303,G133E15425,"C65J+X99, Sindri, West Bengal 723105, India",4755.25,0,IgnitionOn,1,273.359,102.36,46,-57
e1da5644-6774-4401-b1ff-d151e3c38a12-1,EDC_BS6_PERIODIC,2025-12-19 13:28:09,2025-12-19 13:28:18,23.4097568,86.2312,25958,600,FixOK,A,OaJ5CU0303,G133E15425,"C65J+X99, Sindri, West Bengal 723105, India",4755.25,0,IgnitionOn,1,273.151,102.36,46,-57
29d28d47-2c8a-4255-98c4-fb231ef4690b-10,EDC_BS6_PERIODIC,2025-12-19 13:28:15,2025-12-19 13:40:56,23.4097568,86.2312,25959,600,FixOK,A,OaJ5CU0303,G133E15425,"C65J+X99, Sindri, West Bengal 723105, India",4755.25,0,IgnitionOn,1,272.777,102.36,46,-57
29d28d47-2c8a-4255-98c4-fb231ef4690b-9,EDC_BS6_PERIODIC,2025-12-19 13:28:21,2025-12-19 13:40:56,23.409752,86.2312,25960,600,FixOK,A,OaJ5CU0303,G133E15425,"C65J+X99, Sindri, West Bengal 723105, India",4755.25,0,IgnitionOn,1,272.743,102.36,46,-57
be2afbfc-f2b2-459c-bda0-226638b45b1d-10,EDC_BS6_PERIODIC,2025-12-19 13:28:27,2025-12-19 13:29:19,23.409752,86.2312,25961,600,FixOK,A,OaJ5CU0303,G133E15425,"C65J+X99, Sindri, West Bengal 723105, India",4755.25,0,IgnitionOn,1,272.645,102.36,46,-57
be2afbfc-f2b2-459c-bda0-226638b45b1d-9,DEVICE_METRICS,2025-12-19 13:28:29,2025-12-19 13:29:19,23.409752,86.2312,,600,FixOK,,OaJ5CU0303,G133E15425,"C65J+X99, Sindri, West Bengal 723105, India",0,,IgnitionOn,1,,,,
be2afbfc-f2b2-459c-bda0-226638b45b1d-8,EDC_BS6_PERIODIC,2025-12-19 13:28:33,2025-12-19 13:29:19,23.409752,86.2312,25962,600,FixOK,A,OaJ5CU0303,G133E15425,"C65J+X99, Sindri, West Bengal 723105, India",4755.25,0,IgnitionOn,1,272.689,102.36,46,-57
75aa69c5-1482-475d-88a2-1f4e309e5c86,HEARTBEAT_MESSAGE,2025-12-19 13:28:33,2025-12-19 13:28:33,0,0,,,,,OaJ5CU0303,G133E15425,,,,,1,,,,
be2afbfc-f2b2-459c-bda0-226638b45b1d-7,EDC_BS6_PERIODIC,2025-12-19 13:28:39,2025-12-19 13:29:19,23.409752,86.2312,25963,600,FixOK,A,OaJ5CU0303,G133E15425,"C65J+X99, Sindri, West Bengal 723105, India",4755.25,0,IgnitionOn,1,272.428,102.36,45,-57
be2afbfc-f2b2-459c-bda0-226638b45b1d-5,EDC_BS6_PERIODIC,2025-12-19 13:28:45,2025-12-19 13:29:19,23.409752,86.2312,25964,600,FixOK,A,OaJ5CU0303,G133E15425,"C65J+X99, Sindri, West Bengal 723105, India",4755.25,0,IgnitionOn,1,272.553,102.36,45,-57
be2afbfc-f2b2-459c-bda0-226638b45b1d-6,GPS_MESSAGE,2025-12-19 13:28:45,2025-12-19 13:29:19,23.409752,86.2312,,600,3DFix,,OaJ5CU0303,G133E15425,"C65J+X99, Sindri, West Bengal 723105, India",0,,IgnitionOn,1,272,13,45,
be2afbfc-f2b2-459c-bda0-226638b45b1d-4,EDC_BS6_PERIODIC,2025-12-19 13:28:51,2025-12-19 13:29:19,23.4097472,86.2312,25965,600,FixOK,A,OaJ5CU0303,G133E15425,"C65J+X99, Sindri, West Bengal 723105, India",4755.25,0,IgnitionOn,1,272.562,102.36,45,-57
be2afbfc-f2b2-459c-bda0-226638b45b1d-3,EDC_BS6_PERIODIC,2025-12-19 13:28:57,2025-12-19 13:29:19,23.4097408,86.2312,25966,600,FixOK,A,OaJ5CU0303,G133E15425,"C65J+X99, Sindri, West Bengal 723105, India",4755.25,0,IgnitionOn,1,272.678,102.36,45,-57
be2afbfc-f2b2-459c-bda0-226638b45b1d-2,EDC_BS6_PERIODIC,2025-12-19 13:29:03,2025-12-19 13:29:19,23.409736,86.2312,25967,600,FixOK,A,OaJ5CU0303,G133E15425,"C65J+X99, Sindri, West Bengal 723105, India",4755.25,0,IgnitionOn,1,272.459,102.36,44,-57
be2afbfc-f2b2-459c-bda0-226638b45b1d-1,EDC_BS6_PERIODIC,2025-12-19 13:29:09,2025-12-19 13:29:19,23.4097312,86.2311808,25968,600,FixOK,A,OaJ5CU0303,G133E15425,"C65J+X99, Sindri, West Bengal 723105, India",4755.25,0,IgnitionOn,1,272.455,102.36,43,-57
a5c23001-f056-4529-90e8-2c686ec681f9-10,EDC_BS6_PERIODIC,2025-12-19 13:29:15,2025-12-19 13:30:20,23.4097312,86.2311808,25969,600,FixOK,A,OaJ5CU0303,G133E15425,"C65J+X99, Sindri, West Bengal 723105, India",4755.25,0,IgnitionOn,1,272.792,102.36,45,-57
a5c23001-f056-4529-90e8-2c686ec681f9-9,EDC_BS6_PERIODIC,2025-12-19 13:29:21,2025-12-19 13:30:20,23.4097312,86.2311808,25970,600,FixOK,A,OaJ5CU0303,G133E15425,"C65J+X99, Sindri, West Bengal 723105, India",4755.25,0,IgnitionOn,1,272.351,102.36,45,-57
a5c23001-f056-4529-90e8-2c686ec681f9-8,EDC_BS6_PERIODIC,2025-12-19 13:29:27,2025-12-19 13:30:20,23.409736,86.2312,25971,600,FixOK,A,OaJ5CU0303,G133E15425,"C65J+X99, Sindri, West Bengal 723105, India",4755.25,0,IgnitionOn,1,272.407,102.36,44,-57
a5c23001-f056-4529-90e8-2c686ec681f9-7,EDC_BS6_PERIODIC,2025-12-19 13:29:33,2025-12-19 13:30:20,23.409736,86.2312,25972,600,FixOK,A,OaJ5CU0303,G133E15425,"C65J+X99, Sindri, West Bengal 723105, India",4755.25,0,IgnitionOn,1,272.519,102.36,44,-57
a5c23001-f056-4529-90e8-2c686ec681f9-6,EDC_BS6_PERIODIC,2025-12-19 13:29:39,2025-12-19 13:30:20,23.4097312,86.2312,25973,600,FixOK,A,OaJ5CU0303,G133E15425,"C65J+X99, Sindri, West Bengal 723105, India",4755.25,0,IgnitionOn,1,272.48,102.36,44,-57
a5c23001-f056-4529-90e8-2c686ec681f9-5,EDC_BS6_PERIODIC,2025-12-19 13:29:45,2025-12-19 13:30:20,23.4097312,86.2312,25974,600,FixOK,A,OaJ5CU0303,G133E15425,"C65J+X99, Sindri, West Bengal 723105, India",4755.25,0,IgnitionOn,1,272.41,102.36,44,-57
a5c23001-f056-4529-90e8-2c686ec681f9-4,EDC_BS6_PERIODIC,2025-12-19 13:29:51,2025-12-19 13:30:20,23.4097312,86.2312,25975,600,FixOK,A,OaJ5CU0303,G133E15425,"C65J+X99, Sindri, West Bengal 723105, India",4755.25,0,IgnitionOn,1,272.127,102.36,38,-57
a5c23001-f056-4529-90e8-2c686ec681f9-3,EDC_BS6_PERIODIC,2025-12-19 13:29:57,2025-12-19 13:30:20,23.409728,86.2312,25976,600,FixOK,A,OaJ5CU0303,G133E15425,"C65J+X99, Sindri, West Bengal 723105, India",4755.25,0,IgnitionOn,1,272.093,102.36,41,-57
a5c23001-f056-4529-90e8-2c686ec681f9-2,EDC_BS6_PERIODIC,2025-12-19 13:30:03,2025-12-19 13:30:20,23.409728,86.2312,25977,600,FixOK,A,OaJ5CU0303,G133E15425,"C65J+X99, Sindri, West Bengal 723105, India",4755.25,0,IgnitionOn,1,272.41,102.36,38,-57
a5c23001-f056-4529-90e8-2c686ec681f9-1,EDC_BS6_PERIODIC,2025-12-19 13:30:09,2025-12-19 13:30:20,23.409728,86.2312,25978,600,FixOK,A,OaJ5CU0303,G133E15425,"C65J+X99, Sindri, West Bengal 723105, India",4755.25,0,IgnitionOn,1,272.479,102.36,43,-57
bf094eac-bd4d-433d-ae3a-559e892ff26c-10,EDC_BS6_PERIODIC,2025-12-19 13:30:15,2025-12-19 13:31:21,23.4097248,86.2312,25979,600,FixOK,A,OaJ5CU0303,G133E15425,"C65J+X99, Sindri, West Bengal 723105, India",4755.25,0,IgnitionOn,1,272.411,102.36,43,-57
bf094eac-bd4d-433d-ae3a-559e892ff26c-9,EDC_BS6_PERIODIC,2025-12-19 13:30:21,2025-12-19 13:31:21,23.409728,86.2312,25980,600,FixOK,A,OaJ5CU0303,G133E15425,"C65J+X99, Sindri, West Bengal 723105, India",4755.25,0,IgnitionOn,1,272.41,102.36,39,-57
bf094eac-bd4d-433d-ae3a-559e892ff26c-8,EDC_BS6_PERIODIC,2025-12-19 13:30:27,2025-12-19 13:31:21,23.409728,86.2312,25981,600,FixOK,A,OaJ5CU0303,G133E15425,"C65J+X99, Sindri, West Bengal 723105, India",4755.25,0,IgnitionOn,1,272.376,102.36,39,-57
bf094eac-bd4d-433d-ae3a-559e892ff26c-7,EDC_BS6_PERIODIC,2025-12-19 13:30:33,2025-12-19 13:31:21,23.4097312,86.2312,25982,600,FixOK,A,OaJ5CU0303,G133E15425,"C65J+X99, Sindri, West Bengal 723105, India",4755.25,0,IgnitionOn,1,272.342,102.36,37,-57
bf094eac-bd4d-433d-ae3a-559e892ff26c-6,EDC_BS6_PERIODIC,2025-12-19 13:30:39,2025-12-19 13:31:21,23.4097312,86.2312,25983,600,FixOK,A,OaJ5CU0303,G133E15425,"C65J+X99, Sindri, West Bengal 723105, India",4755.25,0,IgnitionOn,1,272.319,102.36,37,-57
bf094eac-bd4d-433d-ae3a-559e892ff26c-5,EDC_BS6_PERIODIC,2025-12-19 13:30:45,2025-12-19 13:31:21,23.4097312,86.2312,25984,600,FixOK,A,OaJ5CU0303,G133E15425,"C65J+X99, Sindri, West Bengal 723105, India",4755.25,0,IgnitionOn,1,272.282,102.36,37,-61
bf094eac-bd4d-433d-ae3a-559e892ff26c-4,EDC_BS6_PERIODIC,2025-12-19 13:30:51,2025-12-19 13:31:21,23.4097312,86.2312,25985,600,FixOK,A,OaJ5CU0303,G133E15425,"C65J+X99, Sindri, West Bengal 723105, India",4755.25,0,IgnitionOn,1,272.299,102.36,43,-61
bf094eac-bd4d-433d-ae3a-559e892ff26c-3,EDC_BS6_PERIODIC,2025-12-19 13:30:57,2025-12-19 13:31:21,23.409736,86.2312,25986,600,FixOK,A,OaJ5CU0303,G133E15425,"C65J+X99, Sindri, West Bengal 723105, India",4755.25,0,IgnitionOn,1,272.298,102.36,42,-61
bf094eac-bd4d-433d-ae3a-559e892ff26c-2,EDC_BS6_PERIODIC,2025-12-19 13:31:03,2025-12-19 13:31:21,23.409736,86.2312,25987,600,FixOK,A,OaJ5CU0303,G133E15425,"C65J+X99, Sindri, West Bengal 723105, India",4755.25,0,IgnitionOn,1,272.236,102.36,41,-61
bf094eac-bd4d-433d-ae3a-559e892ff26c-1,EDC_BS6_PERIODIC,2025-12-19 13:31:09,2025-12-19 13:31:21,23.409736,86.2312,25988,600,FixOK,A,OaJ5CU0303,G133E15425,"C65J+X99, Sindri, West Bengal 723105, India",4755.25,0,IgnitionOn,1,272.201,102.36,42,-61
18146876-4497-4625-a621-546607750a13-10,EDC_BS6_PERIODIC,2025-12-19 13:31:15,2025-12-19 13:32:22,23.409736,86.2312,25989,600,FixOK,A,OaJ5CU0303,G133E15425,"C65J+X99, Sindri, West Bengal 723105, India",4755.25,0,IgnitionOn,1,272.174,102.36,43,-61
18146876-4497-4625-a621-546607750a13-9,EDC_BS6_PERIODIC,2025-12-19 13:31:21,2025-12-19 13:32:22,23.409736,86.2312,25990,600,FixOK,A,OaJ5CU0303,G133E15425,"C65J+X99, Sindri, West Bengal 723105, India",4755.25,0,IgnitionOn,1,272.102,102.36,43,-61
18146876-4497-4625-a621-546607750a13-8,EDC_BS6_PERIODIC,2025-12-19 13:31:27,2025-12-19 13:32:22,23.409736,86.2312,25991,600,FixOK,A,OaJ5CU0303,G133E15425,"C65J+X99, Sindri, West Bengal 723105, India",4755.25,0,IgnitionOn,1,272.069,102.36,44,-61
18146876-4497-4625-a621-546607750a13-7,EDC_BS6_PERIODIC,2025-12-19 13:31:33,2025-12-19 13:32:22,23.409736,86.2312,25992,600,FixOK,A,OaJ5CU0303,G133E15425,"C65J+X99, Sindri, West Bengal 723105, India",4755.25,0,IgnitionOn,1,272.099,102.36,44,-61
18146876-4497-4625-a621-546607750a13-6,EDC_BS6_PERIODIC,2025-12-19 13:31:39,2025-12-19 13:32:22,23.409736,86.2312,25993,600,FixOK,A,OaJ5CU0303,G133E15425,"C65J+X99, Sindri, West Bengal 723105, India",4755.25,0,IgnitionOn,1,272.106,102.36,39,-61
18146876-4497-4625-a621-546607750a13-5,EDC_BS6_PERIODIC,2025-12-19 13:31:45,2025-12-19 13:32:22,23.4097312,86.2312,25994,600,FixOK,A,OaJ5CU0303,G133E15425,"C65J+X99, Sindri, West Bengal 723105, India",4755.25,0,IgnitionOn,1,272.087,102.36,39,-61
18146876-4497-4625-a621-546607750a13-4,EDC_BS6_PERIODIC,2025-12-19 13:31:51,2025-12-19 13:32:22,23.4097312,86.2312,25995,600,FixOK,A,OaJ5CU0303,G133E15425,"C65J+X99, Sindri, West Bengal 723105, India",4755.25,0,IgnitionOn,1,272.037,102.36,42,-61
18146876-4497-4625-a621-546607750a13-3,EDC_BS6_PERIODIC,2025-12-19 13:31:57,2025-12-19 13:32:22,23.4097312,86.2312,25996,600,FixOK,A,OaJ5CU0303,G133E15425,"C65J+X99, Sindri, West Bengal 723105, India",4755.25,0,IgnitionOn,1,272.002,102.36,42,-61
18146876-4497-4625-a621-546607750a13-2,EDC_BS6_PERIODIC,2025-12-19 13:32:03,2025-12-19 13:32:22,23.4097312,86.2312,25997,600,FixOK,A,OaJ5CU0303,G133E15425,"C65J+X99, Sindri, West Bengal 723105, India",4755.25,0,IgnitionOn,1,271.947,102.36,42,-61
18146876-4497-4625-a621-546607750a13-1,EDC_BS6_PERIODIC,2025-12-19 13:32:09,2025-12-19 13:32:22,23.409736,86.2312,25998,600,FixOK,A,OaJ5CU0303,G133E15425,"C65J+X99, Sindri, West Bengal 723105, India",4755.25,0,IgnitionOn,1,271.933,102.36,43,-61
29d28d47-2c8a-4255-98c4-fb231ef4690b-8,EDC_BS6_PERIODIC,2025-12-19 13:32:15,2025-12-19 13:40:56,23.409736,86.2312,25999,600,FixOK,A,OaJ5CU0303,G133E15425,"C65J+X99, Sindri, West Bengal 723105, India",4755.25,0,IgnitionOn,1,271.734,102.36,42,-61
ce4196f0-777e-4893-b815-e197365640c1-10,EDC_BS6_PERIODIC,2025-12-19 13:32:21,2025-12-19 13:33:24,23.409736,86.2312,26000,600,FixOK,A,OaJ5CU0303,G133E15425,"C65J+X99, Sindri, West Bengal 723105, India",4755.25,0,IgnitionOn,1,271.535,102.36,43,-61
ce4196f0-777e-4893-b815-e197365640c1-9,EDC_BS6_PERIODIC,2025-12-19 13:32:27,2025-12-19 13:33:24,23.409736,86.2312,26001,600,FixOK,A,OaJ5CU0303,G133E15425,"C65J+X99, Sindri, West Bengal 723105, India",4755.25,0,IgnitionOn,1,271.45,102.36,44,-61
ce4196f0-777e-4893-b815-e197365640c1-8,EDC_BS6_PERIODIC,2025-12-19 13:32:33,2025-12-19 13:33:24,23.409736,86.2312,26002,600,FixOK,A,OaJ5CU0303,G133E15425,"C65J+X99, Sindri, West Bengal 723105, India",4755.25,0,IgnitionOn,1,271.002,102.36,44,-61
ce4196f0-777e-4893-b815-e197365640c1-7,EDC_BS6_PERIODIC,2025-12-19 13:32:39,2025-12-19 13:33:24,23.4097312,86.2312,26003,600,FixOK,A,OaJ5CU0303,G133E15425,"C65J+X99, Sindri, West Bengal 723105, India",4755.25,0,IgnitionOn,1,270.828,102.36,44,-61
ce4196f0-777e-4893-b815-e197365640c1-6,EDC_BS6_PERIODIC,2025-12-19 13:32:45,2025-12-19 13:33:24,23.4097312,86.2312,26004,600,FixOK,A,OaJ5CU0303,G133E15425,"C65J+X99, Sindri, West Bengal 723105, India",4755.25,0,IgnitionOn,1,270.646,102.36,44,-61
ce4196f0-777e-4893-b815-e197365640c1-5,EDC_BS6_PERIODIC,2025-12-19 13:32:51,2025-12-19 13:33:24,23.4097312,86.2312,26005,600,FixOK,A,OaJ5CU0303,G133E15425,"C65J+X99, Sindri, West Bengal 723105, India",4755.25,0,IgnitionOn,1,270.816,102.36,44,-61
ce4196f0-777e-4893-b815-e197365640c1-4,EDC_BS6_PERIODIC,2025-12-19 13:32:57,2025-12-19 13:33:24,23.4097312,86.2312,26006,600,FixOK,A,OaJ5CU0303,G133E15425,"C65J+X99, Sindri, West Bengal 723105, India",4755.25,0,IgnitionOn,1,270.832,102.36,44,-61
ce4196f0-777e-4893-b815-e197365640c1-3,EDC_BS6_PERIODIC,2025-12-19 13:33:03,2025-12-19 13:33:24,23.4097312,86.2312,26007,600,FixOK,A,OaJ5CU0303,G133E15425,"C65J+X99, Sindri, West Bengal 723105, India",4755.25,0,IgnitionOn,1,271.006,102.36,44,-61
ce4196f0-777e-4893-b815-e197365640c1-2,EDC_BS6_PERIODIC,2025-12-19 13:33:09,2025-12-19 13:33:24,23.4097312,86.2312,26008,600,FixOK,A,OaJ5CU0303,G133E15425,"C65J+X99, Sindri, West Bengal 723105, India",4755.25,0,IgnitionOn,1,271.128,102.36,45,-61
ce4196f0-777e-4893-b815-e197365640c1-1,EDC_BS6_PERIODIC,2025-12-19 13:33:15,2025-12-19 13:33:24,23.409728,86.2312,26009,600,FixOK,A,OaJ5CU0303,G133E15425,"C65J+X99, Sindri, West Bengal 723105, India",4755.25,0,IgnitionOn,1,271.076,102.36,45,-61
2c93a2e5-f19a-489b-abb9-8f17430b9b1c-10,EDC_BS6_PERIODIC,2025-12-19 13:33:21,2025-12-19 13:34:25,23.4097312,86.2312,26010,600,FixOK,A,OaJ5CU0303,G133E15425,"C65J+X99, Sindri, West Bengal 723105, India",4755.25,0,IgnitionOn,1,271.273,102.36,45,-61
2c93a2e5-f19a-489b-abb9-8f17430b9b1c-9,EDC_BS6_PERIODIC,2025-12-19 13:33:27,2025-12-19 13:34:25,23.409728,86.2312,26011,600,FixOK,A,OaJ5CU0303,G133E15425,"C65J+X99, Sindri, West Bengal 723105, India",4755.25,0,IgnitionOn,1,271.705,102.36,44,-61
2c93a2e5-f19a-489b-abb9-8f17430b9b1c-8,EDC_BS6_PERIODIC,2025-12-19 13:33:33,2025-12-19 13:34:25,23.4097312,86.2312,26012,600,FixOK,A,OaJ5CU0303,G133E15425,"C65J+X99, Sindri, West Bengal 723105, India",4755.25,0,IgnitionOn,1,271.652,102.36,44,-61
2c93a2e5-f19a-489b-abb9-8f17430b9b1c-7,EDC_BS6_PERIODIC,2025-12-19 13:33:39,2025-12-19 13:34:25,23.4097312,86.2312,26013,600,FixOK,A,OaJ5CU0303,G133E15425,"C65J+X99, Sindri, West Bengal 723105, India",4755.25,0,IgnitionOn,1,271.454,102.36,41,-61
2c93a2e5-f19a-489b-abb9-8f17430b9b1c-6,EDC_BS6_PERIODIC,2025-12-19 13:33:45,2025-12-19 13:34:25,23.4097312,86.2312,26014,600,FixOK,A,OaJ5CU0303,G133E15425,"C65J+X99, Sindri, West Bengal 723105, India",4755.25,0,IgnitionOn,1,270.864,102.36,43,-61
2c93a2e5-f19a-489b-abb9-8f17430b9b1c-5,EDC_BS6_PERIODIC,2025-12-19 13:33:51,2025-12-19 13:34:25,23.4097312,86.2312,26015,600,FixOK,A,OaJ5CU0303,G133E15425,"C65J+X99, Sindri, West Bengal 723105, India",4755.25,0,IgnitionOn,1,270.64,102.36,44,-61
2c93a2e5-f19a-489b-abb9-8f17430b9b1c-4,EDC_BS6_PERIODIC,2025-12-19 13:33:57,2025-12-19 13:34:25,23.409736,86.2312,26016,600,FixOK,A,OaJ5CU0303,G133E15425,"C65J+X99, Sindri, West Bengal 723105, India",4755.25,0,IgnitionOn,1,270.467,102.36,43,-61
2c93a2e5-f19a-489b-abb9-8f17430b9b1c-3,EDC_BS6_PERIODIC,2025-12-19 13:34:03,2025-12-19 13:34:25,23.4097408,86.2312,26017,600,FixOK,A,OaJ5CU0303,G133E15425,"C65J+X99, Sindri, West Bengal 723105, India",4755.25,0,IgnitionOn,1,270.566,102.36,44,-61
2c93a2e5-f19a-489b-abb9-8f17430b9b1c-2,EDC_BS6_PERIODIC,2025-12-19 13:34:09,2025-12-19 13:34:25,23.4097408,86.2312,26018,600,FixOK,A,OaJ5CU0303,G133E15425,"C65J+X99, Sindri, West Bengal 723105, India",4755.25,0,IgnitionOn,1,270.79,102.36,44,-61
2c93a2e5-f19a-489b-abb9-8f17430b9b1c-1,EDC_BS6_PERIODIC,2025-12-19 13:34:15,2025-12-19 13:34:25,23.409744,86.2312,26019,600,FixOK,A,OaJ5CU0303,G133E15425,"C65J+X99, Sindri, West Bengal 723105, India",4755.25,0,IgnitionOn,1,271.343,102.36,44,-61
cd4a7e76-da64-4832-857f-4858bc4f0072-10,EDC_BS6_PERIODIC,2025-12-19 13:34:21,2025-12-19 13:35:25,23.409744,86.2312,26020,600,FixOK,A,OaJ5CU0303,G133E15425,"C65J+X99, Sindri, West Bengal 723105, India",4755.25,0,IgnitionOn,1,271.571,102.36,44,-61
cd4a7e76-da64-4832-857f-4858bc4f0072-9,EDC_BS6_PERIODIC,2025-12-19 13:34:27,2025-12-19 13:35:25,23.409744,86.2312,26021,600,FixOK,A,OaJ5CU0303,G133E15425,"C65J+X99, Sindri, West Bengal 723105, India",4755.25,0,IgnitionOn,1,271.816,102.36,44,-61
cd4a7e76-da64-4832-857f-4858bc4f0072-8,EDC_BS6_PERIODIC,2025-12-19 13:34:33,2025-12-19 13:35:25,23.4097408,86.2312,26022,600,FixOK,A,OaJ5CU0303,G133E15425,"C65J+X99, Sindri, West Bengal 723105, India",4755.25,0,IgnitionOn,1,271.591,102.36,43,-61
cd4a7e76-da64-4832-857f-4858bc4f0072-7,EDC_BS6_PERIODIC,2025-12-19 13:34:39,2025-12-19 13:35:25,23.409736,86.2312,26023,600,FixOK,A,OaJ5CU0303,G133E15425,"C65J+X99, Sindri, West Bengal 723105, India",4755.25,0,IgnitionOn,1,271.516,102.36,43,-61
cd4a7e76-da64-4832-857f-4858bc4f0072-6,EDC_BS6_PERIODIC,2025-12-19 13:34:45,2025-12-19 13:35:25,23.409736,86.2312,26024,600,FixOK,A,OaJ5CU0303,G133E15425,"C65J+X99, Sindri, West Bengal 723105, India",4755.25,0,IgnitionOn,1,271.782,102.36,43,-61
cd4a7e76-da64-4832-857f-4858bc4f0072-5,EDC_BS6_PERIODIC,2025-12-19 13:34:51,2025-12-19 13:35:25,23.4097312,86.2312,26025,600,FixOK,A,OaJ5CU0303,G133E15425,"C65J+X99, Sindri, West Bengal 723105, India",4755.25,0,IgnitionOn,1,271.488,102.36,42,-61
cd4a7e76-da64-4832-857f-4858bc4f0072-4,EDC_BS6_PERIODIC,2025-12-19 13:34:57,2025-12-19 13:35:25,23.409736,86.2312,26026,600,FixOK,A,OaJ5CU0303,G133E15425,"C65J+X99, Sindri, West Bengal 723105, India",4755.25,0,IgnitionOn,1,271.143,102.36,42,-61
cd4a7e76-da64-4832-857f-4858bc4f0072-3,EDC_BS6_PERIODIC,2025-12-19 13:35:03,2025-12-19 13:35:25,23.409736,86.2312,26027,600,FixOK,A,OaJ5CU0303,G133E15425,"C65J+X99, Sindri, West Bengal 723105, India",4755.25,0,IgnitionOn,1,271.243,102.36,42,-61
cd4a7e76-da64-4832-857f-4858bc4f0072-2,EDC_BS6_PERIODIC,2025-12-19 13:35:09,2025-12-19 13:35:25,23.409736,86.2312,26028,600,FixOK,A,OaJ5CU0303,G133E15425,"C65J+X99, Sindri, West Bengal 723105, India",4755.25,0,IgnitionOn,1,271.555,102.36,42,-61
cd4a7e76-da64-4832-857f-4858bc4f0072-1,EDC_BS6_PERIODIC,2025-12-19 13:35:15,2025-12-19 13:35:25,23.4097312,86.2312,26029,600,FixOK,A,OaJ5CU0303,G133E15425,"C65J+X99, Sindri, West Bengal 723105, India",4755.25,0,IgnitionOn,1,271.626,102.36,43,-61
66016922-1df4-4055-9469-0b2e944f1973-10,EDC_BS6_PERIODIC,2025-12-19 13:35:21,2025-12-19 13:36:27,23.409736,86.2312,26030,600,FixOK,A,OaJ5CU0303,G133E15425,"C65J+X99, Sindri, West Bengal 723105, India",4755.25,0,IgnitionOn,1,271.601,102.36,43,-61
66016922-1df4-4055-9469-0b2e944f1973-9,EDC_BS6_PERIODIC,2025-12-19 13:35:27,2025-12-19 13:36:27,23.4097408,86.2312,26031,600,FixOK,A,OaJ5CU0303,G133E15425,"C65J+X99, Sindri, West Bengal 723105, India",4755.25,0,IgnitionOn,1,271.432,102.36,43,-61
66016922-1df4-4055-9469-0b2e944f1973-8,EDC_BS6_PERIODIC,2025-12-19 13:35:33,2025-12-19 13:36:27,23.4097408,86.2312,26032,600,FixOK,A,OaJ5CU0303,G133E15425,"C65J+X99, Sindri, West Bengal 723105, India",4755.25,0,IgnitionOn,1,271.135,102.36,43,-61
66016922-1df4-4055-9469-0b2e944f1973-7,EDC_BS6_PERIODIC,2025-12-19 13:35:39,2025-12-19 13:36:27,23.4097408,86.2312,26033,600,FixOK,A,OaJ5CU0303,G133E15425,"C65J+X99, Sindri, West Bengal 723105, India",4755.25,0,IgnitionOn,1,271.102,102.36,43,-61
66016922-1df4-4055-9469-0b2e944f1973-6,EDC_BS6_PERIODIC,2025-12-19 13:35:45,2025-12-19 13:36:27,23.4097408,86.2312,26034,600,FixOK,A,OaJ5CU0303,G133E15425,"C65J+X99, Sindri, West Bengal 723105, India",4755.25,0,IgnitionOn,1,271.026,102.36,43,-61
66016922-1df4-4055-9469-0b2e944f1973-5,EDC_BS6_PERIODIC,2025-12-19 13:35:51,2025-12-19 13:36:27,23.4097408,86.2312,26035,600,FixOK,A,OaJ5CU0303,G133E15425,"C65J+X99, Sindri, West Bengal 723105, India",4755.25,0,IgnitionOn,1,271.038,102.36,43,-61
66016922-1df4-4055-9469-0b2e944f1973-4,EDC_BS6_PERIODIC,2025-12-19 13:35:57,2025-12-19 13:36:27,23.4097408,86.2312,26036,600,FixOK,A,OaJ5CU0303,G133E15425,"C65J+X99, Sindri, West Bengal 723105, India",4755.25,0,IgnitionOn,1,270.942,102.36,43,-61
66016922-1df4-4055-9469-0b2e944f1973-3,EDC_BS6_PERIODIC,2025-12-19 13:36:03,2025-12-19 13:36:27,23.4097408,86.2312,26037,600,FixOK,A,OaJ5CU0303,G133E15425,"C65J+X99, Sindri, West Bengal 723105, India",4755.25,0,IgnitionOn,1,270.777,102.36,43,-61
66016922-1df4-4055-9469-0b2e944f1973-2,EDC_BS6_PERIODIC,2025-12-19 13:36:09,2025-12-19 13:36:27,23.409736,86.2312,26038,600,FixOK,A,OaJ5CU0303,G133E15425,"C65J+X99, Sindri, West Bengal 723105, India",4755.25,0,IgnitionOn,1,269.932,102.36,43,-61
66016922-1df4-4055-9469-0b2e944f1973-1,EDC_BS6_PERIODIC,2025-12-19 13:36:15,2025-12-19 13:36:27,23.4097408,86.2312,26039,600,FixOK,A,OaJ5CU0303,G133E15425,"C65J+X99, Sindri, West Bengal 723105, India",4755.25,0,IgnitionOn,1,269.647,102.36,43,-61
b876f048-bb23-4ced-a9e7-6b42b45ded4f-10,EDC_BS6_PERIODIC,2025-12-19 13:36:21,2025-12-19 13:37:28,23.409736,86.2312,26040,600,FixOK,A,OaJ5CU0303,G133E15425,"C65J+X99, Sindri, West Bengal 723105, India",4755.25,0,IgnitionOn,1,269.227,102.36,44,-61
b876f048-bb23-4ced-a9e7-6b42b45ded4f-9,EDC_BS6_PERIODIC,2025-12-19 13:36:27,2025-12-19 13:37:28,23.4097312,86.2312,26041,600,FixOK,A,OaJ5CU0303,G133E15425,"C65J+X99, Sindri, West Bengal 723105, India",4755.25,0,IgnitionOn,1,269.082,102.36,43,-61
b876f048-bb23-4ced-a9e7-6b42b45ded4f-8,EDC_BS6_PERIODIC,2025-12-19 13:36:33,2025-12-19 13:37:28,23.4097312,86.2312,26042,600,FixOK,A,OaJ5CU0303,G133E15425,"C65J+X99, Sindri, West Bengal 723105, India",4755.25,0,IgnitionOn,1,269.427,102.36,43,-61
b876f048-bb23-4ced-a9e7-6b42b45ded4f-7,EDC_BS6_PERIODIC,2025-12-19 13:36:39,2025-12-19 13:37:28,23.4097312,86.2312,26043,600,FixOK,A,OaJ5CU0303,G133E15425,"C65J+X99, Sindri, West Bengal 723105, India",4755.25,0,IgnitionOn,1,269.68,102.36,43,-61
b876f048-bb23-4ced-a9e7-6b42b45ded4f-6,EDC_BS6_PERIODIC,2025-12-19 13:36:45,2025-12-19 13:37:28,23.4097312,86.2312,26044,600,FixOK,A,OaJ5CU0303,G133E15425,"C65J+X99, Sindri, West Bengal 723105, India",4755.25,0,IgnitionOn,1,269.694,102.36,43,-55
b876f048-bb23-4ced-a9e7-6b42b45ded4f-5,EDC_BS6_PERIODIC,2025-12-19 13:36:51,2025-12-19 13:37:28,23.4097312,86.2312,26045,600,FixOK,A,OaJ5CU0303,G133E15425,"C65J+X99, Sindri, West Bengal 723105, India",4755.25,0,IgnitionOn,1,269.752,102.36,43,-55
b876f048-bb23-4ced-a9e7-6b42b45ded4f-4,EDC_BS6_PERIODIC,2025-12-19 13:36:57,2025-12-19 13:37:28,23.4097312,86.2312,26046,600,FixOK,A,OaJ5CU0303,G133E15425,"C65J+X99, Sindri, West Bengal 723105, India",4755.25,0,IgnitionOn,1,270.154,102.36,42,-55
b876f048-bb23-4ced-a9e7-6b42b45ded4f-3,EDC_BS6_PERIODIC,2025-12-19 13:37:03,2025-12-19 13:37:28,23.4097312,86.2312,26047,600,FixOK,A,OaJ5CU0303,G133E15425,"C65J+X99, Sindri, West Bengal 723105, India",4755.25,0,IgnitionOn,1,270.104,102.36,42,-55
b876f048-bb23-4ced-a9e7-6b42b45ded4f-2,EDC_BS6_PERIODIC,2025-12-19 13:37:09,2025-12-19 13:37:28,23.4097312,86.2311808,26048,600,FixOK,A,OaJ5CU0303,G133E15425,"C65J+X99, Sindri, West Bengal 723105, India",4755.25,0,IgnitionOn,1,270.436,102.36,40,-55
b876f048-bb23-4ced-a9e7-6b42b45ded4f-1,EDC_BS6_PERIODIC,2025-12-19 13:37:15,2025-12-19 13:37:28,23.409728,86.2312,26049,600,FixOK,A,OaJ5CU0303,G133E15425,"C65J+X99, Sindri, West Bengal 723105, India",4755.25,0,IgnitionOn,1,270.287,102.36,41,-55
29d28d47-2c8a-4255-98c4-fb231ef4690b-7,EDC_BS6_PERIODIC,2025-12-19 13:37:21,2025-12-19 13:40:56,23.4097312,86.2312,26050,600,FixOK,A,OaJ5CU0303,G133E15425,"C65J+X99, Sindri, West Bengal 723105, India",4755.25,0,IgnitionOn,1,270.01,102.36,44,-55
29d28d47-2c8a-4255-98c4-fb231ef4690b-6,EDC_BS6_PERIODIC,2025-12-19 13:37:27,2025-12-19 13:40:56,23.4097312,86.2312,26051,600,FixOK,A,OaJ5CU0303,G133E15425,"C65J+X99, Sindri, West Bengal 723105, India",4755.25,0,IgnitionOn,1,270.29,102.36,46,-55
0c55ec40-ab4f-4202-a9e7-8c835652549d-10,EDC_BS6_PERIODIC,2025-12-19 13:37:33,2025-12-19 13:38:29,23.409736,86.2312,26052,600,FixOK,A,OaJ5CU0303,G133E15425,"C65J+X99, Sindri, West Bengal 723105, India",4755.25,0,IgnitionOn,1,270.251,102.36,46,-55
0c55ec40-ab4f-4202-a9e7-8c835652549d-9,EDC_BS6_PERIODIC,2025-12-19 13:37:39,2025-12-19 13:38:29,23.4097312,86.2312,26053,600,FixOK,A,OaJ5CU0303,G133E15425,"C65J+X99, Sindri, West Bengal 723105, India",4755.25,0,IgnitionOn,1,270.547,102.36,46,-55
0c55ec40-ab4f-4202-a9e7-8c835652549d-8,EDC_BS6_PERIODIC,2025-12-19 13:37:45,2025-12-19 13:38:29,23.409736,86.2312,26054,600,FixOK,A,OaJ5CU0303,G133E15425,"C65J+X99, Sindri, West Bengal 723105, India",4755.25,0,IgnitionOn,1,271.009,102.36,46,-55
0c55ec40-ab4f-4202-a9e7-8c835652549d-7,BATTERY_VOLTAGE_DIP,2025-12-19 13:37:47,2025-12-19 13:38:29,23.409736,86.2312,23459,600,FixOK,,OaJ5CU0303,G133E15425,"C65J+X99, Sindri, West Bengal 723105, India",0,0,IgnitionOn,1,,,,
0c55ec40-ab4f-4202-a9e7-8c835652549d-6-1,BATTERY_VOLTAGE_DIP_AUX_DATA,2025-12-19 13:37:47,2025-12-19 13:38:29,23.409736,86.2312,1,600,FixOK,,OaJ5CU0303,G133E15425,"C65J+X99, Sindri, West Bengal 723105, India",0,,IgnitionOn,1,,,,
0c55ec40-ab4f-4202-a9e7-8c835652549d-6-2,BATTERY_VOLTAGE_DIP_AUX_DATA,2025-12-19 13:37:47,2025-12-19 13:38:29,23.409736,86.2312,2,600,FixOK,,OaJ5CU0303,G133E15425,"C65J+X99, Sindri, West Bengal 723105, India",0,,IgnitionOn,1,,,,
0c55ec40-ab4f-4202-a9e7-8c835652549d-6-3,BATTERY_VOLTAGE_DIP_AUX_DATA,2025-12-19 13:37:47,2025-12-19 13:38:29,23.409736,86.2312,3,600,FixOK,,OaJ5CU0303,G133E15425,"C65J+X99, Sindri, West Bengal 723105, India",0,,IgnitionOn,1,,,,
0c55ec40-ab4f-4202-a9e7-8c835652549d-5,EDC_BS6_PERIODIC,2025-12-19 13:37:51,2025-12-19 13:38:29,23.409736,86.2312,26055,600,FixOK,A,OaJ5CU0303,G133E15425,"C65J+X99, Sindri, West Bengal 723105, India",4755.25,0,IgnitionOn,1,271.475,102.36,47,-55
0c55ec40-ab4f-4202-a9e7-8c835652549d-4,EDC_BS6_PERIODIC,2025-12-19 13:37:57,2025-12-19 13:38:29,23.4097312,86.2312,26056,600,FixOK,A,OaJ5CU0303,G133E15425,"C65J+X99, Sindri, West Bengal 723105, India",4755.25,0,IgnitionOn,1,271.735,102.36,46,-55
0c55ec40-ab4f-4202-a9e7-8c835652549d-3,EDC_BS6_PERIODIC,2025-12-19 13:38:03,2025-12-19 13:38:29,23.4097312,86.2312,26057,600,FixOK,A,OaJ5CU0303,G133E15425,"C65J+X99, Sindri, West Bengal 723105, India",4755.25,0,IgnitionOn,1,272.214,102.36,46,-55
0c55ec40-ab4f-4202-a9e7-8c835652549d-2,EDC_BS6_PERIODIC,2025-12-19 13:38:09,2025-12-19 13:38:29,23.4097312,86.2312,26058,600,FixOK,A,OaJ5CU0303,G133E15425,"C65J+X99, Sindri, West Bengal 723105, India",4755.25,0,IgnitionOn,1,272.667,102.36,46,-55
0c55ec40-ab4f-4202-a9e7-8c835652549d-1,EDC_BS6_PERIODIC,2025-12-19 13:38:15,2025-12-19 13:38:29,23.4097312,86.2312,26059,600,FixOK,A,OaJ5CU0303,G133E15425,"C65J+X99, Sindri, West Bengal 723105, India",4755.25,0,IgnitionOn,1,272.728,102.36,46,-55
29d28d47-2c8a-4255-98c4-fb231ef4690b-5,EDC_BS6_PERIODIC,2025-12-19 13:38:21,2025-12-19 13:40:56,23.4097312,86.2312,26060,600,FixOK,A,OaJ5CU0303,G133E15425,"C65J+X99, Sindri, West Bengal 723105, India",4755.25,0,IgnitionOn,1,273.425,102.36,46,-55
29d28d47-2c8a-4255-98c4-fb231ef4690b-4,EDC_BS6_PERIODIC,2025-12-19 13:38:27,2025-12-19 13:40:56,23.409728,86.2312,26061,600,FixOK,A,OaJ5CU0303,G133E15425,"C65J+X99, Sindri, West Bengal 723105, India",4755.25,0,IgnitionOn,1,273.884,102.36,46,-55
29d28d47-2c8a-4255-98c4-fb231ef4690b-3,EDC_BS6_PERIODIC,2025-12-19 13:38:33,2025-12-19 13:40:56,23.4097408,86.2311808,26062,600,FixOK,A,OaJ5CU0303,G133E15425,"C65J+X99, Sindri, West Bengal 723105, India",4755.25,0,IgnitionOn,1,273.852,102.36,47,-55
7e2896e6-e2b7-45d9-aee5-96d5de183882-10,EDC_BS6_PERIODIC,2025-12-19 13:38:39,2025-12-19 13:39:30,23.409744,86.231168,26063,600,FixOK,A,OaJ5CU0303,G133E15425,"C65J+X99, Sindri, West Bengal 723105, India",4755.25,0,IgnitionOn,1,273.838,102.36,47,-55
7e2896e6-e2b7-45d9-aee5-96d5de183882-8,EDC_BS6_PERIODIC,2025-12-19 13:38:45,2025-12-19 13:39:30,23.409744,86.2311808,26064,600,FixOK,A,OaJ5CU0303,G133E15425,"C65J+X99, Sindri, West Bengal 723105, India",4755.25,0,IgnitionOn,1,274.04,102.36,47,-55
7e2896e6-e2b7-45d9-aee5-96d5de183882-9,GPS_MESSAGE,2025-12-19 13:38:45,2025-12-19 13:39:30,23.409744,86.2311808,,600,3DFix,,OaJ5CU0303,G133E15425,"C65J+X99, Sindri, West Bengal 723105, India",0,,IgnitionOn,1,274,11,47,
7e2896e6-e2b7-45d9-aee5-96d5de183882-7,EDC_BS6_PERIODIC,2025-12-19 13:38:51,2025-12-19 13:39:30,23.4097312,86.2312,26065,600,FixOK,A,OaJ5CU0303,G133E15425,"C65J+X99, Sindri, West Bengal 723105, India",4755.25,0,IgnitionOn,1,274.022,102.36,47,-55
7e2896e6-e2b7-45d9-aee5-96d5de183882-6,EDC_BS6_PERIODIC,2025-12-19 13:38:57,2025-12-19 13:39:30,23.40972,86.2312448,26066,600,FixOK,A,OaJ5CU0303,G133E15425,"C65J+X99, Sindri, West Bengal 723105, India",4755.25,3.45,IgnitionOn,1,274.233,102.36,47,-55
7e2896e6-e2b7-45d9-aee5-96d5de183882-5,OVER_STOPPAGE_END,2025-12-19 13:38:58,2025-12-19 13:39:30,23.4097152,86.2312448,23461,600,FixOK,,OaJ5CU0303,G133E15425,"C65J+X99, Sindri, West Bengal 723105, India",0,,IgnitionOn,1,,,,
7e2896e6-e2b7-45d9-aee5-96d5de183882-4,EDC_BS6_PERIODIC,2025-12-19 13:39:03,2025-12-19 13:39:30,23.4097088,86.2312832,26067,600,FixOK,A,OaJ5CU0303,G133E15425,"C65J+X99, Sindri, West Bengal 723105, India",4755.25,2.6,IgnitionOn,1,274.218,102.36,46,-55
7e2896e6-e2b7-45d9-aee5-96d5de183882-3,EDC_BS6_PERIODIC,2025-12-19 13:39:09,2025-12-19 13:39:30,23.40964,86.2315264,26068,600,FixOK,A,OaJ5CU0303,G133E15425,"C65J+X99, Sindri, West Bengal 723105, India",4755.25,9.89,IgnitionOn,1,274.238,103.94,46,-55
7e2896e6-e2b7-45d9-aee5-96d5de183882-2,EDC_BS6_PERIODIC,2025-12-19 13:39:15,2025-12-19 13:39:30,23.4096128,86.2317504,26069,600,FixOK,A,OaJ5CU0303,G133E15425,"C65J+X99, Sindri, West Bengal 723105, India",4755.25,9.59,IgnitionOn,1,274.407,93.26,46,-55
7e2896e6-e2b7-45d9-aee5-96d5de183882-1,EDC_BS6_PERIODIC,2025-12-19 13:39:21,2025-12-19 13:39:30,23.4095984,86.2320128,26070,600,FixOK,A,OaJ5CU0303,G133E15425,"C65J+X99, Sindri, West Bengal 723105, India",4755.25,15.02,IgnitionOn,1,274.829,94.26,47,-55
29d28d47-2c8a-4255-98c4-fb231ef4690b-2,BRAKE_PRESSED,2025-12-19 13:39:23,2025-12-19 13:40:56,23.4095904,86.232096,23462,600,FixOK,,OaJ5CU0303,G133E15425,"C65J+X99, Sindri, West Bengal 723105, India",0,14.89,IgnitionOn,1,,,,
29d28d47-2c8a-4255-98c4-fb231ef4690b-1,EDC_BS6_PERIODIC,2025-12-19 13:39:27,2025-12-19 13:40:56,23.4095904,86.232256,26071,600,FixOK,A,OaJ5CU0303,G133E15425,"C65J+X99, Sindri, West Bengal 723105, India",4755.375,17.34,IgnitionOn,1,274.786,87.34,46,-55
31da72e3-bb9a-459c-a9d7-64c215b50741-11,CLUTCH_RIDING_START,2025-12-19 13:39:28,2025-12-19 13:45:05,23.4095904,86.232288,23463,600,FixOK,,OaJ5CU0303,G133E15425,"NH18, Sindri, West Bengal 723201, India",0,16.29,IgnitionOn,1,,,,
31da72e3-bb9a-459c-a9d7-64c215b50741-10,EDC_BS6_PERIODIC,2025-12-19 13:39:33,2025-12-19 13:45:05,23.409624,86.2325184,26072,600,FixOK,A,OaJ5CU0303,G133E15425,"NH18, Sindri, West Bengal 723201, India",4755.375,13.51,IgnitionOn,1,275.122,84.65,47,-55
cb925cfa-ad3a-4ac5-a7c6-4082ef3edb5e-10,CLUTCH_RIDING_END,2025-12-19 13:39:35,2025-12-19 13:40:31,23.4096608,86.2326144,23464,600,FixOK,,OaJ5CU0303,G133E15425,"C65J+X99, Sindri, West Bengal 723105, India",0,28.15,IgnitionOn,1,,,,
cb925cfa-ad3a-4ac5-a7c6-4082ef3edb5e-9,EDC_BS6_PERIODIC,2025-12-19 13:39:39,2025-12-19 13:40:31,23.40968,86.2329088,26073,600,FixOK,A,OaJ5CU0303,G133E15425,"C65J+X99, Sindri, West Bengal 723105, India",4755.375,20.27,IgnitionOn,1,276.436,70.76,47,-55
cb925cfa-ad3a-4ac5-a7c6-4082ef3edb5e-8,EDC_BS6_PERIODIC,2025-12-19 13:39:45,2025-12-19 13:40:31,23.409632,86.2334656,26074,600,FixOK,A,OaJ5CU0303,G133E15425,"C65J+X99, Sindri, West Bengal 723105, India",4755.375,30.94,IgnitionOn,1,276.553,96.33,47,-55
cb925cfa-ad3a-4ac5-a7c6-4082ef3edb5e-7,EDC_BS6_PERIODIC,2025-12-19 13:39:51,2025-12-19 13:40:31,23.4095824,86.234112,26075,600,FixOK,A,OaJ5CU0303,G133E15425,"C65J+X99, Sindri, West Bengal 723105, India",4755.5,38.67,IgnitionOn,1,275.855,94.25,47,-55
cb925cfa-ad3a-4ac5-a7c6-4082ef3edb5e-6,BRAKE_PRESSED,2025-12-19 13:39:52,2025-12-19 13:40:31,23.4095696,86.234208,23465,600,FixOK,,OaJ5CU0303,G133E15425,"C65J+X99, Sindri, West Bengal 723105, India",0,39.07,IgnitionOn,1,,,,
cb925cfa-ad3a-4ac5-a7c6-4082ef3edb5e-5,EDC_BS6_PERIODIC,2025-12-19 13:39:57,2025-12-19 13:40:31,23.4095072,86.23472,26076,600,FixOK,A,OaJ5CU0303,G133E15425,"C65J+X99, Sindri, West Bengal 723105, India",4755.5,40.1,IgnitionOn,1,274.821,98.12,47,-55
cb925cfa-ad3a-4ac5-a7c6-4082ef3edb5e-4,EDC_BS6_PERIODIC,2025-12-19 13:40:03,2025-12-19 13:40:31,23.409448,86.235136,26077,600,FixOK,A,OaJ5CU0303,G133E15425,"C65J+X99, Sindri, West Bengal 723105, India",4755.625,35.56,IgnitionOn,1,273.348,100.15,47,-55
cb925cfa-ad3a-4ac5-a7c6-4082ef3edb5e-3,EDC_BS6_PERIODIC,2025-12-19 13:40:09,2025-12-19 13:40:31,23.4094688,86.2352704,26078,600,FixOK,A,OaJ5CU0303,G133E15425,"C65J+X99, Sindri, West Bengal 723105, India",4755.625,19.23,IgnitionOn,1,272.887,92.91,47,-55
cb925cfa-ad3a-4ac5-a7c6-4082ef3edb5e-2,EDC_BS6_PERIODIC,2025-12-19 13:40:15,2025-12-19 13:40:31,23.409528,86.2352704,26079,600,FixOK,A,OaJ5CU0303,G133E15425,"C65J+X99, Sindri, West Bengal 723105, India",4755.75,5.59,IgnitionOn,1,271.639,19.3,47,-55
cb925cfa-ad3a-4ac5-a7c6-4082ef3edb5e-1,EDC_BS6_PERIODIC,2025-12-19 13:40:21,2025-12-19 13:40:31,23.409544,86.235168,26080,600,FixOK,A,OaJ5CU0303,G133E15425,"C65J+X99, Sindri, West Bengal 723105, India",4755.75,2.63,IgnitionOn,1,271.626,274.72,47,-55
31da72e3-bb9a-459c-a9d7-64c215b50741-9,EDC_BS6_PERIODIC,2025-12-19 13:40:27,2025-12-19 13:45:05,23.4095744,86.2349568,26081,600,FixOK,A,OaJ5CU0303,G133E15425,"NH18, Sindri, West Bengal 723201, India",4755.75,10.89,IgnitionOn,1,271.722,278.54,46,-55
31da72e3-bb9a-459c-a9d7-64c215b50741-8,EDC_BS6_PERIODIC,2025-12-19 13:40:33,2025-12-19 13:45:05,23.4096128,86.234688,26082,600,FixOK,A,OaJ5CU0303,G133E15425,"NH18, Sindri, West Bengal 723201, India",4755.75,17.04,IgnitionOn,1,272.167,279.79,46,-55
c4da1a3a-f862-4c8b-9511-fd0e6252fa2b-10,EDC_BS6_PERIODIC,2025-12-19 13:40:39,2025-12-19 13:41:32,23.4096512,86.2342976,26083,600,FixOK,A,OaJ5CU0303,G133E15425,"NH18, Sindri, West Bengal 723201, India",4755.75,20.15,IgnitionOn,1,272.496,276.66,46,-55
c4da1a3a-f862-4c8b-9511-fd0e6252fa2b-9,EDC_BS6_PERIODIC,2025-12-19 13:40:45,2025-12-19 13:41:32,23.4096928,86.2339072,26084,600,FixOK,A,OaJ5CU0303,G133E15425,"NH18, Sindri, West Bengal 723201, India",4755.75,24.91,IgnitionOn,1,273.021,278.26,47,-55
c4da1a3a-f862-4c8b-9511-fd0e6252fa2b-8,EDC_BS6_PERIODIC,2025-12-19 13:40:51,2025-12-19 13:41:32,23.4097312,86.2334976,26085,600,FixOK,A,OaJ5CU0303,G133E15425,"NH18, Sindri, West Bengal 723201, India",4755.875,24.36,IgnitionOn,1,272.989,277.5,47,-55
c4da1a3a-f862-4c8b-9511-fd0e6252fa2b-7,EDC_BS6_PERIODIC,2025-12-19 13:40:57,2025-12-19 13:41:32,23.409776,86.2330752,26086,600,FixOK,A,OaJ5CU0303,G133E15425,"NH18, Sindri, West Bengal 723201, India",4755.875,25.45,IgnitionOn,1,270.471,276.38,47,-55
c4da1a3a-f862-4c8b-9511-fd0e6252fa2b-6,EDC_BS6_PERIODIC,2025-12-19 13:41:03,2025-12-19 13:41:32,23.4098224,86.2326464,26087,600,FixOK,A,OaJ5CU0303,G133E15425,"C65J+X99, Sindri, West Bengal 723105, India",4756,27.5,IgnitionOn,1,269.911,276.94,47,-55
c4da1a3a-f862-4c8b-9511-fd0e6252fa2b-5,BRAKE_PRESSED,2025-12-19 13:41:04,2025-12-19 13:41:32,23.4098304,86.2325824,23466,600,FixOK,,OaJ5CU0303,G133E15425,"C65J+X99, Sindri, West Bengal 723105, India",0,20.7,IgnitionOn,1,,,,
c4da1a3a-f862-4c8b-9511-fd0e6252fa2b-4,EDC_BS6_PERIODIC,2025-12-19 13:41:09,2025-12-19 13:41:32,23.409856,86.2323072,26088,600,FixOK,A,OaJ5CU0303,G133E15425,"C65J+X99, Sindri, West Bengal 723105, India",4756,23.14,IgnitionOn,1,269.734,277.69,46,-55
c4da1a3a-f862-4c8b-9511-fd0e6252fa2b-3,CLUTCH_RIDING_START,2025-12-19 13:41:10,2025-12-19 13:41:32,23.409864,86.232256,23467,600,FixOK,,OaJ5CU0303,G133E15425,"C65J+X99, Sindri, West Bengal 723105, India",0,13.2,IgnitionOn,1,,,,
c4da1a3a-f862-4c8b-9511-fd0e6252fa2b-2,EDC_BS6_PERIODIC,2025-12-19 13:41:15,2025-12-19 13:41:32,23.4099072,86.2320768,26089,600,FixOK,A,OaJ5CU0303,G133E15425,"C65J+X99, Sindri, West Bengal 723105, India",4756,16.85,IgnitionOn,1,271.052,290.48,47,-55
c4da1a3a-f862-4c8b-9511-fd0e6252fa2b-1,EDC_BS6_PERIODIC,2025-12-19 13:41:21,2025-12-19 13:41:32,23.4100192,86.2318144,26090,600,FixOK,A,OaJ5CU0303,G133E15425,"C65J+X99, Sindri, West Bengal 723105, India",4756,13.8,IgnitionOn,1,273.469,295.97,46,-55
31da72e3-bb9a-459c-a9d7-64c215b50741-7,EDC_BS6_PERIODIC,2025-12-19 13:41:27,2025-12-19 13:45:05,23.410112,86.2314304,26091,600,FixOK,A,OaJ5CU0303,G133E15425,"NH18, Sindri, West Bengal 723201, India",4756.125,25.39,IgnitionOn,1,276.971,281.35,45,-55
31da72e3-bb9a-459c-a9d7-64c215b50741-6,CLUTCH_RIDING_END,2025-12-19 13:41:29,2025-12-19 13:45:05,23.410152,86.231296,23468,600,FixOK,,OaJ5CU0303,G133E15425,"NH18, Sindri, West Bengal 723201, India",0,26.02,IgnitionOn,1,,,,
b5504ef9-6e10-42d3-b87f-35ba1dfb8224-10,EDC_BS6_PERIODIC,2025-12-19 13:41:33,2025-12-19 13:42:33,23.4102272,86.2310272,26092,600,FixOK,A,OaJ5CU0303,G133E15425,"C65M+RV4, Sindri, West Bengal 723201, India",4756.125,28.95,IgnitionOn,1,278.769,286.58,44,-55
b5504ef9-6e10-42d3-b87f-35ba1dfb8224-9,EDC_BS6_PERIODIC,2025-12-19 13:41:39,2025-12-19 13:42:33,23.4103552,86.2306624,26093,600,FixOK,A,OaJ5CU0303,G133E15425,"C65M+RV4, Sindri, West Bengal 723201, India",4756.125,23.97,IgnitionOn,1,279.101,294.26,43,-55
b5504ef9-6e10-42d3-b87f-35ba1dfb8224-8,EDC_BS6_PERIODIC,2025-12-19 13:41:45,2025-12-19 13:42:33,23.410488,86.2303488,26094,600,FixOK,A,OaJ5CU0303,G133E15425,"C65M+RV4, Sindri, West Bengal 723201, India",4756.25,23.83,IgnitionOn,1,279.679,296.23,42,-55
b5504ef9-6e10-42d3-b87f-35ba1dfb8224-7,EDC_BS6_PERIODIC,2025-12-19 13:41:51,2025-12-19 13:42:33,23.410624,86.2300928,26095,600,FixOK,A,OaJ5CU0303,G133E15425,"C65M+RV4, Sindri, West Bengal 723201, India",4756.25,22.02,IgnitionOn,1,278.279,299.95,39,-55
b5504ef9-6e10-42d3-b87f-35ba1dfb8224-6,EDC_BS6_PERIODIC,2025-12-19 13:41:57,2025-12-19 13:42:33,23.4108512,86.2297216,26096,600,FixOK,A,OaJ5CU0303,G133E15425,"C65M+RV4, Sindri, West Bengal 723201, India",4756.25,26.64,IgnitionOn,1,276.783,303.52,38,-55
b5504ef9-6e10-42d3-b87f-35ba1dfb8224-5,EDC_BS6_PERIODIC,2025-12-19 13:42:03,2025-12-19 13:42:33,23.4111872,86.2292992,26097,600,FixOK,A,OaJ5CU0303,G133E15425,"C65M+RV4, Sindri, West Bengal 723201, India",4756.375,35.59,IgnitionOn,1,274.436,307.39,32,-55
b5504ef9-6e10-42d3-b87f-35ba1dfb8224-4,EDC_BS6_PERIODIC,2025-12-19 13:42:09,2025-12-19 13:42:33,23.4115872,86.2289024,26098,600,FixOK,A,OaJ5CU0303,G133E15425,"C65M+RV4, Sindri, West Bengal 723201, India",4756.375,35.77,IgnitionOn,1,274.416,320.58,33,-55
b5504ef9-6e10-42d3-b87f-35ba1dfb8224-3,BRAKE_PRESSED,2025-12-19 13:42:10,2025-12-19 13:42:33,23.411656,86.2288384,23469,600,FixOK,,OaJ5CU0303,G133E15425,"C65M+RV4, Sindri, West Bengal 723201, India",0,32.71,IgnitionOn,1,,,,
b5504ef9-6e10-42d3-b87f-35ba1dfb8224-2,EDC_BS6_PERIODIC,2025-12-19 13:42:15,2025-12-19 13:42:33,23.4120032,86.2285568,26099,600,FixOK,A,OaJ5CU0303,G133E15425,"C65M+RV4, Sindri, West Bengal 723201, India",4756.5,37.56,IgnitionOn,1,275.313,324.48,33,-55
b5504ef9-6e10-42d3-b87f-35ba1dfb8224-1,EDC_BS6_PERIODIC,2025-12-19 13:42:22,2025-12-19 13:42:33,23.4123328,86.2283648,26100,600,FixOK,A,OaJ5CU0303,G133E15425,"C65M+RV4, Sindri, West Bengal 723201, India",4756.5,28.06,IgnitionOn,1,275.571,326.76,33,-55
31da72e3-bb9a-459c-a9d7-64c215b50741-5,EDC_BS6_PERIODIC,2025-12-19 13:42:27,2025-12-19 13:45:05,23.4125472,86.228256,26101,600,FixOK,A,OaJ5CU0303,G133E15425,"NH18, Sindri, West Bengal 723201, India",4756.625,19.49,IgnitionOn,1,275.273,334.86,29,-55
31da72e3-bb9a-459c-a9d7-64c215b50741-4,EDC_BS6_PERIODIC,2025-12-19 13:42:33,2025-12-19 13:45:05,23.4128,86.2281472,26102,600,FixOK,A,OaJ5CU0303,G133E15425,"NH18, Sindri, West Bengal 723201, India",4756.625,18.9,IgnitionOn,1,275.295,337.22,29,-55
31da72e3-bb9a-459c-a9d7-64c215b50741-3,EDC_BS6_PERIODIC,2025-12-19 13:42:39,2025-12-19 13:45:05,23.4130592,86.2280384,26103,600,FixOK,A,OaJ5CU0303,G133E15425,"NH18, Sindri, West Bengal 723201, India",4756.625,18.87,IgnitionOn,1,275.601,338.35,31,-55
fd455a00-e627-4809-8717-6259f3535cf1-10,EDC_BS6_PERIODIC,2025-12-19 13:42:45,2025-12-19 13:43:35,23.4132448,86.2280064,26104,600,FixOK,A,OaJ5CU0303,G133E15425,"C65H+QRJ, Sindri, West Bengal 723103, India",4756.625,11.25,IgnitionOn,1,276.682,345.57,31,-83
fd455a00-e627-4809-8717-6259f3535cf1-9,EDC_BS6_PERIODIC,2025-12-19 13:42:51,2025-12-19 13:43:35,23.41348,86.2279296,26105,600,FixOK,A,OaJ5CU0303,G133E15425,"C65H+QRJ, Sindri, West Bengal 723103, India",4756.75,17.88,IgnitionOn,1,278.041,344.57,31,-83
fd455a00-e627-4809-8717-6259f3535cf1-8,EDC_BS6_PERIODIC,2025-12-19 13:42:57,2025-12-19 13:43:35,23.4137312,86.2278784,26106,600,FixOK,A,OaJ5CU0303,G133E15425,"C65H+QRJ, Sindri, West Bengal 723103, India",4756.75,19.12,IgnitionOn,1,279.328,348.73,32,-83
fd455a00-e627-4809-8717-6259f3535cf1-7,EDC_BS6_PERIODIC,2025-12-19 13:43:03,2025-12-19 13:43:35,23.414,86.2278144,26107,600,FixOK,A,OaJ5CU0303,G133E15425,"C65H+QRJ, Sindri, West Bengal 723103, India",4756.75,19.41,IgnitionOn,1,280.7,347.91,31,-83
fd455a00-e627-4809-8717-6259f3535cf1-6,EDC_BS6_PERIODIC,2025-12-19 13:43:09,2025-12-19 13:43:35,23.4142592,86.2277696,26108,600,FixOK,A,OaJ5CU0303,G133E15425,"C65H+QRJ, Sindri, West Bengal 723103, India",4756.75,17.98,IgnitionOn,1,282.139,348.64,31,-83
fd455a00-e627-4809-8717-6259f3535cf1-5,CLUTCH_RIDING_START,2025-12-19 13:43:12,2025-12-19 13:43:35,23.414368,86.2277376,23470,600,FixOK,,OaJ5CU0303,G133E15425,"C65H+QRJ, Sindri, West Bengal 723103, India",0,13.66,IgnitionOn,1,,,,
fd455a00-e627-4809-8717-6259f3535cf1-4,EDC_BS6_PERIODIC,2025-12-19 13:43:15,2025-12-19 13:43:35,23.4144672,86.2277056,26109,600,FixOK,A,OaJ5CU0303,G133E15425,"C65H+QRJ, Sindri, West Bengal 723103, India",4756.75,14.36,IgnitionOn,1,282.696,336.7,32,-83
fd455a00-e627-4809-8717-6259f3535cf1-3,BRAKE_PRESSED,2025-12-19 13:43:19,2025-12-19 13:43:35,23.4145584,86.227616,23471,600,FixOK,,OaJ5CU0303,G133E15425,"C65H+QRJ, Sindri, West Bengal 723103, India",0,8.44,IgnitionOn,1,,,,
fd455a00-e627-4809-8717-6259f3535cf1-2,EDC_BS6_PERIODIC,2025-12-19 13:43:21,2025-12-19 13:43:35,23.414576,86.2275712,26110,600,FixOK,A,OaJ5CU0303,G133E15425,"C65H+QRJ, Sindri, West Bengal 723103, India",4756.875,12.33,IgnitionOn,1,283.99,308.07,34,-83
fd455a00-e627-4809-8717-6259f3535cf1-1,CLUTCH_RIDING_END,2025-12-19 13:43:25,2025-12-19 13:43:35,23.4146048,86.2275328,23472,600,FixOK,,OaJ5CU0303,G133E15425,"C65H+QRJ, Sindri, West Bengal 723103, India",0,5.99,IgnitionOn,1,,,,
31da72e3-bb9a-459c-a9d7-64c215b50741-2,EDC_BS6_PERIODIC,2025-12-19 13:43:27,2025-12-19 13:45:05,23.414608,86.227488,26111,600,FixOK,A,OaJ5CU0303,G133E15425,"NH18, Sindri, West Bengal 723201, India",4756.875,7.3,IgnitionOn,1,284.26,283.33,40,-83
31da72e3-bb9a-459c-a9d7-64c215b50741-1,EDC_BS6_PERIODIC,2025-12-19 13:43:33,2025-12-19 13:45:05,23.4145216,86.2273792,26112,600,FixOK,A,OaJ5CU0303,G133E15425,"NH18, Sindri, West Bengal 723201, India",4756.875,6.89,IgnitionOn,1,283.442,242.66,44,-83
23022115-4c1d-4d77-ba66-fe9ba25635f2,HEARTBEAT_MESSAGE,2025-12-19 13:43:36,2025-12-19 13:43:36,0,0,,,,,OaJ5CU0303,G133E15425,,,,,1,,,,
d696d2c7-06b3-49ae-80f6-d67b743cb801-11,EDC_BS6_PERIODIC,2025-12-19 13:43:39,2025-12-19 13:50:15,23.4143392,86.2273792,26113,600,FixOK,A,OaJ5CU0303,G133E15425,"C66G+6HC, Sindri, West Bengal 723201, India",4756.875,13.64,IgnitionOn,1,286.424,188.85,42,-83
d696d2c7-06b3-49ae-80f6-d67b743cb801-10,EDC_BS6_PERIODIC,2025-12-19 13:43:45,2025-12-19 13:50:15,23.4140576,86.2274432,26114,600,FixOK,A,OaJ5CU0303,G133E15425,"C66G+6HC, Sindri, West Bengal 723201, India",4756.875,19.13,IgnitionOn,1,290.045,167.97,43,-83
2c1b27b1-657c-4f5a-be10-8085cba25c99-10,EDC_BS6_PERIODIC,2025-12-19 13:43:51,2025-12-19 13:44:35,23.4133536,86.227584,26115,600,FixOK,A,OaJ5CU0303,G133E15425,"C66H+8Q Sindri, West Bengal, India",4757,27.91,IgnitionOn,1,291.481,167.5,42,-83
2c1b27b1-657c-4f5a-be10-8085cba25c99-9,CLUTCH_RIDING_START,2025-12-19 13:43:56,2025-12-19 13:44:35,23.4129248,86.2277184,23473,600,FixOK,,OaJ5CU0303,G133E15425,"C66H+8Q Sindri, West Bengal, India",0,41.41,IgnitionOn,1,,,,
2c1b27b1-657c-4f5a-be10-8085cba25c99-8,EDC_BS6_PERIODIC,2025-12-19 13:43:57,2025-12-19 13:44:35,23.4128288,86.2277504,26116,600,FixOK,A,OaJ5CU0303,G133E15425,"C66H+8Q Sindri, West Bengal, India",4757,33.19,IgnitionOn,1,290.627,163.41,42,-83
2c1b27b1-657c-4f5a-be10-8085cba25c99-7,CLUTCH_RIDING_END,2025-12-19 13:44:00,2025-12-19 13:44:35,23.412536,86.2278656,23474,600,FixOK,,OaJ5CU0303,G133E15425,"C66H+8Q Sindri, West Bengal, India",0,43.64,IgnitionOn,1,,,,
2c1b27b1-657c-4f5a-be10-8085cba25c99-6,EDC_BS6_PERIODIC,2025-12-19 13:44:03,2025-12-19 13:44:35,23.41224,86.2280064,26117,600,FixOK,A,OaJ5CU0303,G133E15425,"C66H+8Q Sindri, West Bengal, India",4757.125,41.45,IgnitionOn,1,288.134,157.47,39,-83
2c1b27b1-657c-4f5a-be10-8085cba25c99-5,EDC_BS6_PERIODIC,2025-12-19 13:44:09,2025-12-19 13:44:35,23.4116192,86.228416,26118,600,FixOK,A,OaJ5CU0303,G133E15425,"C66H+8Q Sindri, West Bengal, India",4757.125,47.36,IgnitionOn,1,284.24,150.27,40,-83
2c1b27b1-657c-4f5a-be10-8085cba25c99-4,EDC_BS6_PERIODIC,2025-12-19 13:44:15,2025-12-19 13:44:35,23.411032,86.2289536,26119,600,FixOK,A,OaJ5CU0303,G133E15425,"C66H+8Q Sindri, West Bengal, India",4757.25,51.95,IgnitionOn,1,283.523,141.88,40,-83
2c1b27b1-657c-4f5a-be10-8085cba25c99-3,BRAKE_PRESSED,2025-12-19 13:44:16,2025-12-19 13:44:35,23.410944,86.229056,23475,600,FixOK,,OaJ5CU0303,G133E15425,"C66H+8Q Sindri, West Bengal, India",0,47.23,IgnitionOn,1,,,,
2c1b27b1-657c-4f5a-be10-8085cba25c99-2,EDC_BS6_PERIODIC,2025-12-19 13:44:21,2025-12-19 13:44:35,23.4105792,86.229504,26120,600,FixOK,A,OaJ5CU0303,G133E15425,"C66H+8Q Sindri, West Bengal, India",4757.375,50.78,IgnitionOn,1,283.019,126.95,40,-83
2c1b27b1-657c-4f5a-be10-8085cba25c99-1,EDC_BS6_PERIODIC,2025-12-19 13:44:27,2025-12-19 13:44:35,23.4102864,86.2300032,26121,600,FixOK,A,OaJ5CU0303,G133E15425,"C66H+8Q Sindri, West Bengal, India",4757.375,40.69,IgnitionOn,1,280.259,122.9,43,-83
d696d2c7-06b3-49ae-80f6-d67b743cb801-9,BRAKE_PRESSED,2025-12-19 13:44:29,2025-12-19 13:50:15,23.4102,86.2301568,23476,600,FixOK,,OaJ5CU0303,G133E15425,"C66G+6HC, Sindri, West Bengal 723201, India",0,32.16,IgnitionOn,1,,,,
d696d2c7-06b3-49ae-80f6-d67b743cb801-8,EDC_BS6_PERIODIC,2025-12-19 13:44:33,2025-12-19 13:50:15,23.4100736,86.2304512,26122,600,FixOK,A,OaJ5CU0303,G133E15425,"C66G+6HC, Sindri, West Bengal 723201, India",4757.5,36.83,IgnitionOn,1,280.085,115.19,42,-83
d696d2c7-06b3-49ae-80f6-d67b743cb801-7,EDC_BS6_PERIODIC,2025-12-19 13:44:39,2025-12-19 13:50:15,23.40996,86.2307584,26123,600,FixOK,A,OaJ5CU0303,G133E15425,"C66G+6HC, Sindri, West Bengal 723201, India",4757.5,24.23,IgnitionOn,1,279.105,108.68,42,-83
d696d2c7-06b3-49ae-80f6-d67b743cb801-6,EDC_BS6_PERIODIC,2025-12-19 13:44:45,2025-12-19 13:50:15,23.409848,86.231072,26124,600,FixOK,A,OaJ5CU0303,G133E15425,"C66G+6HC, Sindri, West Bengal 723201, India",4757.5,22.22,IgnitionOn,1,278.614,112.97,45,-83
d696d2c7-06b3-49ae-80f6-d67b743cb801-5,EDC_BS6_PERIODIC,2025-12-19 13:44:51,2025-12-19 13:50:15,23.409784,86.2313088,26125,600,FixOK,A,OaJ5CU0303,G133E15425,"C66G+6HC, Sindri, West Bengal 723201, India",4757.625,21.02,IgnitionOn,1,276.092,103.16,48,-83
ca7a0b1d-2363-4987-a76d-6a05842a2442-10,EDC_BS6_PERIODIC,2025-12-19 13:44:57,2025-12-19 13:45:37,23.409728,86.2315776,26126,600,FixOK,A,OaJ5CU0303,G133E15425,"chas Road, Sabanpur, West Bengal 723201, India",4757.625,17.22,IgnitionOn,1,274.753,107.18,47,-83
ca7a0b1d-2363-4987-a76d-6a05842a2442-9,BRAKE_PRESSED,2025-12-19 13:45:00,2025-12-19 13:45:37,23.409696,86.2317184,23477,600,FixOK,,OaJ5CU0303,G133E15425,"chas Road, Sabanpur, West Bengal 723201, India",0,15.36,IgnitionOn,1,,,,
ca7a0b1d-2363-4987-a76d-6a05842a2442-8,EDC_BS6_PERIODIC,2025-12-19 13:45:03,2025-12-19 13:45:37,23.4096928,86.2318592,26127,600,FixOK,A,OaJ5CU0303,G133E15425,"chas Road, Sabanpur, West Bengal 723201, India",4757.625,19.75,IgnitionOn,1,273.351,94.87,47,-83
ca7a0b1d-2363-4987-a76d-6a05842a2442-7,CLUTCH_RIDING_START,2025-12-19 13:45:05,2025-12-19 13:45:37,23.409696,86.231936,23478,600,FixOK,,OaJ5CU0303,G133E15425,"chas Road, Sabanpur, West Bengal 723201, India",0,15.58,IgnitionOn,1,,,,
ca7a0b1d-2363-4987-a76d-6a05842a2442-6,EDC_BS6_PERIODIC,2025-12-19 13:45:09,2025-12-19 13:45:37,23.409704,86.232096,26128,600,FixOK,A,OaJ5CU0303,G133E15425,"chas Road, Sabanpur, West Bengal 723201, India",4757.75,14.05,IgnitionOn,1,272.38,86.44,45,-83
ca7a0b1d-2363-4987-a76d-6a05842a2442-5,BRAKE_PRESSED,2025-12-19 13:45:10,2025-12-19 13:45:37,23.409704,86.2321408,23479,600,FixOK,,OaJ5CU0303,G133E15425,"chas Road, Sabanpur, West Bengal 723201, India",0,16.41,IgnitionOn,1,,,,
ca7a0b1d-2363-4987-a76d-6a05842a2442-4,EDC_BS6_PERIODIC,2025-12-19 13:45:15,2025-12-19 13:45:37,23.409688,86.2323328,26129,600,FixOK,A,OaJ5CU0303,G133E15425,"chas Road, Sabanpur, West Bengal 723201, India",4757.75,18.16,IgnitionOn,1,271.317,94.55,44,-83
ca7a0b1d-2363-4987-a76d-6a05842a2442-3,CLUTCH_RIDING_END,2025-12-19 13:45:16,2025-12-19 13:45:37,23.40968,86.232352,23480,600,FixOK,,OaJ5CU0303,G133E15425,"chas Road, Sabanpur, West Bengal 723201, India",0,4.04,IgnitionOn,1,,,,
ca7a0b1d-2363-4987-a76d-6a05842a2442-2,EDC_BS6_PERIODIC,2025-12-19 13:45:21,2025-12-19 13:45:37,23.409632,86.2323904,26130,600,FixOK,A,OaJ5CU0303,G133E15425,"chas Road, Sabanpur, West Bengal 723201, India",4757.75,5.96,IgnitionOn,1,271.623,175.11,38,-83
ca7a0b1d-2363-4987-a76d-6a05842a2442-1,EDC_BS6_PERIODIC,2025-12-19 13:45:27,2025-12-19 13:45:37,23.4095616,86.23232,26131,600,FixOK,A,OaJ5CU0303,G133E15425,"chas Road, Sabanpur, West Bengal 723201, India",4757.75,4.62,IgnitionOn,1,272.369,248.47,43,-83
d696d2c7-06b3-49ae-80f6-d67b743cb801-4,EDC_BS6_PERIODIC,2025-12-19 13:45:33,2025-12-19 13:50:15,23.4095616,86.2320768,26132,600,FixOK,A,OaJ5CU0303,G133E15425,"C66G+6HC, Sindri, West Bengal 723201, India",4757.75,10.74,IgnitionOn,1,272.753,269.36,43,-83
6feaa4d8-0f79-4bda-a1d6-44b0727e4dc0-10,EDC_BS6_PERIODIC,2025-12-19 13:45:39,2025-12-19 13:46:38,23.4095824,86.2316544,26133,600,FixOK,A,OaJ5CU0303,G133E15425,"C67G+R89, Sabanpur, West Bengal 723201, India",4757.75,21.98,IgnitionOn,1,272.873,272.73,42,-83
6feaa4d8-0f79-4bda-a1d6-44b0727e4dc0-9,EDC_BS6_PERIODIC,2025-12-19 13:45:45,2025-12-19 13:46:38,23.409656,86.2311808,26134,600,FixOK,A,OaJ5CU0303,G133E15425,"C67G+R89, Sabanpur, West Bengal 723201, India",4757.875,27.84,IgnitionOn,1,272.465,277.47,38,-83
6feaa4d8-0f79-4bda-a1d6-44b0727e4dc0-8,EDC_BS6_PERIODIC,2025-12-19 13:45:51,2025-12-19 13:46:38,23.4097088,86.2306496,26135,600,FixOK,A,OaJ5CU0303,G133E15425,"C67G+R89, Sabanpur, West Bengal 723201, India",4757.875,34.48,IgnitionOn,1,272.351,271.17,40,-83
6feaa4d8-0f79-4bda-a1d6-44b0727e4dc0-7,EDC_BS6_PERIODIC,2025-12-19 13:45:57,2025-12-19 13:46:38,23.409728,86.2300672,26136,600,FixOK,A,OaJ5CU0303,G133E15425,"C67G+R89, Sabanpur, West Bengal 723201, India",4758,36.35,IgnitionOn,1,272.618,273.57,41,-83
6feaa4d8-0f79-4bda-a1d6-44b0727e4dc0-6,EDC_BS6_PERIODIC,2025-12-19 13:46:03,2025-12-19 13:46:38,23.409752,86.2294272,26137,600,FixOK,A,OaJ5CU0303,G133E15425,"C67G+R89, Sabanpur, West Bengal 723201, India",4758,38.7,IgnitionOn,1,273.243,273.95,41,-83
6feaa4d8-0f79-4bda-a1d6-44b0727e4dc0-5,EDC_BS6_PERIODIC,2025-12-19 13:46:09,2025-12-19 13:46:38,23.4097904,86.2287296,26138,600,FixOK,A,OaJ5CU0303,G133E15425,"C67G+R89, Sabanpur, West Bengal 723201, India",4758.125,42.53,IgnitionOn,1,274.654,272.48,40,-83
6feaa4d8-0f79-4bda-a1d6-44b0727e4dc0-4,BRAKE_PRESSED,2025-12-19 13:46:15,2025-12-19 13:46:38,23.4098256,86.228128,23481,600,FixOK,,OaJ5CU0303,G133E15425,"C67G+R89, Sabanpur, West Bengal 723201, India",0,38.13,IgnitionOn,1,,,,
6feaa4d8-0f79-4bda-a1d6-44b0727e4dc0-3,EDC_BS6_PERIODIC,2025-12-19 13:46:15,2025-12-19 13:46:38,23.4098256,86.228128,26139,600,FixOK,A,OaJ5CU0303,G133E15425,"C67G+R89, Sabanpur, West Bengal 723201, India",4758.125,46.3,IgnitionOn,1,274.507,273.48,44,-83
6feaa4d8-0f79-4bda-a1d6-44b0727e4dc0-2,EDC_BS6_PERIODIC,2025-12-19 13:46:21,2025-12-19 13:46:38,23.409872,86.22752,26140,600,FixOK,A,OaJ5CU0303,G133E15425,"C67G+R89, Sabanpur, West Bengal 723201, India",4758.25,40.02,IgnitionOn,1,275.283,274.79,41,-83
6feaa4d8-0f79-4bda-a1d6-44b0727e4dc0-1,EDC_BS6_PERIODIC,2025-12-19 13:46:27,2025-12-19 13:46:38,23.4099072,86.2270784,26141,600,FixOK,A,OaJ5CU0303,G133E15425,"C67G+R89, Sabanpur, West Bengal 723201, India",4758.25,29.83,IgnitionOn,1,274.785,275.73,39,-83
d696d2c7-06b3-49ae-80f6-d67b743cb801-3,EDC_BS6_PERIODIC,2025-12-19 13:46:33,2025-12-19 13:50:15,23.4099168,86.2269376,26142,600,FixOK,A,OaJ5CU0303,G133E15425,"C66G+6HC, Sindri, West Bengal 723201, India",4758.375,9.15,IgnitionOn,1,274.096,273.04,37,-83
7d12e6bd-e844-4511-b2de-12f91ae32e92-10,EDC_BS6_PERIODIC,2025-12-19 13:46:39,2025-12-19 13:47:39,23.4099328,86.2268736,26143,600,FixOK,A,OaJ5CU0303,G133E15425,"NH18, Sindri, West Bengal 723201, India",4758.375,3.01,IgnitionOn,1,274.321,273.04,38,-83
7d12e6bd-e844-4511-b2de-12f91ae32e92-9,EDC_BS6_PERIODIC,2025-12-19 13:46:45,2025-12-19 13:47:39,23.409944,86.2267264,26144,600,FixOK,A,OaJ5CU0303,G133E15425,"NH18, Sindri, West Bengal 723201, India",4758.375,8.59,IgnitionOn,1,274.712,282.95,41,-83
7d12e6bd-e844-4511-b2de-12f91ae32e92-8,EDC_BS6_PERIODIC,2025-12-19 13:46:51,2025-12-19 13:47:39,23.40996,86.22656,26145,600,FixOK,A,OaJ5CU0303,G133E15425,"NH18, Sindri, West Bengal 723201, India",4758.375,10.3,IgnitionOn,1,275.298,276.23,40,-83
7d12e6bd-e844-4511-b2de-12f91ae32e92-7,EDC_BS6_PERIODIC,2025-12-19 13:46:57,2025-12-19 13:47:39,23.409992,86.2264192,26146,600,FixOK,A,OaJ5CU0303,G133E15425,"NH18, Sindri, West Bengal 723201, India",4758.375,9.01,IgnitionOn,1,274.924,283.73,39,-83
7d12e6bd-e844-4511-b2de-12f91ae32e92-6,BRAKE_PRESSED,2025-12-19 13:46:58,2025-12-19 13:47:39,23.4100032,86.2264,23482,600,FixOK,,OaJ5CU0303,G133E15425,"NH18, Sindri, West Bengal 723201, India",0,5.76,IgnitionOn,1,,,,
7d12e6bd-e844-4511-b2de-12f91ae32e92-5,EDC_BS6_PERIODIC,2025-12-19 13:47:03,2025-12-19 13:47:39,23.4100544,86.226336,26147,600,FixOK,A,OaJ5CU0303,G133E15425,"NH18, Sindri, West Bengal 723201, India",4758.375,7.7200003,IgnitionOn,1,276.712,300.92,38,-83
7d12e6bd-e844-4511-b2de-12f91ae32e92-4,EDC_BS6_PERIODIC,2025-12-19 13:47:09,2025-12-19 13:47:39,23.4100736,86.2263168,26148,600,FixOK,A,OaJ5CU0303,G133E15425,"NH18, Sindri, West Bengal 723201, India",4758.375,1.94,IgnitionOn,1,277.812,300.92,39,-83
7d12e6bd-e844-4511-b2de-12f91ae32e92-3,EDC_BS6_PERIODIC,2025-12-19 13:47:15,2025-12-19 13:47:39,23.4100736,86.2263168,26149,600,FixOK,A,OaJ5CU0303,G133E15425,"NH18, Sindri, West Bengal 723201, India",4758.375,0,IgnitionOn,1,278.002,300.92,41,-83
7d12e6bd-e844-4511-b2de-12f91ae32e92-2,EDC_BS6_PERIODIC,2025-12-19 13:47:21,2025-12-19 13:47:39,23.4100736,86.2263168,26150,600,FixOK,A,OaJ5CU0303,G133E15425,"NH18, Sindri, West Bengal 723201, India",4758.375,0,IgnitionOn,1,278.002,300.92,39,-83
7d12e6bd-e844-4511-b2de-12f91ae32e92-1,EDC_BS6_PERIODIC,2025-12-19 13:47:27,2025-12-19 13:47:39,23.4100736,86.2263168,26151,600,FixOK,A,OaJ5CU0303,G133E15425,"NH18, Sindri, West Bengal 723201, India",4758.375,0,IgnitionOn,1,278.002,300.92,39,-83
8b8a3151-9379-4e70-a672-66072a66e30e-10,EDC_BS6_PERIODIC,2025-12-19 13:47:33,2025-12-19 13:48:40,23.4100736,86.2263168,26152,600,FixOK,A,OaJ5CU0303,G133E15425,"C65G+XGX, SH 4A, Sindri, West Bengal 723201, India",4758.375,0,IgnitionOn,1,278.002,300.92,39,-83
8b8a3151-9379-4e70-a672-66072a66e30e-9,EDC_BS6_PERIODIC,2025-12-19 13:47:39,2025-12-19 13:48:40,23.4100736,86.2263168,26153,600,FixOK,A,OaJ5CU0303,G133E15425,"C65G+XGX, SH 4A, Sindri, West Bengal 723201, India",4758.375,0,IgnitionOn,1,278.002,300.92,40,-83
8b8a3151-9379-4e70-a672-66072a66e30e-8,EDC_BS6_PERIODIC,2025-12-19 13:47:45,2025-12-19 13:48:40,23.4100736,86.2263168,26154,600,FixOK,A,OaJ5CU0303,G133E15425,"C65G+XGX, SH 4A, Sindri, West Bengal 723201, India",4758.375,0,IgnitionOn,1,278.002,300.92,41,-83
8b8a3151-9379-4e70-a672-66072a66e30e-7,EDC_BS6_PERIODIC,2025-12-19 13:47:51,2025-12-19 13:48:40,23.4100736,86.2263168,26155,600,FixOK,A,OaJ5CU0303,G133E15425,"C65G+XGX, SH 4A, Sindri, West Bengal 723201, India",4758.375,0,IgnitionOn,1,278.002,300.92,39,-83
8b8a3151-9379-4e70-a672-66072a66e30e-6,EDC_BS6_PERIODIC,2025-12-19 13:47:57,2025-12-19 13:48:40,23.4100736,86.2263168,26156,600,FixOK,A,OaJ5CU0303,G133E15425,"C65G+XGX, SH 4A, Sindri, West Bengal 723201, India",4758.375,0,IgnitionOn,1,278.002,300.92,39,-83
8b8a3151-9379-4e70-a672-66072a66e30e-5,EDC_BS6_PERIODIC,2025-12-19 13:48:03,2025-12-19 13:48:40,23.4101248,86.226336,26157,600,FixOK,A,OaJ5CU0303,G133E15425,"C65G+XGX, SH 4A, Sindri, West Bengal 723201, India",4758.375,0,IgnitionOn,1,278.127,300.92,38,-83
8b8a3151-9379-4e70-a672-66072a66e30e-4,EDC_BS6_PERIODIC,2025-12-19 13:48:09,2025-12-19 13:48:40,23.4102368,86.226304,26158,600,FixOK,A,OaJ5CU0303,G133E15425,"C65J+X99, Sindri, West Bengal 723105, India",4758.375,7.49,IgnitionOn,1,278.157,347.8,41,-83
8b8a3151-9379-4e70-a672-66072a66e30e-3,EDC_BS6_PERIODIC,2025-12-19 13:48:15,2025-12-19 13:48:40,23.4104448,86.2262528,26159,600,FixOK,A,OaJ5CU0303,G133E15425,"C65J+X99, Sindri, West Bengal 723105, India",4758.5,14.49,IgnitionOn,1,278.572,350.98,42,-83
8b8a3151-9379-4e70-a672-66072a66e30e-2,EDC_BS6_PERIODIC,2025-12-19 13:48:21,2025-12-19 13:48:40,23.410672,86.226208,26160,600,FixOK,A,OaJ5CU0303,G133E15425,"C65J+X99, Sindri, West Bengal 723105, India",4758.5,16.32,IgnitionOn,1,279.332,348.14,44,-83
8b8a3151-9379-4e70-a672-66072a66e30e-1,EDC_BS6_PERIODIC,2025-12-19 13:48:27,2025-12-19 13:48:40,23.4109088,86.2261504,26161,600,FixOK,A,OaJ5CU0303,G133E15425,"C65J+X99, Sindri, West Bengal 723105, India",4758.5,16.08,IgnitionOn,1,280.151,345.48,43,-83
d696d2c7-06b3-49ae-80f6-d67b743cb801-2,EDC_BS6_PERIODIC,2025-12-19 13:48:33,2025-12-19 13:50:15,23.4112496,86.2260736,26162,600,FixOK,A,OaJ5CU0303,G133E15425,"C66G+6HC, Sindri, West Bengal 723201, India",4758.5,24.58,IgnitionOn,1,280.679,346.86,44,-83
d696d2c7-06b3-49ae-80f6-d67b743cb801-1,EDC_BS6_PERIODIC,2025-12-19 13:48:39,2025-12-19 13:50:15,23.411632,86.2259904,26163,600,FixOK,A,OaJ5CU0303,G133E15425,"C66G+6HC, Sindri, West Bengal 723201, India",4758.625,27.1,IgnitionOn,1,281.476,347.45,38,-83
973628c2-4f4b-4a26-803a-efcd85b178f9-11,EDC_BS6_PERIODIC,2025-12-19 13:48:45,2025-12-19 13:56:26,23.4120288,86.2258944,26164,600,FixOK,A,OaJ5CU0303,G133E15425,"C69F+GPR, Gunja, West Bengal 723201, India",4758.625,27.73,IgnitionOn,1,281.629,347.72,39,-69
973628c2-4f4b-4a26-803a-efcd85b178f9-12,GPS_MESSAGE,2025-12-19 13:48:45,2025-12-19 13:56:26,23.4120288,86.2258944,,600,3DFix,,OaJ5CU0303,G133E15425,"C69F+GPR, Gunja, West Bengal 723201, India",0,,IgnitionOn,1,281,34,39,
0bce2f64-8f82-418c-9297-8accc8d279fb-10,EDC_BS6_PERIODIC,2025-12-19 13:48:51,2025-12-19 13:49:40,23.4124224,86.2257984,26165,600,FixOK,A,OaJ5CU0303,G133E15425,"C65J+X99, Sindri, West Bengal 723105, India",4758.625,26.35,IgnitionOn,1,281.856,348.6,39,-69
0bce2f64-8f82-418c-9297-8accc8d279fb-9,EDC_BS6_PERIODIC,2025-12-19 13:48:57,2025-12-19 13:49:40,23.4128576,86.225696,26166,600,FixOK,A,OaJ5CU0303,G133E15425,"C65J+X99, Sindri, West Bengal 723105, India",4758.75,29.96,IgnitionOn,1,282.074,347.7,40,-69
0bce2f64-8f82-418c-9297-8accc8d279fb-8,EDC_BS6_PERIODIC,2025-12-19 13:49:03,2025-12-19 13:49:40,23.4132448,86.2256128,26167,600,FixOK,A,OaJ5CU0303,G133E15425,"C65J+X99, Sindri, West Bengal 723105, India",4758.75,33.41,IgnitionOn,1,282.417,348.98,40,-69
0bce2f64-8f82-418c-9297-8accc8d279fb-7,BRAKE_PRESSED,2025-12-19 13:49:05,2025-12-19 13:49:40,23.4134048,86.2255872,23483,600,FixOK,,OaJ5CU0303,G133E15425,"C65J+X99, Sindri, West Bengal 723105, India",0,31.66,IgnitionOn,1,,,,
0bce2f64-8f82-418c-9297-8accc8d279fb-6,EDC_BS6_PERIODIC,2025-12-19 13:49:09,2025-12-19 13:49:40,23.413736,86.225504,26168,600,FixOK,A,OaJ5CU0303,G133E15425,"C65J+X99, Sindri, West Bengal 723105, India",4758.875,35.76,IgnitionOn,1,283.177,347.25,39,-69
0bce2f64-8f82-418c-9297-8accc8d279fb-5,EDC_BS6_PERIODIC,2025-12-19 13:49:15,2025-12-19 13:49:40,23.414176,86.225408,26169,600,FixOK,A,OaJ5CU0303,G133E15425,"C65J+X99, Sindri, West Bengal 723105, India",4758.875,29.77,IgnitionOn,1,283.571,349.26,40,-69
0bce2f64-8f82-418c-9297-8accc8d279fb-4,BRAKE_PRESSED,2025-12-19 13:49:21,2025-12-19 13:49:40,23.414648,86.225312,23484,600,FixOK,,OaJ5CU0303,G133E15425,"C65J+X99, Sindri, West Bengal 723105, India",0,29.45,IgnitionOn,1,,,,
0bce2f64-8f82-418c-9297-8accc8d279fb-3,EDC_BS6_PERIODIC,2025-12-19 13:49:21,2025-12-19 13:49:40,23.414648,86.225312,26170,600,FixOK,A,OaJ5CU0303,G133E15425,"C65J+X99, Sindri, West Bengal 723105, India",4759,34.34,IgnitionOn,1,283.697,349.77,43,-69
0bce2f64-8f82-418c-9297-8accc8d279fb-2,EDC_BS6_PERIODIC,2025-12-19 13:49:27,2025-12-19 13:49:40,23.4153472,86.2251456,26171,600,FixOK,A,OaJ5CU0303,G133E15425,"C65J+X99, Sindri, West Bengal 723105, India",4759,32.09,IgnitionOn,1,284.39,349.04,43,-69
0bce2f64-8f82-418c-9297-8accc8d279fb-1,BRAKE_PRESSED,2025-12-19 13:49:31,2025-12-19 13:49:40,23.415544,86.2250944,23485,600,FixOK,,OaJ5CU0303,G133E15425,"C65J+X99, Sindri, West Bengal 723105, India",0,14.3,IgnitionOn,1,,,,
973628c2-4f4b-4a26-803a-efcd85b178f9-10,EDC_BS6_PERIODIC,2025-12-19 13:49:33,2025-12-19 13:56:26,23.4156128,86.2250816,26172,600,FixOK,A,OaJ5CU0303,G133E15425,"C69F+GPR, Gunja, West Bengal 723201, India",4759,22.22,IgnitionOn,1,286.546,347.44,46,-69
973628c2-4f4b-4a26-803a-efcd85b178f9-9,BRAKE_PRESSED,2025-12-19 13:49:38,2025-12-19 13:56:26,23.4157472,86.2250496,23486,600,FixOK,,OaJ5CU0303,G133E15425,"C69F+GPR, Gunja, West Bengal 723201, India",0,8.55,IgnitionOn,1,,,,
973628c2-4f4b-4a26-803a-efcd85b178f9-8,EDC_BS6_PERIODIC,2025-12-19 13:49:39,2025-12-19 13:56:26,23.4157728,86.2250496,26173,600,FixOK,A,OaJ5CU0303,G133E15425,"C69F+GPR, Gunja, West Bengal 723201, India",4759.125,10.82,IgnitionOn,1,286.721,350.82,44,-69
973628c2-4f4b-4a26-803a-efcd85b178f9-7,EDC_BS6_PERIODIC,2025-12-19 13:49:45,2025-12-19 13:56:26,23.4159264,86.2250176,26174,600,FixOK,A,OaJ5CU0303,G133E15425,"C69F+GPR, Gunja, West Bengal 723201, India",4759.125,9.03,IgnitionOn,1,286.555,344.01,41,-69
db714c34-06b8-4605-91d9-e82786f0d213-10,BRAKE_PRESSED,2025-12-19 13:49:47,2025-12-19 13:50:42,23.4159968,86.2249984,23487,600,FixOK,,OaJ5CU0303,G133E15425,"C65G+XGX, SH 4A, Sindri, West Bengal 723201, India",0,11.24,IgnitionOn,1,,,,
db714c34-06b8-4605-91d9-e82786f0d213-9,EDC_BS6_PERIODIC,2025-12-19 13:49:51,2025-12-19 13:50:42,23.416088,86.2249664,26175,600,FixOK,A,OaJ5CU0303,G133E15425,"C65G+XGX, SH 4A, Sindri, West Bengal 723201, India",4759.125,15.17,IgnitionOn,1,285.821,349.1,40,-69
db714c34-06b8-4605-91d9-e82786f0d213-8,EDC_BS6_PERIODIC,2025-12-19 13:49:57,2025-12-19 13:50:42,23.4162432,86.2249536,26176,600,FixOK,A,OaJ5CU0303,G133E15425,"C65G+XGX, SH 4A, Sindri, West Bengal 723201, India",4759.125,9.27,IgnitionOn,1,286.109,346.83,42,-69
db714c34-06b8-4605-91d9-e82786f0d213-7,EDC_BS6_PERIODIC,2025-12-19 13:50:03,2025-12-19 13:50:42,23.416376,86.2249216,26177,600,FixOK,A,OaJ5CU0303,G133E15425,"C65G+XGX, SH 4A, Sindri, West Bengal 723201, India",4759.125,10.45,IgnitionOn,1,286.505,347.17,39,-69
db714c34-06b8-4605-91d9-e82786f0d213-6,EDC_BS6_PERIODIC,2025-12-19 13:50:09,2025-12-19 13:50:42,23.4165312,86.2248896,26178,600,FixOK,A,OaJ5CU0303,G133E15425,"C65G+XGX, SH 4A, Sindri, West Bengal 723201, India",4759.125,11.17,IgnitionOn,1,286.954,351.86,38,-69
db714c34-06b8-4605-91d9-e82786f0d213-5,EDC_BS6_PERIODIC,2025-12-19 13:50:15,2025-12-19 13:50:42,23.4168128,86.2248192,26179,600,FixOK,A,OaJ5CU0303,G133E15425,"C65G+XGX, SH 4A, Sindri, West Bengal 723201, India",4759.25,12.72,IgnitionOn,1,287.14,346.44,39,-69
db714c34-06b8-4605-91d9-e82786f0d213-4,EDC_BS6_PERIODIC,2025-12-19 13:50:21,2025-12-19 13:50:42,23.417224,86.2247168,26180,600,FixOK,A,OaJ5CU0303,G133E15425,"C65G+XGX, SH 4A, Sindri, West Bengal 723201, India",4759.25,24.8,IgnitionOn,1,286.416,348.01,37,-69
db714c34-06b8-4605-91d9-e82786f0d213-3,EDC_BS6_PERIODIC,2025-12-19 13:50:27,2025-12-19 13:50:42,23.4177248,86.224608,26181,600,FixOK,A,OaJ5CU0303,G133E15425,"C65G+XGX, SH 4A, Sindri, West Bengal 723201, India",4759.25,32.38,IgnitionOn,1,285.891,347.86,36,-69
db714c34-06b8-4605-91d9-e82786f0d213-2,BRAKE_PRESSED,2025-12-19 13:50:33,2025-12-19 13:50:42,23.4181248,86.224512,23488,600,FixOK,,OaJ5CU0303,G133E15425,"C65G+XGX, SH 4A, Sindri, West Bengal 723201, India",0,21.94,IgnitionOn,1,,,,
db714c34-06b8-4605-91d9-e82786f0d213-1,EDC_BS6_PERIODIC,2025-12-19 13:50:33,2025-12-19 13:50:42,23.4181248,86.224512,26182,600,FixOK,A,OaJ5CU0303,G133E15425,"C65G+XGX, SH 4A, Sindri, West Bengal 723201, India",4759.375,34.02,IgnitionOn,1,285.921,346.35,36,-69
973628c2-4f4b-4a26-803a-efcd85b178f9-6-1,HARSH_BREAKING_END,2025-12-19 13:50:35,2025-12-19 13:56:26,23.418256,86.22448,23489,600,FixOK,,OaJ5CU0303,G133E15425,"C69F+GPR, Gunja, West Bengal 723201, India",0,12.04,IgnitionOn,1,,,,
973628c2-4f4b-4a26-803a-efcd85b178f9-6,HARSH_BREAKING_START,2025-12-19 13:50:35,2025-12-19 13:56:26,23.418256,86.22448,23489,600,FixOK,,OaJ5CU0303,G133E15425,"C69F+GPR, Gunja, West Bengal 723201, India",0,12.04,IgnitionOn,1,,,,
d75ad6a8-1ef8-4845-9c2d-b34d510d6edb-10,EDC_BS6_PERIODIC,2025-12-19 13:50:39,2025-12-19 13:51:43,23.418392,86.224448,26183,600,FixOK,A,OaJ5CU0303,G133E15425,"C67G+C5H, NH18, Sabanpur, West Bengal 723201, India",4759.375,27.02,IgnitionOn,1,285.403,342.17,38,-69
d75ad6a8-1ef8-4845-9c2d-b34d510d6edb-9,EDC_BS6_PERIODIC,2025-12-19 13:50:45,2025-12-19 13:51:43,23.4184832,86.224416,26184,600,FixOK,A,OaJ5CU0303,G133E15425,"C67G+C5H, NH18, Sabanpur, West Bengal 723201, India",4759.375,7.71,IgnitionOn,1,284.197,342.66,39,-69
d75ad6a8-1ef8-4845-9c2d-b34d510d6edb-8,EDC_BS6_PERIODIC,2025-12-19 13:50:51,2025-12-19 13:51:43,23.418512,86.2243968,26185,600,FixOK,A,OaJ5CU0303,G133E15425,"C67G+C5H, NH18, Sabanpur, West Bengal 723201, India",4759.375,4.62,IgnitionOn,1,284.109,342.66,39,-69
d75ad6a8-1ef8-4845-9c2d-b34d510d6edb-7,EDC_BS6_PERIODIC,2025-12-19 13:50:57,2025-12-19 13:51:43,23.418512,86.2243968,26186,600,FixOK,A,OaJ5CU0303,G133E15425,"C67G+C5H, NH18, Sabanpur, West Bengal 723201, India",4759.375,0,IgnitionOn,1,284.109,342.66,44,-69
d75ad6a8-1ef8-4845-9c2d-b34d510d6edb-6,EDC_BS6_PERIODIC,2025-12-19 13:51:03,2025-12-19 13:51:43,23.418512,86.2243968,26187,600,FixOK,A,OaJ5CU0303,G133E15425,"C67G+C5H, NH18, Sabanpur, West Bengal 723201, India",4759.375,0,IgnitionOn,1,284.109,342.66,42,-69
d75ad6a8-1ef8-4845-9c2d-b34d510d6edb-5,EDC_BS6_PERIODIC,2025-12-19 13:51:09,2025-12-19 13:51:43,23.418512,86.2243968,26188,600,FixOK,A,OaJ5CU0303,G133E15425,"C67G+C5H, NH18, Sabanpur, West Bengal 723201, India",4759.375,0,IgnitionOn,1,284.109,342.66,46,-69
d75ad6a8-1ef8-4845-9c2d-b34d510d6edb-4,EDC_BS6_PERIODIC,2025-12-19 13:51:15,2025-12-19 13:51:43,23.418512,86.2243968,26189,600,FixOK,A,OaJ5CU0303,G133E15425,"C67G+C5H, NH18, Sabanpur, West Bengal 723201, India",4759.375,0,IgnitionOn,1,284.109,342.66,48,-69
d75ad6a8-1ef8-4845-9c2d-b34d510d6edb-3,EDC_BS6_PERIODIC,2025-12-19 13:51:21,2025-12-19 13:51:43,23.418512,86.2243968,26190,600,FixOK,A,OaJ5CU0303,G133E15425,"C67G+C5H, NH18, Sabanpur, West Bengal 723201, India",4759.375,0,IgnitionOn,1,284.109,342.66,47,-69
d75ad6a8-1ef8-4845-9c2d-b34d510d6edb-2,EDC_BS6_PERIODIC,2025-12-19 13:51:27,2025-12-19 13:51:43,23.418512,86.2243968,26191,600,FixOK,A,OaJ5CU0303,G133E15425,"C67G+C5H, NH18, Sabanpur, West Bengal 723201, India",4759.375,0,IgnitionOn,1,284.109,342.66,39,-69
d75ad6a8-1ef8-4845-9c2d-b34d510d6edb-1,EDC_BS6_PERIODIC,2025-12-19 13:51:33,2025-12-19 13:51:43,23.418512,86.2243968,26192,600,FixOK,A,OaJ5CU0303,G133E15425,"C67G+C5H, NH18, Sabanpur, West Bengal 723201, India",4759.375,0,IgnitionOn,1,284.109,342.66,39,-69
5152e7d8-51ce-4be1-b0ea-a37f8cb7b37e-10,EDC_BS6_PERIODIC,2025-12-19 13:51:39,2025-12-19 13:52:44,23.418512,86.2243968,26193,600,FixOK,A,OaJ5CU0303,G133E15425,"C68G+66P, Sabanpur, West Bengal 723201, India",4759.375,0,IgnitionOn,1,284.109,342.66,39,-69
5152e7d8-51ce-4be1-b0ea-a37f8cb7b37e-9,EDC_BS6_PERIODIC,2025-12-19 13:51:45,2025-12-19 13:52:44,23.418512,86.2243968,26194,600,FixOK,A,OaJ5CU0303,G133E15425,"C68G+66P, Sabanpur, West Bengal 723201, India",4759.375,0,IgnitionOn,1,284.109,342.66,37,-69
5152e7d8-51ce-4be1-b0ea-a37f8cb7b37e-8,EDC_BS6_PERIODIC,2025-12-19 13:51:51,2025-12-19 13:52:44,23.418512,86.2243968,26195,600,FixOK,A,OaJ5CU0303,G133E15425,"C68G+66P, Sabanpur, West Bengal 723201, India",4759.375,0,IgnitionOn,1,284.109,342.66,37,-69
5152e7d8-51ce-4be1-b0ea-a37f8cb7b37e-7,EDC_BS6_PERIODIC,2025-12-19 13:51:57,2025-12-19 13:52:44,23.418512,86.2243968,26196,600,FixOK,A,OaJ5CU0303,G133E15425,"C68G+66P, Sabanpur, West Bengal 723201, India",4759.375,0,IgnitionOn,1,284.109,342.66,40,-69
5152e7d8-51ce-4be1-b0ea-a37f8cb7b37e-6,EDC_BS6_PERIODIC,2025-12-19 13:52:03,2025-12-19 13:52:44,23.418512,86.2243968,26197,600,FixOK,A,OaJ5CU0303,G133E15425,"C68G+66P, Sabanpur, West Bengal 723201, India",4759.375,0,IgnitionOn,1,284.109,342.66,41,-69
5152e7d8-51ce-4be1-b0ea-a37f8cb7b37e-5,EDC_BS6_PERIODIC,2025-12-19 13:52:09,2025-12-19 13:52:44,23.418512,86.2243968,26198,600,FixOK,A,OaJ5CU0303,G133E15425,"C68G+66P, Sabanpur, West Bengal 723201, India",4759.375,0,IgnitionOn,1,284.109,342.66,42,-69
5152e7d8-51ce-4be1-b0ea-a37f8cb7b37e-4,EDC_BS6_PERIODIC,2025-12-19 13:52:15,2025-12-19 13:52:44,23.418512,86.2243968,26199,600,FixOK,A,OaJ5CU0303,G133E15425,"C68G+66P, Sabanpur, West Bengal 723201, India",4759.375,0,IgnitionOn,1,284.109,342.66,40,-69
5152e7d8-51ce-4be1-b0ea-a37f8cb7b37e-3,EDC_BS6_PERIODIC,2025-12-19 13:52:22,2025-12-19 13:52:44,23.418512,86.2243968,26200,600,FixOK,A,OaJ5CU0303,G133E15425,"C68G+66P, Sabanpur, West Bengal 723201, India",4759.375,0,IgnitionOn,1,284.109,342.66,41,-69
5152e7d8-51ce-4be1-b0ea-a37f8cb7b37e-2,EDC_BS6_PERIODIC,2025-12-19 13:52:27,2025-12-19 13:52:44,23.418512,86.2243968,26201,600,FixOK,A,OaJ5CU0303,G133E15425,"C68G+66P, Sabanpur, West Bengal 723201, India",4759.375,0,IgnitionOn,1,284.109,342.66,38,-69
5152e7d8-51ce-4be1-b0ea-a37f8cb7b37e-1,EDC_BS6_PERIODIC,2025-12-19 13:52:33,2025-12-19 13:52:44,23.418512,86.2243968,26202,600,FixOK,A,OaJ5CU0303,G133E15425,"C68G+66P, Sabanpur, West Bengal 723201, India",4759.375,0,IgnitionOn,1,284.109,342.66,40,-69
7e7368ac-7f47-40ca-8608-048e9d46e363-10,EDC_BS6_PERIODIC,2025-12-19 13:52:39,2025-12-19 13:53:45,23.418512,86.2243968,26203,600,FixOK,A,OaJ5CU0303,G133E15425,"C69F+GPR, Gunja, West Bengal 723201, India",4759.375,0,IgnitionOn,1,284.109,342.66,40,-69
7e7368ac-7f47-40ca-8608-048e9d46e363-9,EDC_BS6_PERIODIC,2025-12-19 13:52:45,2025-12-19 13:53:45,23.418512,86.2243968,26204,600,FixOK,A,OaJ5CU0303,G133E15425,"C69F+GPR, Gunja, West Bengal 723201, India",4759.375,0,IgnitionOn,1,284.109,342.66,40,-69
7e7368ac-7f47-40ca-8608-048e9d46e363-8,EDC_BS6_PERIODIC,2025-12-19 13:52:51,2025-12-19 13:53:45,23.418512,86.2243968,26205,600,FixOK,A,OaJ5CU0303,G133E15425,"C69F+GPR, Gunja, West Bengal 723201, India",4759.375,0,IgnitionOn,1,284.109,342.66,41,-69
7e7368ac-7f47-40ca-8608-048e9d46e363-7,EDC_BS6_PERIODIC,2025-12-19 13:52:57,2025-12-19 13:53:45,23.418512,86.2243968,26206,600,FixOK,A,OaJ5CU0303,G133E15425,"C69F+GPR, Gunja, West Bengal 723201, India",4759.375,0,IgnitionOn,1,284.109,342.66,40,-69
7e7368ac-7f47-40ca-8608-048e9d46e363-6,EDC_BS6_PERIODIC,2025-12-19 13:53:03,2025-12-19 13:53:45,23.418512,86.2243968,26207,600,FixOK,A,OaJ5CU0303,G133E15425,"C69F+GPR, Gunja, West Bengal 723201, India",4759.375,0,IgnitionOn,1,284.109,342.66,41,-69
7e7368ac-7f47-40ca-8608-048e9d46e363-5,EDC_BS6_PERIODIC,2025-12-19 13:53:09,2025-12-19 13:53:45,23.418512,86.2243968,26208,600,FixOK,A,OaJ5CU0303,G133E15425,"C69F+GPR, Gunja, West Bengal 723201, India",4759.375,0,IgnitionOn,1,284.109,342.66,42,-69
7e7368ac-7f47-40ca-8608-048e9d46e363-4,EDC_BS6_PERIODIC,2025-12-19 13:53:15,2025-12-19 13:53:45,23.418512,86.2243968,26209,600,FixOK,A,OaJ5CU0303,G133E15425,"C69F+GPR, Gunja, West Bengal 723201, India",4759.375,0,IgnitionOn,1,284.109,342.66,42,-69
7e7368ac-7f47-40ca-8608-048e9d46e363-3,EDC_BS6_PERIODIC,2025-12-19 13:53:21,2025-12-19 13:53:45,23.418512,86.2243968,26210,600,FixOK,A,OaJ5CU0303,G133E15425,"C69F+GPR, Gunja, West Bengal 723201, India",4759.375,0,IgnitionOn,1,284.109,342.66,42,-69
7e7368ac-7f47-40ca-8608-048e9d46e363-2,EDC_BS6_PERIODIC,2025-12-19 13:53:27,2025-12-19 13:53:45,23.418512,86.2243968,26211,600,FixOK,A,OaJ5CU0303,G133E15425,"C69F+GPR, Gunja, West Bengal 723201, India",4759.375,0,IgnitionOn,1,284.109,342.66,40,-69
7e7368ac-7f47-40ca-8608-048e9d46e363-1,EDC_BS6_PERIODIC,2025-12-19 13:53:33,2025-12-19 13:53:45,23.418512,86.2243968,26212,600,FixOK,A,OaJ5CU0303,G133E15425,"C69F+GPR, Gunja, West Bengal 723201, India",4759.375,0,IgnitionOn,1,284.109,342.66,43,-69
973628c2-4f4b-4a26-803a-efcd85b178f9-5,EDC_BS6_PERIODIC,2025-12-19 13:53:39,2025-12-19 13:56:26,23.41844,86.224416,26213,600,FixOK,A,OaJ5CU0303,G133E15425,"C69F+GPR, Gunja, West Bengal 723201, India",4759.375,0,IgnitionOn,1,291.503,342.66,42,-69
973628c2-4f4b-4a26-803a-efcd85b178f9-4,EDC_BS6_PERIODIC,2025-12-19 13:53:45,2025-12-19 13:56:26,23.4184352,86.224416,26214,600,FixOK,A,OaJ5CU0303,G133E15425,"C69F+GPR, Gunja, West Bengal 723201, India",4759.5,1.44,IgnitionOn,1,291.695,342.66,45,-69
a0c7219b-af40-4eeb-9c0b-9fef487f2dad-10,EXCESSIVE_IDLING_START,2025-12-19 13:53:46,2025-12-19 13:54:46,23.4184352,86.224416,23490,600,FixOK,,OaJ5CU0303,G133E15425,"C69F+GPR, Gunja, West Bengal 723201, India",0,,IgnitionOn,1,,,,
a0c7219b-af40-4eeb-9c0b-9fef487f2dad-9,EDC_BS6_PERIODIC,2025-12-19 13:53:51,2025-12-19 13:54:46,23.418392,86.224416,26215,600,FixOK,A,OaJ5CU0303,G133E15425,"C69F+GPR, Gunja, West Bengal 723201, India",4759.5,0,IgnitionOn,1,292.073,342.66,45,-69
a0c7219b-af40-4eeb-9c0b-9fef487f2dad-8,EDC_BS6_PERIODIC,2025-12-19 13:53:57,2025-12-19 13:54:46,23.4183648,86.2244352,26216,600,FixOK,A,OaJ5CU0303,G133E15425,"C69F+GPR, Gunja, West Bengal 723201, India",4759.5,2.26,IgnitionOn,1,292.899,342.66,45,-69
a0c7219b-af40-4eeb-9c0b-9fef487f2dad-7,EDC_BS6_PERIODIC,2025-12-19 13:54:03,2025-12-19 13:54:46,23.4183392,86.2244352,26217,600,FixOK,A,OaJ5CU0303,G133E15425,"C69F+GPR, Gunja, West Bengal 723201, India",4759.5,1.6,IgnitionOn,1,293.714,342.66,41,-69
a0c7219b-af40-4eeb-9c0b-9fef487f2dad-6,EDC_BS6_PERIODIC,2025-12-19 13:54:09,2025-12-19 13:54:46,23.4183216,86.2244352,26218,600,FixOK,A,OaJ5CU0303,G133E15425,"C69F+GPR, Gunja, West Bengal 723201, India",4759.5,0,IgnitionOn,1,294.311,342.66,40,-69
a0c7219b-af40-4eeb-9c0b-9fef487f2dad-5,EDC_BS6_PERIODIC,2025-12-19 13:54:15,2025-12-19 13:54:46,23.4183648,86.2244608,26219,600,FixOK,A,OaJ5CU0303,G133E15425,"C69F+GPR, Gunja, West Bengal 723201, India",4759.5,2.09,IgnitionOn,1,293.872,342.66,42,-69
a0c7219b-af40-4eeb-9c0b-9fef487f2dad-4,EXCESSIVE_IDLING_END,2025-12-19 13:54:18,2025-12-19 13:54:46,23.4183808,86.2244992,23491,600,FixOK,,OaJ5CU0303,G133E15425,"C69F+GPR, Gunja, West Bengal 723201, India",0,,IgnitionOn,1,,,,
a0c7219b-af40-4eeb-9c0b-9fef487f2dad-3,EDC_BS6_PERIODIC,2025-12-19 13:54:21,2025-12-19 13:54:46,23.4183968,86.224544,26220,600,FixOK,A,OaJ5CU0303,G133E15425,"C69F+GPR, Gunja, West Bengal 723201, India",4759.5,3.91,IgnitionOn,1,293.588,69.69,43,-69
a0c7219b-af40-4eeb-9c0b-9fef487f2dad-2,EDC_BS6_PERIODIC,2025-12-19 13:54:27,2025-12-19 13:54:46,23.4184608,86.2245888,26221,600,FixOK,A,OaJ5CU0303,G133E15425,"C69F+GPR, Gunja, West Bengal 723201, India",4759.5,5.93,IgnitionOn,1,293.419,38.68,46,-69
a0c7219b-af40-4eeb-9c0b-9fef487f2dad-1,EDC_BS6_PERIODIC,2025-12-19 13:54:33,2025-12-19 13:54:46,23.418512,86.2246528,26222,600,FixOK,A,OaJ5CU0303,G133E15425,"C69F+GPR, Gunja, West Bengal 723201, India",4759.5,5.76,IgnitionOn,1,293.05,69.37,41,-69
973628c2-4f4b-4a26-803a-efcd85b178f9-3,EDC_BS6_PERIODIC,2025-12-19 13:54:39,2025-12-19 13:56:26,23.418632,86.2247552,26223,600,FixOK,A,OaJ5CU0303,G133E15425,"C69F+GPR, Gunja, West Bengal 723201, India",4759.5,8.17,IgnitionOn,1,292.524,30.45,41,-69
973628c2-4f4b-4a26-803a-efcd85b178f9-2,EDC_BS6_PERIODIC,2025-12-19 13:54:45,2025-12-19 13:56:26,23.4187536,86.2248576,26224,600,FixOK,A,OaJ5CU0303,G133E15425,"C69F+GPR, Gunja, West Bengal 723201, India",4759.5,9.69,IgnitionOn,1,292.812,36.59,41,-79
973628c2-4f4b-4a26-803a-efcd85b178f9-1,EDC_BS6_PERIODIC,2025-12-19 13:54:51,2025-12-19 13:56:26,23.4188608,86.2249536,26225,600,FixOK,A,OaJ5CU0303,G133E15425,"C69F+GPR, Gunja, West Bengal 723201, India",4759.5,12.02,IgnitionOn,1,292.334,33.79,38,-79
6359f1cf-bc1e-4708-9df4-e6cf1c349e0c-13,BRAKE_PRESSED,2025-12-19 13:54:57,2025-12-19 14:00:35,23.41896,86.2250624,23492,600,FixOK,,OaJ5CU0303,G133E15425,"Unnamed Road, Gunja, West Bengal 723201, India",0,7.29,IgnitionOn,1,,,,
6359f1cf-bc1e-4708-9df4-e6cf1c349e0c-12,EDC_BS6_PERIODIC,2025-12-19 13:54:57,2025-12-19 14:00:35,23.41896,86.2250624,26226,600,FixOK,A,OaJ5CU0303,G133E15425,"Unnamed Road, Gunja, West Bengal 723201, India",4759.5,10.75,IgnitionOn,1,290.921,42.56,41,-79
0d910583-644c-46e8-b362-c578c2802965-10,EDC_BS6_PERIODIC,2025-12-19 13:55:03,2025-12-19 13:55:47,23.4190304,86.2251456,26227,600,FixOK,A,OaJ5CU0303,G133E15425,"C69F+GPR, Gunja, West Bengal 723201, India",4759.5,7.19,IgnitionOn,1,288.554,42.99,44,-79
0d910583-644c-46e8-b362-c578c2802965-9,EDC_BS6_PERIODIC,2025-12-19 13:55:09,2025-12-19 13:55:47,23.419056,86.2252928,26228,600,FixOK,A,OaJ5CU0303,G133E15425,"C69F+GPR, Gunja, West Bengal 723201, India",4759.625,8.73,IgnitionOn,1,287.975,115.9,40,-79
0d910583-644c-46e8-b362-c578c2802965-8,EDC_BS6_PERIODIC,2025-12-19 13:55:15,2025-12-19 13:55:47,23.418912,86.2254592,26229,600,FixOK,A,OaJ5CU0303,G133E15425,"C69F+GPR, Gunja, West Bengal 723201, India",4759.625,13.46,IgnitionOn,1,287.161,141.16,43,-79
0d910583-644c-46e8-b362-c578c2802965-7,EXHAUST_BRAKE_ON_START,2025-12-19 13:55:15,2025-12-19 13:55:47,23.418912,86.2254592,23493,600,FixOK,,OaJ5CU0303,G133E15425,"C69F+GPR, Gunja, West Bengal 723201, India",0,13.71,IgnitionOn,1,,,,
0d910583-644c-46e8-b362-c578c2802965-6,EXHAUST_BRAKE_ON_END,2025-12-19 13:55:17,2025-12-19 13:55:47,23.418856,86.225504,23494,600,FixOK,,OaJ5CU0303,G133E15425,"C69F+GPR, Gunja, West Bengal 723201, India",0,11.15,IgnitionOn,1,,,,
0d910583-644c-46e8-b362-c578c2802965-5,BRAKE_PRESSED,2025-12-19 13:55:18,2025-12-19 13:55:47,23.418832,86.225536,23495,600,FixOK,,OaJ5CU0303,G133E15425,"C69F+GPR, Gunja, West Bengal 723201, India",0,8.8,IgnitionOn,1,,,,
0d910583-644c-46e8-b362-c578c2802965-4,EDC_BS6_PERIODIC,2025-12-19 13:55:21,2025-12-19 13:55:47,23.4187936,86.2256,26230,600,FixOK,A,OaJ5CU0303,G133E15425,"C69F+GPR, Gunja, West Bengal 723201, India",4759.625,14.08,IgnitionOn,1,286.35,126.34,45,-79
0d910583-644c-46e8-b362-c578c2802965-3,EDC_BS6_PERIODIC,2025-12-19 13:55:27,2025-12-19 13:55:47,23.4188192,86.225664,26231,600,FixOK,A,OaJ5CU0303,G133E15425,"C69F+GPR, Gunja, West Bengal 723201, India",4759.625,4.63,IgnitionOn,1,286.5,103.04,43,-79
0d910583-644c-46e8-b362-c578c2802965-2,EDC_BS6_PERIODIC,2025-12-19 13:55:33,2025-12-19 13:55:47,23.418912,86.22576,26232,600,FixOK,A,OaJ5CU0303,G133E15425,"C69F+GPR, Gunja, West Bengal 723201, India",4759.625,7.69,IgnitionOn,1,286.496,49.7,19,-79
0d910583-644c-46e8-b362-c578c2802965-1,EDC_BS6_PERIODIC,2025-12-19 13:55:39,2025-12-19 13:55:47,23.4189904,86.2258496,26233,600,FixOK,A,OaJ5CU0303,G133E15425,"C69F+GPR, Gunja, West Bengal 723201, India",4759.625,8.75,IgnitionOn,1,286.307,39.25,12,-79
c9c6b413-037c-4119-8894-30707340b445-10,EDC_BS6_PERIODIC,2025-12-19 13:55:45,2025-12-19 13:56:48,23.4189472,86.2258944,26234,600,FixOK,A,OaJ5CU0303,G133E15425,"C69F+GPR, Gunja, West Bengal 723201, India",4759.625,3.8899999,IgnitionOn,1,286.199,39.25,25,-79
c9c6b413-037c-4119-8894-30707340b445-9,EDC_BS6_PERIODIC,2025-12-19 13:55:51,2025-12-19 13:56:48,23.4190016,86.2258624,26235,600,FixOK,A,OaJ5CU0303,G133E15425,"C69F+GPR, Gunja, West Bengal 723201, India",4759.625,3.27,IgnitionOn,1,285.526,39.25,35,-79
c9c6b413-037c-4119-8894-30707340b445-8,EDC_BS6_PERIODIC,2025-12-19 13:55:57,2025-12-19 13:56:48,23.419152,86.225696,26236,600,FixOK,A,OaJ5CU0303,G133E15425,"C69F+GPR, Gunja, West Bengal 723201, India",4759.625,14.23,IgnitionOn,1,285.614,315.61,35,-79
c9c6b413-037c-4119-8894-30707340b445-7,EDC_BS6_PERIODIC,2025-12-19 13:56:03,2025-12-19 13:56:48,23.4193472,86.2256128,26237,600,FixOK,A,OaJ5CU0303,G133E15425,"C69F+GPR, Gunja, West Bengal 723201, India",4759.75,13.77,IgnitionOn,1,287.679,326.92,39,-79
c9c6b413-037c-4119-8894-30707340b445-6,EDC_BS6_PERIODIC,2025-12-19 13:56:09,2025-12-19 13:56:48,23.4194704,86.2256768,26238,600,FixOK,A,OaJ5CU0303,G133E15425,"C69F+GPR, Gunja, West Bengal 723201, India",4759.75,9.34,IgnitionOn,1,288.259,40.5,42,-79
c9c6b413-037c-4119-8894-30707340b445-5,EDC_BS6_PERIODIC,2025-12-19 13:56:15,2025-12-19 13:56:48,23.41956,86.22576,26239,600,FixOK,A,OaJ5CU0303,G133E15425,"C69F+GPR, Gunja, West Bengal 723201, India",4759.75,8.35,IgnitionOn,1,288.816,40.27,42,-79
c9c6b413-037c-4119-8894-30707340b445-4,EDC_BS6_PERIODIC,2025-12-19 13:56:21,2025-12-19 13:56:48,23.4197344,86.2259456,26240,600,FixOK,A,OaJ5CU0303,G133E15425,"C69F+GPR, Gunja, West Bengal 723201, India",4759.75,15.71,IgnitionOn,1,288.803,45.5,45,-79
c9c6b413-037c-4119-8894-30707340b445-3,EDC_BS6_PERIODIC,2025-12-19 13:56:27,2025-12-19 13:56:48,23.4199344,86.226272,26241,600,FixOK,A,OaJ5CU0303,G133E15425,"C69F+GPR, Gunja, West Bengal 723201, India",4759.75,24.43,IgnitionOn,1,288.183,57.18,47,-79
c9c6b413-037c-4119-8894-30707340b445-2,EDC_BS6_PERIODIC,2025-12-19 13:56:33,2025-12-19 13:56:48,23.420096,86.2266112,26242,600,FixOK,A,OaJ5CU0303,G133E15425,"C69F+GPR, Gunja, West Bengal 723201, India",4759.875,24.94,IgnitionOn,1,288.002,63.75,46,-79
c9c6b413-037c-4119-8894-30707340b445-1,EDC_BS6_PERIODIC,2025-12-19 13:56:39,2025-12-19 13:56:48,23.4203488,86.2269056,26243,600,FixOK,A,OaJ5CU0303,G133E15425,"C69F+GPR, Gunja, West Bengal 723201, India",4759.875,24.3,IgnitionOn,1,287.815,34.02,47,-79
6359f1cf-bc1e-4708-9df4-e6cf1c349e0c-11,BRAKE_PRESSED,2025-12-19 13:56:45,2025-12-19 14:00:35,23.4206544,86.2271488,23496,600,FixOK,,OaJ5CU0303,G133E15425,"Unnamed Road, Gunja, West Bengal 723201, India",0,22.4,IgnitionOn,1,,,,
6359f1cf-bc1e-4708-9df4-e6cf1c349e0c-10,EDC_BS6_PERIODIC,2025-12-19 13:56:45,2025-12-19 14:00:35,23.4206544,86.2271488,26244,600,FixOK,A,OaJ5CU0303,G133E15425,"Unnamed Road, Gunja, West Bengal 723201, India",4759.875,25.69,IgnitionOn,1,287.583,41.63,48,-79
6359f1cf-bc1e-4708-9df4-e6cf1c349e0c-9,EDC_BS6_PERIODIC,2025-12-19 13:56:51,2025-12-19 14:00:35,23.4208816,86.2274048,26245,600,FixOK,A,OaJ5CU0303,G133E15425,"Unnamed Road, Gunja, West Bengal 723201, India",4760,22.11,IgnitionOn,1,287.158,46.27,48,-79
b9fc491e-5672-408e-9814-074b7e820d82-10,BRAKE_PRESSED,2025-12-19 13:56:57,2025-12-19 13:57:51,23.420952,86.2277504,23497,600,FixOK,,OaJ5CU0303,G133E15425,"C69G+PH Gunja, West Bengal, India",0,15.34,IgnitionOn,1,,,,
b9fc491e-5672-408e-9814-074b7e820d82-9,EDC_BS6_PERIODIC,2025-12-19 13:56:57,2025-12-19 13:57:51,23.420952,86.2277504,26246,600,FixOK,A,OaJ5CU0303,G133E15425,"C69G+PH Gunja, West Bengal, India",4760,21.88,IgnitionOn,1,287.425,76.8,47,-79
b9fc491e-5672-408e-9814-074b7e820d82-8,EDC_BS6_PERIODIC,2025-12-19 13:57:03,2025-12-19 13:57:51,23.4209728,86.2279744,26247,600,FixOK,A,OaJ5CU0303,G133E15425,"C69G+PH Gunja, West Bengal, India",4760,15.12,IgnitionOn,1,287.308,84.87,48,-79
b9fc491e-5672-408e-9814-074b7e820d82-7,EDC_BS6_PERIODIC,2025-12-19 13:57:09,2025-12-19 13:57:51,23.4209632,86.2280832,26248,600,FixOK,A,OaJ5CU0303,G133E15425,"C69G+PH Gunja, West Bengal, India",4760,6.28,IgnitionOn,1,286.717,101.55,48,-79
b9fc491e-5672-408e-9814-074b7e820d82-6,EDC_BS6_PERIODIC,2025-12-19 13:57:15,2025-12-19 13:57:51,23.420944,86.2281472,26249,600,FixOK,A,OaJ5CU0303,G133E15425,"C69G+PH Gunja, West Bengal, India",4760.125,4.03,IgnitionOn,1,286.13,101.55,48,-79
b9fc491e-5672-408e-9814-074b7e820d82-5,EDC_BS6_PERIODIC,2025-12-19 13:57:21,2025-12-19 13:57:51,23.420936,86.2282368,26250,600,FixOK,A,OaJ5CU0303,G133E15425,"C69G+PH Gunja, West Bengal, India",4760.125,8.15,IgnitionOn,1,285.653,89.2,47,-79
b9fc491e-5672-408e-9814-074b7e820d82-4,EDC_BS6_PERIODIC,2025-12-19 13:57:27,2025-12-19 13:57:51,23.4209408,86.228416,26251,600,FixOK,A,OaJ5CU0303,G133E15425,"C69G+PH Gunja, West Bengal, India",4760.125,10.12,IgnitionOn,1,286.324,83.52,46,-79
b9fc491e-5672-408e-9814-074b7e820d82-3,BRAKE_PRESSED,2025-12-19 13:57:31,2025-12-19 13:57:51,23.420944,86.228544,23498,600,FixOK,,OaJ5CU0303,G133E15425,"C69G+PH Gunja, West Bengal, India",0,9.45,IgnitionOn,1,,,,
b9fc491e-5672-408e-9814-074b7e820d82-2,EDC_BS6_PERIODIC,2025-12-19 13:57:33,2025-12-19 13:57:51,23.420944,86.2286144,26252,600,FixOK,A,OaJ5CU0303,G133E15425,"C69G+PH Gunja, West Bengal, India",4760.125,13.77,IgnitionOn,1,286.738,93.51,46,-79
b9fc491e-5672-408e-9814-074b7e820d82-1,EDC_BS6_PERIODIC,2025-12-19 13:57:39,2025-12-19 13:57:51,23.4209296,86.2287104,26253,600,FixOK,A,OaJ5CU0303,G133E15425,"C69G+PH Gunja, West Bengal, India",4760.125,6.5299997,IgnitionOn,1,287.545,98.55,47,-79
6359f1cf-bc1e-4708-9df4-e6cf1c349e0c-8,EDC_BS6_PERIODIC,2025-12-19 13:57:45,2025-12-19 14:00:35,23.4209104,86.2288896,26254,600,FixOK,A,OaJ5CU0303,G133E15425,"Unnamed Road, Gunja, West Bengal 723201, India",4760.125,13.06,IgnitionOn,1,288.299,96.19,42,-79
6359f1cf-bc1e-4708-9df4-e6cf1c349e0c-7,BRAKE_PRESSED,2025-12-19 13:57:46,2025-12-19 14:00:35,23.4209056,86.2289216,23499,600,FixOK,,OaJ5CU0303,G133E15425,"Unnamed Road, Gunja, West Bengal 723201, India",0,8.37,IgnitionOn,1,,,,
6359f1cf-bc1e-4708-9df4-e6cf1c349e0c-6,EDC_BS6_PERIODIC,2025-12-19 13:57:51,2025-12-19 14:00:35,23.4209056,86.229056,26255,600,FixOK,A,OaJ5CU0303,G133E15425,"Unnamed Road, Gunja, West Bengal 723201, India",4760.125,9.31,IgnitionOn,1,288.48,86.01,41,-79
6359f1cf-bc1e-4708-9df4-e6cf1c349e0c-5,EDC_BS6_PERIODIC,2025-12-19 13:57:57,2025-12-19 14:00:35,23.4208976,86.229184,26256,600,FixOK,A,OaJ5CU0303,G133E15425,"Unnamed Road, Gunja, West Bengal 723201, India",4760.125,7.99,IgnitionOn,1,288.345,95.91,41,-79
222ba5c8-faa8-4675-afa6-8776f0d7caf1-10,EDC_BS6_PERIODIC,2025-12-19 13:58:03,2025-12-19 13:58:50,23.420856,86.2293632,26257,600,FixOK,A,OaJ5CU0303,G133E15425,"C69G+PH Gunja, West Bengal, India",4760.25,11.86,IgnitionOn,1,289.053,101.62,44,-79
222ba5c8-faa8-4675-afa6-8776f0d7caf1-9,EDC_BS6_PERIODIC,2025-12-19 13:58:09,2025-12-19 13:58:50,23.420808,86.2295616,26258,600,FixOK,A,OaJ5CU0303,G133E15425,"C69G+PH Gunja, West Bengal, India",4760.25,13.59,IgnitionOn,1,289.457,97.98,45,-79
222ba5c8-faa8-4675-afa6-8776f0d7caf1-8,BRAKE_PRESSED,2025-12-19 13:58:14,2025-12-19 13:58:50,23.4207968,86.2297344,23500,600,FixOK,,OaJ5CU0303,G133E15425,"C69G+PH Gunja, West Bengal, India",0,10.58,IgnitionOn,1,,,,
222ba5c8-faa8-4675-afa6-8776f0d7caf1-7,EDC_BS6_PERIODIC,2025-12-19 13:58:15,2025-12-19 13:58:50,23.4207968,86.2297664,26259,600,FixOK,A,OaJ5CU0303,G133E15425,"C69G+PH Gunja, West Bengal, India",4760.25,14.7,IgnitionOn,1,289.509,89.27,45,-79
222ba5c8-faa8-4675-afa6-8776f0d7caf1-6,EDC_BS6_PERIODIC,2025-12-19 13:58:21,2025-12-19 13:58:50,23.4207968,86.2299136,26260,600,FixOK,A,OaJ5CU0303,G133E15425,"C69G+PH Gunja, West Bengal, India",4760.25,8.17,IgnitionOn,1,287.47,94.48,48,-79
222ba5c8-faa8-4675-afa6-8776f0d7caf1-5,BRAKE_PRESSED,2025-12-19 13:58:26,2025-12-19 13:58:50,23.4207872,86.230048,23501,600,FixOK,,OaJ5CU0303,G133E15425,"C69G+PH Gunja, West Bengal, India",0,11.2,IgnitionOn,1,,,,
222ba5c8-faa8-4675-afa6-8776f0d7caf1-4,EDC_BS6_PERIODIC,2025-12-19 13:58:27,2025-12-19 13:58:50,23.420784,86.23008,26261,600,FixOK,A,OaJ5CU0303,G133E15425,"C69G+PH Gunja, West Bengal, India",4760.25,11.45,IgnitionOn,1,285.64,97.44,46,-79
222ba5c8-faa8-4675-afa6-8776f0d7caf1-3,DEVICE_METRICS,2025-12-19 13:58:31,2025-12-19 13:58:50,23.420768,86.230208,,600,FixOK,,OaJ5CU0303,G133E15425,"C69G+PH Gunja, West Bengal, India",0,,IgnitionOn,1,,,,
222ba5c8-faa8-4675-afa6-8776f0d7caf1-2,EDC_BS6_PERIODIC,2025-12-19 13:58:33,2025-12-19 13:58:50,23.420768,86.2302208,26262,600,FixOK,A,OaJ5CU0303,G133E15425,"C69G+PH Gunja, West Bengal, India",4760.25,7.77,IgnitionOn,1,284.381,98.59,46,-79
86c6a6d1-cee7-49bf-8473-389ad5aa6282,HEARTBEAT_MESSAGE,2025-12-19 13:58:38,2025-12-19 13:58:38,0,0,,,,,OaJ5CU0303,G133E15425,,,,,1,,,,
222ba5c8-faa8-4675-afa6-8776f0d7caf1-1,EDC_BS6_PERIODIC,2025-12-19 13:58:39,2025-12-19 13:58:50,23.4207488,86.230336,26263,600,FixOK,A,OaJ5CU0303,G133E15425,"C69G+PH Gunja, West Bengal, India",4760.25,6.48,IgnitionOn,1,284.279,106.19,45,-79
6359f1cf-bc1e-4708-9df4-e6cf1c349e0c-3,EDC_BS6_PERIODIC,2025-12-19 13:58:45,2025-12-19 14:00:35,23.420744,86.2305344,26264,600,FixOK,A,OaJ5CU0303,G133E15425,"Unnamed Road, Gunja, West Bengal 723201, India",4760.375,12.65,IgnitionOn,1,283.876,90.19,47,-79
6359f1cf-bc1e-4708-9df4-e6cf1c349e0c-4,GPS_MESSAGE,2025-12-19 13:58:45,2025-12-19 14:00:35,23.420744,86.2305344,,600,3DFix,,OaJ5CU0303,G133E15425,"Unnamed Road, Gunja, West Bengal 723201, India",0,,IgnitionOn,1,283,8,47,
6359f1cf-bc1e-4708-9df4-e6cf1c349e0c-2,BRAKE_PRESSED,2025-12-19 13:58:51,2025-12-19 14:00:35,23.4207392,86.2308096,23502,600,FixOK,,OaJ5CU0303,G133E15425,"Unnamed Road, Gunja, West Bengal 723201, India",0,18.84,IgnitionOn,1,,,,
6359f1cf-bc1e-4708-9df4-e6cf1c349e0c-1,EDC_BS6_PERIODIC,2025-12-19 13:58:51,2025-12-19 14:00:35,23.4207392,86.2308096,26265,600,FixOK,A,OaJ5CU0303,G133E15425,"Unnamed Road, Gunja, West Bengal 723201, India",4760.375,18.54,IgnitionOn,1,282.721,92.38,42,-79
5a060f66-2bb7-4449-bd95-ee79defd521d-13,EDC_BS6_PERIODIC,2025-12-19 13:58:57,2025-12-19 14:03:44,23.4206896,86.231072,26266,600,FixOK,A,OaJ5CU0303,G133E15425,"Unnamed Road, Gunja, West Bengal 723201, India",4760.375,18.59,IgnitionOn,1,282.973,99.76,44,-79
5a060f66-2bb7-4449-bd95-ee79defd521d-12,EDC_BS6_PERIODIC,2025-12-19 13:59:03,2025-12-19 14:03:44,23.4206576,86.231264,26267,600,FixOK,A,OaJ5CU0303,G133E15425,"Unnamed Road, Gunja, West Bengal 723201, India",4760.375,12.55,IgnitionOn,1,282.519,102.3,46,-79
151b0e04-7631-4f1f-a570-e0caa1be01b8-10,EDC_BS6_PERIODIC,2025-12-19 13:59:09,2025-12-19 13:59:51,23.420632,86.2314496,26268,600,FixOK,A,OaJ5CU0303,G133E15425,"C68G+66P, Sabanpur, West Bengal 723201, India",4760.375,10.21,IgnitionOn,1,282.929,91.59,45,-79
151b0e04-7631-4f1f-a570-e0caa1be01b8-9,BRAKE_PRESSED,2025-12-19 13:59:11,2025-12-19 13:59:51,23.420632,86.2314944,23503,600,FixOK,,OaJ5CU0303,G133E15425,"C68G+66P, Sabanpur, West Bengal 723201, India",0,14.54,IgnitionOn,1,,,,
151b0e04-7631-4f1f-a570-e0caa1be01b8-8,EDC_BS6_PERIODIC,2025-12-19 13:59:15,2025-12-19 13:59:51,23.4206272,86.2316736,26269,600,FixOK,A,OaJ5CU0303,G133E15425,"C68G+66P, Sabanpur, West Bengal 723201, India",4760.5,15.85,IgnitionOn,1,281.868,95.63,46,-79
151b0e04-7631-4f1f-a570-e0caa1be01b8-7,EDC_BS6_PERIODIC,2025-12-19 13:59:21,2025-12-19 13:59:51,23.4205888,86.231936,26270,600,FixOK,A,OaJ5CU0303,G133E15425,"C68G+66P, Sabanpur, West Bengal 723201, India",4760.5,19.53,IgnitionOn,1,281.469,96.9,46,-79
151b0e04-7631-4f1f-a570-e0caa1be01b8-6,BRAKE_PRESSED,2025-12-19 13:59:27,2025-12-19 13:59:51,23.420584,86.2322432,23504,600,FixOK,,OaJ5CU0303,G133E15425,"C68G+66P, Sabanpur, West Bengal 723201, India",0,14.32,IgnitionOn,1,,,,
151b0e04-7631-4f1f-a570-e0caa1be01b8-5,EDC_BS6_PERIODIC,2025-12-19 13:59:27,2025-12-19 13:59:51,23.420584,86.2322432,26271,600,FixOK,A,OaJ5CU0303,G133E15425,"C68G+66P, Sabanpur, West Bengal 723201, India",4760.5,18.23,IgnitionOn,1,280.937,88.58,44,-79
151b0e04-7631-4f1f-a570-e0caa1be01b8-4,CLUTCH_RIDING_START,2025-12-19 13:59:31,2025-12-19 13:59:51,23.420592,86.2324416,23505,600,FixOK,,OaJ5CU0303,G133E15425,"C68G+66P, Sabanpur, West Bengal 723201, India",0,10.3,IgnitionOn,1,,,,
151b0e04-7631-4f1f-a570-e0caa1be01b8-3,EDC_BS6_PERIODIC,2025-12-19 13:59:33,2025-12-19 13:59:51,23.420592,86.2325184,26272,600,FixOK,A,OaJ5CU0303,G133E15425,"C68G+66P, Sabanpur, West Bengal 723201, India",4760.5,14.31,IgnitionOn,1,280.084,87.01,40,-79
151b0e04-7631-4f1f-a570-e0caa1be01b8-2,CLUTCH_RIDING_END,2025-12-19 13:59:36,2025-12-19 13:59:51,23.4206048,86.2326144,23506,600,FixOK,,OaJ5CU0303,G133E15425,"C68G+66P, Sabanpur, West Bengal 723201, India",0,6.5,IgnitionOn,1,,,,
151b0e04-7631-4f1f-a570-e0caa1be01b8-1,EDC_BS6_PERIODIC,2025-12-19 13:59:39,2025-12-19 13:59:51,23.420616,86.2326784,26273,600,FixOK,A,OaJ5CU0303,G133E15425,"C68G+66P, Sabanpur, West Bengal 723201, India",4760.625,8.06,IgnitionOn,1,280.303,76.37,39,-79
5a060f66-2bb7-4449-bd95-ee79defd521d-11,EDC_BS6_PERIODIC,2025-12-19 13:59:45,2025-12-19 14:03:44,23.420624,86.2328,26274,600,FixOK,A,OaJ5CU0303,G133E15425,"Unnamed Road, Gunja, West Bengal 723201, India",4760.625,10.23,IgnitionOn,1,279.954,84.8,40,-79
5a060f66-2bb7-4449-bd95-ee79defd521d-10,EDC_BS6_PERIODIC,2025-12-19 13:59:51,2025-12-19 14:03:44,23.4206944,86.2330368,26275,600,FixOK,A,OaJ5CU0303,G133E15425,"Unnamed Road, Gunja, West Bengal 723201, India",4760.625,9.43,IgnitionOn,1,278.959,75.69,42,-79
5a060f66-2bb7-4449-bd95-ee79defd521d-9,EDC_BS6_PERIODIC,2025-12-19 13:59:57,2025-12-19 14:03:44,23.4207072,86.2331392,26276,600,FixOK,A,OaJ5CU0303,G133E15425,"Unnamed Road, Gunja, West Bengal 723201, India",4760.625,7.95,IgnitionOn,1,278.808,92.18,43,-79
21698dcd-c5c4-4d92-a8f2-5147883fefe7-10,EDC_BS6_PERIODIC,2025-12-19 14:00:03,2025-12-19 14:00:52,23.420736,86.2332288,26277,600,FixOK,A,OaJ5CU0303,G133E15425,"Unnamed Road, Gunja, West Bengal 723201, India",4760.625,5.28,IgnitionOn,1,279.145,73.73,39,-79
21698dcd-c5c4-4d92-a8f2-5147883fefe7-9,EDC_BS6_PERIODIC,2025-12-19 14:00:09,2025-12-19 14:00:52,23.4207712,86.2333696,26278,600,FixOK,A,OaJ5CU0303,G133E15425,"Unnamed Road, Gunja, West Bengal 723201, India",4760.625,9.38,IgnitionOn,1,279.323,73.91,40,-79
21698dcd-c5c4-4d92-a8f2-5147883fefe7-8,BRAKE_PRESSED,2025-12-19 14:00:10,2025-12-19 14:00:52,23.4207712,86.2333824,23507,600,FixOK,,OaJ5CU0303,G133E15425,"Unnamed Road, Gunja, West Bengal 723201, India",0,6.91,IgnitionOn,1,,,,
21698dcd-c5c4-4d92-a8f2-5147883fefe7-7,EDC_BS6_PERIODIC,2025-12-19 14:00:15,2025-12-19 14:00:52,23.4207968,86.2334784,26279,600,FixOK,A,OaJ5CU0303,G133E15425,"Unnamed Road, Gunja, West Bengal 723201, India",4760.625,7.03,IgnitionOn,1,280.545,74.43,44,-79
21698dcd-c5c4-4d92-a8f2-5147883fefe7-6,EDC_BS6_PERIODIC,2025-12-19 14:00:21,2025-12-19 14:00:52,23.4208352,86.2336256,26280,600,FixOK,A,OaJ5CU0303,G133E15425,"Unnamed Road, Gunja, West Bengal 723201, India",4760.625,11.16,IgnitionOn,1,281.335,74.3,45,-79
21698dcd-c5c4-4d92-a8f2-5147883fefe7-5,BRAKE_PRESSED,2025-12-19 14:00:22,2025-12-19 14:00:52,23.4208448,86.2336576,23508,600,FixOK,,OaJ5CU0303,G133E15425,"Unnamed Road, Gunja, West Bengal 723201, India",0,7.55,IgnitionOn,1,,,,
21698dcd-c5c4-4d92-a8f2-5147883fefe7-4,EDC_BS6_PERIODIC,2025-12-19 14:00:27,2025-12-19 14:00:52,23.4208672,86.23376,26281,600,FixOK,A,OaJ5CU0303,G133E15425,"Unnamed Road, Gunja, West Bengal 723201, India",4760.625,9.45,IgnitionOn,1,281.867,71.83,45,-79
21698dcd-c5c4-4d92-a8f2-5147883fefe7-3,EDC_BS6_PERIODIC,2025-12-19 14:00:33,2025-12-19 14:00:52,23.4209264,86.233952,26282,600,FixOK,A,OaJ5CU0303,G133E15425,"Unnamed Road, Gunja, West Bengal 723201, India",4760.75,13.24,IgnitionOn,1,281.825,72.54,40,-79
21698dcd-c5c4-4d92-a8f2-5147883fefe7-2,BRAKE_PRESSED,2025-12-19 14:00:38,2025-12-19 14:00:52,23.421,86.2341248,23509,600,FixOK,,OaJ5CU0303,G133E15425,"Unnamed Road, Gunja, West Bengal 723201, India",0,8.2,IgnitionOn,1,,,,
21698dcd-c5c4-4d92-a8f2-5147883fefe7-1,EDC_BS6_PERIODIC,2025-12-19 14:00:39,2025-12-19 14:00:52,23.421008,86.2341632,26283,600,FixOK,A,OaJ5CU0303,G133E15425,"Unnamed Road, Gunja, West Bengal 723201, India",4760.75,14.65,IgnitionOn,1,281.606,61.43,42,-79
5a060f66-2bb7-4449-bd95-ee79defd521d-8,EDC_BS6_PERIODIC,2025-12-19 14:00:45,2025-12-19 14:03:44,23.4210272,86.2342656,26284,600,FixOK,A,OaJ5CU0303,G133E15425,"Unnamed Road, Gunja, West Bengal 723201, India",4760.75,7.44,IgnitionOn,1,281.617,76.19,37,-77
5a060f66-2bb7-4449-bd95-ee79defd521d-7,EDC_BS6_PERIODIC,2025-12-19 14:00:51,2025-12-19 14:03:44,23.42104,86.2343296,26285,600,FixOK,A,OaJ5CU0303,G133E15425,"Unnamed Road, Gunja, West Bengal 723201, India",4760.75,3.98,IgnitionOn,1,280.713,65.61,41,-77
b7ab6be0-a293-4669-8d0d-094abe08a3c8-10,EDC_BS6_PERIODIC,2025-12-19 14:00:57,2025-12-19 14:01:53,23.4210592,86.2344256,26286,600,FixOK,A,OaJ5CU0303,G133E15425,"Gunja more,Chas Road, Gunja, West Bengal 723201, India",4760.75,7.01,IgnitionOn,1,280.252,73.94,39,-77
b7ab6be0-a293-4669-8d0d-094abe08a3c8-9,EDC_BS6_PERIODIC,2025-12-19 14:01:03,2025-12-19 14:01:53,23.421056,86.2345344,26287,600,FixOK,A,OaJ5CU0303,G133E15425,"Gunja more,Chas Road, Gunja, West Bengal 723201, India",4760.75,6.29,IgnitionOn,1,279.303,84.94,42,-77
b7ab6be0-a293-4669-8d0d-094abe08a3c8-8,EDC_BS6_PERIODIC,2025-12-19 14:01:09,2025-12-19 14:01:53,23.4210592,86.2346176,26288,600,FixOK,A,OaJ5CU0303,G133E15425,"Gunja more,Chas Road, Gunja, West Bengal 723201, India",4760.75,4.66,IgnitionOn,1,278.342,84.94,44,-77
b7ab6be0-a293-4669-8d0d-094abe08a3c8-7,EDC_BS6_PERIODIC,2025-12-19 14:01:15,2025-12-19 14:01:53,23.4210688,86.234752,26289,600,FixOK,A,OaJ5CU0303,G133E15425,"Gunja more,Chas Road, Gunja, West Bengal 723201, India",4760.75,8.83,IgnitionOn,1,277.45,89.44,42,-77
b7ab6be0-a293-4669-8d0d-094abe08a3c8-6,EDC_BS6_PERIODIC,2025-12-19 14:01:21,2025-12-19 14:01:53,23.4210752,86.23488,26290,600,FixOK,A,OaJ5CU0303,G133E15425,"Gunja more,Chas Road, Gunja, West Bengal 723201, India",4760.75,7.6,IgnitionOn,1,277.12,92.38,42,-77
b7ab6be0-a293-4669-8d0d-094abe08a3c8-5,EDC_BS6_PERIODIC,2025-12-19 14:01:27,2025-12-19 14:01:53,23.4210848,86.2350592,26291,600,FixOK,A,OaJ5CU0303,G133E15425,"Gunja more,Chas Road, Gunja, West Bengal 723201, India",4760.875,11.54,IgnitionOn,1,275.979,85.76,42,-77
b7ab6be0-a293-4669-8d0d-094abe08a3c8-4,EDC_BS6_PERIODIC,2025-12-19 14:01:33,2025-12-19 14:01:53,23.4211008,86.2352896,26292,600,FixOK,A,OaJ5CU0303,G133E15425,"Gunja more,Chas Road, Gunja, West Bengal 723201, India",4760.875,12.91,IgnitionOn,1,276.22,85.51,41,-77
b7ab6be0-a293-4669-8d0d-094abe08a3c8-3,EDC_BS6_PERIODIC,2025-12-19 14:01:39,2025-12-19 14:01:53,23.4211008,86.2355264,26293,600,FixOK,A,OaJ5CU0303,G133E15425,"Gunja more,Chas Road, Gunja, West Bengal 723201, India",4760.875,16.7,IgnitionOn,1,276.528,87.66,42,-77
b7ab6be0-a293-4669-8d0d-094abe08a3c8-2,BRAKE_PRESSED,2025-12-19 14:01:41,2025-12-19 14:01:53,23.421096,86.2355904,23510,600,FixOK,,OaJ5CU0303,G133E15425,"Gunja more,Chas Road, Gunja, West Bengal 723201, India",0,10.29,IgnitionOn,1,,,,
b7ab6be0-a293-4669-8d0d-094abe08a3c8-1,EDC_BS6_PERIODIC,2025-12-19 14:01:45,2025-12-19 14:01:53,23.421096,86.2356992,26294,600,FixOK,A,OaJ5CU0303,G133E15425,"Gunja more,Chas Road, Gunja, West Bengal 723201, India",4760.875,13.75,IgnitionOn,1,276.627,95.66,47,-77
5a060f66-2bb7-4449-bd95-ee79defd521d-6,EDC_BS6_PERIODIC,2025-12-19 14:01:51,2025-12-19 14:03:44,23.421064,86.2359168,26295,600,FixOK,A,OaJ5CU0303,G133E15425,"Unnamed Road, Gunja, West Bengal 723201, India",4760.875,14.87,IgnitionOn,1,277.528,96.52,46,-77
5a060f66-2bb7-4449-bd95-ee79defd521d-5,EDC_BS6_PERIODIC,2025-12-19 14:01:57,2025-12-19 14:03:44,23.421008,86.2361984,26296,600,FixOK,A,OaJ5CU0303,G133E15425,"Unnamed Road, Gunja, West Bengal 723201, India",4761,18.73,IgnitionOn,1,277.712,105.31,44,-77
5a060f66-2bb7-4449-bd95-ee79defd521d-4,BRAKE_PRESSED,2025-12-19 14:02:03,2025-12-19 14:03:44,23.420944,86.2365056,23511,600,FixOK,,OaJ5CU0303,G133E15425,"Unnamed Road, Gunja, West Bengal 723201, India",0,15.34,IgnitionOn,1,,,,
5a060f66-2bb7-4449-bd95-ee79defd521d-3,EDC_BS6_PERIODIC,2025-12-19 14:02:03,2025-12-19 14:03:44,23.420944,86.2365056,26297,600,FixOK,A,OaJ5CU0303,G133E15425,"Unnamed Road, Gunja, West Bengal 723201, India",4761,20.02,IgnitionOn,1,278.819,105.48,44,-77
5a060f66-2bb7-4449-bd95-ee79defd521d-2,EDC_BS6_PERIODIC,2025-12-19 14:02:09,2025-12-19 14:03:44,23.4209264,86.236768,26298,600,FixOK,A,OaJ5CU0303,G133E15425,"Unnamed Road, Gunja, West Bengal 723201, India",4761,15.04,IgnitionOn,1,278.634,95.87,44,-77
5a060f66-2bb7-4449-bd95-ee79defd521d-1,EDC_BS6_PERIODIC,2025-12-19 14:02:15,2025-12-19 14:03:44,23.4210048,86.2371776,26299,600,FixOK,A,OaJ5CU0303,G133E15425,"Unnamed Road, Gunja, West Bengal 723201, India",4761,28.09,IgnitionOn,1,277.902,74.58,45,-77
ad8f2a86-13b7-423b-83cc-648856b70c5c-10,BRAKE_PRESSED,2025-12-19 14:02:21,2025-12-19 14:02:58,23.4211456,86.237696,23512,600,FixOK,,OaJ5CU0303,G133E15425,"Unnamed Road, Gunja, West Bengal 723201, India",0,32.64,IgnitionOn,1,,,,
ad8f2a86-13b7-423b-83cc-648856b70c5c-9,EDC_BS6_PERIODIC,2025-12-19 14:02:21,2025-12-19 14:02:58,23.4211456,86.237696,26300,600,FixOK,A,OaJ5CU0303,G133E15425,"Unnamed Road, Gunja, West Bengal 723201, India",4761.125,34.08,IgnitionOn,1,277.518,75.94,44,-77
ad8f2a86-13b7-423b-83cc-648856b70c5c-8,EDC_BS6_PERIODIC,2025-12-19 14:02:27,2025-12-19 14:02:58,23.42132,86.2382144,26301,600,FixOK,A,OaJ5CU0303,G133E15425,"Unnamed Road, Gunja, West Bengal 723201, India",4761.125,32.76,IgnitionOn,1,277.662,68.44,40,-77
ad8f2a86-13b7-423b-83cc-648856b70c5c-7,EXHAUST_BRAKE_ON_START,2025-12-19 14:02:31,2025-12-19 14:02:58,23.42144,86.2385152,23513,600,FixOK,,OaJ5CU0303,G133E15425,"Unnamed Road, Gunja, West Bengal 723201, India",0,43.97,IgnitionOn,1,,,,
ad8f2a86-13b7-423b-83cc-648856b70c5c-6,BRAKE_PRESSED,2025-12-19 14:02:32,2025-12-19 14:02:58,23.4215328,86.23872,23514,600,FixOK,,OaJ5CU0303,G133E15425,"Unnamed Road, Gunja, West Bengal 723201, India",0,43.09,IgnitionOn,1,,,,
ad8f2a86-13b7-423b-83cc-648856b70c5c-5,EDC_BS6_PERIODIC,2025-12-19 14:02:33,2025-12-19 14:02:58,23.421576,86.238816,26302,600,FixOK,A,OaJ5CU0303,G133E15425,"Unnamed Road, Gunja, West Bengal 723201, India",4761.25,42.44,IgnitionOn,1,276.995,63.97,42,-77
ad8f2a86-13b7-423b-83cc-648856b70c5c-4,EXHAUST_BRAKE_ON_END,2025-12-19 14:02:36,2025-12-19 14:02:58,23.4216672,86.2390336,23515,600,FixOK,,OaJ5CU0303,G133E15425,"Unnamed Road, Gunja, West Bengal 723201, India",0,31.34,IgnitionOn,1,,,,
ad8f2a86-13b7-423b-83cc-648856b70c5c-3-1,HARSH_BREAKING_END,2025-12-19 14:02:38,2025-12-19 14:02:58,23.4217792,86.2393344,23516,600,FixOK,,OaJ5CU0303,G133E15425,"Unnamed Road, Gunja, West Bengal 723201, India",0,16.48,IgnitionOn,1,,,,
ad8f2a86-13b7-423b-83cc-648856b70c5c-3,HARSH_BREAKING_START,2025-12-19 14:02:38,2025-12-19 14:02:58,23.4217792,86.2393344,23516,600,FixOK,,OaJ5CU0303,G133E15425,"Unnamed Road, Gunja, West Bengal 723201, India",0,16.48,IgnitionOn,1,,,,
ad8f2a86-13b7-423b-83cc-648856b70c5c-2,EDC_BS6_PERIODIC,2025-12-19 14:02:39,2025-12-19 14:02:58,23.4218112,86.239424,26303,600,FixOK,A,OaJ5CU0303,G133E15425,"Unnamed Road, Gunja, West Bengal 723201, India",4761.375,39.61,IgnitionOn,1,274.489,67.91,44,-77
ad8f2a86-13b7-423b-83cc-648856b70c5c-1,EDC_BS6_PERIODIC,2025-12-19 14:02:45,2025-12-19 14:02:58,23.421928,86.23968,26304,600,FixOK,A,OaJ5CU0303,G133E15425,"Unnamed Road, Gunja, West Bengal 723201, India",4761.375,14.57,IgnitionOn,1,273.678,64.54,45,-77
5d84a397-f9c8-4847-a970-09b0cf4bd4f3-20,EDC_BS6_PERIODIC,2025-12-19 14:02:51,2025-12-19 14:06:11,23.4219968,86.2398592,26305,600,FixOK,A,OaJ5CU0303,G133E15425,"Unnamed Road, Gunja, West Bengal 723201, India",4761.375,9.91,IgnitionOn,1,272.486,64.98,44,-77
5d84a397-f9c8-4847-a970-09b0cf4bd4f3-19,BRAKE_PRESSED,2025-12-19 14:02:53,2025-12-19 14:06:11,23.4220352,86.2399424,23517,600,FixOK,,OaJ5CU0303,G133E15425,"Unnamed Road, Gunja, West Bengal 723201, India",0,7.7,IgnitionOn,1,,,,
5d84a397-f9c8-4847-a970-09b0cf4bd4f3-18-1,HARSH_BREAKING_END,2025-12-19 14:02:54,2025-12-19 14:06:11,23.4220576,86.2399936,23518,600,FixOK,,OaJ5CU0303,G133E15425,"Unnamed Road, Gunja, West Bengal 723201, India",0,4,IgnitionOn,1,,,,
5d84a397-f9c8-4847-a970-09b0cf4bd4f3-18,HARSH_BREAKING_START,2025-12-19 14:02:54,2025-12-19 14:06:11,23.4220576,86.2399936,23518,600,FixOK,,OaJ5CU0303,G133E15425,"Unnamed Road, Gunja, West Bengal 723201, India",0,4,IgnitionOn,1,,,,
5d84a397-f9c8-4847-a970-09b0cf4bd4f3-17,EDC_BS6_PERIODIC,2025-12-19 14:02:57,2025-12-19 14:06:11,23.4220944,86.2400704,26306,600,FixOK,A,OaJ5CU0303,G133E15425,"Unnamed Road, Gunja, West Bengal 723201, India",4761.375,18.03,IgnitionOn,1,272.265,62.61,40,-77
a7062be2-d1bc-4eeb-8369-722f9391b5f6-10,EDC_BS6_PERIODIC,2025-12-19 14:03:03,2025-12-19 14:03:56,23.4220864,86.2400896,26307,600,FixOK,A,OaJ5CU0303,G133E15425,"Adarkuri Road, Golbera, West Bengal 723201, India",4761.375,0,IgnitionOn,1,272.535,62.61,36,-77
a7062be2-d1bc-4eeb-8369-722f9391b5f6-9,EDC_BS6_PERIODIC,2025-12-19 14:03:09,2025-12-19 14:03:56,23.4220864,86.2400896,26308,600,FixOK,A,OaJ5CU0303,G133E15425,"Adarkuri Road, Golbera, West Bengal 723201, India",4761.375,0,IgnitionOn,1,272.535,62.61,35,-77
a7062be2-d1bc-4eeb-8369-722f9391b5f6-8,EDC_BS6_PERIODIC,2025-12-19 14:03:15,2025-12-19 14:03:56,23.422112,86.2401216,26309,600,FixOK,A,OaJ5CU0303,G133E15425,"Adarkuri Road, Golbera, West Bengal 723201, India",4761.375,5.8,IgnitionOn,1,272.49,62.61,39,-77
a7062be2-d1bc-4eeb-8369-722f9391b5f6-7,BRAKE_PRESSED,2025-12-19 14:03:19,2025-12-19 14:03:56,23.4221472,86.2401856,23519,600,FixOK,,OaJ5CU0303,G133E15425,"Adarkuri Road, Golbera, West Bengal 723201, India",0,5.7,IgnitionOn,1,,,,
a7062be2-d1bc-4eeb-8369-722f9391b5f6-6,EDC_BS6_PERIODIC,2025-12-19 14:03:21,2025-12-19 14:03:56,23.4221728,86.2402304,26310,600,FixOK,A,OaJ5CU0303,G133E15425,"Adarkuri Road, Golbera, West Bengal 723201, India",4761.375,10.48,IgnitionOn,1,272.391,68.63,39,-77
a7062be2-d1bc-4eeb-8369-722f9391b5f6-5,EDC_BS6_PERIODIC,2025-12-19 14:03:27,2025-12-19 14:03:56,23.4222048,86.2403136,26311,600,FixOK,A,OaJ5CU0303,G133E15425,"Adarkuri Road, Golbera, West Bengal 723201, India",4761.5,3.63,IgnitionOn,1,271.828,64.01,41,-77
a7062be2-d1bc-4eeb-8369-722f9391b5f6-4,BRAKE_PRESSED,2025-12-19 14:03:33,2025-12-19 14:03:56,23.4222432,86.240416,23520,600,FixOK,,OaJ5CU0303,G133E15425,"Adarkuri Road, Golbera, West Bengal 723201, India",0,5.34,IgnitionOn,1,,,,
a7062be2-d1bc-4eeb-8369-722f9391b5f6-3,EDC_BS6_PERIODIC,2025-12-19 14:03:33,2025-12-19 14:03:56,23.4222432,86.240416,26312,600,FixOK,A,OaJ5CU0303,G133E15425,"Adarkuri Road, Golbera, West Bengal 723201, India",4761.5,9.76,IgnitionOn,1,271.217,72.19,42,-77
a7062be2-d1bc-4eeb-8369-722f9391b5f6-2,EDC_BS6_PERIODIC,2025-12-19 14:03:39,2025-12-19 14:03:56,23.4223056,86.240512,26313,600,FixOK,A,OaJ5CU0303,G133E15425,"Adarkuri Road, Golbera, West Bengal 723201, India",4761.5,5.36,IgnitionOn,1,271.166,62.86,42,-77
a7062be2-d1bc-4eeb-8369-722f9391b5f6-1,EDC_BS6_PERIODIC,2025-12-19 14:03:45,2025-12-19 14:03:56,23.422352,86.2406272,26314,600,FixOK,A,OaJ5CU0303,G133E15425,"Adarkuri Road, Golbera, West Bengal 723201, India",4761.5,10.05,IgnitionOn,1,271.01,60.36,40,-77
5d84a397-f9c8-4847-a970-09b0cf4bd4f3-16,BRAKE_PRESSED,2025-12-19 14:03:50,2025-12-19 14:06:11,23.4224192,86.2408,23521,600,FixOK,,OaJ5CU0303,G133E15425,"Unnamed Road, Gunja, West Bengal 723201, India",0,12.12,IgnitionOn,1,,,,
5d84a397-f9c8-4847-a970-09b0cf4bd4f3-15,EDC_BS6_PERIODIC,2025-12-19 14:03:51,2025-12-19 14:06:11,23.4224352,86.240832,26315,600,FixOK,A,OaJ5CU0303,G133E15425,"Unnamed Road, Gunja, West Bengal 723201, India",4761.5,15.67,IgnitionOn,1,270.856,69.31,37,-77
5d84a397-f9c8-4847-a970-09b0cf4bd4f3-14,EDC_BS6_PERIODIC,2025-12-19 14:03:57,2025-12-19 14:06:11,23.422504,86.2410304,26316,600,FixOK,A,OaJ5CU0303,G133E15425,"Unnamed Road, Gunja, West Bengal 723201, India",4761.5,8.4,IgnitionOn,1,270.717,71.09,38,-77
5d84a397-f9c8-4847-a970-09b0cf4bd4f3-13,EDC_BS6_PERIODIC,2025-12-19 14:04:03,2025-12-19 14:06:11,23.4225344,86.2411136,26317,600,FixOK,A,OaJ5CU0303,G133E15425,"Unnamed Road, Gunja, West Bengal 723201, India",4761.5,5.95,IgnitionOn,1,270.773,71.09,37,-77
5d84a397-f9c8-4847-a970-09b0cf4bd4f3-12,EDC_BS6_PERIODIC,2025-12-19 14:04:09,2025-12-19 14:06:11,23.4226208,86.2412928,26318,600,FixOK,A,OaJ5CU0303,G133E15425,"Unnamed Road, Gunja, West Bengal 723201, India",4761.5,14.12,IgnitionOn,1,270.704,64.48,39,-77
5d84a397-f9c8-4847-a970-09b0cf4bd4f3-11,BRAKE_PRESSED,2025-12-19 14:04:13,2025-12-19 14:06:11,23.422688,86.2414592,23522,600,FixOK,,OaJ5CU0303,G133E15425,"Unnamed Road, Gunja, West Bengal 723201, India",0,18.36,IgnitionOn,1,,,,
5d84a397-f9c8-4847-a970-09b0cf4bd4f3-10,EDC_BS6_PERIODIC,2025-12-19 14:04:15,2025-12-19 14:06:11,23.4227232,86.2415488,26319,600,FixOK,A,OaJ5CU0303,G133E15425,"Unnamed Road, Gunja, West Bengal 723201, India",4761.625,18.99,IgnitionOn,1,270.437,67.88,40,-77
5d84a397-f9c8-4847-a970-09b0cf4bd4f3-9,EDC_BS6_PERIODIC,2025-12-19 14:04:21,2025-12-19 14:06:11,23.422848,86.2417792,26320,600,FixOK,A,OaJ5CU0303,G133E15425,"Unnamed Road, Gunja, West Bengal 723201, India",4761.625,13.45,IgnitionOn,1,270.445,49.41,40,-77
5d84a397-f9c8-4847-a970-09b0cf4bd4f3-8,BRAKE_PRESSED,2025-12-19 14:04:27,2025-12-19 14:06:11,23.4230016,86.2419776,23523,600,FixOK,,OaJ5CU0303,G133E15425,"Unnamed Road, Gunja, West Bengal 723201, India",0,7.32,IgnitionOn,1,,,,
5d84a397-f9c8-4847-a970-09b0cf4bd4f3-7,EDC_BS6_PERIODIC,2025-12-19 14:04:27,2025-12-19 14:06:11,23.4230016,86.2419776,26321,600,FixOK,A,OaJ5CU0303,G133E15425,"Unnamed Road, Gunja, West Bengal 723201, India",4761.625,10.29,IgnitionOn,1,269.667,40.81,43,-77
5d84a397-f9c8-4847-a970-09b0cf4bd4f3-6,CLUTCH_RIDING_START,2025-12-19 14:04:28,2025-12-19 14:06:11,23.4230176,86.2419776,23524,600,FixOK,,OaJ5CU0303,G133E15425,"Unnamed Road, Gunja, West Bengal 723201, India",0,7.06,IgnitionOn,1,,,,
5d84a397-f9c8-4847-a970-09b0cf4bd4f3-5,EDC_BS6_PERIODIC,2025-12-19 14:04:33,2025-12-19 14:06:11,23.423064,86.2420416,26322,600,FixOK,A,OaJ5CU0303,G133E15425,"Unnamed Road, Gunja, West Bengal 723201, India",4761.625,7.23,IgnitionOn,1,269.44,49.2,44,-77
5d84a397-f9c8-4847-a970-09b0cf4bd4f3-4,BRAKE_PRESSED,2025-12-19 14:04:37,2025-12-19 14:06:11,23.423152,86.2421184,23525,600,FixOK,,OaJ5CU0303,G133E15425,"Unnamed Road, Gunja, West Bengal 723201, India",0,9.84,IgnitionOn,1,,,,
5d84a397-f9c8-4847-a970-09b0cf4bd4f3-3,EDC_BS6_PERIODIC,2025-12-19 14:04:39,2025-12-19 14:06:11,23.423184,86.2421504,26323,600,FixOK,A,OaJ5CU0303,G133E15425,"Unnamed Road, Gunja, West Bengal 723201, India",4761.625,13.12,IgnitionOn,1,268.036,39.61,44,-77
5d84a397-f9c8-4847-a970-09b0cf4bd4f3-2,CLUTCH_RIDING_END,2025-12-19 14:04:43,2025-12-19 14:06:11,23.4232656,86.24224,23526,600,FixOK,,OaJ5CU0303,G133E15425,"Unnamed Road, Gunja, West Bengal 723201, India",0,15.18,IgnitionOn,1,,,,
5d84a397-f9c8-4847-a970-09b0cf4bd4f3-1,EDC_BS6_PERIODIC,2025-12-19 14:04:45,2025-12-19 14:06:11,23.4233312,86.242272,26324,600,FixOK,A,OaJ5CU0303,G133E15425,"Unnamed Road, Gunja, West Bengal 723201, India",4761.75,10.86,IgnitionOn,1,267.182,39.38,41,-77
63a0a6a4-6ae3-4e01-a5d9-0d712bc52111-19,BRAKE_PRESSED,2025-12-19 14:04:46,2025-12-19 14:15:58,23.42336,86.2422912,23527,600,FixOK,,OaJ5CU0303,G133E15425,"C6CR+XC9, Adarkunri, Jharkhand 723201, India",0,9.92,IgnitionOn,1,,,,
63a0a6a4-6ae3-4e01-a5d9-0d712bc52111-18,EDC_BS6_PERIODIC,2025-12-19 14:04:51,2025-12-19 14:15:58,23.42344,86.242336,26325,600,FixOK,A,OaJ5CU0303,G133E15425,"C6CR+XC9, Adarkunri, Jharkhand 723201, India",4761.75,13.12,IgnitionOn,1,267.173,27.95,38,-77
63a0a6a4-6ae3-4e01-a5d9-0d712bc52111-17,EDC_BS6_PERIODIC,2025-12-19 14:04:57,2025-12-19 14:15:58,23.4234976,86.2424,26326,600,FixOK,A,OaJ5CU0303,G133E15425,"C6CR+XC9, Adarkunri, Jharkhand 723201, India",4761.75,3.23,IgnitionOn,1,267.332,54.84,40,-77
63a0a6a4-6ae3-4e01-a5d9-0d712bc52111-16,EDC_BS6_PERIODIC,2025-12-19 14:05:03,2025-12-19 14:15:58,23.4235056,86.2424448,26327,600,FixOK,A,OaJ5CU0303,G133E15425,"C6CR+XC9, Adarkunri, Jharkhand 723201, India",4761.75,3.66,IgnitionOn,1,267.734,54.84,39,-77
63a0a6a4-6ae3-4e01-a5d9-0d712bc52111-15,EDC_BS6_PERIODIC,2025-12-19 14:05:09,2025-12-19 14:15:58,23.4234864,86.242528,26328,600,FixOK,A,OaJ5CU0303,G133E15425,"C6CR+XC9, Adarkunri, Jharkhand 723201, India",4761.75,5.48,IgnitionOn,1,267.731,97.3,40,-77
63a0a6a4-6ae3-4e01-a5d9-0d712bc52111-14,EDC_BS6_PERIODIC,2025-12-19 14:05:15,2025-12-19 14:15:58,23.4234784,86.2425728,26329,600,FixOK,A,OaJ5CU0303,G133E15425,"C6CR+XC9, Adarkunri, Jharkhand 723201, India",4761.75,4.36,IgnitionOn,1,268.455,97.3,43,-77
45023ea0-2cbf-462d-bd6c-3b9fcf7294c5-10,EDC_BS6_PERIODIC,2025-12-19 14:05:21,2025-12-19 14:06:43,23.423456,86.2426368,26330,600,FixOK,A,OaJ5CU0303,G133E15425,"Unnamed Road, Adarkunri, West Bengal 828134, India",4761.75,5.7,IgnitionOn,1,268.553,113.8,45,-77
45023ea0-2cbf-462d-bd6c-3b9fcf7294c5-9,EDC_BS6_PERIODIC,2025-12-19 14:05:27,2025-12-19 14:06:43,23.423448,86.24272,26331,600,FixOK,A,OaJ5CU0303,G133E15425,"Unnamed Road, Adarkunri, West Bengal 828134, India",4761.75,5.84,IgnitionOn,1,268.423,101.77,45,-77
45023ea0-2cbf-462d-bd6c-3b9fcf7294c5-8,BRAKE_PRESSED,2025-12-19 14:05:32,2025-12-19 14:06:43,23.423432,86.2428224,23528,600,FixOK,,OaJ5CU0303,G133E15425,"Unnamed Road, Adarkunri, West Bengal 828134, India",0,6.94,IgnitionOn,1,,,,
45023ea0-2cbf-462d-bd6c-3b9fcf7294c5-7,EDC_BS6_PERIODIC,2025-12-19 14:05:33,2025-12-19 14:06:43,23.423432,86.2428544,26332,600,FixOK,A,OaJ5CU0303,G133E15425,"Unnamed Road, Adarkunri, West Bengal 828134, India",4761.75,7.04,IgnitionOn,1,268.274,102.2,44,-77
45023ea0-2cbf-462d-bd6c-3b9fcf7294c5-6,EDC_BS6_PERIODIC,2025-12-19 14:05:39,2025-12-19 14:06:43,23.42344,86.2428864,26333,600,FixOK,A,OaJ5CU0303,G133E15425,"Unnamed Road, Adarkunri, West Bengal 828134, India",4761.75,4.44,IgnitionOn,1,268.593,97.25,41,-77
45023ea0-2cbf-462d-bd6c-3b9fcf7294c5-5,EDC_BS6_PERIODIC,2025-12-19 14:05:45,2025-12-19 14:06:43,23.42344,86.2429376,26334,600,FixOK,A,OaJ5CU0303,G133E15425,"Unnamed Road, Adarkunri, West Bengal 828134, India",4761.75,0,IgnitionOn,1,268.592,97.25,40,-77
45023ea0-2cbf-462d-bd6c-3b9fcf7294c5-4,BRAKE_PRESSED,2025-12-19 14:05:48,2025-12-19 14:06:43,23.42344,86.2429824,23529,600,FixOK,,OaJ5CU0303,G133E15425,"Unnamed Road, Adarkunri, West Bengal 828134, India",0,5.33,IgnitionOn,1,,,,
45023ea0-2cbf-462d-bd6c-3b9fcf7294c5-3,EDC_BS6_PERIODIC,2025-12-19 14:05:51,2025-12-19 14:06:43,23.42344,86.2430144,26335,600,FixOK,A,OaJ5CU0303,G133E15425,"Unnamed Road, Adarkunri, West Bengal 828134, India",4761.75,6.05,IgnitionOn,1,268.696,93.31,42,-77
45023ea0-2cbf-462d-bd6c-3b9fcf7294c5-2,EDC_BS6_PERIODIC,2025-12-19 14:05:57,2025-12-19 14:06:43,23.42344,86.2431296,26336,600,FixOK,A,OaJ5CU0303,G133E15425,"Unnamed Road, Adarkunri, West Bengal 828134, India",4761.75,7.2,IgnitionOn,1,269.027,93.58,46,-77
45023ea0-2cbf-462d-bd6c-3b9fcf7294c5-1,EDC_BS6_PERIODIC,2025-12-19 14:06:03,2025-12-19 14:06:43,23.423456,86.2433152,26337,600,FixOK,A,OaJ5CU0303,G133E15425,"Unnamed Road, Adarkunri, West Bengal 828134, India",4761.875,11.35,IgnitionOn,1,269.048,85.87,46,-77
63a0a6a4-6ae3-4e01-a5d9-0d712bc52111-13,EDC_BS6_PERIODIC,2025-12-19 14:06:09,2025-12-19 14:15:58,23.4234736,86.2435072,26338,600,FixOK,A,OaJ5CU0303,G133E15425,"C6CR+XC9, Adarkunri, Jharkhand 723201, India",4761.875,12.77,IgnitionOn,1,269.149,91.08,43,-77
63a0a6a4-6ae3-4e01-a5d9-0d712bc52111-8,EDC_BS6_PERIODIC,2025-12-19 14:06:15,2025-12-19 14:15:58,23.4234896,86.2437376,26339,600,FixOK,A,OaJ5CU0303,G133E15425,"C6CR+XC9, Adarkunri, Jharkhand 723201, India",4761.875,14.3,IgnitionOn,1,269.489,82.36,47,-77
63a0a6a4-6ae3-4e01-a5d9-0d712bc52111-7,EDC_BS6_PERIODIC,2025-12-19 14:06:21,2025-12-19 14:15:58,23.4235184,86.2439296,26340,600,FixOK,A,OaJ5CU0303,G133E15425,"C6CR+XC9, Adarkunri, Jharkhand 723201, India",4761.875,13.04,IgnitionOn,1,269.416,82.34,42,-77
63a0a6a4-6ae3-4e01-a5d9-0d712bc52111-6,EDC_BS6_PERIODIC,2025-12-19 14:06:27,2025-12-19 14:15:58,23.423544,86.244128,26341,600,FixOK,A,OaJ5CU0303,G133E15425,"C6CR+XC9, Adarkunri, Jharkhand 723201, India",4761.875,13.66,IgnitionOn,1,269.152,78.34,40,-77
63a0a6a4-6ae3-4e01-a5d9-0d712bc52111-5,EDC_BS6_PERIODIC,2025-12-19 14:06:33,2025-12-19 14:15:58,23.42356,86.244256,26342,600,FixOK,A,OaJ5CU0303,G133E15425,"C6CR+XC9, Adarkunri, Jharkhand 723201, India",4761.875,8.62,IgnitionOn,1,268.895,84.61,40,-77
63a0a6a4-6ae3-4e01-a5d9-0d712bc52111-4,EDC_BS6_PERIODIC,2025-12-19 14:06:39,2025-12-19 14:15:58,23.4235712,86.2445312,26343,600,FixOK,A,OaJ5CU0303,G133E15425,"C6CR+XC9, Adarkunri, Jharkhand 723201, India",4762,16.77,IgnitionOn,1,268.33,92.01,38,-77
63a0a6a4-6ae3-4e01-a5d9-0d712bc52111-3,EDC_BS6_PERIODIC,2025-12-19 14:06:45,2025-12-19 14:15:58,23.4236128,86.2450176,26344,600,FixOK,A,OaJ5CU0303,G133E15425,"C6CR+XC9, Adarkunri, Jharkhand 723201, India",4762,32,IgnitionOn,1,267.648,83.66,44,-67
63a0a6a4-6ae3-4e01-a5d9-0d712bc52111-2,EDC_BS6_PERIODIC,2025-12-19 14:06:51,2025-12-19 14:15:58,23.4236992,86.2456576,26345,600,FixOK,A,OaJ5CU0303,G133E15425,"C6CR+XC9, Adarkunri, Jharkhand 723201, India",4762,39.89,IgnitionOn,1,266.587,81.12,44,-67
63a0a6a4-6ae3-4e01-a5d9-0d712bc52111-1,EDC_BS6_PERIODIC,2025-12-19 14:06:57,2025-12-19 14:15:58,23.4237216,86.2464,26346,600,FixOK,A,OaJ5CU0303,G133E15425,"C6CR+XC9, Adarkunri, Jharkhand 723201, India",4762.125,44.56,IgnitionOn,1,266.293,85.33,38,-67
4b87a784-5d26-483b-8dfe-6a73a9ec8e01-50,BRAKE_PRESSED,2025-12-19 14:07:00,2025-12-19 14:15:52,23.423656,86.2467904,23530,600,FixOK,,OaJ5CU0303,G133E15425,"C6CR+XC9, Adarkunri, Jharkhand 723201, India",0,48.65,IgnitionOn,1,,,,
4b87a784-5d26-483b-8dfe-6a73a9ec8e01-49,EDC_BS6_PERIODIC,2025-12-19 14:07:03,2025-12-19 14:15:52,23.4235968,86.2471808,26347,600,FixOK,A,OaJ5CU0303,G133E15425,"C6CR+XC9, Adarkunri, Jharkhand 723201, India",4762.25,49.2,IgnitionOn,1,268.963,97.23,38,-67
63a0a6a4-6ae3-4e01-a5d9-0d712bc52111-12,EDC_BS6_PERIODIC,2025-12-19 14:07:09,2025-12-19 14:15:58,23.423544,86.2478336,26348,600,FixOK,A,OaJ5CU0303,G133E15425,"C6CR+XC9, Adarkunri, Jharkhand 723201, India",4762.25,42.05,IgnitionOn,1,268.867,91.25,39,-67
63a0a6a4-6ae3-4e01-a5d9-0d712bc52111-11,BRAKE_PRESSED,2025-12-19 14:07:15,2025-12-19 14:15:58,23.423528,86.248288,23531,600,FixOK,,OaJ5CU0303,G133E15425,"C6CR+XC9, Adarkunri, Jharkhand 723201, India",0,33.18,IgnitionOn,1,,,,
63a0a6a4-6ae3-4e01-a5d9-0d712bc52111-10,EDC_BS6_PERIODIC,2025-12-19 14:07:15,2025-12-19 14:15:58,23.423528,86.248288,26349,600,FixOK,A,OaJ5CU0303,G133E15425,"C6CR+XC9, Adarkunri, Jharkhand 723201, India",4762.375,34.84,IgnitionOn,1,269.019,92.62,39,-67
63a0a6a4-6ae3-4e01-a5d9-0d712bc52111-9,EDC_BS6_PERIODIC,2025-12-19 14:07:21,2025-12-19 14:15:58,23.4234864,86.2488448,26350,600,FixOK,A,OaJ5CU0303,G133E15425,"C6CR+XC9, Adarkunri, Jharkhand 723201, India",4762.375,33.2,IgnitionOn,1,268.807,95.2,44,-67
4b87a784-5d26-483b-8dfe-6a73a9ec8e01-48,EDC_BS6_PERIODIC,2025-12-19 14:07:27,2025-12-19 14:15:52,23.423416,86.249344,26351,600,FixOK,A,OaJ5CU0303,G133E15425,"C6CR+XC9, Adarkunri, Jharkhand 723201, India",4762.5,32.73,IgnitionOn,1,268.311,96.76,40,-67
4b87a784-5d26-483b-8dfe-6a73a9ec8e01-47,BRAKE_PRESSED,2025-12-19 14:07:28,2025-12-19 14:15:52,23.4234048,86.2494464,23532,600,FixOK,,OaJ5CU0303,G133E15425,"C6CR+XC9, Adarkunri, Jharkhand 723201, India",0,31.62,IgnitionOn,1,,,,
4b87a784-5d26-483b-8dfe-6a73a9ec8e01-46,EDC_BS6_PERIODIC,2025-12-19 14:07:33,2025-12-19 14:15:52,23.4233888,86.249888,26352,600,FixOK,A,OaJ5CU0303,G133E15425,"C6CR+XC9, Adarkunri, Jharkhand 723201, India",4762.5,34.58,IgnitionOn,1,268.096,90.79,40,-67
4b87a784-5d26-483b-8dfe-6a73a9ec8e01-45,EDC_BS6_PERIODIC,2025-12-19 14:07:39,2025-12-19 14:15:52,23.4234048,86.25024,26353,600,FixOK,A,OaJ5CU0303,G133E15425,"C6CR+XC9, Adarkunri, Jharkhand 723201, India",4762.625,20.55,IgnitionOn,1,267.64,84.83,41,-67
4b87a784-5d26-483b-8dfe-6a73a9ec8e01-44,EDC_BS6_PERIODIC,2025-12-19 14:07:45,2025-12-19 14:15:52,23.423448,86.25072,26354,600,FixOK,A,OaJ5CU0303,G133E15425,"C6CR+XC9, Adarkunri, Jharkhand 723201, India",4762.625,29.61,IgnitionOn,1,267.747,86.16,39,-67
4b87a784-5d26-483b-8dfe-6a73a9ec8e01-43,BRAKE_PRESSED,2025-12-19 14:07:51,2025-12-19 14:15:52,23.4234784,86.2512,23533,600,FixOK,,OaJ5CU0303,G133E15425,"C6CR+XC9, Adarkunri, Jharkhand 723201, India",0,19.4,IgnitionOn,1,,,,
4b87a784-5d26-483b-8dfe-6a73a9ec8e01-42,EDC_BS6_PERIODIC,2025-12-19 14:07:51,2025-12-19 14:15:52,23.4234784,86.2512,26355,600,FixOK,A,OaJ5CU0303,G133E15425,"C6CR+XC9, Adarkunri, Jharkhand 723201, India",4762.625,32.02,IgnitionOn,1,267.881,86.29,41,-67
4b87a784-5d26-483b-8dfe-6a73a9ec8e01-41,EDC_BS6_PERIODIC,2025-12-19 14:07:57,2025-12-19 14:15:52,23.4235056,86.2515584,26356,600,FixOK,A,OaJ5CU0303,G133E15425,"C6CR+XC9, Adarkunri, Jharkhand 723201, India",4762.75,19.13,IgnitionOn,1,267.441,84.3,38,-67
4b87a784-5d26-483b-8dfe-6a73a9ec8e01-40,EDC_BS6_PERIODIC,2025-12-19 14:08:03,2025-12-19 14:15:52,23.4235392,86.2518912,26357,600,FixOK,A,OaJ5CU0303,G133E15425,"C6CR+XC9, Adarkunri, Jharkhand 723201, India",4762.75,21.89,IgnitionOn,1,267.02,85.13,38,-67
4b87a784-5d26-483b-8dfe-6a73a9ec8e01-39,EDC_BS6_PERIODIC,2025-12-19 14:08:09,2025-12-19 14:15:52,23.4235648,86.2523264,26358,600,FixOK,A,OaJ5CU0303,G133E15425,"C6CR+XC9, Adarkunri, Jharkhand 723201, India",4762.75,29.33,IgnitionOn,1,267.198,87.37,39,-67
4b87a784-5d26-483b-8dfe-6a73a9ec8e01-38,BRAKE_PRESSED,2025-12-19 14:08:11,2025-12-19 14:15:52,23.42356,86.2525056,23534,600,FixOK,,OaJ5CU0303,G133E15425,"C6CR+XC9, Adarkunri, Jharkhand 723201, India",0,29.55,IgnitionOn,1,,,,
4b87a784-5d26-483b-8dfe-6a73a9ec8e01-37,EDC_BS6_PERIODIC,2025-12-19 14:08:15,2025-12-19 14:15:52,23.42356,86.2528512,26359,600,FixOK,A,OaJ5CU0303,G133E15425,"C6CR+XC9, Adarkunri, Jharkhand 723201, India",4762.875,33.9,IgnitionOn,1,265.48,89.05,44,-67
4b87a784-5d26-483b-8dfe-6a73a9ec8e01-36,BRAKE_PRESSED,2025-12-19 14:08:18,2025-12-19 14:15:52,23.42356,86.2530432,23535,600,FixOK,,OaJ5CU0303,G133E15425,"C6CR+XC9, Adarkunri, Jharkhand 723201, India",0,15.45,IgnitionOn,1,,,,
4b87a784-5d26-483b-8dfe-6a73a9ec8e01-35,EDC_BS6_PERIODIC,2025-12-19 14:08:21,2025-12-19 14:15:52,23.423576,86.2532416,26360,600,FixOK,A,OaJ5CU0303,G133E15425,"C6CR+XC9, Adarkunri, Jharkhand 723201, India",4762.875,21.99,IgnitionOn,1,265.7,89.5,42,-67
4b87a784-5d26-483b-8dfe-6a73a9ec8e01-34,EDC_BS6_PERIODIC,2025-12-19 14:08:27,2025-12-19 14:15:52,23.423608,86.2534144,26361,600,FixOK,A,OaJ5CU0303,G133E15425,"C6CR+XC9, Adarkunri, Jharkhand 723201, India",4762.875,10.34,IgnitionOn,1,265.841,84.81,39,-67
4b87a784-5d26-483b-8dfe-6a73a9ec8e01-33,BRAKE_PRESSED,2025-12-19 14:08:30,2025-12-19 14:15:52,23.4236448,86.2535296,23536,600,FixOK,,OaJ5CU0303,G133E15425,"C6CR+XC9, Adarkunri, Jharkhand 723201, India",0,9.93,IgnitionOn,1,,,,
4b87a784-5d26-483b-8dfe-6a73a9ec8e01-32,EDC_BS6_PERIODIC,2025-12-19 14:08:33,2025-12-19 14:15:52,23.4236672,86.253632,26362,600,FixOK,A,OaJ5CU0303,G133E15425,"C6CR+XC9, Adarkunri, Jharkhand 723201, India",4763,15.43,IgnitionOn,1,266.053,75.41,44,-67
4b87a784-5d26-483b-8dfe-6a73a9ec8e01-31,EDC_BS6_PERIODIC,2025-12-19 14:08:39,2025-12-19 14:15:52,23.4237104,86.25376,26363,600,FixOK,A,OaJ5CU0303,G133E15425,"C6CR+XC9, Adarkunri, Jharkhand 723201, India",4763,12.77,IgnitionOn,1,264.276,73.08,44,-67
4b87a784-5d26-483b-8dfe-6a73a9ec8e01-29,EDC_BS6_PERIODIC,2025-12-19 14:08:45,2025-12-19 14:15:52,23.4238208,86.254048,26364,600,FixOK,A,OaJ5CU0303,G133E15425,"C6CR+XC9, Adarkunri, Jharkhand 723201, India",4763,22.09,IgnitionOn,1,263.204,70.05,46,-67
4b87a784-5d26-483b-8dfe-6a73a9ec8e01-30,GPS_MESSAGE,2025-12-19 14:08:45,2025-12-19 14:15:52,23.4238208,86.254048,,600,3DFix,,OaJ5CU0303,G133E15425,"C6CR+XC9, Adarkunri, Jharkhand 723201, India",0,,IgnitionOn,1,263,6,46,
4b87a784-5d26-483b-8dfe-6a73a9ec8e01-28,EDC_BS6_PERIODIC,2025-12-19 14:08:51,2025-12-19 14:15:52,23.4240128,86.2543296,26365,600,FixOK,A,OaJ5CU0303,G133E15425,"C6CR+XC9, Adarkunri, Jharkhand 723201, India",4763,21.81,IgnitionOn,1,262.25,54.33,46,-67
4b87a784-5d26-483b-8dfe-6a73a9ec8e01-27,BRAKE_PRESSED,2025-12-19 14:08:55,2025-12-19 14:15:52,23.424168,86.2544576,23537,600,FixOK,,OaJ5CU0303,G133E15425,"C6CR+XC9, Adarkunri, Jharkhand 723201, India",0,14.72,IgnitionOn,1,,,,
4b87a784-5d26-483b-8dfe-6a73a9ec8e01-26,EDC_BS6_PERIODIC,2025-12-19 14:08:57,2025-12-19 14:15:52,23.424256,86.254528,26366,600,FixOK,A,OaJ5CU0303,G133E15425,"C6CR+XC9, Adarkunri, Jharkhand 723201, India",4763.125,21.27,IgnitionOn,1,262.221,43.27,46,-67
4b87a784-5d26-483b-8dfe-6a73a9ec8e01-25,EDC_BS6_PERIODIC,2025-12-19 14:09:03,2025-12-19 14:15:52,23.4244256,86.2546432,26367,600,FixOK,A,OaJ5CU0303,G133E15425,"C6CR+XC9, Adarkunri, Jharkhand 723201, India",4763.125,9.4,IgnitionOn,1,262.717,29.87,45,-67
4b87a784-5d26-483b-8dfe-6a73a9ec8e01-24,EDC_BS6_PERIODIC,2025-12-19 14:09:09,2025-12-19 14:15:52,23.424504,86.254688,26368,600,FixOK,A,OaJ5CU0303,G133E15425,"C6CR+XC9, Adarkunri, Jharkhand 723201, India",4763.125,8.41,IgnitionOn,1,263.256,38.04,44,-67
4b87a784-5d26-483b-8dfe-6a73a9ec8e01-23,EDC_BS6_PERIODIC,2025-12-19 14:09:15,2025-12-19 14:15:52,23.4247024,86.254816,26369,600,FixOK,A,OaJ5CU0303,G133E15425,"C6CR+XC9, Adarkunri, Jharkhand 723201, India",4763.125,9.91,IgnitionOn,1,264.184,31.1,42,-67
4b87a784-5d26-483b-8dfe-6a73a9ec8e01-22,BRAKE_PRESSED,2025-12-19 14:09:17,2025-12-19 14:15:52,23.4247392,86.2548352,23538,600,FixOK,,OaJ5CU0303,G133E15425,"C6CR+XC9, Adarkunri, Jharkhand 723201, India",0,5.62,IgnitionOn,1,,,,
4b87a784-5d26-483b-8dfe-6a73a9ec8e01-21,EDC_BS6_PERIODIC,2025-12-19 14:09:21,2025-12-19 14:15:52,23.4247872,86.2548608,26370,600,FixOK,A,OaJ5CU0303,G133E15425,"C6CR+XC9, Adarkunri, Jharkhand 723201, India",4763.125,11.81,IgnitionOn,1,265.809,24.13,45,-67
4b87a784-5d26-483b-8dfe-6a73a9ec8e01-20,EDC_BS6_PERIODIC,2025-12-19 14:09:27,2025-12-19 14:15:52,23.4249728,86.254976,26371,600,FixOK,A,OaJ5CU0303,G133E15425,"C6CR+XC9, Adarkunri, Jharkhand 723201, India",4763.125,5.05,IgnitionOn,1,265.278,28.03,45,-67
4b87a784-5d26-483b-8dfe-6a73a9ec8e01-19,EDC_BS6_PERIODIC,2025-12-19 14:09:33,2025-12-19 14:15:52,23.4252,86.2551424,26372,600,FixOK,A,OaJ5CU0303,G133E15425,"C6CR+XC9, Adarkunri, Jharkhand 723201, India",4763.25,16.2,IgnitionOn,1,265.318,31.75,46,-67
4b87a784-5d26-483b-8dfe-6a73a9ec8e01-18,BRAKE_PRESSED,2025-12-19 14:09:35,2025-12-19 14:15:52,23.4252832,86.2551936,23539,600,FixOK,,OaJ5CU0303,G133E15425,"C6CR+XC9, Adarkunri, Jharkhand 723201, India",0,15.67,IgnitionOn,1,,,,
4b87a784-5d26-483b-8dfe-6a73a9ec8e01-17,EDC_BS6_PERIODIC,2025-12-19 14:09:39,2025-12-19 14:15:52,23.4254368,86.2552704,26373,600,FixOK,A,OaJ5CU0303,G133E15425,"C6CR+XC9, Adarkunri, Jharkhand 723201, India",4763.25,20.12,IgnitionOn,1,267.287,30.78,46,-67
4b87a784-5d26-483b-8dfe-6a73a9ec8e01-16,EDC_BS6_PERIODIC,2025-12-19 14:09:45,2025-12-19 14:15:52,23.4257312,86.2554176,26374,600,FixOK,A,OaJ5CU0303,G133E15425,"C6CR+XC9, Adarkunri, Jharkhand 723201, India",4763.25,18.36,IgnitionOn,1,269.281,22.56,40,-67
4b87a784-5d26-483b-8dfe-6a73a9ec8e01-15,BRAKE_PRESSED,2025-12-19 14:09:46,2025-12-19 14:15:52,23.4257792,86.2554368,23540,600,FixOK,,OaJ5CU0303,G133E15425,"C6CR+XC9, Adarkunri, Jharkhand 723201, India",0,17.88,IgnitionOn,1,,,,
48208454-ae6c-44d8-8406-9ac70e3222dd-40,EDC_BS6_PERIODIC,2025-12-19 14:09:51,2025-12-19 14:15:42,23.4259968,86.2555392,26375,600,FixOK,A,OaJ5CU0303,G133E15425,"C6CR+XC9, Adarkunri, Jharkhand 723201, India",4763.25,21.45,IgnitionOn,1,270.282,17.95,42,-67
48208454-ae6c-44d8-8406-9ac70e3222dd-39,BRAKE_PRESSED,2025-12-19 14:09:55,2025-12-19 14:15:42,23.42616,86.255584,23541,600,FixOK,,OaJ5CU0303,G133E15425,"C6CR+XC9, Adarkunri, Jharkhand 723201, India",0,11.41,IgnitionOn,1,,,,
48208454-ae6c-44d8-8406-9ac70e3222dd-38,EDC_BS6_PERIODIC,2025-12-19 14:09:57,2025-12-19 14:15:42,23.4262208,86.2556032,26376,600,FixOK,A,OaJ5CU0303,G133E15425,"C6CR+XC9, Adarkunri, Jharkhand 723201, India",4763.375,18.32,IgnitionOn,1,271.64,17.38,44,-67
48208454-ae6c-44d8-8406-9ac70e3222dd-37,EDC_BS6_PERIODIC,2025-12-19 14:10:03,2025-12-19 14:15:42,23.4263104,86.2556288,26377,600,FixOK,A,OaJ5CU0303,G133E15425,"C6CR+XC9, Adarkunri, Jharkhand 723201, India",4763.375,11.23,IgnitionOn,1,271.204,15.07,43,-67
48208454-ae6c-44d8-8406-9ac70e3222dd-36,EDC_BS6_PERIODIC,2025-12-19 14:10:09,2025-12-19 14:15:42,23.4265088,86.2556672,26378,600,FixOK,A,OaJ5CU0303,G133E15425,"C6CR+XC9, Adarkunri, Jharkhand 723201, India",4763.375,9.39,IgnitionOn,1,270.839,13.53,42,-67
48208454-ae6c-44d8-8406-9ac70e3222dd-35,EDC_BS6_PERIODIC,2025-12-19 14:10:15,2025-12-19 14:15:42,23.4267648,86.25568,26379,600,FixOK,A,OaJ5CU0303,G133E15425,"C6CR+XC9, Adarkunri, Jharkhand 723201, India",4763.375,16.4,IgnitionOn,1,270.199,5.28,44,-67
48208454-ae6c-44d8-8406-9ac70e3222dd-34,EDC_BS6_PERIODIC,2025-12-19 14:10:21,2025-12-19 14:15:42,23.4271712,86.2556928,26380,600,FixOK,A,OaJ5CU0303,G133E15425,"C6CR+XC9, Adarkunri, Jharkhand 723201, India",4763.5,26.87,IgnitionOn,1,270.063,5.73,43,-67
48208454-ae6c-44d8-8406-9ac70e3222dd-33,EDC_BS6_PERIODIC,2025-12-19 14:10:27,2025-12-19 14:15:42,23.42768,86.255744,26381,600,FixOK,A,OaJ5CU0303,G133E15425,"C6CR+XC9, Adarkunri, Jharkhand 723201, India",4763.5,33.9,IgnitionOn,1,271.2,6.26,42,-67
48208454-ae6c-44d8-8406-9ac70e3222dd-32,EDC_BS6_PERIODIC,2025-12-19 14:10:33,2025-12-19 14:15:42,23.428144,86.25568,26382,600,FixOK,A,OaJ5CU0303,G133E15425,"C6CR+XC9, Adarkunri, Jharkhand 723201, India",4763.5,37.38,IgnitionOn,1,270.786,341.89,42,-67
48208454-ae6c-44d8-8406-9ac70e3222dd-31,BRAKE_PRESSED,2025-12-19 14:10:37,2025-12-19 14:15:42,23.42852,86.255456,23542,600,FixOK,,OaJ5CU0303,G133E15425,"C6CR+XC9, Adarkunri, Jharkhand 723201, India",0,42.79,IgnitionOn,1,,,,
4b87a784-5d26-483b-8dfe-6a73a9ec8e01-14,EDC_BS6_PERIODIC,2025-12-19 14:10:39,2025-12-19 14:15:52,23.4287104,86.2553536,26383,600,FixOK,A,OaJ5CU0303,G133E15425,"C6CR+XC9, Adarkunri, Jharkhand 723201, India",4763.625,43.25,IgnitionOn,1,270.484,331.69,39,-67
4b87a784-5d26-483b-8dfe-6a73a9ec8e01-13,EDC_BS6_PERIODIC,2025-12-19 14:10:45,2025-12-19 14:15:52,23.429296,86.2551616,26384,600,FixOK,A,OaJ5CU0303,G133E15425,"C6CR+XC9, Adarkunri, Jharkhand 723201, India",4763.75,42.13,IgnitionOn,1,269.64,340.91,38,-67
4b87a784-5d26-483b-8dfe-6a73a9ec8e01-12,EDC_BS6_PERIODIC,2025-12-19 14:10:51,2025-12-19 14:15:52,23.4296832,86.2553856,26385,600,FixOK,A,OaJ5CU0303,G133E15425,"C6CR+XC9, Adarkunri, Jharkhand 723201, India",4763.75,27.84,IgnitionOn,1,267.74,16.29,42,-67
4b87a784-5d26-483b-8dfe-6a73a9ec8e01-11,EDC_BS6_PERIODIC,2025-12-19 14:10:57,2025-12-19 14:15:52,23.4297408,86.2557952,26386,600,FixOK,A,OaJ5CU0303,G133E15425,"C6CR+XC9, Adarkunri, Jharkhand 723201, India",4763.875,25.1,IgnitionOn,1,265.765,87.88,43,-67
4b87a784-5d26-483b-8dfe-6a73a9ec8e01-10,EDC_BS6_PERIODIC,2025-12-19 14:11:03,2025-12-19 14:15:52,23.4297568,86.2560064,26387,600,FixOK,A,OaJ5CU0303,G133E15425,"C6CR+XC9, Adarkunri, Jharkhand 723201, India",4763.875,12.1,IgnitionOn,1,261.561,84.55,45,-67
4b87a784-5d26-483b-8dfe-6a73a9ec8e01-9,BRAKE_PRESSED,2025-12-19 14:11:08,2025-12-19 14:15:52,23.4298384,86.2562944,23543,600,FixOK,,OaJ5CU0303,G133E15425,"C6CR+XC9, Adarkunri, Jharkhand 723201, India",0,26.59,IgnitionOn,1,,,,
4b87a784-5d26-483b-8dfe-6a73a9ec8e01-8,EDC_BS6_PERIODIC,2025-12-19 14:11:09,2025-12-19 14:15:52,23.4298816,86.2563456,26388,600,FixOK,A,OaJ5CU0303,G133E15425,"C6CR+XC9, Adarkunri, Jharkhand 723201, India",4763.875,25.12,IgnitionOn,1,260.988,67.95,40,-67
4b87a784-5d26-483b-8dfe-6a73a9ec8e01-7,EDC_BS6_PERIODIC,2025-12-19 14:11:15,2025-12-19 14:15:52,23.4300896,86.256672,26389,600,FixOK,A,OaJ5CU0303,G133E15425,"C6CR+XC9, Adarkunri, Jharkhand 723201, India",4763.875,25.33,IgnitionOn,1,259.667,51.13,39,-67
4b87a784-5d26-483b-8dfe-6a73a9ec8e01-6,EDC_BS6_PERIODIC,2025-12-19 14:11:21,2025-12-19 14:15:52,23.4302912,86.2569024,26390,600,FixOK,A,OaJ5CU0303,G133E15425,"C6CR+XC9, Adarkunri, Jharkhand 723201, India",4764,23.12,IgnitionOn,1,258.717,52.47,41,-67
4b87a784-5d26-483b-8dfe-6a73a9ec8e01-5,EDC_BS6_PERIODIC,2025-12-19 14:11:27,2025-12-19 14:15:52,23.4304768,86.2572096,26391,600,FixOK,A,OaJ5CU0303,G133E15425,"C6CR+XC9, Adarkunri, Jharkhand 723201, India",4764,28.8,IgnitionOn,1,257.867,61.84,40,-67
4b87a784-5d26-483b-8dfe-6a73a9ec8e01-4,BRAKE_PRESSED,2025-12-19 14:11:29,2025-12-19 14:15:52,23.4305456,86.257344,23544,600,FixOK,,OaJ5CU0303,G133E15425,"C6CR+XC9, Adarkunri, Jharkhand 723201, India",0,25.67,IgnitionOn,1,,,,
4b87a784-5d26-483b-8dfe-6a73a9ec8e01-3,EDC_BS6_PERIODIC,2025-12-19 14:11:33,2025-12-19 14:15:52,23.4307008,86.257568,26392,600,FixOK,A,OaJ5CU0303,G133E15425,"C6CR+XC9, Adarkunri, Jharkhand 723201, India",4764.125,27.91,IgnitionOn,1,257.354,55.86,42,-67
4b87a784-5d26-483b-8dfe-6a73a9ec8e01-2,BRAKE_PRESSED,2025-12-19 14:11:36,2025-12-19 14:15:52,23.4308096,86.257728,23545,600,FixOK,,OaJ5CU0303,G133E15425,"C6CR+XC9, Adarkunri, Jharkhand 723201, India",0,17.34,IgnitionOn,1,,,,
4b87a784-5d26-483b-8dfe-6a73a9ec8e01-1,EDC_BS6_PERIODIC,2025-12-19 14:11:39,2025-12-19 14:15:52,23.4309248,86.2578624,26393,600,FixOK,A,OaJ5CU0303,G133E15425,"C6CR+XC9, Adarkunri, Jharkhand 723201, India",4764.125,24.06,IgnitionOn,1,255.119,49.88,41,-67
48208454-ae6c-44d8-8406-9ac70e3222dd-50,EDC_BS6_PERIODIC,2025-12-19 14:11:45,2025-12-19 14:15:42,23.4310912,86.2580224,26394,600,FixOK,A,OaJ5CU0303,G133E15425,"C6CR+XC9, Adarkunri, Jharkhand 723201, India",4764.125,10.8,IgnitionOn,1,253.901,37.09,41,-67
48208454-ae6c-44d8-8406-9ac70e3222dd-49,CLUTCH_RIDING_START,2025-12-19 14:11:48,2025-12-19 14:15:42,23.431152,86.2580736,23546,600,FixOK,,OaJ5CU0303,G133E15425,"C6CR+XC9, Adarkunri, Jharkhand 723201, India",0,6.45,IgnitionOn,1,,,,
48208454-ae6c-44d8-8406-9ac70e3222dd-48,BRAKE_PRESSED,2025-12-19 14:11:49,2025-12-19 14:15:42,23.431168,86.2580736,23547,600,FixOK,,OaJ5CU0303,G133E15425,"C6CR+XC9, Adarkunri, Jharkhand 723201, India",0,6.63,IgnitionOn,1,,,,
48208454-ae6c-44d8-8406-9ac70e3222dd-47,EDC_BS6_PERIODIC,2025-12-19 14:11:51,2025-12-19 14:15:42,23.431208,86.2581056,26395,600,FixOK,A,OaJ5CU0303,G133E15425,"C6CR+XC9, Adarkunri, Jharkhand 723201, India",4764.125,9.7,IgnitionOn,1,254.518,33.61,39,-67
48208454-ae6c-44d8-8406-9ac70e3222dd-46,EDC_BS6_PERIODIC,2025-12-19 14:11:57,2025-12-19 14:15:42,23.431432,86.258272,26396,600,FixOK,A,OaJ5CU0303,G133E15425,"C6CR+XC9, Adarkunri, Jharkhand 723201, India",4764.125,10.66,IgnitionOn,1,255.283,30.28,37,-67
48208454-ae6c-44d8-8406-9ac70e3222dd-45,BRAKE_PRESSED,2025-12-19 14:11:59,2025-12-19 14:15:42,23.4314896,86.258304,23548,600,FixOK,,OaJ5CU0303,G133E15425,"C6CR+XC9, Adarkunri, Jharkhand 723201, India",0,12.04,IgnitionOn,1,,,,
48208454-ae6c-44d8-8406-9ac70e3222dd-44,CLUTCH_RIDING_END,2025-12-19 14:12:01,2025-12-19 14:15:42,23.4315344,86.2583552,23549,600,FixOK,,OaJ5CU0303,G133E15425,"C6CR+XC9, Adarkunri, Jharkhand 723201, India",0,14.76,IgnitionOn,1,,,,
48208454-ae6c-44d8-8406-9ac70e3222dd-43,EDC_BS6_PERIODIC,2025-12-19 14:12:03,2025-12-19 14:15:42,23.431576,86.2584192,26397,600,FixOK,A,OaJ5CU0303,G133E15425,"C6CR+XC9, Adarkunri, Jharkhand 723201, India",4764.25,14.59,IgnitionOn,1,254.927,51.31,39,-67
48208454-ae6c-44d8-8406-9ac70e3222dd-42,BRAKE_PRESSED,2025-12-19 14:12:09,2025-12-19 14:15:42,23.4317584,86.258592,23550,600,FixOK,,OaJ5CU0303,G133E15425,"C6CR+XC9, Adarkunri, Jharkhand 723201, India",0,14.13,IgnitionOn,1,,,,
48208454-ae6c-44d8-8406-9ac70e3222dd-41,EDC_BS6_PERIODIC,2025-12-19 14:12:09,2025-12-19 14:15:42,23.4317584,86.258592,26398,600,FixOK,A,OaJ5CU0303,G133E15425,"C6CR+XC9, Adarkunri, Jharkhand 723201, India",4764.25,16.45,IgnitionOn,1,254.656,40.22,38,-67
48208454-ae6c-44d8-8406-9ac70e3222dd-30,BRAKE_PRESSED,2025-12-19 14:12:15,2025-12-19 14:15:42,23.431904,86.25872,23551,600,FixOK,,OaJ5CU0303,G133E15425,"C6CR+XC9, Adarkunri, Jharkhand 723201, India",0,10.8,IgnitionOn,1,,,,
48208454-ae6c-44d8-8406-9ac70e3222dd-29,EDC_BS6_PERIODIC,2025-12-19 14:12:15,2025-12-19 14:15:42,23.431904,86.25872,26399,600,FixOK,A,OaJ5CU0303,G133E15425,"C6CR+XC9, Adarkunri, Jharkhand 723201, India",4764.25,14.12,IgnitionOn,1,255.015,41.45,38,-67
48208454-ae6c-44d8-8406-9ac70e3222dd-28,EDC_BS6_PERIODIC,2025-12-19 14:12:22,2025-12-19 14:15:42,23.432104,86.2588416,26400,600,FixOK,A,OaJ5CU0303,G133E15425,"C6CR+XC9, Adarkunri, Jharkhand 723201, India",4764.25,11.44,IgnitionOn,1,256.587,28.05,39,-67
48208454-ae6c-44d8-8406-9ac70e3222dd-27,EDC_BS6_PERIODIC,2025-12-19 14:12:27,2025-12-19 14:15:42,23.4324128,86.2590016,26401,600,FixOK,A,OaJ5CU0303,G133E15425,"C6CR+XC9, Adarkunri, Jharkhand 723201, India",4764.25,26.81,IgnitionOn,1,258.274,22.7,39,-67
48208454-ae6c-44d8-8406-9ac70e3222dd-26,BRAKE_PRESSED,2025-12-19 14:12:30,2025-12-19 14:15:42,23.432624,86.2591104,23552,600,FixOK,,OaJ5CU0303,G133E15425,"C6CR+XC9, Adarkunri, Jharkhand 723201, India",0,26.39,IgnitionOn,1,,,,
48208454-ae6c-44d8-8406-9ac70e3222dd-25,EDC_BS6_PERIODIC,2025-12-19 14:12:33,2025-12-19 14:15:42,23.4328032,86.2592128,26402,600,FixOK,A,OaJ5CU0303,G133E15425,"C6CR+XC9, Adarkunri, Jharkhand 723201, India",4764.375,30.91,IgnitionOn,1,257.882,28.12,41,-67
48208454-ae6c-44d8-8406-9ac70e3222dd-24,EDC_BS6_PERIODIC,2025-12-19 14:12:39,2025-12-19 14:15:42,23.432968,86.2593152,26403,600,FixOK,A,OaJ5CU0303,G133E15425,"C6CR+XC9, Adarkunri, Jharkhand 723201, India",4764.375,21.62,IgnitionOn,1,257.351,32.08,41,-67
48208454-ae6c-44d8-8406-9ac70e3222dd-23,EDC_BS6_PERIODIC,2025-12-19 14:12:45,2025-12-19 14:15:42,23.4331936,86.2594432,26404,600,FixOK,A,OaJ5CU0303,G133E15425,"C6CR+XC9, Adarkunri, Jharkhand 723201, India",4764.375,11.31,IgnitionOn,1,255.955,28.42,43,-67
48208454-ae6c-44d8-8406-9ac70e3222dd-22,BRAKE_PRESSED,2025-12-19 14:12:46,2025-12-19 14:15:42,23.4332352,86.2594688,23553,600,FixOK,,OaJ5CU0303,G133E15425,"C6CR+XC9, Adarkunri, Jharkhand 723201, India",0,16.11,IgnitionOn,1,,,,
48208454-ae6c-44d8-8406-9ac70e3222dd-21,EDC_BS6_PERIODIC,2025-12-19 14:12:51,2025-12-19 14:15:42,23.4333744,86.2595328,26405,600,FixOK,A,OaJ5CU0303,G133E15425,"C6CR+XC9, Adarkunri, Jharkhand 723201, India",4764.375,20.77,IgnitionOn,1,255.429,25.75,45,-67
48208454-ae6c-44d8-8406-9ac70e3222dd-20,EDC_BS6_PERIODIC,2025-12-19 14:12:57,2025-12-19 14:15:42,23.433472,86.259584,26406,600,FixOK,A,OaJ5CU0303,G133E15425,"C6CR+XC9, Adarkunri, Jharkhand 723201, India",4764.5,5.08,IgnitionOn,1,255.128,22.57,44,-67
48208454-ae6c-44d8-8406-9ac70e3222dd-19,EDC_BS6_PERIODIC,2025-12-19 14:13:03,2025-12-19 14:15:42,23.4337248,86.2597504,26407,600,FixOK,A,OaJ5CU0303,G133E15425,"C6CR+XC9, Adarkunri, Jharkhand 723201, India",4764.5,17.66,IgnitionOn,1,255.457,28.67,45,-67
48208454-ae6c-44d8-8406-9ac70e3222dd-18,EDC_BS6_PERIODIC,2025-12-19 14:13:09,2025-12-19 14:15:42,23.4341056,86.2599744,26408,600,FixOK,A,OaJ5CU0303,G133E15425,"C6CR+XC9, Adarkunri, Jharkhand 723201, India",4764.5,28.68,IgnitionOn,1,257.463,25.57,40,-67
48208454-ae6c-44d8-8406-9ac70e3222dd-17,EDC_BS6_PERIODIC,2025-12-19 14:13:15,2025-12-19 14:15:42,23.4346432,86.2601728,26409,600,FixOK,A,OaJ5CU0303,G133E15425,"C6CR+XC9, Adarkunri, Jharkhand 723201, India",4764.625,35.24,IgnitionOn,1,259.256,16.53,42,-67
48208454-ae6c-44d8-8406-9ac70e3222dd-16,BRAKE_PRESSED,2025-12-19 14:13:19,2025-12-19 14:15:42,23.4350656,86.260288,23554,600,FixOK,,OaJ5CU0303,G133E15425,"C6CR+XC9, Adarkunri, Jharkhand 723201, India",0,42.78,IgnitionOn,1,,,,
48208454-ae6c-44d8-8406-9ac70e3222dd-15,EDC_BS6_PERIODIC,2025-12-19 14:13:21,2025-12-19 14:15:42,23.4352944,86.260288,26410,600,FixOK,A,OaJ5CU0303,G133E15425,"C6CR+XC9, Adarkunri, Jharkhand 723201, India",4764.625,43.83,IgnitionOn,1,259.27,5.61,45,-67
48208454-ae6c-44d8-8406-9ac70e3222dd-14-1,HARSH_BREAKING_END,2025-12-19 14:13:26,2025-12-19 14:15:42,23.4357744,86.26032,23555,600,FixOK,,OaJ5CU0303,G133E15425,"C6CR+XC9, Adarkunri, Jharkhand 723201, India",0,14.92,IgnitionOn,1,,,,
48208454-ae6c-44d8-8406-9ac70e3222dd-14,HARSH_BREAKING_START,2025-12-19 14:13:26,2025-12-19 14:15:42,23.4357744,86.26032,23555,600,FixOK,,OaJ5CU0303,G133E15425,"C6CR+XC9, Adarkunri, Jharkhand 723201, India",0,14.92,IgnitionOn,1,,,,
48208454-ae6c-44d8-8406-9ac70e3222dd-13,EDC_BS6_PERIODIC,2025-12-19 14:13:27,2025-12-19 14:15:42,23.43584,86.26032,26411,600,FixOK,A,OaJ5CU0303,G133E15425,"C6CR+XC9, Adarkunri, Jharkhand 723201, India",4764.75,42.3,IgnitionOn,1,258.236,2.81,45,-67
48208454-ae6c-44d8-8406-9ac70e3222dd-12,EDC_BS6_PERIODIC,2025-12-19 14:13:33,2025-12-19 14:15:42,23.4360144,86.260352,26412,600,FixOK,A,OaJ5CU0303,G133E15425,"C6CR+XC9, Adarkunri, Jharkhand 723201, India",4764.75,17.59,IgnitionOn,1,256.043,8.36,44,-67
48208454-ae6c-44d8-8406-9ac70e3222dd-11,EDC_BS6_PERIODIC,2025-12-19 14:13:39,2025-12-19 14:15:42,23.4361152,86.260384,26413,600,FixOK,A,OaJ5CU0303,G133E15425,"C6CR+XC9, Adarkunri, Jharkhand 723201, India",4764.75,5.65,IgnitionOn,1,254.378,11.53,45,-67
48208454-ae6c-44d8-8406-9ac70e3222dd-10,EDC_BS6_PERIODIC,2025-12-19 14:13:45,2025-12-19 14:15:42,23.436392,86.2604288,26414,600,FixOK,A,OaJ5CU0303,G133E15425,"C6CR+XC9, Adarkunri, Jharkhand 723201, India",4764.75,16.65,IgnitionOn,1,254.067,11.07,46,-67
48208454-ae6c-44d8-8406-9ac70e3222dd-9,EDC_BS6_PERIODIC,2025-12-19 14:13:51,2025-12-19 14:15:42,23.43684,86.260512,26415,600,FixOK,A,OaJ5CU0303,G133E15425,"C6CR+XC9, Adarkunri, Jharkhand 723201, India",4764.875,30.31,IgnitionOn,1,254.416,10.27,45,-67
48208454-ae6c-44d8-8406-9ac70e3222dd-8,BRAKE_PRESSED,2025-12-19 14:13:52,2025-12-19 14:15:42,23.4369184,86.2605312,23556,600,FixOK,,OaJ5CU0303,G133E15425,"C6CR+XC9, Adarkunri, Jharkhand 723201, India",0,29.17,IgnitionOn,1,,,,
48208454-ae6c-44d8-8406-9ac70e3222dd-7,EDC_BS6_PERIODIC,2025-12-19 14:13:57,2025-12-19 14:15:42,23.437272,86.260608,26416,600,FixOK,A,OaJ5CU0303,G133E15425,"C6CR+XC9, Adarkunri, Jharkhand 723201, India",4764.875,32.32,IgnitionOn,1,253.744,13.55,46,-67
48208454-ae6c-44d8-8406-9ac70e3222dd-6,EDC_BS6_PERIODIC,2025-12-19 14:14:03,2025-12-19 14:15:42,23.4374688,86.2606592,26417,600,FixOK,A,OaJ5CU0303,G133E15425,"C6CR+XC9, Adarkunri, Jharkhand 723201, India",4765,20.74,IgnitionOn,1,253.292,10.92,46,-67
48208454-ae6c-44d8-8406-9ac70e3222dd-5,EDC_BS6_PERIODIC,2025-12-19 14:14:09,2025-12-19 14:15:42,23.4375808,86.2606784,26418,600,FixOK,A,OaJ5CU0303,G133E15425,"C6CR+XC9, Adarkunri, Jharkhand 723201, India",4765,4.9700003,IgnitionOn,1,253.271,10.85,46,-67
48208454-ae6c-44d8-8406-9ac70e3222dd-4,BRAKE_PRESSED,2025-12-19 14:14:11,2025-12-19 14:15:42,23.4376128,86.2606976,23557,600,FixOK,,OaJ5CU0303,G133E15425,"C6CR+XC9, Adarkunri, Jharkhand 723201, India",0,7.38,IgnitionOn,1,,,,
48208454-ae6c-44d8-8406-9ac70e3222dd-3,EDC_BS6_PERIODIC,2025-12-19 14:14:15,2025-12-19 14:15:42,23.43772,86.2607104,26419,600,FixOK,A,OaJ5CU0303,G133E15425,"C6CR+XC9, Adarkunri, Jharkhand 723201, India",4765,13.48,IgnitionOn,1,253.194,10.78,41,-67
48208454-ae6c-44d8-8406-9ac70e3222dd-2,EDC_BS6_PERIODIC,2025-12-19 14:14:21,2025-12-19 14:15:42,23.4378432,86.2607424,26420,600,FixOK,A,OaJ5CU0303,G133E15425,"C6CR+XC9, Adarkunri, Jharkhand 723201, India",4765,5.95,IgnitionOn,1,252.55,13.98,41,-67
48208454-ae6c-44d8-8406-9ac70e3222dd-1,EDC_BS6_PERIODIC,2025-12-19 14:14:27,2025-12-19 14:15:42,23.4381104,86.2608064,26421,600,FixOK,A,OaJ5CU0303,G133E15425,"C6CR+XC9, Adarkunri, Jharkhand 723201, India",4765,17.27,IgnitionOn,1,251.08,14.4,44,-67
7753adec-35a3-45c6-9136-b051c7e59db9-11,BRAKE_PRESSED,2025-12-19 14:14:33,2025-12-19 14:18:04,23.4384672,86.2609856,23558,600,FixOK,,OaJ5CU0303,G133E15425,"C7R7+83X, Batboa, Jharkhand 828134, India",0,26.84,IgnitionOn,1,,,,
7753adec-35a3-45c6-9136-b051c7e59db9-10,EDC_BS6_PERIODIC,2025-12-19 14:14:33,2025-12-19 14:18:04,23.4384672,86.2609856,26422,600,FixOK,A,OaJ5CU0303,G133E15425,"C7R7+83X, Batboa, Jharkhand 828134, India",4765,26.94,IgnitionOn,1,249.569,22.39,41,-67
aebeff49-08d1-4fe7-9fee-80339b433a0d-10,EDC_BS6_PERIODIC,2025-12-19 14:14:39,2025-12-19 14:15:33,23.4388336,86.261184,26423,600,FixOK,A,OaJ5CU0303,G133E15425,"C6CR+XC9, Adarkunri, Jharkhand 723201, India",4765.125,28.54,IgnitionOn,1,248.6,27.65,43,-67
aebeff49-08d1-4fe7-9fee-80339b433a0d-9,EDC_BS6_PERIODIC,2025-12-19 14:14:45,2025-12-19 14:15:33,23.439192,86.2614272,26424,600,FixOK,A,OaJ5CU0303,G133E15425,"C6CR+XC9, Adarkunri, Jharkhand 723201, India",4765.125,27.27,IgnitionOn,1,248.399,33.25,43,-67
aebeff49-08d1-4fe7-9fee-80339b433a0d-8,EDC_BS6_PERIODIC,2025-12-19 14:14:51,2025-12-19 14:15:33,23.4396608,86.2617216,26425,600,FixOK,A,OaJ5CU0303,G133E15425,"C6CR+XC9, Adarkunri, Jharkhand 723201, India",4765.25,37.48,IgnitionOn,1,250.766,28.54,43,-67
aebeff49-08d1-4fe7-9fee-80339b433a0d-7,BRAKE_PRESSED,2025-12-19 14:14:53,2025-12-19 14:15:33,23.4398208,86.2617984,23559,600,FixOK,,OaJ5CU0303,G133E15425,"C6CR+XC9, Adarkunri, Jharkhand 723201, India",0,29.38,IgnitionOn,1,,,,
aebeff49-08d1-4fe7-9fee-80339b433a0d-6,EDC_BS6_PERIODIC,2025-12-19 14:14:57,2025-12-19 14:15:33,23.440112,86.2619776,26426,600,FixOK,A,OaJ5CU0303,G133E15425,"C6CR+XC9, Adarkunri, Jharkhand 723201, India",4765.25,35.87,IgnitionOn,1,251.817,28.2,43,-67
aebeff49-08d1-4fe7-9fee-80339b433a0d-5,EDC_BS6_PERIODIC,2025-12-19 14:15:03,2025-12-19 14:15:33,23.4404192,86.2621952,26427,600,FixOK,A,OaJ5CU0303,G133E15425,"C6CR+XC9, Adarkunri, Jharkhand 723201, India",4765.375,24.67,IgnitionOn,1,252.401,31.02,43,-67
aebeff49-08d1-4fe7-9fee-80339b433a0d-4,EDC_BS6_PERIODIC,2025-12-19 14:15:09,2025-12-19 14:15:33,23.4406,86.262304,26428,600,FixOK,A,OaJ5CU0303,G133E15425,"C6CR+XC9, Adarkunri, Jharkhand 723201, India",4765.375,13.38,IgnitionOn,1,251.91,30.82,39,-67
aebeff49-08d1-4fe7-9fee-80339b433a0d-3,BRAKE_PRESSED,2025-12-19 14:15:10,2025-12-19 14:15:33,23.4406272,86.2623232,23560,600,FixOK,,OaJ5CU0303,G133E15425,"C6CR+XC9, Adarkunri, Jharkhand 723201, India",0,14.85,IgnitionOn,1,,,,
aebeff49-08d1-4fe7-9fee-80339b433a0d-2,EDC_BS6_PERIODIC,2025-12-19 14:15:15,2025-12-19 14:15:33,23.4408032,86.2624128,26429,600,FixOK,A,OaJ5CU0303,G133E15425,"C6CR+XC9, Adarkunri, Jharkhand 723201, India",4765.375,16.62,IgnitionOn,1,252.121,28.15,41,-67
aebeff49-08d1-4fe7-9fee-80339b433a0d-1,EDC_BS6_PERIODIC,2025-12-19 14:15:21,2025-12-19 14:15:33,23.440888,86.262464,26430,600,FixOK,A,OaJ5CU0303,G133E15425,"C6CR+XC9, Adarkunri, Jharkhand 723201, India",4765.375,8.99,IgnitionOn,1,251.085,35.04,41,-67
7753adec-35a3-45c6-9136-b051c7e59db9-9,EDC_BS6_PERIODIC,2025-12-19 14:15:28,2025-12-19 14:18:04,23.441344,86.2627136,26431,600,FixOK,A,OaJ5CU0303,G133E15425,"C7R7+83X, Batboa, Jharkhand 828134, India",4765.375,17.62,IgnitionOn,1,249.949,18.13,40,-67
7753adec-35a3-45c6-9136-b051c7e59db9-8,BRAKE_PRESSED,2025-12-19 14:15:31,2025-12-19 14:18:04,23.4415328,86.2627456,23561,600,FixOK,,OaJ5CU0303,G133E15425,"C7V7+F6J, Sanrboa, Jharkhand 828134, India",0,13.82,IgnitionOn,1,,,,
39e1b006-83ba-449f-bc59-12dae999a4c3,HEARTBEAT_MESSAGE,2025-12-19 14:15:31,2025-12-19 14:15:31,0,0,,,,,OaJ5CU0303,G133E15425,,,,,1,,,,
7753adec-35a3-45c6-9136-b051c7e59db9-7,EDC_BS6_PERIODIC,2025-12-19 14:15:33,2025-12-19 14:18:04,23.4415712,86.2627584,26432,600,FixOK,A,OaJ5CU0303,G133E15425,"C7V7+F6J, Sanrboa, Jharkhand 828134, India",4765.5,20.56,IgnitionOn,1,249.479,6.8,40,-67
7753adec-35a3-45c6-9136-b051c7e59db9-6,EDC_BS6_PERIODIC,2025-12-19 14:15:39,2025-12-19 14:18:04,23.4416624,86.2627584,26433,600,FixOK,A,OaJ5CU0303,G133E15425,"C6FV+68R, Adarkunri, West Bengal 828134, India",4765.5,9.77,IgnitionOn,1,249.334,6.03,41,-67
db4f4419-24c5-4ea4-8a31-82dde6d383d3-10,EDC_BS6_PERIODIC,2025-12-19 14:15:45,2025-12-19 14:16:49,23.4417952,86.2627904,26434,600,FixOK,A,OaJ5CU0303,G133E15425,"C7M5+4M Batboa, Jharkhand, India",4765.5,7.85,IgnitionOn,1,248.626,16.28,41,-67
db4f4419-24c5-4ea4-8a31-82dde6d383d3-9,EDC_BS6_PERIODIC,2025-12-19 14:15:51,2025-12-19 14:16:49,23.442024,86.2628224,26435,600,FixOK,A,OaJ5CU0303,G133E15425,"C7M5+4M Batboa, Jharkhand, India",4765.5,14.2,IgnitionOn,1,248.602,5.57,37,-67
db4f4419-24c5-4ea4-8a31-82dde6d383d3-8,EDC_BS6_PERIODIC,2025-12-19 14:15:57,2025-12-19 14:16:49,23.442272,86.2628864,26436,600,FixOK,A,OaJ5CU0303,G133E15425,"C7M5+4M Batboa, Jharkhand, India",4765.625,17.38,IgnitionOn,1,248.977,13.42,40,-67
db4f4419-24c5-4ea4-8a31-82dde6d383d3-7,BRAKE_PRESSED,2025-12-19 14:16:02,2025-12-19 14:16:49,23.4424832,86.2629376,23562,600,FixOK,,OaJ5CU0303,G133E15425,"C7M5+4M Batboa, Jharkhand, India",0,16.32,IgnitionOn,1,,,,
db4f4419-24c5-4ea4-8a31-82dde6d383d3-6,EDC_BS6_PERIODIC,2025-12-19 14:16:03,2025-12-19 14:16:49,23.442528,86.2629504,26437,600,FixOK,A,OaJ5CU0303,G133E15425,"C7M5+4M Batboa, Jharkhand, India",4765.625,17.31,IgnitionOn,1,249.123,15.27,39,-67
db4f4419-24c5-4ea4-8a31-82dde6d383d3-5,EDC_BS6_PERIODIC,2025-12-19 14:16:09,2025-12-19 14:16:49,23.442696,86.263008,26438,600,FixOK,A,OaJ5CU0303,G133E15425,"C7M5+4M Batboa, Jharkhand, India",4765.625,16.32,IgnitionOn,1,248.914,19.95,38,-67
db4f4419-24c5-4ea4-8a31-82dde6d383d3-4,BRAKE_PRESSED,2025-12-19 14:16:14,2025-12-19 14:16:49,23.4428256,86.263072,23563,600,FixOK,,OaJ5CU0303,G133E15425,"C7M5+4M Batboa, Jharkhand, India",0,13.52,IgnitionOn,1,,,,
db4f4419-24c5-4ea4-8a31-82dde6d383d3-3,EDC_BS6_PERIODIC,2025-12-19 14:16:15,2025-12-19 14:16:49,23.4428544,86.263072,26439,600,FixOK,A,OaJ5CU0303,G133E15425,"C7M5+4M Batboa, Jharkhand, India",4765.625,11.47,IgnitionOn,1,249.204,23.69,40,-67
db4f4419-24c5-4ea4-8a31-82dde6d383d3-2,EDC_BS6_PERIODIC,2025-12-19 14:16:21,2025-12-19 14:16:49,23.4430944,86.2631808,26440,600,FixOK,A,OaJ5CU0303,G133E15425,"C7M5+4M Batboa, Jharkhand, India",4765.625,13.52,IgnitionOn,1,248.255,17.03,44,-67
db4f4419-24c5-4ea4-8a31-82dde6d383d3-1,BRAKE_PRESSED,2025-12-19 14:16:23,2025-12-19 14:16:49,23.4432,86.263232,23564,600,FixOK,,OaJ5CU0303,G133E15425,"C7M5+4M Batboa, Jharkhand, India",0,21.75,IgnitionOn,1,,,,
7753adec-35a3-45c6-9136-b051c7e59db9-5,EDC_BS6_PERIODIC,2025-12-19 14:16:27,2025-12-19 14:18:04,23.443416,86.2632192,26441,600,FixOK,A,OaJ5CU0303,G133E15425,"C6FV+68R, Adarkunri, West Bengal 828134, India",4765.75,23.68,IgnitionOn,1,246.955,19.78,40,-67
7753adec-35a3-45c6-9136-b051c7e59db9-4,BRAKE_PRESSED,2025-12-19 14:16:28,2025-12-19 14:18:04,23.4434592,86.2631808,23565,600,FixOK,,OaJ5CU0303,G133E15425,"C6FV+68R, Adarkunri, West Bengal 828134, India",0,21.7,IgnitionOn,1,,,,
7753adec-35a3-45c6-9136-b051c7e59db9-3,EDC_BS6_PERIODIC,2025-12-19 14:16:33,2025-12-19 14:18:04,23.443664,86.263008,26442,600,FixOK,A,OaJ5CU0303,G133E15425,"C6FV+68R, Adarkunri, West Bengal 828134, India",4765.75,21.64,IgnitionOn,1,245.718,314.32,40,-67
7753adec-35a3-45c6-9136-b051c7e59db9-2,EDC_BS6_PERIODIC,2025-12-19 14:16:39,2025-12-19 14:18:04,23.443816,86.2628224,26443,600,FixOK,A,OaJ5CU0303,G133E15425,"C6FV+68R, Adarkunri, West Bengal 828134, India",4765.75,18.6,IgnitionOn,1,245.488,315.19,39,-67
7753adec-35a3-45c6-9136-b051c7e59db9-1,CLUTCH_RIDING_START,2025-12-19 14:16:41,2025-12-19 14:18:04,23.4438592,86.2627904,23566,600,FixOK,,OaJ5CU0303,G133E15425,"C6FV+68R, Adarkunri, West Bengal 828134, India",0,11.75,IgnitionOn,1,,,,
b2728ec5-5aa1-47f7-9413-a47ec6b0baa7-13,BRAKE_PRESSED,2025-12-19 14:16:45,2025-12-19 14:22:13,23.4439552,86.2627264,23567,600,FixOK,,OaJ5CU0303,G133E15425,"C7V9+J3F, Sanrboa, Jharkhand 828134, India",0,9.82,IgnitionOn,1,,,,
b2728ec5-5aa1-47f7-9413-a47ec6b0baa7-12,EDC_BS6_PERIODIC,2025-12-19 14:16:45,2025-12-19 14:22:13,23.4439552,86.2627264,26444,600,FixOK,A,OaJ5CU0303,G133E15425,"C7V9+J3F, Sanrboa, Jharkhand 828134, India",4765.75,11.65,IgnitionOn,1,244.932,332.66,39,-67
32496f08-1d61-41b7-9986-ca019064a2b4-10,CLUTCH_RIDING_END,2025-12-19 14:16:49,2025-12-19 14:17:36,23.444048,86.2627456,23568,600,FixOK,,OaJ5CU0303,G133E15425,"C7J5+F6 Batboa, Jharkhand, India",0,4.73,IgnitionOn,1,,,,
32496f08-1d61-41b7-9986-ca019064a2b4-9,EDC_BS6_PERIODIC,2025-12-19 14:16:51,2025-12-19 14:17:36,23.444072,86.2627584,26445,600,FixOK,A,OaJ5CU0303,G133E15425,"C7J5+F6 Batboa, Jharkhand, India",4765.875,10.96,IgnitionOn,1,244.508,10.98,41,-67
32496f08-1d61-41b7-9986-ca019064a2b4-8,EDC_BS6_PERIODIC,2025-12-19 14:16:57,2025-12-19 14:17:36,23.444096,86.2629056,26446,600,FixOK,A,OaJ5CU0303,G133E15425,"C7J5+F6 Batboa, Jharkhand, India",4765.875,5.73,IgnitionOn,1,243.882,70.04,43,-67
32496f08-1d61-41b7-9986-ca019064a2b4-7,BRAKE_PRESSED,2025-12-19 14:17:00,2025-12-19 14:17:36,23.4440992,86.2629504,23569,600,FixOK,,OaJ5CU0303,G133E15425,"C7J5+F6 Batboa, Jharkhand, India",0,6.17,IgnitionOn,1,,,,
32496f08-1d61-41b7-9986-ca019064a2b4-6,EDC_BS6_PERIODIC,2025-12-19 14:17:03,2025-12-19 14:17:36,23.4440928,86.263008,26447,600,FixOK,A,OaJ5CU0303,G133E15425,"C7J5+F6 Batboa, Jharkhand, India",4765.875,10.37,IgnitionOn,1,243.317,106.12,46,-67
32496f08-1d61-41b7-9986-ca019064a2b4-5,EDC_BS6_PERIODIC,2025-12-19 14:17:09,2025-12-19 14:17:36,23.4440992,86.263168,26448,600,FixOK,A,OaJ5CU0303,G133E15425,"C7J5+F6 Batboa, Jharkhand, India",4765.875,7.79,IgnitionOn,1,241.99,85.76,45,-67
32496f08-1d61-41b7-9986-ca019064a2b4-4,BRAKE_PRESSED,2025-12-19 14:17:14,2025-12-19 14:17:36,23.4441152,86.2633088,23570,600,FixOK,,OaJ5CU0303,G133E15425,"C7J5+F6 Batboa, Jharkhand, India",0,4.29,IgnitionOn,1,,,,
32496f08-1d61-41b7-9986-ca019064a2b4-3,EDC_BS6_PERIODIC,2025-12-19 14:17:15,2025-12-19 14:17:36,23.44412,86.2633472,26449,600,FixOK,A,OaJ5CU0303,G133E15425,"C7J5+F6 Batboa, Jharkhand, India",4765.875,12.29,IgnitionOn,1,242.029,86.37,46,-67
32496f08-1d61-41b7-9986-ca019064a2b4-2,EDC_BS6_PERIODIC,2025-12-19 14:17:21,2025-12-19 14:17:36,23.444136,86.263392,26450,600,FixOK,A,OaJ5CU0303,G133E15425,"C7J5+F6 Batboa, Jharkhand, India",4765.875,4.29,IgnitionOn,1,241.117,86.37,45,-67
32496f08-1d61-41b7-9986-ca019064a2b4-1,EDC_BS6_PERIODIC,2025-12-19 14:17:27,2025-12-19 14:17:36,23.4441472,86.263456,26451,600,FixOK,A,OaJ5CU0303,G133E15425,"C7J5+F6 Batboa, Jharkhand, India",4765.875,4.16,IgnitionOn,1,240.996,86.37,45,-67
39981c07-b736-4ec5-9593-1635101028e5-10,EDC_BS6_PERIODIC,2025-12-19 14:17:33,2025-12-19 14:18:37,23.4441632,86.2635136,26452,600,FixOK,A,OaJ5CU0303,G133E15425,"C6FW+F9 Adarkunri, Jharkhand, India",4765.875,5.61,IgnitionOn,1,240.748,86.37,40,-67
39981c07-b736-4ec5-9593-1635101028e5-9,EDC_BS6_PERIODIC,2025-12-19 14:17:39,2025-12-19 14:18:37,23.444176,86.2636096,26453,600,FixOK,A,OaJ5CU0303,G133E15425,"C6FW+F9 Adarkunri, Jharkhand, India",4765.875,4.19,IgnitionOn,1,240.572,89.37,44,-67
39981c07-b736-4ec5-9593-1635101028e5-8,EDC_BS6_PERIODIC,2025-12-19 14:17:45,2025-12-19 14:18:37,23.4441728,86.2636096,26454,600,FixOK,A,OaJ5CU0303,G133E15425,"C6FW+F9 Adarkunri, Jharkhand, India",4765.875,0,IgnitionOn,1,240.492,89.37,44,-67
39981c07-b736-4ec5-9593-1635101028e5-7,EDC_BS6_PERIODIC,2025-12-19 14:17:51,2025-12-19 14:18:37,23.4441728,86.2636096,26455,600,FixOK,A,OaJ5CU0303,G133E15425,"C6FW+F9 Adarkunri, Jharkhand, India",4765.875,0,IgnitionOn,1,240.492,89.37,44,-67
39981c07-b736-4ec5-9593-1635101028e5-6,EDC_BS6_PERIODIC,2025-12-19 14:17:57,2025-12-19 14:18:37,23.444184,86.2636416,26456,600,FixOK,A,OaJ5CU0303,G133E15425,"C6FW+F9 Adarkunri, Jharkhand, India",4765.875,0,IgnitionOn,1,240.934,89.37,44,-67
39981c07-b736-4ec5-9593-1635101028e5-5,EDC_BS6_PERIODIC,2025-12-19 14:18:03,2025-12-19 14:18:37,23.444192,86.2636736,26457,600,FixOK,A,OaJ5CU0303,G133E15425,"C6FW+F9 Adarkunri, Jharkhand, India",4765.875,2.38,IgnitionOn,1,241.29,89.37,45,-67
39981c07-b736-4ec5-9593-1635101028e5-4,EDC_BS6_PERIODIC,2025-12-19 14:18:09,2025-12-19 14:18:37,23.444216,86.2637504,26458,600,FixOK,A,OaJ5CU0303,G133E15425,"C6FW+F9 Adarkunri, Jharkhand, India",4765.875,5.52,IgnitionOn,1,241.977,73.48,44,-67
39981c07-b736-4ec5-9593-1635101028e5-3,EDC_BS6_PERIODIC,2025-12-19 14:18:15,2025-12-19 14:18:37,23.4442576,86.2638336,26459,600,FixOK,A,OaJ5CU0303,G133E15425,"C6FW+F9 Adarkunri, Jharkhand, India",4766,6.09,IgnitionOn,1,242.503,63.95,43,-67
39981c07-b736-4ec5-9593-1635101028e5-2,EDC_BS6_PERIODIC,2025-12-19 14:18:21,2025-12-19 14:18:37,23.4442784,86.2638976,26460,600,FixOK,A,OaJ5CU0303,G133E15425,"C6FW+F9 Adarkunri, Jharkhand, India",4766,4.25,IgnitionOn,1,242.942,71.47,40,-67
39981c07-b736-4ec5-9593-1635101028e5-1,EDC_BS6_PERIODIC,2025-12-19 14:18:27,2025-12-19 14:18:37,23.4443488,86.2640512,26461,600,FixOK,A,OaJ5CU0303,G133E15425,"C6FW+F9 Adarkunri, Jharkhand, India",4766,9.76,IgnitionOn,1,243.227,60.66,40,-67
b2728ec5-5aa1-47f7-9413-a47ec6b0baa7-11,EDC_BS6_PERIODIC,2025-12-19 14:18:33,2025-12-19 14:22:13,23.4444192,86.264224,26462,600,FixOK,A,OaJ5CU0303,G133E15425,"C7V9+J3F, Sanrboa, Jharkhand 828134, India",4766,11.77,IgnitionOn,1,243.718,67.65,42,-67
b2728ec5-5aa1-47f7-9413-a47ec6b0baa7-10,EDC_BS6_PERIODIC,2025-12-19 14:18:39,2025-12-19 14:22:13,23.4444944,86.264416,26463,600,FixOK,A,OaJ5CU0303,G133E15425,"C7V9+J3F, Sanrboa, Jharkhand 828134, India",4766,13.08,IgnitionOn,1,244.263,70.87,43,-67
b2728ec5-5aa1-47f7-9413-a47ec6b0baa7-8,EDC_BS6_PERIODIC,2025-12-19 14:18:45,2025-12-19 14:22:13,23.444536,86.2646016,26464,600,FixOK,A,OaJ5CU0303,G133E15425,"C7V9+J3F, Sanrboa, Jharkhand 828134, India",4766,11.12,IgnitionOn,1,244.248,81.63,41,-67
b2728ec5-5aa1-47f7-9413-a47ec6b0baa7-9,GPS_MESSAGE,2025-12-19 14:18:45,2025-12-19 14:22:13,23.444536,86.2646016,,600,3DFix,,OaJ5CU0303,G133E15425,"C7V9+J3F, Sanrboa, Jharkhand 828134, India",0,,IgnitionOn,1,244,8,41,
b2728ec5-5aa1-47f7-9413-a47ec6b0baa7-7,CLUTCH_RIDING_START,2025-12-19 14:18:47,2025-12-19 14:22:13,23.4445472,86.2646464,23571,600,FixOK,,OaJ5CU0303,G133E15425,"C7V9+J3F, Sanrboa, Jharkhand 828134, India",0,15.62,IgnitionOn,1,,,,
86879321-4fdd-4ada-921c-ca404cd8db98-10,CLUTCH_RIDING_END,2025-12-19 14:18:49,2025-12-19 14:19:38,23.44456,86.2647296,23572,600,FixOK,,OaJ5CU0303,G133E15425,"C7V7+F6J, Sanrboa, Jharkhand 828134, India",0,15.21,IgnitionOn,1,,,,
86879321-4fdd-4ada-921c-ca404cd8db98-9,EDC_BS6_PERIODIC,2025-12-19 14:18:51,2025-12-19 14:19:38,23.444568,86.2647936,26465,600,FixOK,A,OaJ5CU0303,G133E15425,"C7V7+F6J, Sanrboa, Jharkhand 828134, India",4766,13.27,IgnitionOn,1,244.417,83.73,43,-67
86879321-4fdd-4ada-921c-ca404cd8db98-8,BRAKE_PRESSED,2025-12-19 14:18:55,2025-12-19 14:19:38,23.4445952,86.26496,23573,600,FixOK,,OaJ5CU0303,G133E15425,"C7V7+F6J, Sanrboa, Jharkhand 828134, India",0,7.48,IgnitionOn,1,,,,
86879321-4fdd-4ada-921c-ca404cd8db98-7,EDC_BS6_PERIODIC,2025-12-19 14:18:57,2025-12-19 14:19:38,23.4446048,86.265024,26466,600,FixOK,A,OaJ5CU0303,G133E15425,"C7V7+F6J, Sanrboa, Jharkhand 828134, India",4766.125,14.89,IgnitionOn,1,244.121,82.05,43,-67
86879321-4fdd-4ada-921c-ca404cd8db98-6,EDC_BS6_PERIODIC,2025-12-19 14:19:03,2025-12-19 14:19:38,23.4446272,86.265152,26467,600,FixOK,A,OaJ5CU0303,G133E15425,"C7V7+F6J, Sanrboa, Jharkhand 828134, India",4766.125,7.08,IgnitionOn,1,242.75,73.87,43,-67
86879321-4fdd-4ada-921c-ca404cd8db98-5,EDC_BS6_PERIODIC,2025-12-19 14:19:09,2025-12-19 14:19:38,23.4447024,86.265376,26468,600,FixOK,A,OaJ5CU0303,G133E15425,"C7V7+F6J, Sanrboa, Jharkhand 828134, India",4766.125,14.38,IgnitionOn,1,243.555,70.69,42,-67
86879321-4fdd-4ada-921c-ca404cd8db98-4,EDC_BS6_PERIODIC,2025-12-19 14:19:15,2025-12-19 14:19:38,23.44476,86.2656576,26469,600,FixOK,A,OaJ5CU0303,G133E15425,"C7V7+F6J, Sanrboa, Jharkhand 828134, India",4766.125,18.31,IgnitionOn,1,243.299,78.37,44,-67
86879321-4fdd-4ada-921c-ca404cd8db98-3,BRAKE_PRESSED,2025-12-19 14:19:20,2025-12-19 14:19:38,23.4447504,86.2659712,23574,600,FixOK,,OaJ5CU0303,G133E15425,"C7V7+F6J, Sanrboa, Jharkhand 828134, India",0,15.9,IgnitionOn,1,,,,
86879321-4fdd-4ada-921c-ca404cd8db98-2,EDC_BS6_PERIODIC,2025-12-19 14:19:21,2025-12-19 14:19:38,23.4447456,86.2660352,26470,600,FixOK,A,OaJ5CU0303,G133E15425,"C7V7+F6J, Sanrboa, Jharkhand 828134, India",4766.125,25.02,IgnitionOn,1,244.847,89.3,45,-67
86879321-4fdd-4ada-921c-ca404cd8db98-1,EDC_BS6_PERIODIC,2025-12-19 14:19:27,2025-12-19 14:19:38,23.4447136,86.2662912,26471,600,FixOK,A,OaJ5CU0303,G133E15425,"C7V7+F6J, Sanrboa, Jharkhand 828134, India",4766.25,15.8,IgnitionOn,1,245.998,94.27,45,-67
b2728ec5-5aa1-47f7-9413-a47ec6b0baa7-6,EDC_BS6_PERIODIC,2025-12-19 14:19:33,2025-12-19 14:22:13,23.4446752,86.2665536,26472,600,FixOK,A,OaJ5CU0303,G133E15425,"C7V9+J3F, Sanrboa, Jharkhand 828134, India",4766.25,16.05,IgnitionOn,1,249.055,105.54,44,-67
855523ac-af7d-4ea5-9171-b5496f285419-10,EDC_BS6_PERIODIC,2025-12-19 14:19:39,2025-12-19 14:20:39,23.4445104,86.2668928,26473,600,FixOK,A,OaJ5CU0303,G133E15425,"C7Q6+GF5, Batboa, Jharkhand 828134, India",4766.25,25.93,IgnitionOn,1,250.811,122.43,46,-67
855523ac-af7d-4ea5-9171-b5496f285419-9,EDC_BS6_PERIODIC,2025-12-19 14:19:45,2025-12-19 14:20:39,23.4443808,86.2671872,26474,600,FixOK,A,OaJ5CU0303,G133E15425,"C7Q6+GF5, Batboa, Jharkhand 828134, India",4766.375,24.62,IgnitionOn,1,251.195,112.44,46,-67
855523ac-af7d-4ea5-9171-b5496f285419-8,EDC_BS6_PERIODIC,2025-12-19 14:19:51,2025-12-19 14:20:39,23.4442416,86.2676416,26475,600,FixOK,A,OaJ5CU0303,G133E15425,"C7Q6+GF5, Batboa, Jharkhand 828134, India",4766.375,31.39,IgnitionOn,1,251.152,108.29,44,-67
855523ac-af7d-4ea5-9171-b5496f285419-7,EDC_BS6_PERIODIC,2025-12-19 14:19:57,2025-12-19 14:20:39,23.4440928,86.2682112,26476,600,FixOK,A,OaJ5CU0303,G133E15425,"C7Q6+GF5, Batboa, Jharkhand 828134, India",4766.375,37.48,IgnitionOn,1,252.875,105.76,39,-67
855523ac-af7d-4ea5-9171-b5496f285419-6,EDC_BS6_PERIODIC,2025-12-19 14:20:03,2025-12-19 14:20:39,23.4439328,86.268832,26477,600,FixOK,A,OaJ5CU0303,G133E15425,"C7Q6+GF5, Batboa, Jharkhand 828134, India",4766.5,41.91,IgnitionOn,1,253.162,99.91,40,-67
855523ac-af7d-4ea5-9171-b5496f285419-5,EDC_BS6_PERIODIC,2025-12-19 14:20:09,2025-12-19 14:20:39,23.4439984,86.2695808,26478,600,FixOK,A,OaJ5CU0303,G133E15425,"C7Q6+GF5, Batboa, Jharkhand 828134, India",4766.625,47.99,IgnitionOn,1,252.117,77.87,42,-67
855523ac-af7d-4ea5-9171-b5496f285419-4,EDC_BS6_PERIODIC,2025-12-19 14:20:15,2025-12-19 14:20:39,23.4442656,86.2702784,26479,600,FixOK,A,OaJ5CU0303,G133E15425,"C7Q6+GF5, Batboa, Jharkhand 828134, India",4766.625,46.85,IgnitionOn,1,250.932,65.73,42,-67
855523ac-af7d-4ea5-9171-b5496f285419-3,BRAKE_PRESSED,2025-12-19 14:20:16,2025-12-19 14:20:39,23.4443328,86.2703936,23575,600,FixOK,,OaJ5CU0303,G133E15425,"C7Q6+GF5, Batboa, Jharkhand 828134, India",0,52.06,IgnitionOn,1,,,,
855523ac-af7d-4ea5-9171-b5496f285419-2,EDC_BS6_PERIODIC,2025-12-19 14:20:21,2025-12-19 14:20:39,23.4446752,86.270944,26480,600,FixOK,A,OaJ5CU0303,G133E15425,"C7Q6+GF5, Batboa, Jharkhand 828134, India",4766.75,50.64,IgnitionOn,1,249.272,55.72,36,-67
855523ac-af7d-4ea5-9171-b5496f285419-1,EDC_BS6_PERIODIC,2025-12-19 14:20:27,2025-12-19 14:20:39,23.445128,86.2716032,26481,600,FixOK,A,OaJ5CU0303,G133E15425,"C7Q6+GF5, Batboa, Jharkhand 828134, India",4766.875,50.46,IgnitionOn,1,246.55,55.47,40,-67
b2728ec5-5aa1-47f7-9413-a47ec6b0baa7-5,EDC_BS6_PERIODIC,2025-12-19 14:20:33,2025-12-19 14:22:13,23.4456736,86.2723456,26482,600,FixOK,A,OaJ5CU0303,G133E15425,"C7V9+J3F, Sanrboa, Jharkhand 828134, India",4766.875,60.2,IgnitionOn,1,239.652,51.34,44,-67
b2728ec5-5aa1-47f7-9413-a47ec6b0baa7-4,EXHAUST_BRAKE_ON_START,2025-12-19 14:20:34,2025-12-19 14:22:13,23.4456736,86.2723456,23576,600,FixOK,,OaJ5CU0303,G133E15425,"C7V9+J3F, Sanrboa, Jharkhand 828134, India",0,61.44,IgnitionOn,1,,,,
b2728ec5-5aa1-47f7-9413-a47ec6b0baa7-3,BRAKE_PRESSED,2025-12-19 14:20:36,2025-12-19 14:22:13,23.44596,86.2727168,23577,600,FixOK,,OaJ5CU0303,G133E15425,"C7V9+J3F, Sanrboa, Jharkhand 828134, India",0,56.93,IgnitionOn,1,,,,
b2728ec5-5aa1-47f7-9413-a47ec6b0baa7-2,EXHAUST_BRAKE_ON_END,2025-12-19 14:20:37,2025-12-19 14:22:13,23.4460608,86.272832,23578,600,FixOK,,OaJ5CU0303,G133E15425,"C7V9+J3F, Sanrboa, Jharkhand 828134, India",0,53.4,IgnitionOn,1,,,,
b2728ec5-5aa1-47f7-9413-a47ec6b0baa7-1,EDC_BS6_PERIODIC,2025-12-19 14:20:39,2025-12-19 14:22:13,23.4462688,86.2730816,26483,600,FixOK,A,OaJ5CU0303,G133E15425,"C7V9+J3F, Sanrboa, Jharkhand 828134, India",4767,61.16,IgnitionOn,1,237.36,46.13,43,-67
f7be10a7-3699-4a77-ab40-7a3232cc9806-13,EDC_BS6_PERIODIC,2025-12-19 14:20:45,2025-12-19 14:27:23,23.4468224,86.2736512,26484,600,FixOK,A,OaJ5CU0303,G133E15425,"F72M+6J Kelyadag, Jharkhand, India",4767.125,49.78,IgnitionOn,1,238.072,43.16,45,-67
f7be10a7-3699-4a77-ab40-7a3232cc9806-12,EDC_BS6_PERIODIC,2025-12-19 14:20:51,2025-12-19 14:27:23,23.4471712,86.2739264,26485,600,FixOK,A,OaJ5CU0303,G133E15425,"F72M+6J Kelyadag, Jharkhand, India",4767.25,26.34,IgnitionOn,1,237.707,35.5,41,-67
2d90a7cc-fed2-4341-b818-4c62e36800be-10,EDC_BS6_PERIODIC,2025-12-19 14:20:57,2025-12-19 14:21:40,23.4475008,86.2741504,26486,600,FixOK,A,OaJ5CU0303,G133E15425,"C7V7+QWM, Sanrboa, Jharkhand 828134, India",4767.25,15.35,IgnitionOn,1,238.177,36.56,39,-67
2d90a7cc-fed2-4341-b818-4c62e36800be-9,BRAKE_PRESSED,2025-12-19 14:21:03,2025-12-19 14:21:40,23.4477568,86.274336,23579,600,FixOK,,OaJ5CU0303,G133E15425,"C7V7+QWM, Sanrboa, Jharkhand 828134, India",0,18.4,IgnitionOn,1,,,,
2d90a7cc-fed2-4341-b818-4c62e36800be-8,EDC_BS6_PERIODIC,2025-12-19 14:21:03,2025-12-19 14:21:40,23.4477568,86.274336,26487,600,FixOK,A,OaJ5CU0303,G133E15425,"C7V7+QWM, Sanrboa, Jharkhand 828134, India",4767.25,20.44,IgnitionOn,1,237.347,35.02,42,-67
2d90a7cc-fed2-4341-b818-4c62e36800be-7,EDC_BS6_PERIODIC,2025-12-19 14:21:09,2025-12-19 14:21:40,23.4479072,86.274432,26488,600,FixOK,A,OaJ5CU0303,G133E15425,"C7V7+QWM, Sanrboa, Jharkhand 828134, India",4767.25,21.06,IgnitionOn,1,236.243,35.93,41,-67
2d90a7cc-fed2-4341-b818-4c62e36800be-6,EDC_BS6_PERIODIC,2025-12-19 14:21:15,2025-12-19 14:21:40,23.4481408,86.274592,26489,600,FixOK,A,OaJ5CU0303,G133E15425,"C7V7+QWM, Sanrboa, Jharkhand 828134, India",4767.375,13.58,IgnitionOn,1,235.054,33.72,44,-67
2d90a7cc-fed2-4341-b818-4c62e36800be-5,CLUTCH_RIDING_START,2025-12-19 14:21:17,2025-12-19 14:21:40,23.4482416,86.2746752,23580,600,FixOK,,OaJ5CU0303,G133E15425,"C7V7+QWM, Sanrboa, Jharkhand 828134, India",0,25.3,IgnitionOn,1,,,,
2d90a7cc-fed2-4341-b818-4c62e36800be-4,BRAKE_PRESSED,2025-12-19 14:21:19,2025-12-19 14:21:40,23.4483488,86.274752,23581,600,FixOK,,OaJ5CU0303,G133E15425,"C7V7+QWM, Sanrboa, Jharkhand 828134, India",0,19.83,IgnitionOn,1,,,,
2d90a7cc-fed2-4341-b818-4c62e36800be-3,EDC_BS6_PERIODIC,2025-12-19 14:21:21,2025-12-19 14:21:40,23.4484352,86.274816,26490,600,FixOK,A,OaJ5CU0303,G133E15425,"C7V7+QWM, Sanrboa, Jharkhand 828134, India",4767.375,25.13,IgnitionOn,1,233.895,36.97,45,-67
2d90a7cc-fed2-4341-b818-4c62e36800be-2,CLUTCH_RIDING_END,2025-12-19 14:21:25,2025-12-19 14:21:40,23.4485184,86.2749056,23582,600,FixOK,,OaJ5CU0303,G133E15425,"C7V7+QWM, Sanrboa, Jharkhand 828134, India",0,5.83,IgnitionOn,1,,,,
2d90a7cc-fed2-4341-b818-4c62e36800be-1,EDC_BS6_PERIODIC,2025-12-19 14:21:27,2025-12-19 14:21:40,23.4485312,86.2749184,26491,600,FixOK,A,OaJ5CU0303,G133E15425,"C7V7+QWM, Sanrboa, Jharkhand 828134, India",4767.375,16.76,IgnitionOn,1,233.707,43.41,45,-69
f7be10a7-3699-4a77-ab40-7a3232cc9806-11,EDC_BS6_PERIODIC,2025-12-19 14:21:33,2025-12-19 14:27:23,23.448656,86.2750144,26492,600,FixOK,A,OaJ5CU0303,G133E15425,"F72M+6J Kelyadag, Jharkhand, India",4767.375,5.31,IgnitionOn,1,233.093,34.45,45,-69
f7be10a7-3699-4a77-ab40-7a3232cc9806-10,EDC_BS6_PERIODIC,2025-12-19 14:21:39,2025-12-19 14:27:23,23.448856,86.2751936,26493,600,FixOK,A,OaJ5CU0303,G133E15425,"F72M+6J Kelyadag, Jharkhand, India",4767.375,15.88,IgnitionOn,1,233.369,36.31,44,-69
f7be10a7-3699-4a77-ab40-7a3232cc9806-9,EDC_BS6_PERIODIC,2025-12-19 14:21:45,2025-12-19 14:27:23,23.4491328,86.275488,26494,600,FixOK,A,OaJ5CU0303,G133E15425,"F72M+6J Kelyadag, Jharkhand, India",4767.5,22.88,IgnitionOn,1,233.327,47.86,44,-69
9dc058c3-e623-439a-8569-16d9c3499ce3-10,EDC_BS6_PERIODIC,2025-12-19 14:21:51,2025-12-19 14:22:41,23.4494496,86.2758656,26495,600,FixOK,A,OaJ5CU0303,G133E15425,"C7VC+WXH, Kelyadag, Jharkhand 828134, India",4767.5,29.05,IgnitionOn,1,232.774,47.04,45,-69
9dc058c3-e623-439a-8569-16d9c3499ce3-9,BRAKE_PRESSED,2025-12-19 14:21:57,2025-12-19 14:22:41,23.449792,86.2762752,23583,600,FixOK,,OaJ5CU0303,G133E15425,"C7VC+WXH, Kelyadag, Jharkhand 828134, India",0,27.66,IgnitionOn,1,,,,
9dc058c3-e623-439a-8569-16d9c3499ce3-8,EDC_BS6_PERIODIC,2025-12-19 14:21:57,2025-12-19 14:22:41,23.449792,86.2762752,26496,600,FixOK,A,OaJ5CU0303,G133E15425,"C7VC+WXH, Kelyadag, Jharkhand 828134, India",4767.625,33.69,IgnitionOn,1,232.266,49.06,44,-69
9dc058c3-e623-439a-8569-16d9c3499ce3-7,EDC_BS6_PERIODIC,2025-12-19 14:22:03,2025-12-19 14:22:41,23.450016,86.2765312,26497,600,FixOK,A,OaJ5CU0303,G133E15425,"C7VC+WXH, Kelyadag, Jharkhand 828134, India",4767.625,30.94,IgnitionOn,1,232.621,46.81,41,-69
9dc058c3-e623-439a-8569-16d9c3499ce3-6,EDC_BS6_PERIODIC,2025-12-19 14:22:09,2025-12-19 14:22:41,23.450064,86.276576,26498,600,FixOK,A,OaJ5CU0303,G133E15425,"C7VC+WXH, Kelyadag, Jharkhand 828134, India",4767.625,5.61,IgnitionOn,1,233.356,54.43,42,-69
9dc058c3-e623-439a-8569-16d9c3499ce3-5,EDC_BS6_PERIODIC,2025-12-19 14:22:15,2025-12-19 14:22:41,23.450208,86.2767424,26499,600,FixOK,A,OaJ5CU0303,G133E15425,"C7VC+WXH, Kelyadag, Jharkhand 828134, India",4767.625,10.51,IgnitionOn,1,232.983,41.7,43,-69
9dc058c3-e623-439a-8569-16d9c3499ce3-4,EDC_BS6_PERIODIC,2025-12-19 14:22:22,2025-12-19 14:22:41,23.450488,86.2770496,26500,600,FixOK,A,OaJ5CU0303,G133E15425,"C7VC+WXH, Kelyadag, Jharkhand 828134, India",4767.75,22.38,IgnitionOn,1,232.562,45.06,42,-69
9dc058c3-e623-439a-8569-16d9c3499ce3-3,BRAKE_PRESSED,2025-12-19 14:22:23,2025-12-19 14:22:41,23.450536,86.2770944,23584,600,FixOK,,OaJ5CU0303,G133E15425,"C7VC+WXH, Kelyadag, Jharkhand 828134, India",0,27.41,IgnitionOn,1,,,,
9dc058c3-e623-439a-8569-16d9c3499ce3-2,EDC_BS6_PERIODIC,2025-12-19 14:22:27,2025-12-19 14:22:41,23.45072,86.277312,26501,600,FixOK,A,OaJ5CU0303,G133E15425,"C7VC+WXH, Kelyadag, Jharkhand 828134, India",4767.75,29.18,IgnitionOn,1,231.69,46.25,41,-69
9dc058c3-e623-439a-8569-16d9c3499ce3-1,EDC_BS6_PERIODIC,2025-12-19 14:22:33,2025-12-19 14:22:41,23.4508336,86.27744,26502,600,FixOK,A,OaJ5CU0303,G133E15425,"C7VC+WXH, Kelyadag, Jharkhand 828134, India",4767.75,14.63,IgnitionOn,1,231.779,49.45,42,-69
f7be10a7-3699-4a77-ab40-7a3232cc9806-8,EDC_BS6_PERIODIC,2025-12-19 14:22:39,2025-12-19 14:27:23,23.4508992,86.277536,26503,600,FixOK,A,OaJ5CU0303,G133E15425,"F72M+6J Kelyadag, Jharkhand, India",4767.75,6.89,IgnitionOn,1,230.595,48.43,41,-69
f7be10a7-3699-4a77-ab40-7a3232cc9806-7,EDC_BS6_PERIODIC,2025-12-19 14:22:45,2025-12-19 14:27:23,23.450976,86.2777856,26504,600,FixOK,A,OaJ5CU0303,G133E15425,"F72M+6J Kelyadag, Jharkhand, India",4767.875,17.49,IgnitionOn,1,230.162,90.52,43,-69
f7be10a7-3699-4a77-ab40-7a3232cc9806-6,BRAKE_PRESSED,2025-12-19 14:22:51,2025-12-19 14:27:23,23.4509408,86.278208,23585,600,FixOK,,OaJ5CU0303,G133E15425,"F72M+6J Kelyadag, Jharkhand, India",0,26.3,IgnitionOn,1,,,,
f7be10a7-3699-4a77-ab40-7a3232cc9806-5,EDC_BS6_PERIODIC,2025-12-19 14:22:51,2025-12-19 14:27:23,23.4509408,86.278208,26505,600,FixOK,A,OaJ5CU0303,G133E15425,"F72M+6J Kelyadag, Jharkhand, India",4767.875,26.75,IgnitionOn,1,229.925,92.58,44,-69
4c1e6729-76fe-4b0e-8a97-d561d889b886-10,EDC_BS6_PERIODIC,2025-12-19 14:22:57,2025-12-19 14:23:42,23.4509088,86.2786496,26506,600,FixOK,A,OaJ5CU0303,G133E15425,"C7V8+R33, Sanrboa, Jharkhand 828134, India",4767.875,26.1,IgnitionOn,1,229.46,97.08,44,-69
4c1e6729-76fe-4b0e-8a97-d561d889b886-9,EDC_BS6_PERIODIC,2025-12-19 14:23:03,2025-12-19 14:23:42,23.4508624,86.27904,26507,600,FixOK,A,OaJ5CU0303,G133E15425,"C7V8+R33, Sanrboa, Jharkhand 828134, India",4768,24.18,IgnitionOn,1,229.796,101.47,44,-69
4c1e6729-76fe-4b0e-8a97-d561d889b886-8,EXHAUST_BRAKE_ON_START,2025-12-19 14:23:06,2025-12-19 14:23:42,23.4508656,86.2792832,23586,600,FixOK,,OaJ5CU0303,G133E15425,"C7V8+R33, Sanrboa, Jharkhand 828134, India",0,37.16,IgnitionOn,1,,,,
4c1e6729-76fe-4b0e-8a97-d561d889b886-7,BRAKE_PRESSED,2025-12-19 14:23:09,2025-12-19 14:23:42,23.4508656,86.2795904,23587,600,FixOK,,OaJ5CU0303,G133E15425,"C7V8+R33, Sanrboa, Jharkhand 828134, India",0,33.66,IgnitionOn,1,,,,
4c1e6729-76fe-4b0e-8a97-d561d889b886-6,EDC_BS6_PERIODIC,2025-12-19 14:23:09,2025-12-19 14:23:42,23.4508656,86.2795904,26508,600,FixOK,A,OaJ5CU0303,G133E15425,"C7V8+R33, Sanrboa, Jharkhand 828134, India",4768,35.7,IgnitionOn,1,229.704,88.98,40,-69
4c1e6729-76fe-4b0e-8a97-d561d889b886-5,EXHAUST_BRAKE_ON_END,2025-12-19 14:23:10,2025-12-19 14:23:42,23.4508576,86.2796864,23588,600,FixOK,,OaJ5CU0303,G133E15425,"C7V8+R33, Sanrboa, Jharkhand 828134, India",0,32.59,IgnitionOn,1,,,,
4c1e6729-76fe-4b0e-8a97-d561d889b886-4,EDC_BS6_PERIODIC,2025-12-19 14:23:15,2025-12-19 14:23:42,23.4508256,86.280128,26509,600,FixOK,A,OaJ5CU0303,G133E15425,"C7V8+R33, Sanrboa, Jharkhand 828134, India",4768.125,33.59,IgnitionOn,1,227.138,91.83,43,-69
4c1e6729-76fe-4b0e-8a97-d561d889b886-3,EDC_BS6_PERIODIC,2025-12-19 14:23:21,2025-12-19 14:23:42,23.4507968,86.2804352,26510,600,FixOK,A,OaJ5CU0303,G133E15425,"C7V8+R33, Sanrboa, Jharkhand 828134, India",4768.125,20.13,IgnitionOn,1,225.324,98.13,46,-69
4c1e6729-76fe-4b0e-8a97-d561d889b886-2,EDC_BS6_PERIODIC,2025-12-19 14:23:27,2025-12-19 14:23:42,23.4507872,86.2805184,26511,600,FixOK,A,OaJ5CU0303,G133E15425,"C7V8+R33, Sanrboa, Jharkhand 828134, India",4768.125,4.35,IgnitionOn,1,223.417,97.8,45,-69
4c1e6729-76fe-4b0e-8a97-d561d889b886-1,EDC_BS6_PERIODIC,2025-12-19 14:23:33,2025-12-19 14:23:42,23.4507488,86.2807104,26512,600,FixOK,A,OaJ5CU0303,G133E15425,"C7V8+R33, Sanrboa, Jharkhand 828134, India",4768.125,15.46,IgnitionOn,1,222.671,105.97,42,-69
f7be10a7-3699-4a77-ab40-7a3232cc9806-4,EDC_BS6_PERIODIC,2025-12-19 14:23:39,2025-12-19 14:27:23,23.450784,86.2810752,26513,600,FixOK,A,OaJ5CU0303,G133E15425,"F72M+6J Kelyadag, Jharkhand, India",4768.125,23.5,IgnitionOn,1,222.634,83.94,42,-69
f7be10a7-3699-4a77-ab40-7a3232cc9806-3,EDC_BS6_PERIODIC,2025-12-19 14:23:45,2025-12-19 14:27:23,23.4507712,86.2815616,26514,600,FixOK,A,OaJ5CU0303,G133E15425,"F72M+6J Kelyadag, Jharkhand, India",4768.25,31.7,IgnitionOn,1,222.529,95.09,41,-69
13f38c24-be6f-4242-b9e1-e4470889dce6-10,EDC_BS6_PERIODIC,2025-12-19 14:23:51,2025-12-19 14:24:44,23.4507328,86.2820608,26515,600,FixOK,A,OaJ5CU0303,G133E15425,"C7XG+VG Kelyadag, Jharkhand, India",4768.25,37.48,IgnitionOn,1,221.929,100.43,44,-69
13f38c24-be6f-4242-b9e1-e4470889dce6-9,EDC_BS6_PERIODIC,2025-12-19 14:23:57,2025-12-19 14:24:44,23.4505792,86.2827456,26516,600,FixOK,A,OaJ5CU0303,G133E15425,"C7XG+VG Kelyadag, Jharkhand, India",4768.375,46.65,IgnitionOn,1,220.632,103.61,44,-69
13f38c24-be6f-4242-b9e1-e4470889dce6-8,BRAKE_PRESSED,2025-12-19 14:24:00,2025-12-19 14:24:44,23.450544,86.2831232,23589,600,FixOK,,OaJ5CU0303,G133E15425,"C7XG+VG Kelyadag, Jharkhand, India",0,46.78,IgnitionOn,1,,,,
13f38c24-be6f-4242-b9e1-e4470889dce6-7,EDC_BS6_PERIODIC,2025-12-19 14:24:03,2025-12-19 14:24:44,23.4505248,86.2835136,26517,600,FixOK,A,OaJ5CU0303,G133E15425,"C7XG+VG Kelyadag, Jharkhand, India",4768.5,50.19,IgnitionOn,1,220.095,93.83,44,-69
13f38c24-be6f-4242-b9e1-e4470889dce6-6,EDC_BS6_PERIODIC,2025-12-19 14:24:09,2025-12-19 14:24:44,23.450456,86.284224,26518,600,FixOK,A,OaJ5CU0303,G133E15425,"C7XG+VG Kelyadag, Jharkhand, India",4768.5,42.6,IgnitionOn,1,219.832,91.98,44,-69
13f38c24-be6f-4242-b9e1-e4470889dce6-5,EDC_BS6_PERIODIC,2025-12-19 14:24:15,2025-12-19 14:24:44,23.4502688,86.2848512,26519,600,FixOK,A,OaJ5CU0303,G133E15425,"C7XG+VG Kelyadag, Jharkhand, India",4768.625,40.91,IgnitionOn,1,220.052,104.63,43,-69
13f38c24-be6f-4242-b9e1-e4470889dce6-4,BRAKE_PRESSED,2025-12-19 14:24:18,2025-12-19 14:24:44,23.450208,86.2851712,23590,600,FixOK,,OaJ5CU0303,G133E15425,"C7XG+VG Kelyadag, Jharkhand, India",0,40.25,IgnitionOn,1,,,,
13f38c24-be6f-4242-b9e1-e4470889dce6-3,EDC_BS6_PERIODIC,2025-12-19 14:24:21,2025-12-19 14:24:44,23.4501216,86.2854976,26520,600,FixOK,A,OaJ5CU0303,G133E15425,"C7XG+VG Kelyadag, Jharkhand, India",4768.625,42.37,IgnitionOn,1,219.869,105.97,44,-69
13f38c24-be6f-4242-b9e1-e4470889dce6-2,EDC_BS6_PERIODIC,2025-12-19 14:24:27,2025-12-19 14:24:44,23.4499296,86.2860672,26521,600,FixOK,A,OaJ5CU0303,G133E15425,"C7XG+VG Kelyadag, Jharkhand, India",4768.75,36.72,IgnitionOn,1,218.617,112.02,46,-69
13f38c24-be6f-4242-b9e1-e4470889dce6-1,EDC_BS6_PERIODIC,2025-12-19 14:24:33,2025-12-19 14:24:44,23.449872,86.2865344,26522,600,FixOK,A,OaJ5CU0303,G133E15425,"C7XG+VG Kelyadag, Jharkhand, India",4768.75,27.99,IgnitionOn,1,216.319,97.01,47,-69
f7be10a7-3699-4a77-ab40-7a3232cc9806-2,EDC_BS6_PERIODIC,2025-12-19 14:24:39,2025-12-19 14:27:23,23.449816,86.2869632,26523,600,FixOK,A,OaJ5CU0303,G133E15425,"F72M+6J Kelyadag, Jharkhand, India",4768.875,22.91,IgnitionOn,1,214.037,96.52,47,-69
e8a3dec1-c1e8-42bd-9791-e52a5c8cfb1a-10,EDC_BS6_PERIODIC,2025-12-19 14:24:45,2025-12-19 14:25:44,23.44976,86.2873536,26524,600,FixOK,A,OaJ5CU0303,G133E15425,"F72J+85 Kelyadag, Jharkhand, India",4768.875,27.58,IgnitionOn,1,212.201,91.69,46,-69
e8a3dec1-c1e8-42bd-9791-e52a5c8cfb1a-9,EDC_BS6_PERIODIC,2025-12-19 14:24:51,2025-12-19 14:25:44,23.4496896,86.2878208,26525,600,FixOK,A,OaJ5CU0303,G133E15425,"F72J+85 Kelyadag, Jharkhand, India",4769,31.37,IgnitionOn,1,212.111,101.66,41,-69
e8a3dec1-c1e8-42bd-9791-e52a5c8cfb1a-8,EDC_BS6_PERIODIC,2025-12-19 14:24:57,2025-12-19 14:25:44,23.449608,86.2882944,26526,600,FixOK,A,OaJ5CU0303,G133E15425,"F72J+85 Kelyadag, Jharkhand, India",4769,27.59,IgnitionOn,1,213.388,99.02,41,-69
e8a3dec1-c1e8-42bd-9791-e52a5c8cfb1a-7,EDC_BS6_PERIODIC,2025-12-19 14:25:03,2025-12-19 14:25:44,23.449712,86.2887552,26527,600,FixOK,A,OaJ5CU0303,G133E15425,"F72J+85 Kelyadag, Jharkhand, India",4769,30.97,IgnitionOn,1,216.591,75.19,43,-69
e8a3dec1-c1e8-42bd-9791-e52a5c8cfb1a-6,EDC_BS6_PERIODIC,2025-12-19 14:25:09,2025-12-19 14:25:44,23.4497952,86.2891584,26528,600,FixOK,A,OaJ5CU0303,G133E15425,"F72J+85 Kelyadag, Jharkhand, India",4769.125,25.58,IgnitionOn,1,218.938,70.45,44,-69
e8a3dec1-c1e8-42bd-9791-e52a5c8cfb1a-5,BRAKE_PRESSED,2025-12-19 14:25:13,2025-12-19 14:25:44,23.4498,86.28944,23591,600,FixOK,,OaJ5CU0303,G133E15425,"F72J+85 Kelyadag, Jharkhand, India",0,19.2,IgnitionOn,1,,,,
e8a3dec1-c1e8-42bd-9791-e52a5c8cfb1a-4,EDC_BS6_PERIODIC,2025-12-19 14:25:15,2025-12-19 14:25:44,23.4498048,86.289504,26529,600,FixOK,A,OaJ5CU0303,G133E15425,"F72J+85 Kelyadag, Jharkhand, India",4769.125,27.74,IgnitionOn,1,220.046,86.5,43,-69
e8a3dec1-c1e8-42bd-9791-e52a5c8cfb1a-3,EDC_BS6_PERIODIC,2025-12-19 14:25:21,2025-12-19 14:25:44,23.4498,86.289824,26530,600,FixOK,A,OaJ5CU0303,G133E15425,"F72J+85 Kelyadag, Jharkhand, India",4769.125,16.3,IgnitionOn,1,219.94,91.47,45,-69
e8a3dec1-c1e8-42bd-9791-e52a5c8cfb1a-2,EDC_BS6_PERIODIC,2025-12-19 14:25:27,2025-12-19 14:25:44,23.449752,86.2903552,26531,600,FixOK,A,OaJ5CU0303,G133E15425,"F72J+85 Kelyadag, Jharkhand, India",4769.25,21.28,IgnitionOn,1,221.026,88.68,44,-69
e8a3dec1-c1e8-42bd-9791-e52a5c8cfb1a-1,EDC_BS6_PERIODIC,2025-12-19 14:25:33,2025-12-19 14:25:44,23.4496,86.29072,26532,600,FixOK,A,OaJ5CU0303,G133E15425,"F72J+85 Kelyadag, Jharkhand, India",4769.25,23.57,IgnitionOn,1,223.953,121.48,44,-69
f7be10a7-3699-4a77-ab40-7a3232cc9806-1,EDC_BS6_PERIODIC,2025-12-19 14:25:39,2025-12-19 14:27:23,23.4493248,86.2911104,26533,600,FixOK,A,OaJ5CU0303,G133E15425,"F72M+6J Kelyadag, Jharkhand, India",4769.25,29.22,IgnitionOn,1,225.174,127.2,44,-69
2d4b0903-3ee5-42e6-ad9f-965cdf11e3e9-11,EDC_BS6_PERIODIC,2025-12-19 14:25:45,2025-12-19 14:34:35,23.4489696,86.291552,26534,600,FixOK,A,OaJ5CU0303,G133E15425,"C7WW+3V Ghaghri, Jharkhand, India",4769.375,34.33,IgnitionOn,1,228.597,131.39,44,-69
2d4b0903-3ee5-42e6-ad9f-965cdf11e3e9-10,EDC_BS6_PERIODIC,2025-12-19 14:25:51,2025-12-19 14:34:35,23.4486208,86.2920064,26535,600,FixOK,A,OaJ5CU0303,G133E15425,"C7WW+3V Ghaghri, Jharkhand, India",4769.375,38.08,IgnitionOn,1,229.335,132.02,44,-69
c2d58b62-86c7-466a-8bf2-0f7c824b79ab-10,BRAKE_PRESSED,2025-12-19 14:25:53,2025-12-19 14:26:45,23.4485024,86.2921344,23592,600,FixOK,,OaJ5CU0303,G133E15425,"F72M+5Q Kelyadag, Jharkhand, India",0,30.88,IgnitionOn,1,,,,
c2d58b62-86c7-466a-8bf2-0f7c824b79ab-9,EDC_BS6_PERIODIC,2025-12-19 14:25:57,2025-12-19 14:26:45,23.448312,86.2923648,26536,600,FixOK,A,OaJ5CU0303,G133E15425,"F72M+5Q Kelyadag, Jharkhand, India",4769.5,33.28,IgnitionOn,1,229.449,129.02,44,-69
c2d58b62-86c7-466a-8bf2-0f7c824b79ab-8,EDC_BS6_PERIODIC,2025-12-19 14:26:03,2025-12-19 14:26:45,23.4481728,86.292512,26537,600,FixOK,A,OaJ5CU0303,G133E15425,"F72M+5Q Kelyadag, Jharkhand, India",4769.5,15.35,IgnitionOn,1,230.615,134.75,39,-69
c2d58b62-86c7-466a-8bf2-0f7c824b79ab-7,BRAKE_PRESSED,2025-12-19 14:26:08,2025-12-19 14:26:45,23.448096,86.292608,23593,600,FixOK,,OaJ5CU0303,G133E15425,"F72M+5Q Kelyadag, Jharkhand, India",0,9.73,IgnitionOn,1,,,,
c2d58b62-86c7-466a-8bf2-0f7c824b79ab-6,EDC_BS6_PERIODIC,2025-12-19 14:26:09,2025-12-19 14:26:45,23.4480832,86.2926208,26538,600,FixOK,A,OaJ5CU0303,G133E15425,"F72M+5Q Kelyadag, Jharkhand, India",4769.5,9.41,IgnitionOn,1,231.292,132.38,40,-69
c2d58b62-86c7-466a-8bf2-0f7c824b79ab-5,EDC_BS6_PERIODIC,2025-12-19 14:26:15,2025-12-19 14:26:45,23.447968,86.292736,26539,600,FixOK,A,OaJ5CU0303,G133E15425,"F72M+5Q Kelyadag, Jharkhand, India",4769.625,9.73,IgnitionOn,1,231.713,133.86,42,-69
c2d58b62-86c7-466a-8bf2-0f7c824b79ab-4,EDC_BS6_PERIODIC,2025-12-19 14:26:21,2025-12-19 14:26:45,23.4478144,86.2928704,26540,600,FixOK,A,OaJ5CU0303,G133E15425,"F72M+5Q Kelyadag, Jharkhand, India",4769.625,12.95,IgnitionOn,1,232.654,143.94,42,-69
c2d58b62-86c7-466a-8bf2-0f7c824b79ab-3,BRAKE_PRESSED,2025-12-19 14:26:27,2025-12-19 14:26:45,23.4476608,86.2930176,23594,600,FixOK,,OaJ5CU0303,G133E15425,"F72M+5Q Kelyadag, Jharkhand, India",0,9.07,IgnitionOn,1,,,,
c2d58b62-86c7-466a-8bf2-0f7c824b79ab-2,EDC_BS6_PERIODIC,2025-12-19 14:26:27,2025-12-19 14:26:45,23.4476608,86.2930176,26541,600,FixOK,A,OaJ5CU0303,G133E15425,"F72M+5Q Kelyadag, Jharkhand, India",4769.625,14.55,IgnitionOn,1,233.035,135.5,41,-69
c2d58b62-86c7-466a-8bf2-0f7c824b79ab-1,EDC_BS6_PERIODIC,2025-12-19 14:26:33,2025-12-19 14:26:45,23.4475504,86.2931136,26542,600,FixOK,A,OaJ5CU0303,G133E15425,"F72M+5Q Kelyadag, Jharkhand, India",4769.625,8.99,IgnitionOn,1,234.373,136,40,-69
2d4b0903-3ee5-42e6-ad9f-965cdf11e3e9-9,EDC_BS6_PERIODIC,2025-12-19 14:26:39,2025-12-19 14:34:35,23.447416,86.293216,26543,600,FixOK,A,OaJ5CU0303,G133E15425,"C7WW+3V Ghaghri, Jharkhand, India",4769.625,14.3,IgnitionOn,1,234.365,145.5,40,-69
66569572-db11-4017-bb2b-4eeb8c019db2-10,EDC_BS6_PERIODIC,2025-12-19 14:26:45,2025-12-19 14:27:47,23.4472608,86.2933632,26544,600,FixOK,A,OaJ5CU0303,G133E15425,"F72M+6J Kelyadag, Jharkhand, India",4769.625,13.88,IgnitionOn,1,234.087,143.02,40,-69
66569572-db11-4017-bb2b-4eeb8c019db2-9,EDC_BS6_PERIODIC,2025-12-19 14:26:51,2025-12-19 14:27:47,23.4470656,86.29344,26545,600,FixOK,A,OaJ5CU0303,G133E15425,"F72M+6J Kelyadag, Jharkhand, India",4769.75,15.34,IgnitionOn,1,234.484,157.11,40,-69
66569572-db11-4017-bb2b-4eeb8c019db2-8,BRAKE_PRESSED,2025-12-19 14:26:52,2025-12-19 14:27:47,23.44704,86.2934528,23595,600,FixOK,,OaJ5CU0303,G133E15425,"F72M+6J Kelyadag, Jharkhand, India",0,8.14,IgnitionOn,1,,,,
66569572-db11-4017-bb2b-4eeb8c019db2-7,EDC_BS6_PERIODIC,2025-12-19 14:26:57,2025-12-19 14:27:47,23.44696,86.2934912,26546,600,FixOK,A,OaJ5CU0303,G133E15425,"F72M+6J Kelyadag, Jharkhand, India",4769.75,9.22,IgnitionOn,1,234.479,157.44,39,-69
66569572-db11-4017-bb2b-4eeb8c019db2-6,EDC_BS6_PERIODIC,2025-12-19 14:27:03,2025-12-19 14:27:47,23.4468576,86.2935168,26547,600,FixOK,A,OaJ5CU0303,G133E15425,"F72M+6J Kelyadag, Jharkhand, India",4769.75,6.3,IgnitionOn,1,234.261,159.38,41,-69
66569572-db11-4017-bb2b-4eeb8c019db2-5,EDC_BS6_PERIODIC,2025-12-19 14:27:09,2025-12-19 14:27:47,23.446752,86.2935808,26548,600,FixOK,A,OaJ5CU0303,G133E15425,"F72M+6J Kelyadag, Jharkhand, India",4769.75,8.55,IgnitionOn,1,233.604,156.05,41,-69
66569572-db11-4017-bb2b-4eeb8c019db2-4,EDC_BS6_PERIODIC,2025-12-19 14:27:15,2025-12-19 14:27:47,23.446672,86.2936192,26549,600,FixOK,A,OaJ5CU0303,G133E15425,"F72M+6J Kelyadag, Jharkhand, India",4769.75,5.59,IgnitionOn,1,233.315,152.16,42,-69
66569572-db11-4017-bb2b-4eeb8c019db2-3,EDC_BS6_PERIODIC,2025-12-19 14:27:21,2025-12-19 14:27:47,23.4465856,86.2937024,26550,600,FixOK,A,OaJ5CU0303,G133E15425,"F72M+6J Kelyadag, Jharkhand, India",4769.75,7.22,IgnitionOn,1,233.533,144.28,42,-69
66569572-db11-4017-bb2b-4eeb8c019db2-2,EDC_BS6_PERIODIC,2025-12-19 14:27:27,2025-12-19 14:27:47,23.4465088,86.2937536,26551,600,FixOK,A,OaJ5CU0303,G133E15425,"F72M+6J Kelyadag, Jharkhand, India",4769.75,5.21,IgnitionOn,1,233.729,141.6,39,-83
66569572-db11-4017-bb2b-4eeb8c019db2-1,EDC_BS6_PERIODIC,2025-12-19 14:27:33,2025-12-19 14:27:47,23.446424,86.2938176,26552,600,FixOK,A,OaJ5CU0303,G133E15425,"F72M+6J Kelyadag, Jharkhand, India",4769.75,6.61,IgnitionOn,1,234.567,146.47,39,-83
2d4b0903-3ee5-42e6-ad9f-965cdf11e3e9-8,EDC_BS6_PERIODIC,2025-12-19 14:27:39,2025-12-19 14:34:35,23.4463504,86.2938624,26553,600,FixOK,A,OaJ5CU0303,G133E15425,"C7WW+3V Ghaghri, Jharkhand, India",4769.75,6.7200003,IgnitionOn,1,235.227,144.88,38,-83
2d4b0903-3ee5-42e6-ad9f-965cdf11e3e9-7,EDC_BS6_PERIODIC,2025-12-19 14:27:45,2025-12-19 14:34:35,23.4462912,86.2939264,26554,600,FixOK,A,OaJ5CU0303,G133E15425,"C7WW+3V Ghaghri, Jharkhand, India",4769.875,6.21,IgnitionOn,1,235.945,135.64,40,-83
2d4b0903-3ee5-42e6-ad9f-965cdf11e3e9-6,EDC_BS6_PERIODIC,2025-12-19 14:27:51,2025-12-19 14:34:35,23.4462528,86.2939776,26555,600,FixOK,A,OaJ5CU0303,G133E15425,"C7WW+3V Ghaghri, Jharkhand, India",4769.875,4.12,IgnitionOn,1,236.708,135.64,38,-83
99643cb4-e703-4470-a7dc-f636515e43de-10,EDC_BS6_PERIODIC,2025-12-19 14:27:57,2025-12-19 14:28:47,23.4461952,86.2940416,26556,600,FixOK,A,OaJ5CU0303,G133E15425,"F72M+6J Kelyadag, Jharkhand, India",4769.875,5.68,IgnitionOn,1,236.796,129.52,35,-83
99643cb4-e703-4470-a7dc-f636515e43de-9,EDC_BS6_PERIODIC,2025-12-19 14:28:03,2025-12-19 14:28:47,23.4461504,86.2940864,26557,600,FixOK,A,OaJ5CU0303,G133E15425,"F72M+6J Kelyadag, Jharkhand, India",4769.875,5.63,IgnitionOn,1,236.649,127.33,36,-83
99643cb4-e703-4470-a7dc-f636515e43de-8,EDC_BS6_PERIODIC,2025-12-19 14:28:09,2025-12-19 14:28:47,23.446104,86.2941568,26558,600,FixOK,A,OaJ5CU0303,G133E15425,"F72M+6J Kelyadag, Jharkhand, India",4769.875,5.67,IgnitionOn,1,236.856,129.05,37,-83
99643cb4-e703-4470-a7dc-f636515e43de-7,EDC_BS6_PERIODIC,2025-12-19 14:28:15,2025-12-19 14:28:47,23.446064,86.2942208,26559,600,FixOK,A,OaJ5CU0303,G133E15425,"F72M+6J Kelyadag, Jharkhand, India",4769.875,3.6399999,IgnitionOn,1,237.32,120.12,38,-83
99643cb4-e703-4470-a7dc-f636515e43de-6,EDC_BS6_PERIODIC,2025-12-19 14:28:21,2025-12-19 14:28:47,23.446032,86.2942848,26560,600,FixOK,A,OaJ5CU0303,G133E15425,"F72M+6J Kelyadag, Jharkhand, India",4769.875,4.61,IgnitionOn,1,237.759,120.12,37,-83
99643cb4-e703-4470-a7dc-f636515e43de-5,EDC_BS6_PERIODIC,2025-12-19 14:28:27,2025-12-19 14:28:47,23.446,86.2943488,26561,600,FixOK,A,OaJ5CU0303,G133E15425,"F72M+6J Kelyadag, Jharkhand, India",4769.875,4.91,IgnitionOn,1,237.486,120.12,39,-83
99643cb4-e703-4470-a7dc-f636515e43de-4,BRAKE_PRESSED,2025-12-19 14:28:30,2025-12-19 14:28:47,23.4459808,86.2944,23596,600,FixOK,,OaJ5CU0303,G133E15425,"F72M+6J Kelyadag, Jharkhand, India",0,6.95,IgnitionOn,1,,,,
99643cb4-e703-4470-a7dc-f636515e43de-3,EDC_BS6_PERIODIC,2025-12-19 14:28:33,2025-12-19 14:28:47,23.44596,86.2944512,26562,600,FixOK,A,OaJ5CU0303,G133E15425,"F72M+6J Kelyadag, Jharkhand, India",4769.875,6.05,IgnitionOn,1,237.292,116.47,37,-83
99643cb4-e703-4470-a7dc-f636515e43de-2,DEVICE_METRICS,2025-12-19 14:28:37,2025-12-19 14:28:47,23.445944,86.294496,,600,FixOK,,OaJ5CU0303,G133E15425,"F72M+6J Kelyadag, Jharkhand, India",0,,IgnitionOn,1,,,,
99643cb4-e703-4470-a7dc-f636515e43de-1,EDC_BS6_PERIODIC,2025-12-19 14:28:39,2025-12-19 14:28:47,23.4459392,86.2945152,26563,600,FixOK,A,OaJ5CU0303,G133E15425,"F72M+6J Kelyadag, Jharkhand, India",4769.875,4.38,IgnitionOn,1,237.344,121.05,38,-83
2d4b0903-3ee5-42e6-ad9f-965cdf11e3e9-4,EDC_BS6_PERIODIC,2025-12-19 14:28:45,2025-12-19 14:34:35,23.4459056,86.2945792,26564,600,FixOK,A,OaJ5CU0303,G133E15425,"C7WW+3V Ghaghri, Jharkhand, India",4769.875,5.89,IgnitionOn,1,237.016,121.05,38,-83
2d4b0903-3ee5-42e6-ad9f-965cdf11e3e9-5,GPS_MESSAGE,2025-12-19 14:28:45,2025-12-19 14:34:35,23.4459056,86.2945792,,600,3DFix,,OaJ5CU0303,G133E15425,"C7WW+3V Ghaghri, Jharkhand, India",0,,IgnitionOn,1,237,12,38,
4cd72198-5683-49a6-bca7-442a5e57000e,HEARTBEAT_MESSAGE,2025-12-19 14:28:46,2025-12-19 14:28:46,0,0,,,,,OaJ5CU0303,G133E15425,,,,,1,,,,
2d4b0903-3ee5-42e6-ad9f-965cdf11e3e9-3,EDC_BS6_PERIODIC,2025-12-19 14:28:51,2025-12-19 14:34:35,23.445864,86.2946944,26565,600,FixOK,A,OaJ5CU0303,G133E15425,"C7WW+3V Ghaghri, Jharkhand, India",4769.875,7.11,IgnitionOn,1,236.759,104.33,36,-83
d9a75625-eec4-4709-a61e-feaf9a84cbc3-10,BRAKE_PRESSED,2025-12-19 14:28:52,2025-12-19 14:29:49,23.4458528,86.2947264,23597,600,FixOK,,OaJ5CU0303,G133E15425,"F72M+6J Kelyadag, Jharkhand, India",0,6.65,IgnitionOn,1,,,,
d9a75625-eec4-4709-a61e-feaf9a84cbc3-9,EDC_BS6_PERIODIC,2025-12-19 14:28:57,2025-12-19 14:29:49,23.4458208,86.2948224,26566,600,FixOK,A,OaJ5CU0303,G133E15425,"F72M+6J Kelyadag, Jharkhand, India",4769.875,9.66,IgnitionOn,1,236.462,115.68,38,-83
d9a75625-eec4-4709-a61e-feaf9a84cbc3-8,EDC_BS6_PERIODIC,2025-12-19 14:29:03,2025-12-19 14:29:49,23.4458112,86.2948544,26567,600,FixOK,A,OaJ5CU0303,G133E15425,"F72M+6J Kelyadag, Jharkhand, India",4769.875,2.9,IgnitionOn,1,236.24,115.68,40,-83
d9a75625-eec4-4709-a61e-feaf9a84cbc3-7,EDC_BS6_PERIODIC,2025-12-19 14:29:09,2025-12-19 14:29:49,23.4457792,86.2949376,26568,600,FixOK,A,OaJ5CU0303,G133E15425,"F72M+6J Kelyadag, Jharkhand, India",4770,7.62,IgnitionOn,1,236.223,114.19,39,-83
d9a75625-eec4-4709-a61e-feaf9a84cbc3-6,BRAKE_PRESSED,2025-12-19 14:29:10,2025-12-19 14:29:49,23.4457728,86.2949696,23598,600,FixOK,,OaJ5CU0303,G133E15425,"F72M+6J Kelyadag, Jharkhand, India",0,4.98,IgnitionOn,1,,,,
d9a75625-eec4-4709-a61e-feaf9a84cbc3-5,EDC_BS6_PERIODIC,2025-12-19 14:29:15,2025-12-19 14:29:49,23.44576,86.2950336,26569,600,FixOK,A,OaJ5CU0303,G133E15425,"F72M+6J Kelyadag, Jharkhand, India",4770,7.34,IgnitionOn,1,236.22,100.27,38,-83
d9a75625-eec4-4709-a61e-feaf9a84cbc3-4,EDC_BS6_PERIODIC,2025-12-19 14:29:21,2025-12-19 14:29:49,23.44576,86.2950336,26570,600,FixOK,A,OaJ5CU0303,G133E15425,"F72M+6J Kelyadag, Jharkhand, India",4770,0,IgnitionOn,1,236.205,100.27,43,-83
d9a75625-eec4-4709-a61e-feaf9a84cbc3-3,EDC_BS6_PERIODIC,2025-12-19 14:29:27,2025-12-19 14:29:49,23.44576,86.2950336,26571,600,FixOK,A,OaJ5CU0303,G133E15425,"F72M+6J Kelyadag, Jharkhand, India",4770,0,IgnitionOn,1,236.205,100.27,43,-83
d9a75625-eec4-4709-a61e-feaf9a84cbc3-2,EDC_BS6_PERIODIC,2025-12-19 14:29:33,2025-12-19 14:29:49,23.44576,86.2950336,26572,600,FixOK,A,OaJ5CU0303,G133E15425,"F72M+6J Kelyadag, Jharkhand, India",4770,0,IgnitionOn,1,236.205,100.27,43,-83
d9a75625-eec4-4709-a61e-feaf9a84cbc3-1,EDC_BS6_PERIODIC,2025-12-19 14:29:39,2025-12-19 14:29:49,23.44576,86.2950336,26573,600,FixOK,A,OaJ5CU0303,G133E15425,"F72M+6J Kelyadag, Jharkhand, India",4770,0,IgnitionOn,1,236.205,100.27,43,-83
d76227f3-26a0-4b8c-98d9-9402275064d6-10,EDC_BS6_PERIODIC,2025-12-19 14:29:45,2025-12-19 14:30:50,23.44576,86.2950336,26574,600,FixOK,A,OaJ5CU0303,G133E15425,"C7WW+83Q, Ghaghri, Jharkhand 828134, India",4770,0,IgnitionOn,1,236.205,100.27,43,-83
d76227f3-26a0-4b8c-98d9-9402275064d6-9,EDC_BS6_PERIODIC,2025-12-19 14:29:51,2025-12-19 14:30:50,23.44576,86.2950336,26575,600,FixOK,A,OaJ5CU0303,G133E15425,"C7WW+83Q, Ghaghri, Jharkhand 828134, India",4770,0,IgnitionOn,1,236.205,100.27,41,-83
d76227f3-26a0-4b8c-98d9-9402275064d6-8,EDC_BS6_PERIODIC,2025-12-19 14:29:57,2025-12-19 14:30:50,23.44576,86.2950336,26576,600,FixOK,A,OaJ5CU0303,G133E15425,"C7WW+83Q, Ghaghri, Jharkhand 828134, India",4770,0,IgnitionOn,1,236.205,100.27,40,-83
d76227f3-26a0-4b8c-98d9-9402275064d6-7,EDC_BS6_PERIODIC,2025-12-19 14:30:03,2025-12-19 14:30:50,23.44576,86.2950336,26577,600,FixOK,A,OaJ5CU0303,G133E15425,"C7WW+83Q, Ghaghri, Jharkhand 828134, India",4770,0,IgnitionOn,1,236.205,100.27,37,-83
d76227f3-26a0-4b8c-98d9-9402275064d6-6,EDC_BS6_PERIODIC,2025-12-19 14:30:09,2025-12-19 14:30:50,23.44576,86.2950336,26578,600,FixOK,A,OaJ5CU0303,G133E15425,"C7WW+83Q, Ghaghri, Jharkhand 828134, India",4770,0,IgnitionOn,1,236.205,100.27,38,-83
d76227f3-26a0-4b8c-98d9-9402275064d6-5,EDC_BS6_PERIODIC,2025-12-19 14:30:15,2025-12-19 14:30:50,23.44576,86.2950336,26579,600,FixOK,A,OaJ5CU0303,G133E15425,"C7WW+83Q, Ghaghri, Jharkhand 828134, India",4770,0,IgnitionOn,1,236.205,100.27,40,-83
d76227f3-26a0-4b8c-98d9-9402275064d6-4,EDC_BS6_PERIODIC,2025-12-19 14:30:21,2025-12-19 14:30:50,23.44576,86.2950336,26580,600,FixOK,A,OaJ5CU0303,G133E15425,"C7WW+83Q, Ghaghri, Jharkhand 828134, India",4770,0,IgnitionOn,1,236.205,100.27,40,-83
d76227f3-26a0-4b8c-98d9-9402275064d6-3,EDC_BS6_PERIODIC,2025-12-19 14:30:27,2025-12-19 14:30:50,23.44576,86.2950336,26581,600,FixOK,A,OaJ5CU0303,G133E15425,"C7WV+9X3, chasroad hutupathar road, Ghaghri, Jharkhand 828134, India",4770,0,IgnitionOn,1,236.205,100.27,41,-83
d76227f3-26a0-4b8c-98d9-9402275064d6-2,EDC_BS6_PERIODIC,2025-12-19 14:30:33,2025-12-19 14:30:50,23.445752,86.295104,26582,600,FixOK,A,OaJ5CU0303,G133E15425,"C7WV+9X3, chasroad hutupathar road, Ghaghri, Jharkhand 828134, India",4770,3.27,IgnitionOn,1,235.977,100.27,39,-83
d76227f3-26a0-4b8c-98d9-9402275064d6-1,EDC_BS6_PERIODIC,2025-12-19 14:30:39,2025-12-19 14:30:50,23.4457152,86.2952,26583,600,FixOK,A,OaJ5CU0303,G133E15425,"C7WV+9X3, chasroad hutupathar road, Ghaghri, Jharkhand 828134, India",4770,7.77,IgnitionOn,1,235.966,112.69,39,-83
2d4b0903-3ee5-42e6-ad9f-965cdf11e3e9-2,EDC_BS6_PERIODIC,2025-12-19 14:30:45,2025-12-19 14:34:35,23.4456656,86.2952832,26584,600,FixOK,A,OaJ5CU0303,G133E15425,"C7WW+3V Ghaghri, Jharkhand, India",4770,5.86,IgnitionOn,1,235.802,129.38,39,-83
f21e8232-9f9f-4d05-8c5f-ec41a65d29eb-10,EDC_BS6_PERIODIC,2025-12-19 14:30:51,2025-12-19 14:31:51,23.4456192,86.29536,26585,600,FixOK,A,OaJ5CU0303,G133E15425,"C7WW+83Q, Ghaghri, Jharkhand 828134, India",4770,5.8,IgnitionOn,1,235.43,125.83,37,-83
f21e8232-9f9f-4d05-8c5f-ec41a65d29eb-9,EDC_BS6_PERIODIC,2025-12-19 14:30:57,2025-12-19 14:31:51,23.445592,86.2954368,26586,600,FixOK,A,OaJ5CU0303,G133E15425,"C7WW+83Q, Ghaghri, Jharkhand 828134, India",4770,5.25,IgnitionOn,1,235.416,109.62,37,-83
f21e8232-9f9f-4d05-8c5f-ec41a65d29eb-8,EDC_BS6_PERIODIC,2025-12-19 14:31:03,2025-12-19 14:31:51,23.445552,86.2955648,26587,600,FixOK,A,OaJ5CU0303,G133E15425,"C7WW+83Q, Ghaghri, Jharkhand 828134, India",4770,9.67,IgnitionOn,1,235.379,109.76,37,-83
f21e8232-9f9f-4d05-8c5f-ec41a65d29eb-7,EDC_BS6_PERIODIC,2025-12-19 14:31:09,2025-12-19 14:31:51,23.445496,86.2957696,26588,600,FixOK,A,OaJ5CU0303,G133E15425,"C7WW+83Q, Ghaghri, Jharkhand 828134, India",4770,6.25,IgnitionOn,1,234.787,109.81,39,-83
f21e8232-9f9f-4d05-8c5f-ec41a65d29eb-6,EDC_BS6_PERIODIC,2025-12-19 14:31:15,2025-12-19 14:31:51,23.4454544,86.2958656,26589,600,FixOK,A,OaJ5CU0303,G133E15425,"C7WW+83Q, Ghaghri, Jharkhand 828134, India",4770,5.96,IgnitionOn,1,233.789,109.91,39,-83
f21e8232-9f9f-4d05-8c5f-ec41a65d29eb-5,EDC_BS6_PERIODIC,2025-12-19 14:31:21,2025-12-19 14:31:51,23.4454016,86.296,26590,600,FixOK,A,OaJ5CU0303,G133E15425,"C7WW+83Q, Ghaghri, Jharkhand 828134, India",4770,9.37,IgnitionOn,1,232.962,119.91,40,-83
f21e8232-9f9f-4d05-8c5f-ec41a65d29eb-4,EDC_BS6_PERIODIC,2025-12-19 14:31:27,2025-12-19 14:31:51,23.4453152,86.2961408,26591,600,FixOK,A,OaJ5CU0303,G133E15425,"C7WW+83Q, Ghaghri, Jharkhand 828134, India",4770.125,10.07,IgnitionOn,1,232.755,122.02,40,-83
f21e8232-9f9f-4d05-8c5f-ec41a65d29eb-3,BRAKE_PRESSED,2025-12-19 14:31:31,2025-12-19 14:31:51,23.4452608,86.2962688,23599,600,FixOK,,OaJ5CU0303,G133E15425,"C7WW+83Q, Ghaghri, Jharkhand 828134, India",0,7.37,IgnitionOn,1,,,,
f21e8232-9f9f-4d05-8c5f-ec41a65d29eb-2,EDC_BS6_PERIODIC,2025-12-19 14:31:33,2025-12-19 14:31:51,23.4452448,86.29632,26592,600,FixOK,A,OaJ5CU0303,G133E15425,"C7WW+83Q, Ghaghri, Jharkhand 828134, India",4770.125,13.84,IgnitionOn,1,232.643,114.04,42,-83
f21e8232-9f9f-4d05-8c5f-ec41a65d29eb-1,EDC_BS6_PERIODIC,2025-12-19 14:31:39,2025-12-19 14:31:51,23.4452144,86.2963968,26593,600,FixOK,A,OaJ5CU0303,G133E15425,"C7WW+83Q, Ghaghri, Jharkhand 828134, India",4770.125,4.9,IgnitionOn,1,233.242,106.87,40,-83
2d4b0903-3ee5-42e6-ad9f-965cdf11e3e9-1,BRAKE_PRESSED,2025-12-19 14:31:43,2025-12-19 14:34:35,23.4451824,86.296448,23600,600,FixOK,,OaJ5CU0303,G133E15425,"C7WW+3V Ghaghri, Jharkhand, India",0,6.14,IgnitionOn,1,,,,
bfe103eb-83fe-4938-9be3-1b7b7609adf5-10,EDC_BS6_PERIODIC,2025-12-19 14:31:45,2025-12-19 14:32:52,23.4451744,86.29648,26594,600,FixOK,A,OaJ5CU0303,G133E15425,"C7WW+83Q, Ghaghri, Jharkhand 828134, India",4770.125,5.73,IgnitionOn,1,233.375,114.65,38,-83
bfe103eb-83fe-4938-9be3-1b7b7609adf5-9,EDC_BS6_PERIODIC,2025-12-19 14:31:51,2025-12-19 14:32:52,23.4451552,86.2965376,26595,600,FixOK,A,OaJ5CU0303,G133E15425,"C7WW+83Q, Ghaghri, Jharkhand 828134, India",4770.125,5.12,IgnitionOn,1,233.481,114.65,36,-83
bfe103eb-83fe-4938-9be3-1b7b7609adf5-8,EDC_BS6_PERIODIC,2025-12-19 14:31:57,2025-12-19 14:32:52,23.445144,86.2966016,26596,600,FixOK,A,OaJ5CU0303,G133E15425,"C7WW+83Q, Ghaghri, Jharkhand 828134, India",4770.125,3.6100001,IgnitionOn,1,233.386,103.12,36,-83
bfe103eb-83fe-4938-9be3-1b7b7609adf5-7,EDC_BS6_PERIODIC,2025-12-19 14:32:03,2025-12-19 14:32:52,23.4451328,86.2966656,26597,600,FixOK,A,OaJ5CU0303,G133E15425,"C7WW+83Q, Ghaghri, Jharkhand 828134, India",4770.125,4.74,IgnitionOn,1,233.223,103.12,36,-83
bfe103eb-83fe-4938-9be3-1b7b7609adf5-6,EDC_BS6_PERIODIC,2025-12-19 14:32:09,2025-12-19 14:32:52,23.4451072,86.2967424,26598,600,FixOK,A,OaJ5CU0303,G133E15425,"C7WW+83Q, Ghaghri, Jharkhand 828134, India",4770.125,4.87,IgnitionOn,1,232.871,103.12,36,-83
bfe103eb-83fe-4938-9be3-1b7b7609adf5-5,EDC_BS6_PERIODIC,2025-12-19 14:32:15,2025-12-19 14:32:52,23.4450848,86.2969024,26599,600,FixOK,A,OaJ5CU0303,G133E15425,"C7WW+83Q, Ghaghri, Jharkhand 828134, India",4770.125,8.88,IgnitionOn,1,233.098,89.72,37,-83
bfe103eb-83fe-4938-9be3-1b7b7609adf5-4,EDC_BS6_PERIODIC,2025-12-19 14:32:22,2025-12-19 14:32:52,23.445088,86.2970368,26600,600,FixOK,A,OaJ5CU0303,G133E15425,"C7WW+83Q, Ghaghri, Jharkhand 828134, India",4770.125,10.46,IgnitionOn,1,233.237,85.5,36,-83
bfe103eb-83fe-4938-9be3-1b7b7609adf5-3,EDC_BS6_PERIODIC,2025-12-19 14:32:27,2025-12-19 14:32:52,23.4451072,86.2971648,26601,600,FixOK,A,OaJ5CU0303,G133E15425,"C7WW+83Q, Ghaghri, Jharkhand 828134, India",4770.25,9.86,IgnitionOn,1,232.988,81.25,37,-83
bfe103eb-83fe-4938-9be3-1b7b7609adf5-2,EDC_BS6_PERIODIC,2025-12-19 14:32:33,2025-12-19 14:32:52,23.445144,86.297312,26602,600,FixOK,A,OaJ5CU0303,G133E15425,"C7WW+83Q, Ghaghri, Jharkhand 828134, India",4770.25,9.95,IgnitionOn,1,232.057,79.02,39,-83
bfe103eb-83fe-4938-9be3-1b7b7609adf5-1,EDC_BS6_PERIODIC,2025-12-19 14:32:39,2025-12-19 14:32:52,23.4451856,86.2974208,26603,600,FixOK,A,OaJ5CU0303,G133E15425,"C7WW+83Q, Ghaghri, Jharkhand 828134, India",4770.25,8.38,IgnitionOn,1,232.617,60.29,35,-83
aa8fa120-0155-43af-9acc-1738870a6b55-11,EDC_BS6_PERIODIC,2025-12-19 14:32:45,2025-12-19 14:39:45,23.4452224,86.2975296,26604,600,FixOK,A,OaJ5CU0303,G133E15425,"Purulia - Dhanbad Rd, Ghaghri, Jharkhand 828134, India",4770.25,5.7,IgnitionOn,1,233.251,67.12,37,-83
aa8fa120-0155-43af-9acc-1738870a6b55-10,EDC_BS6_PERIODIC,2025-12-19 14:32:51,2025-12-19 14:39:45,23.4452768,86.2976576,26605,600,FixOK,A,OaJ5CU0303,G133E15425,"Purulia - Dhanbad Rd, Ghaghri, Jharkhand 828134, India",4770.25,8,IgnitionOn,1,233.498,67.86,37,-83
4baf3c79-5fe4-4076-9fd1-c93ab8c1b46c-10,EDC_BS6_PERIODIC,2025-12-19 14:32:57,2025-12-19 14:33:53,23.4453152,86.2977984,26606,600,FixOK,A,OaJ5CU0303,G133E15425,"C7WW+55H, Ghaghri, Jharkhand 828134, India",4770.25,10.22,IgnitionOn,1,233.406,79.06,39,-83
4baf3c79-5fe4-4076-9fd1-c93ab8c1b46c-9,BRAKE_PRESSED,2025-12-19 14:33:01,2025-12-19 14:33:53,23.4453312,86.297888,23601,600,FixOK,,OaJ5CU0303,G133E15425,"C7WW+55H, Ghaghri, Jharkhand 828134, India",0,5.92,IgnitionOn,1,,,,
4baf3c79-5fe4-4076-9fd1-c93ab8c1b46c-8,EDC_BS6_PERIODIC,2025-12-19 14:33:03,2025-12-19 14:33:53,23.4453408,86.2979328,26607,600,FixOK,A,OaJ5CU0303,G133E15425,"C7WW+55H, Ghaghri, Jharkhand 828134, India",4770.25,10.93,IgnitionOn,1,233.79,85.3,37,-83
4baf3c79-5fe4-4076-9fd1-c93ab8c1b46c-7,EDC_BS6_PERIODIC,2025-12-19 14:33:09,2025-12-19 14:33:53,23.445344,86.298016,26608,600,FixOK,A,OaJ5CU0303,G133E15425,"C7WW+55H, Ghaghri, Jharkhand 828134, India",4770.25,5.85,IgnitionOn,1,234.009,93.62,38,-83
4baf3c79-5fe4-4076-9fd1-c93ab8c1b46c-6,EDC_BS6_PERIODIC,2025-12-19 14:33:15,2025-12-19 14:33:53,23.445352,86.2981632,26609,600,FixOK,A,OaJ5CU0303,G133E15425,"C7WW+55H, Ghaghri, Jharkhand 828134, India",4770.25,8.29,IgnitionOn,1,234.139,81.9,39,-83
4baf3c79-5fe4-4076-9fd1-c93ab8c1b46c-5,EDC_BS6_PERIODIC,2025-12-19 14:33:21,2025-12-19 14:33:53,23.4453632,86.2983168,26610,600,FixOK,A,OaJ5CU0303,G133E15425,"C7WW+55H, Ghaghri, Jharkhand 828134, India",4770.375,9.91,IgnitionOn,1,234.682,87.04,41,-83
4baf3c79-5fe4-4076-9fd1-c93ab8c1b46c-4,EDC_BS6_PERIODIC,2025-12-19 14:33:27,2025-12-19 14:33:53,23.445384,86.2985216,26611,600,FixOK,A,OaJ5CU0303,G133E15425,"C7WW+55H, Ghaghri, Jharkhand 828134, India",4770.375,12.32,IgnitionOn,1,234.462,91.23,40,-51
4baf3c79-5fe4-4076-9fd1-c93ab8c1b46c-3,EDC_BS6_PERIODIC,2025-12-19 14:33:33,2025-12-19 14:33:53,23.4454848,86.2987264,26612,600,FixOK,A,OaJ5CU0303,G133E15425,"C7WW+55H, Ghaghri, Jharkhand 828134, India",4770.375,11.96,IgnitionOn,1,235.19,59.15,38,-51
4baf3c79-5fe4-4076-9fd1-c93ab8c1b46c-2,EDC_BS6_PERIODIC,2025-12-19 14:33:39,2025-12-19 14:33:53,23.445704,86.2988928,26613,600,FixOK,A,OaJ5CU0303,G133E15425,"C7WW+55H, Ghaghri, Jharkhand 828134, India",4770.375,17.31,IgnitionOn,1,236.494,29.14,41,-51
4baf3c79-5fe4-4076-9fd1-c93ab8c1b46c-1,EDC_BS6_PERIODIC,2025-12-19 14:33:45,2025-12-19 14:33:53,23.4459184,86.2990592,26614,600,FixOK,A,OaJ5CU0303,G133E15425,"C7WW+55H, Ghaghri, Jharkhand 828134, India",4770.375,20.59,IgnitionOn,1,238.25,34.41,40,-51
aa8fa120-0155-43af-9acc-1738870a6b55-9,EDC_BS6_PERIODIC,2025-12-19 14:33:51,2025-12-19 14:39:45,23.4462,86.299296,26615,600,FixOK,A,OaJ5CU0303,G133E15425,"Purulia - Dhanbad Rd, Ghaghri, Jharkhand 828134, India",4770.5,23.63,IgnitionOn,1,238.304,44.56,39,-51
aa8fa120-0155-43af-9acc-1738870a6b55-8,EDC_BS6_PERIODIC,2025-12-19 14:33:57,2025-12-19 14:39:45,23.4464288,86.2996416,26616,600,FixOK,A,OaJ5CU0303,G133E15425,"Purulia - Dhanbad Rd, Ghaghri, Jharkhand 828134, India",4770.5,25.74,IgnitionOn,1,238.664,57.79,37,-51
b914fedc-7c3b-4c1e-81c8-2d1a829c749f-10,EDC_BS6_PERIODIC,2025-12-19 14:34:03,2025-12-19 14:34:55,23.446512,86.3000832,26617,600,FixOK,A,OaJ5CU0303,G133E15425,"C7WW+3V Ghaghri, Jharkhand, India",4770.5,27.72,IgnitionOn,1,239.598,78.47,39,-51
b914fedc-7c3b-4c1e-81c8-2d1a829c749f-9,BRAKE_PRESSED,2025-12-19 14:34:09,2025-12-19 14:34:55,23.44648,86.3005504,23602,600,FixOK,,OaJ5CU0303,G133E15425,"C7WW+3V Ghaghri, Jharkhand, India",0,27.29,IgnitionOn,1,,,,
b914fedc-7c3b-4c1e-81c8-2d1a829c749f-8,EDC_BS6_PERIODIC,2025-12-19 14:34:09,2025-12-19 14:34:55,23.44648,86.3005504,26618,600,FixOK,A,OaJ5CU0303,G133E15425,"C7WW+3V Ghaghri, Jharkhand, India",4770.625,29.42,IgnitionOn,1,241.276,94.94,38,-51
b914fedc-7c3b-4c1e-81c8-2d1a829c749f-7,EDC_BS6_PERIODIC,2025-12-19 14:34:15,2025-12-19 14:34:55,23.4464992,86.3010048,26619,600,FixOK,A,OaJ5CU0303,G133E15425,"C7WW+3V Ghaghri, Jharkhand, India",4770.625,29.96,IgnitionOn,1,242.169,89.06,38,-51
b914fedc-7c3b-4c1e-81c8-2d1a829c749f-6,EDC_BS6_PERIODIC,2025-12-19 14:34:21,2025-12-19 14:34:55,23.446544,86.301184,26620,600,FixOK,A,OaJ5CU0303,G133E15425,"C7WW+3V Ghaghri, Jharkhand, India",4770.75,11.01,IgnitionOn,1,243.102,76.8,37,-51
b914fedc-7c3b-4c1e-81c8-2d1a829c749f-5,EDC_BS6_PERIODIC,2025-12-19 14:34:27,2025-12-19 14:34:55,23.4465904,86.3014336,26621,600,FixOK,A,OaJ5CU0303,G133E15425,"C7WW+3V Ghaghri, Jharkhand, India",4770.75,15.01,IgnitionOn,1,243.44,78.97,38,-51
b914fedc-7c3b-4c1e-81c8-2d1a829c749f-4,EDC_BS6_PERIODIC,2025-12-19 14:34:33,2025-12-19 14:34:55,23.4466096,86.3017728,26622,600,FixOK,A,OaJ5CU0303,G133E15425,"C7WW+3V Ghaghri, Jharkhand, India",4770.75,21.3,IgnitionOn,1,243.33,88.7,38,-51
b914fedc-7c3b-4c1e-81c8-2d1a829c749f-3,EDC_BS6_PERIODIC,2025-12-19 14:34:39,2025-12-19 14:34:55,23.4466432,86.302144,26623,600,FixOK,A,OaJ5CU0303,G133E15425,"C7WW+3V Ghaghri, Jharkhand, India",4770.75,24.15,IgnitionOn,1,242.417,86.93,39,-51
b914fedc-7c3b-4c1e-81c8-2d1a829c749f-2,BRAKE_PRESSED,2025-12-19 14:34:40,2025-12-19 14:34:55,23.4466528,86.3022016,23603,600,FixOK,,OaJ5CU0303,G133E15425,"C7WW+3V Ghaghri, Jharkhand, India",0,12.05,IgnitionOn,1,,,,
b914fedc-7c3b-4c1e-81c8-2d1a829c749f-1,EDC_BS6_PERIODIC,2025-12-19 14:34:45,2025-12-19 14:34:55,23.44668,86.3024064,26624,600,FixOK,A,OaJ5CU0303,G133E15425,"C7WW+3V Ghaghri, Jharkhand, India",4770.875,18.67,IgnitionOn,1,242.552,80.51,40,-51
6de88da2-2b17-42de-bdf3-3509942066a0-10,EDC_BS6_PERIODIC,2025-12-19 14:34:51,2025-12-19 14:35:55,23.4466912,86.3025024,26625,600,FixOK,A,OaJ5CU0303,G133E15425,"C7WX+59 Ghaghri, Jharkhand, India",4770.875,9.3,IgnitionOn,1,242.659,83.31,40,-51
6de88da2-2b17-42de-bdf3-3509942066a0-9,EDC_BS6_PERIODIC,2025-12-19 14:34:57,2025-12-19 14:35:55,23.446704,86.3025536,26626,600,FixOK,A,OaJ5CU0303,G133E15425,"C7WX+59 Ghaghri, Jharkhand, India",4770.875,3.41,IgnitionOn,1,242.811,83.31,37,-51
6de88da2-2b17-42de-bdf3-3509942066a0-8,EDC_BS6_PERIODIC,2025-12-19 14:35:03,2025-12-19 14:35:55,23.446728,86.302688,26627,600,FixOK,A,OaJ5CU0303,G133E15425,"C7WX+59 Ghaghri, Jharkhand, India",4770.875,7.29,IgnitionOn,1,243.662,81.52,37,-51
6de88da2-2b17-42de-bdf3-3509942066a0-7,EDC_BS6_PERIODIC,2025-12-19 14:35:09,2025-12-19 14:35:55,23.446744,86.3027712,26628,600,FixOK,A,OaJ5CU0303,G133E15425,"C7WX+59 Ghaghri, Jharkhand, India",4770.875,7.16,IgnitionOn,1,243.934,74.98,39,-51
6de88da2-2b17-42de-bdf3-3509942066a0-6,EDC_BS6_PERIODIC,2025-12-19 14:35:15,2025-12-19 14:35:55,23.4467552,86.302848,26629,600,FixOK,A,OaJ5CU0303,G133E15425,"C7WX+59 Ghaghri, Jharkhand, India",4770.875,5.73,IgnitionOn,1,243.781,85.86,40,-51
6de88da2-2b17-42de-bdf3-3509942066a0-5,EDC_BS6_PERIODIC,2025-12-19 14:35:21,2025-12-19 14:35:55,23.446768,86.3028992,26630,600,FixOK,A,OaJ5CU0303,G133E15425,"C7WX+59 Ghaghri, Jharkhand, India",4770.875,4.48,IgnitionOn,1,242.923,83.94,39,-51
6de88da2-2b17-42de-bdf3-3509942066a0-4,EDC_BS6_PERIODIC,2025-12-19 14:35:27,2025-12-19 14:35:55,23.446768,86.3028992,26631,600,FixOK,A,OaJ5CU0303,G133E15425,"C7WX+59 Ghaghri, Jharkhand, India",4770.875,0,IgnitionOn,1,242.923,83.94,39,-51
6de88da2-2b17-42de-bdf3-3509942066a0-3,EDC_BS6_PERIODIC,2025-12-19 14:35:33,2025-12-19 14:35:55,23.446768,86.3028992,26632,600,FixOK,A,OaJ5CU0303,G133E15425,"C7WX+59 Ghaghri, Jharkhand, India",4770.875,0,IgnitionOn,1,242.923,83.94,36,-51
6de88da2-2b17-42de-bdf3-3509942066a0-2,EDC_BS6_PERIODIC,2025-12-19 14:35:39,2025-12-19 14:35:55,23.446768,86.3028992,26633,600,FixOK,A,OaJ5CU0303,G133E15425,"C7WX+59 Ghaghri, Jharkhand, India",4770.875,0,IgnitionOn,1,242.923,83.94,37,-51
6de88da2-2b17-42de-bdf3-3509942066a0-1,EDC_BS6_PERIODIC,2025-12-19 14:35:45,2025-12-19 14:35:55,23.4467712,86.302944,26634,600,FixOK,A,OaJ5CU0303,G133E15425,"C7WX+59 Ghaghri, Jharkhand, India",4770.875,0,IgnitionOn,1,242.917,83.94,39,-51
b40e0f8e-586f-45de-9917-8cb2586fba3d-10,EDC_BS6_PERIODIC,2025-12-19 14:35:51,2025-12-19 14:36:56,23.4467712,86.302944,26635,600,FixOK,A,OaJ5CU0303,G133E15425,"Purulia - Dhanbad Rd, Ghaghri, Jharkhand 828134, India",4770.875,2.3,IgnitionOn,1,242.917,83.94,39,-51
b40e0f8e-586f-45de-9917-8cb2586fba3d-9,EDC_BS6_PERIODIC,2025-12-19 14:35:57,2025-12-19 14:36:56,23.446776,86.3029888,26636,600,FixOK,A,OaJ5CU0303,G133E15425,"Purulia - Dhanbad Rd, Ghaghri, Jharkhand 828134, India",4770.875,2.4,IgnitionOn,1,242.761,83.94,39,-51
b40e0f8e-586f-45de-9917-8cb2586fba3d-8,EDC_BS6_PERIODIC,2025-12-19 14:36:03,2025-12-19 14:36:56,23.446784,86.30304,26637,600,FixOK,A,OaJ5CU0303,G133E15425,"Purulia - Dhanbad Rd, Ghaghri, Jharkhand 828134, India",4770.875,1.77,IgnitionOn,1,242.651,83.94,38,-51
b40e0f8e-586f-45de-9917-8cb2586fba3d-7,EDC_BS6_PERIODIC,2025-12-19 14:36:09,2025-12-19 14:36:56,23.4468032,86.3031296,26638,600,FixOK,A,OaJ5CU0303,G133E15425,"Purulia - Dhanbad Rd, Ghaghri, Jharkhand 828134, India",4770.875,3.09,IgnitionOn,1,242.599,82.58,40,-51
b40e0f8e-586f-45de-9917-8cb2586fba3d-6,EDC_BS6_PERIODIC,2025-12-19 14:36:15,2025-12-19 14:36:56,23.4468304,86.3031936,26639,600,FixOK,A,OaJ5CU0303,G133E15425,"Purulia - Dhanbad Rd, Ghaghri, Jharkhand 828134, India",4770.875,5.79,IgnitionOn,1,242.309,67.77,40,-51
b40e0f8e-586f-45de-9917-8cb2586fba3d-5,EDC_BS6_PERIODIC,2025-12-19 14:36:21,2025-12-19 14:36:56,23.4468544,86.3032384,26640,600,FixOK,A,OaJ5CU0303,G133E15425,"Purulia - Dhanbad Rd, Ghaghri, Jharkhand 828134, India",4770.875,2.22,IgnitionOn,1,242.173,62.36,39,-51
b40e0f8e-586f-45de-9917-8cb2586fba3d-4,EDC_BS6_PERIODIC,2025-12-19 14:36:27,2025-12-19 14:36:56,23.4468656,86.3032896,26641,600,FixOK,A,OaJ5CU0303,G133E15425,"Purulia - Dhanbad Rd, Ghaghri, Jharkhand 828134, India",4771,3.35,IgnitionOn,1,242.147,62.36,40,-51
b40e0f8e-586f-45de-9917-8cb2586fba3d-3,EDC_BS6_PERIODIC,2025-12-19 14:36:33,2025-12-19 14:36:56,23.446904,86.3033216,26642,600,FixOK,A,OaJ5CU0303,G133E15425,"C7WV+9X3, chasroad hutupathar road, Ghaghri, Jharkhand 828134, India",4771,2.98,IgnitionOn,1,242.128,57.56,41,-51
b40e0f8e-586f-45de-9917-8cb2586fba3d-2,EDC_BS6_PERIODIC,2025-12-19 14:36:39,2025-12-19 14:36:56,23.447008,86.3033024,26643,600,FixOK,A,OaJ5CU0303,G133E15425,"C7WV+9X3, chasroad hutupathar road, Ghaghri, Jharkhand 828134, India",4771,5.4,IgnitionOn,1,242.123,352.19,41,-51
b40e0f8e-586f-45de-9917-8cb2586fba3d-1,EDC_BS6_PERIODIC,2025-12-19 14:36:45,2025-12-19 14:36:56,23.447248,86.3032384,26644,600,FixOK,A,OaJ5CU0303,G133E15425,"C7WV+9X3, chasroad hutupathar road, Ghaghri, Jharkhand 828134, India",4771,12.16,IgnitionOn,1,242.275,339.92,39,-51
aa8fa120-0155-43af-9acc-1738870a6b55-7,EXHAUST_BRAKE_ON_START,2025-12-19 14:36:49,2025-12-19 14:39:45,23.447464,86.3031936,23604,600,FixOK,,OaJ5CU0303,G133E15425,"Purulia - Dhanbad Rd, Ghaghri, Jharkhand 828134, India",0,21.92,IgnitionOn,1,,,,
aa8fa120-0155-43af-9acc-1738870a6b55-6,BRAKE_PRESSED,2025-12-19 14:36:51,2025-12-19 14:39:45,23.4475744,86.3031616,23605,600,FixOK,,OaJ5CU0303,G133E15425,"Purulia - Dhanbad Rd, Ghaghri, Jharkhand 828134, India",0,20.12,IgnitionOn,1,,,,
aa8fa120-0155-43af-9acc-1738870a6b55-5,EDC_BS6_PERIODIC,2025-12-19 14:36:51,2025-12-19 14:39:45,23.4475744,86.3031616,26645,600,FixOK,A,OaJ5CU0303,G133E15425,"Purulia - Dhanbad Rd, Ghaghri, Jharkhand 828134, India",4771,20.48,IgnitionOn,1,241.869,346.76,41,-51
aa8fa120-0155-43af-9acc-1738870a6b55-4,EXHAUST_BRAKE_ON_END,2025-12-19 14:36:52,2025-12-19 14:39:45,23.4476288,86.3031424,23606,600,FixOK,,OaJ5CU0303,G133E15425,"Purulia - Dhanbad Rd, Ghaghri, Jharkhand 828134, India",0,19.3,IgnitionOn,1,,,,
ddcb12d4-509d-40d6-80f7-fd34fa4089ab-10,EDC_BS6_PERIODIC,2025-12-19 14:36:57,2025-12-19 14:37:57,23.447864,86.303104,26646,600,FixOK,A,OaJ5CU0303,G133E15425,"C8W2+J4 Ghaghri, Jharkhand, India",4771,22.01,IgnitionOn,1,240.867,351.26,41,-51
ddcb12d4-509d-40d6-80f7-fd34fa4089ab-9,BRAKE_PRESSED,2025-12-19 14:37:02,2025-12-19 14:37:57,23.4480768,86.3030528,23607,600,FixOK,,OaJ5CU0303,G133E15425,"C8W2+J4 Ghaghri, Jharkhand, India",0,14.45,IgnitionOn,1,,,,
ddcb12d4-509d-40d6-80f7-fd34fa4089ab-8,EDC_BS6_PERIODIC,2025-12-19 14:37:03,2025-12-19 14:37:57,23.448112,86.3030528,26647,600,FixOK,A,OaJ5CU0303,G133E15425,"C8W2+J4 Ghaghri, Jharkhand, India",4771.125,17.51,IgnitionOn,1,241.05,347.8,40,-51
ddcb12d4-509d-40d6-80f7-fd34fa4089ab-7,EDC_BS6_PERIODIC,2025-12-19 14:37:09,2025-12-19 14:37:57,23.4483072,86.303008,26648,600,FixOK,A,OaJ5CU0303,G133E15425,"C8W2+J4 Ghaghri, Jharkhand, India",4771.125,14.91,IgnitionOn,1,240.589,347.6,39,-51
ddcb12d4-509d-40d6-80f7-fd34fa4089ab-6,EDC_BS6_PERIODIC,2025-12-19 14:37:15,2025-12-19 14:37:57,23.448464,86.3029632,26649,600,FixOK,A,OaJ5CU0303,G133E15425,"C8W2+J4 Ghaghri, Jharkhand, India",4771.125,10.98,IgnitionOn,1,240.962,346.58,40,-51
ddcb12d4-509d-40d6-80f7-fd34fa4089ab-5,EDC_BS6_PERIODIC,2025-12-19 14:37:21,2025-12-19 14:37:57,23.4487584,86.30288,26650,600,FixOK,A,OaJ5CU0303,G133E15425,"C8W2+J4 Ghaghri, Jharkhand, India",4771.125,14.38,IgnitionOn,1,241.268,343.77,41,-51
ddcb12d4-509d-40d6-80f7-fd34fa4089ab-4,EDC_BS6_PERIODIC,2025-12-19 14:37:27,2025-12-19 14:37:57,23.4492096,86.3027328,26651,600,FixOK,A,OaJ5CU0303,G133E15425,"C8W2+J4 Ghaghri, Jharkhand, India",4771.125,28.47,IgnitionOn,1,239.268,344.1,41,-51
ddcb12d4-509d-40d6-80f7-fd34fa4089ab-3,EDC_BS6_PERIODIC,2025-12-19 14:37:33,2025-12-19 14:37:57,23.449832,86.3025536,26652,600,FixOK,A,OaJ5CU0303,G133E15425,"C8W2+J4 Ghaghri, Jharkhand, India",4771.25,37.44,IgnitionOn,1,235.304,344.5,42,-51
ddcb12d4-509d-40d6-80f7-fd34fa4089ab-2,EDC_BS6_PERIODIC,2025-12-19 14:37:39,2025-12-19 14:37:57,23.45052,86.3023744,26653,600,FixOK,A,OaJ5CU0303,G133E15425,"C8W2+J4 Ghaghri, Jharkhand, India",4771.375,47.52,IgnitionOn,1,233.973,346.79,42,-51
ddcb12d4-509d-40d6-80f7-fd34fa4089ab-1,EDC_BS6_PERIODIC,2025-12-19 14:37:45,2025-12-19 14:37:57,23.451208,86.3021568,26654,600,FixOK,A,OaJ5CU0303,G133E15425,"C8W2+J4 Ghaghri, Jharkhand, India",4771.375,48.1,IgnitionOn,1,235.281,344.51,42,-51
aa8fa120-0155-43af-9acc-1738870a6b55-3,EDC_BS6_PERIODIC,2025-12-19 14:37:51,2025-12-19 14:39:45,23.4518096,86.3020032,26655,600,FixOK,A,OaJ5CU0303,G133E15425,"Purulia - Dhanbad Rd, Ghaghri, Jharkhand 828134, India",4771.5,49.39,IgnitionOn,1,235.985,345.54,42,-51
aa8fa120-0155-43af-9acc-1738870a6b55-2,BRAKE_PRESSED,2025-12-19 14:37:54,2025-12-19 14:39:45,23.4521888,86.301888,23608,600,FixOK,,OaJ5CU0303,G133E15425,"Purulia - Dhanbad Rd, Ghaghri, Jharkhand 828134, India",0,51.24,IgnitionOn,1,,,,
aa8fa120-0155-43af-9acc-1738870a6b55-1,EDC_BS6_PERIODIC,2025-12-19 14:37:57,2025-12-19 14:39:45,23.4525632,86.301792,26656,600,FixOK,A,OaJ5CU0303,G133E15425,"Purulia - Dhanbad Rd, Ghaghri, Jharkhand 828134, India",4771.625,53.56,IgnitionOn,1,236.243,345.64,40,-51
4efc3dbb-7298-400e-8b4f-1e8f40388620-11,EDC_BS6_PERIODIC,2025-12-19 14:38:03,2025-12-19 14:42:52,23.453312,86.3015616,26657,600,FixOK,A,OaJ5CU0303,G133E15425,"Purulia - Dhanbad Rd, Ghoragara, Jharkhand 828134, India",4771.625,51.28,IgnitionOn,1,235.218,344.07,39,-51
4efc3dbb-7298-400e-8b4f-1e8f40388620-10,EDC_BS6_PERIODIC,2025-12-19 14:38:09,2025-12-19 14:42:52,23.454104,86.3013184,26658,600,FixOK,A,OaJ5CU0303,G133E15425,"Purulia - Dhanbad Rd, Ghoragara, Jharkhand 828134, India",4771.75,56,IgnitionOn,1,234.285,344.98,37,-51
8829e186-6cad-4835-b990-07285c35ef0d-10,BRAKE_PRESSED,2025-12-19 14:38:10,2025-12-19 14:38:58,23.454232,86.3012864,23609,600,FixOK,,OaJ5CU0303,G133E15425,"Purulia - Dhanbad Rd, Ghaghri, Jharkhand 828134, India",0,50.17,IgnitionOn,1,,,,
8829e186-6cad-4835-b990-07285c35ef0d-9,EDC_BS6_PERIODIC,2025-12-19 14:38:15,2025-12-19 14:38:58,23.454832,86.3011072,26659,600,FixOK,A,OaJ5CU0303,G133E15425,"Purulia - Dhanbad Rd, Ghaghri, Jharkhand 828134, India",4771.875,55.57,IgnitionOn,1,233.097,345.25,37,-51
8829e186-6cad-4835-b990-07285c35ef0d-8,EDC_BS6_PERIODIC,2025-12-19 14:38:21,2025-12-19 14:38:58,23.4554112,86.301024,26660,600,FixOK,A,OaJ5CU0303,G133E15425,"Purulia - Dhanbad Rd, Ghaghri, Jharkhand 828134, India",4772,42.26,IgnitionOn,1,230.725,357.57,34,-51
8829e186-6cad-4835-b990-07285c35ef0d-7,EDC_BS6_PERIODIC,2025-12-19 14:38:27,2025-12-19 14:38:58,23.455968,86.301088,26661,600,FixOK,A,OaJ5CU0303,G133E15425,"Purulia - Dhanbad Rd, Ghaghri, Jharkhand 828134, India",4772,37.73,IgnitionOn,1,229.578,9.86,34,-51
8829e186-6cad-4835-b990-07285c35ef0d-6,EDC_BS6_PERIODIC,2025-12-19 14:38:33,2025-12-19 14:38:58,23.4565632,86.301184,26662,600,FixOK,A,OaJ5CU0303,G133E15425,"Purulia - Dhanbad Rd, Ghaghri, Jharkhand 828134, India",4772.125,39.66,IgnitionOn,1,229.35,8.76,36,-51
8829e186-6cad-4835-b990-07285c35ef0d-5,BRAKE_PRESSED,2025-12-19 14:38:36,2025-12-19 14:38:58,23.456896,86.3012544,23610,600,FixOK,,OaJ5CU0303,G133E15425,"Purulia - Dhanbad Rd, Ghaghri, Jharkhand 828134, India",0,45.11,IgnitionOn,1,,,,
8829e186-6cad-4835-b990-07285c35ef0d-4,EDC_BS6_PERIODIC,2025-12-19 14:38:39,2025-12-19 14:38:58,23.4572336,86.3013056,26663,600,FixOK,A,OaJ5CU0303,G133E15425,"Purulia - Dhanbad Rd, Ghaghri, Jharkhand 828134, India",4772.125,45.7,IgnitionOn,1,229.242,7.34,39,-51
8829e186-6cad-4835-b990-07285c35ef0d-2,EDC_BS6_PERIODIC,2025-12-19 14:38:45,2025-12-19 14:38:58,23.457856,86.3014016,26664,600,FixOK,A,OaJ5CU0303,G133E15425,"Purulia - Dhanbad Rd, Ghaghri, Jharkhand 828134, India",4772.25,44.73,IgnitionOn,1,228.473,9.15,42,-51
8829e186-6cad-4835-b990-07285c35ef0d-3,GPS_MESSAGE,2025-12-19 14:38:45,2025-12-19 14:38:58,23.457856,86.3014016,,600,3DFix,,OaJ5CU0303,G133E15425,"Purulia - Dhanbad Rd, Ghaghri, Jharkhand 828134, India",0,,IgnitionOn,1,228,0,42,
8829e186-6cad-4835-b990-07285c35ef0d-1-1,HARSH_BREAKING_END,2025-12-19 14:38:47,2025-12-19 14:38:58,23.4580192,86.3014336,23611,600,FixOK,,OaJ5CU0303,G133E15425,"Purulia - Dhanbad Rd, Ghaghri, Jharkhand 828134, India",0,15.88,IgnitionOn,1,,,,
8829e186-6cad-4835-b990-07285c35ef0d-1,HARSH_BREAKING_START,2025-12-19 14:38:47,2025-12-19 14:38:58,23.4580192,86.3014336,23611,600,FixOK,,OaJ5CU0303,G133E15425,"Purulia - Dhanbad Rd, Ghaghri, Jharkhand 828134, India",0,15.88,IgnitionOn,1,,,,
4efc3dbb-7298-400e-8b4f-1e8f40388620-9,EDC_BS6_PERIODIC,2025-12-19 14:38:51,2025-12-19 14:42:52,23.4582208,86.3014656,26665,600,FixOK,A,OaJ5CU0303,G133E15425,"Purulia - Dhanbad Rd, Ghoragara, Jharkhand 828134, India",4772.25,33.87,IgnitionOn,1,226.91,9.6,40,-51
37a70367-bccc-4337-b8d6-62c367386b0b-10,EDC_BS6_PERIODIC,2025-12-19 14:38:57,2025-12-19 14:39:59,23.4583744,86.3014784,26666,600,FixOK,A,OaJ5CU0303,G133E15425,"Purulia - Dhanbad Rd, Ghaghri, Jharkhand 828134, India",4772.375,15.79,IgnitionOn,1,225.031,8.64,40,-51
37a70367-bccc-4337-b8d6-62c367386b0b-9,EDC_BS6_PERIODIC,2025-12-19 14:39:03,2025-12-19 14:39:59,23.4585568,86.3015104,26667,600,FixOK,A,OaJ5CU0303,G133E15425,"Purulia - Dhanbad Rd, Ghaghri, Jharkhand 828134, India",4772.375,8.47,IgnitionOn,1,223.875,9.27,38,-51
37a70367-bccc-4337-b8d6-62c367386b0b-8,EDC_BS6_PERIODIC,2025-12-19 14:39:09,2025-12-19 14:39:59,23.4589248,86.3015424,26668,600,FixOK,A,OaJ5CU0303,G133E15425,"Purulia - Dhanbad Rd, Ghaghri, Jharkhand 828134, India",4772.375,24.84,IgnitionOn,1,223.979,4.05,37,-51
37a70367-bccc-4337-b8d6-62c367386b0b-7,EDC_BS6_PERIODIC,2025-12-19 14:39:15,2025-12-19 14:39:59,23.4593216,86.3015744,26669,600,FixOK,A,OaJ5CU0303,G133E15425,"Purulia - Dhanbad Rd, Ghaghri, Jharkhand 828134, India",4772.375,30.6,IgnitionOn,1,225.768,6.23,37,-51
37a70367-bccc-4337-b8d6-62c367386b0b-6,EDC_BS6_PERIODIC,2025-12-19 14:39:21,2025-12-19 14:39:59,23.4598912,86.3016832,26670,600,FixOK,A,OaJ5CU0303,G133E15425,"Purulia - Dhanbad Rd, Ghaghri, Jharkhand 828134, India",4772.5,40.03,IgnitionOn,1,225.966,7.55,35,-51
37a70367-bccc-4337-b8d6-62c367386b0b-5,EDC_BS6_PERIODIC,2025-12-19 14:39:27,2025-12-19 14:39:59,23.4605136,86.30176,26671,600,FixOK,A,OaJ5CU0303,G133E15425,"Purulia - Dhanbad Rd, Ghaghri, Jharkhand 828134, India",4772.5,42.52,IgnitionOn,1,226.936,7.21,36,-63
37a70367-bccc-4337-b8d6-62c367386b0b-4,EDC_BS6_PERIODIC,2025-12-19 14:39:33,2025-12-19 14:39:59,23.4612144,86.301824,26672,600,FixOK,A,OaJ5CU0303,G133E15425,"Purulia - Dhanbad Rd, Ghaghri, Jharkhand 828134, India",4772.625,47.3,IgnitionOn,1,227.367,3.26,37,-63
37a70367-bccc-4337-b8d6-62c367386b0b-3,EDC_BS6_PERIODIC,2025-12-19 14:39:39,2025-12-19 14:39:59,23.4619664,86.3018368,26673,600,FixOK,A,OaJ5CU0303,G133E15425,"Purulia - Dhanbad Rd, Ghaghri, Jharkhand 828134, India",4772.75,51.07,IgnitionOn,1,227.535,1.58,38,-63
37a70367-bccc-4337-b8d6-62c367386b0b-2,EDC_BS6_PERIODIC,2025-12-19 14:39:45,2025-12-19 14:39:59,23.46272,86.30192,26674,600,FixOK,A,OaJ5CU0303,G133E15425,"Purulia - Dhanbad Rd, Ghaghri, Jharkhand 828134, India",4772.75,51.23,IgnitionOn,1,227.002,5.09,34,-63
37a70367-bccc-4337-b8d6-62c367386b0b-1,EDC_BS6_PERIODIC,2025-12-19 14:39:51,2025-12-19 14:39:59,23.4635392,86.3020288,26675,600,FixOK,A,OaJ5CU0303,G133E15425,"Purulia - Dhanbad Rd, Ghaghri, Jharkhand 828134, India",4772.875,55.32,IgnitionOn,1,226.121,10.15,38,-63
4efc3dbb-7298-400e-8b4f-1e8f40388620-8,EDC_BS6_PERIODIC,2025-12-19 14:39:57,2025-12-19 14:42:52,23.4644032,86.3022336,26676,600,FixOK,A,OaJ5CU0303,G133E15425,"Purulia - Dhanbad Rd, Ghoragara, Jharkhand 828134, India",4773,59.65,IgnitionOn,1,224.151,13.19,35,-63
4efc3dbb-7298-400e-8b4f-1e8f40388620-7,BRAKE_PRESSED,2025-12-19 14:39:58,2025-12-19 14:42:52,23.4645504,86.3022784,23612,600,FixOK,,OaJ5CU0303,G133E15425,"Purulia - Dhanbad Rd, Ghoragara, Jharkhand 828134, India",0,54.32,IgnitionOn,1,,,,
4efc3dbb-7298-400e-8b4f-1e8f40388620-6,EDC_BS6_PERIODIC,2025-12-19 14:40:03,2025-12-19 14:42:52,23.4652304,86.3024704,26677,600,FixOK,A,OaJ5CU0303,G133E15425,"Purulia - Dhanbad Rd, Ghoragara, Jharkhand 828134, India",4773.125,59.6,IgnitionOn,1,222.998,15.35,35,-63
f23499b7-a11a-4822-97fe-38c7a3b4c4df-10-1,HARSH_BREAKING_END,2025-12-19 14:40:07,2025-12-19 14:41:00,23.465656,86.302624,23613,600,FixOK,,OaJ5CU0303,G133E15425,"C7WX+CM Ghaghri, Jharkhand, India",0,17.95,IgnitionOn,1,,,,
f23499b7-a11a-4822-97fe-38c7a3b4c4df-10,HARSH_BREAKING_START,2025-12-19 14:40:07,2025-12-19 14:41:00,23.465656,86.302624,23613,600,FixOK,,OaJ5CU0303,G133E15425,"C7WX+CM Ghaghri, Jharkhand, India",0,17.95,IgnitionOn,1,,,,
f23499b7-a11a-4822-97fe-38c7a3b4c4df-8,EDC_BS6_PERIODIC,2025-12-19 14:40:09,2025-12-19 14:41:00,23.465816,86.302688,26678,600,FixOK,A,OaJ5CU0303,G133E15425,"C7WX+CM Ghaghri, Jharkhand, India",4773.25,44.97,IgnitionOn,1,222.248,18.03,34,-63
f23499b7-a11a-4822-97fe-38c7a3b4c4df-9-1,HARSH_BREAKING_END,2025-12-19 14:40:09,2025-12-19 14:41:00,23.465816,86.302688,23614,600,FixOK,,OaJ5CU0303,G133E15425,"C7WX+CM Ghaghri, Jharkhand, India",0,9.44,IgnitionOn,1,,,,
f23499b7-a11a-4822-97fe-38c7a3b4c4df-9,HARSH_BREAKING_START,2025-12-19 14:40:09,2025-12-19 14:41:00,23.465816,86.302688,23614,600,FixOK,,OaJ5CU0303,G133E15425,"C7WX+CM Ghaghri, Jharkhand, India",0,9.44,IgnitionOn,1,,,,
f23499b7-a11a-4822-97fe-38c7a3b4c4df-7,EDC_BS6_PERIODIC,2025-12-19 14:40:15,2025-12-19 14:41:00,23.466024,86.3027968,26679,600,FixOK,A,OaJ5CU0303,G133E15425,"C7WX+CM Ghaghri, Jharkhand, India",4773.25,17.27,IgnitionOn,1,220.837,22.37,37,-63
f23499b7-a11a-4822-97fe-38c7a3b4c4df-6,EDC_BS6_PERIODIC,2025-12-19 14:40:21,2025-12-19 14:41:00,23.4662368,86.30288,26680,600,FixOK,A,OaJ5CU0303,G133E15425,"C7WX+CM Ghaghri, Jharkhand, India",4773.25,16.54,IgnitionOn,1,220.102,19.45,37,-63
f23499b7-a11a-4822-97fe-38c7a3b4c4df-5,EDC_BS6_PERIODIC,2025-12-19 14:40:27,2025-12-19 14:41:00,23.466544,86.302976,26681,600,FixOK,A,OaJ5CU0303,G133E15425,"C7WX+CM Ghaghri, Jharkhand, India",4773.25,20.59,IgnitionOn,1,220.227,12.15,37,-63
f23499b7-a11a-4822-97fe-38c7a3b4c4df-4,EDC_BS6_PERIODIC,2025-12-19 14:40:33,2025-12-19 14:41:00,23.46696,86.3031424,26682,600,FixOK,A,OaJ5CU0303,G133E15425,"C7WX+CM Ghaghri, Jharkhand, India",4773.375,28.06,IgnitionOn,1,221.266,21.39,37,-63
f23499b7-a11a-4822-97fe-38c7a3b4c4df-3,EDC_BS6_PERIODIC,2025-12-19 14:40:39,2025-12-19 14:41:00,23.4673824,86.3033664,26683,600,FixOK,A,OaJ5CU0303,G133E15425,"C7WX+CM Ghaghri, Jharkhand, India",4773.375,39.01,IgnitionOn,1,220.712,27.61,38,-63
f23499b7-a11a-4822-97fe-38c7a3b4c4df-2,EDC_BS6_PERIODIC,2025-12-19 14:40:45,2025-12-19 14:41:00,23.4679072,86.303744,26684,600,FixOK,A,OaJ5CU0303,G133E15425,"C7WX+CM Ghaghri, Jharkhand, India",4773.5,42.32,IgnitionOn,1,221.21,32.45,36,-63
f23499b7-a11a-4822-97fe-38c7a3b4c4df-1,EDC_BS6_PERIODIC,2025-12-19 14:40:51,2025-12-19 14:41:00,23.4684288,86.3041664,26685,600,FixOK,A,OaJ5CU0303,G133E15425,"C7WX+CM Ghaghri, Jharkhand, India",4773.5,44.28,IgnitionOn,1,221.712,35.72,38,-63
4efc3dbb-7298-400e-8b4f-1e8f40388620-5,EDC_BS6_PERIODIC,2025-12-19 14:40:57,2025-12-19 14:42:52,23.4690224,86.3044544,26686,600,FixOK,A,OaJ5CU0303,G133E15425,"Purulia - Dhanbad Rd, Ghoragara, Jharkhand 828134, India",4773.625,45.56,IgnitionOn,1,221.55,19.9,37,-63
4efc3dbb-7298-400e-8b4f-1e8f40388620-4,EDC_BS6_PERIODIC,2025-12-19 14:41:03,2025-12-19 14:42:52,23.4697056,86.304672,26687,600,FixOK,A,OaJ5CU0303,G133E15425,"Purulia - Dhanbad Rd, Ghoragara, Jharkhand 828134, India",4773.75,49.3,IgnitionOn,1,221.667,15.55,37,-63
4efc3dbb-7298-400e-8b4f-1e8f40388620-3,EDC_BS6_PERIODIC,2025-12-19 14:41:09,2025-12-19 14:42:52,23.4704304,86.304896,26688,600,FixOK,A,OaJ5CU0303,G133E15425,"Purulia - Dhanbad Rd, Ghoragara, Jharkhand 828134, India",4773.75,52.16,IgnitionOn,1,222.589,16.38,33,-63
4efc3dbb-7298-400e-8b4f-1e8f40388620-2,EDC_BS6_PERIODIC,2025-12-19 14:41:15,2025-12-19 14:42:52,23.4711808,86.3051584,26689,600,FixOK,A,OaJ5CU0303,G133E15425,"Purulia - Dhanbad Rd, Ghoragara, Jharkhand 828134, India",4773.875,53.1,IgnitionOn,1,223.869,17.72,34,-63
1cf162d1-86d7-4a12-ac05-3980d104dcb8-10,BRAKE_PRESSED,2025-12-19 14:41:17,2025-12-19 14:42:01,23.471432,86.3052544,23615,600,FixOK,,OaJ5CU0303,G133E15425,"Purulia - Dhanbad Rd, Ghoragara, Jharkhand 828134, India",0,54.88,IgnitionOn,1,,,,
1cf162d1-86d7-4a12-ac05-3980d104dcb8-9,EDC_BS6_PERIODIC,2025-12-19 14:41:21,2025-12-19 14:42:01,23.471936,86.305472,26690,600,FixOK,A,OaJ5CU0303,G133E15425,"Purulia - Dhanbad Rd, Ghoragara, Jharkhand 828134, India",4774,54.52,IgnitionOn,1,223.272,24.29,35,-63
1cf162d1-86d7-4a12-ac05-3980d104dcb8-8,BRAKE_PRESSED,2025-12-19 14:41:26,2025-12-19 14:42:01,23.472848,86.3061376,23616,600,FixOK,,OaJ5CU0303,G133E15425,"Purulia - Dhanbad Rd, Ghoragara, Jharkhand 828134, India",0,46.16,IgnitionOn,1,,,,
1cf162d1-86d7-4a12-ac05-3980d104dcb8-7,EDC_BS6_PERIODIC,2025-12-19 14:41:27,2025-12-19 14:42:01,23.4729408,86.3062016,26691,600,FixOK,A,OaJ5CU0303,G133E15425,"Purulia - Dhanbad Rd, Ghoragara, Jharkhand 828134, India",4774.125,49.92,IgnitionOn,1,220.171,33.02,37,-63
1cf162d1-86d7-4a12-ac05-3980d104dcb8-6,EDC_BS6_PERIODIC,2025-12-19 14:41:33,2025-12-19 14:42:01,23.4735104,86.3064832,26692,600,FixOK,A,OaJ5CU0303,G133E15425,"Purulia - Dhanbad Rd, Ghoragara, Jharkhand 828134, India",4774.125,47.8,IgnitionOn,1,219.537,19.89,40,-63
1cf162d1-86d7-4a12-ac05-3980d104dcb8-5,EDC_BS6_PERIODIC,2025-12-19 14:41:39,2025-12-19 14:42:01,23.474032,86.3066368,26693,600,FixOK,A,OaJ5CU0303,G133E15425,"Purulia - Dhanbad Rd, Ghoragara, Jharkhand 828134, India",4774.25,40.71,IgnitionOn,1,218.24,16.78,40,-63
1cf162d1-86d7-4a12-ac05-3980d104dcb8-4,BRAKE_PRESSED,2025-12-19 14:41:41,2025-12-19 14:42:01,23.4742096,86.306688,23617,600,FixOK,,OaJ5CU0303,G133E15425,"Purulia - Dhanbad Rd, Ghoragara, Jharkhand 828134, India",0,36.89,IgnitionOn,1,,,,
1cf162d1-86d7-4a12-ac05-3980d104dcb8-3,EDC_BS6_PERIODIC,2025-12-19 14:41:45,2025-12-19 14:42:01,23.4745568,86.306784,26694,600,FixOK,A,OaJ5CU0303,G133E15425,"Purulia - Dhanbad Rd, Ghoragara, Jharkhand 828134, India",4774.25,37.52,IgnitionOn,1,218.642,15.06,40,-63
1cf162d1-86d7-4a12-ac05-3980d104dcb8-2,BRAKE_PRESSED,2025-12-19 14:41:51,2025-12-19 14:42:01,23.475032,86.3069056,23618,600,FixOK,,OaJ5CU0303,G133E15425,"Purulia - Dhanbad Rd, Ghoragara, Jharkhand 828134, India",0,26.88,IgnitionOn,1,,,,
1cf162d1-86d7-4a12-ac05-3980d104dcb8-1,EDC_BS6_PERIODIC,2025-12-19 14:41:51,2025-12-19 14:42:01,23.475032,86.3069056,26695,600,FixOK,A,OaJ5CU0303,G133E15425,"Purulia - Dhanbad Rd, Ghoragara, Jharkhand 828134, India",4774.375,36.44,IgnitionOn,1,219.412,8.72,41,-63
4efc3dbb-7298-400e-8b4f-1e8f40388620-1,EDC_BS6_PERIODIC,2025-12-19 14:41:57,2025-12-19 14:42:52,23.4754096,86.3070336,26696,600,FixOK,A,OaJ5CU0303,G133E15425,"Purulia - Dhanbad Rd, Ghoragara, Jharkhand 828134, India",4774.375,31.08,IgnitionOn,1,220.139,16.31,36,-63
61337f86-aa4c-47f7-acd7-7995834f0151-12,EDC_BS6_PERIODIC,2025-12-19 14:42:03,2025-12-19 14:45:59,23.4758208,86.3071744,26697,600,FixOK,A,OaJ5CU0303,G133E15425,"Purulia - Dhanbad Rd, Baramasya, Jharkhand 828134, India",4774.5,26.48,IgnitionOn,1,221.391,19.18,33,-63
61337f86-aa4c-47f7-acd7-7995834f0151-11,EXHAUST_BRAKE_ON_START,2025-12-19 14:42:06,2025-12-19 14:45:59,23.4759872,86.3072256,23619,600,FixOK,,OaJ5CU0303,G133E15425,"Purulia - Dhanbad Rd, Baramasya, Jharkhand 828134, India",0,38.07,IgnitionOn,1,,,,
61337f86-aa4c-47f7-acd7-7995834f0151-10,EXHAUST_BRAKE_ON_END,2025-12-19 14:42:08,2025-12-19 14:45:59,23.476176,86.3072704,23620,600,FixOK,,OaJ5CU0303,G133E15425,"Purulia - Dhanbad Rd, Baramasya, Jharkhand 828134, India",0,31.14,IgnitionOn,1,,,,
61337f86-aa4c-47f7-acd7-7995834f0151-9,BRAKE_PRESSED,2025-12-19 14:42:09,2025-12-19 14:45:59,23.4762688,86.3072896,23621,600,FixOK,,OaJ5CU0303,G133E15425,"Purulia - Dhanbad Rd, Baramasya, Jharkhand 828134, India",0,26.69,IgnitionOn,1,,,,
f34bd008-5cb8-49d9-b028-44ffb1d65ed7-10,EDC_BS6_PERIODIC,2025-12-19 14:42:09,2025-12-19 14:43:03,23.4762688,86.3072896,26698,600,FixOK,A,OaJ5CU0303,G133E15425,"Purulia - Dhanbad Rd, Ghoragara, Jharkhand 828134, India",4774.5,34.12,IgnitionOn,1,222.05,15.34,34,-63
f34bd008-5cb8-49d9-b028-44ffb1d65ed7-9-1,HARSH_BREAKING_END,2025-12-19 14:42:11,2025-12-19 14:43:03,23.476424,86.307328,23622,600,FixOK,,OaJ5CU0303,G133E15425,"Purulia - Dhanbad Rd, Ghoragara, Jharkhand 828134, India",0,13.87,IgnitionOn,1,,,,
f34bd008-5cb8-49d9-b028-44ffb1d65ed7-9,HARSH_BREAKING_START,2025-12-19 14:42:11,2025-12-19 14:43:03,23.476424,86.307328,23622,600,FixOK,,OaJ5CU0303,G133E15425,"Purulia - Dhanbad Rd, Ghoragara, Jharkhand 828134, India",0,13.87,IgnitionOn,1,,,,
f34bd008-5cb8-49d9-b028-44ffb1d65ed7-8-1,HARSH_BREAKING_END,2025-12-19 14:42:13,2025-12-19 14:43:03,23.4765344,86.3073408,23623,600,FixOK,,OaJ5CU0303,G133E15425,"Purulia - Dhanbad Rd, Ghoragara, Jharkhand 828134, India",0,5.42,IgnitionOn,1,,,,
f34bd008-5cb8-49d9-b028-44ffb1d65ed7-8,HARSH_BREAKING_START,2025-12-19 14:42:13,2025-12-19 14:43:03,23.4765344,86.3073408,23623,600,FixOK,,OaJ5CU0303,G133E15425,"Purulia - Dhanbad Rd, Ghoragara, Jharkhand 828134, India",0,5.42,IgnitionOn,1,,,,
f34bd008-5cb8-49d9-b028-44ffb1d65ed7-7,EDC_BS6_PERIODIC,2025-12-19 14:42:15,2025-12-19 14:43:03,23.4765856,86.3073408,26699,600,FixOK,A,OaJ5CU0303,G133E15425,"Purulia - Dhanbad Rd, Ghoragara, Jharkhand 828134, India",4774.625,37.43,IgnitionOn,1,222.936,7.01,34,-63
f34bd008-5cb8-49d9-b028-44ffb1d65ed7-6,EDC_BS6_PERIODIC,2025-12-19 14:42:22,2025-12-19 14:43:03,23.4766592,86.30736,26700,600,FixOK,A,OaJ5CU0303,G133E15425,"Purulia - Dhanbad Rd, Ghoragara, Jharkhand 828134, India",4774.625,5.13,IgnitionOn,1,223.08,7.4,33,-63
f34bd008-5cb8-49d9-b028-44ffb1d65ed7-5,EDC_BS6_PERIODIC,2025-12-19 14:42:27,2025-12-19 14:43:03,23.4768352,86.307328,26701,600,FixOK,A,OaJ5CU0303,G133E15425,"Purulia - Dhanbad Rd, Ghoragara, Jharkhand 828134, India",4774.625,11.59,IgnitionOn,1,222.764,6.82,37,-63
f34bd008-5cb8-49d9-b028-44ffb1d65ed7-4,EDC_BS6_PERIODIC,2025-12-19 14:42:33,2025-12-19 14:43:03,23.4770912,86.3072384,26702,600,FixOK,A,OaJ5CU0303,G133E15425,"Purulia - Dhanbad Rd, Ghoragara, Jharkhand 828134, India",4774.625,17.68,IgnitionOn,1,222.429,336.07,38,-63
f34bd008-5cb8-49d9-b028-44ffb1d65ed7-3,EDC_BS6_PERIODIC,2025-12-19 14:42:39,2025-12-19 14:43:03,23.477392,86.3070656,26703,600,FixOK,A,OaJ5CU0303,G133E15425,"Purulia - Dhanbad Rd, Ghoragara, Jharkhand 828134, India",4774.75,23.54,IgnitionOn,1,223.966,329.25,37,-63
f34bd008-5cb8-49d9-b028-44ffb1d65ed7-2,EDC_BS6_PERIODIC,2025-12-19 14:42:45,2025-12-19 14:43:03,23.4776928,86.3069696,26704,600,FixOK,A,OaJ5CU0303,G133E15425,"Purulia - Dhanbad Rd, Ghoragara, Jharkhand 828134, India",4774.75,21.48,IgnitionOn,1,224.723,349.38,37,-63
f34bd008-5cb8-49d9-b028-44ffb1d65ed7-1,EDC_BS6_PERIODIC,2025-12-19 14:42:51,2025-12-19 14:43:03,23.478056,86.3070784,26705,600,FixOK,A,OaJ5CU0303,G133E15425,"Purulia - Dhanbad Rd, Ghoragara, Jharkhand 828134, India",4774.75,25.27,IgnitionOn,1,224.768,16.25,36,-63
61337f86-aa4c-47f7-acd7-7995834f0151-8,EDC_BS6_PERIODIC,2025-12-19 14:42:57,2025-12-19 14:45:59,23.4784704,86.3072576,26706,600,FixOK,A,OaJ5CU0303,G133E15425,"Purulia - Dhanbad Rd, Baramasya, Jharkhand 828134, India",4774.875,28.98,IgnitionOn,1,223.925,20.29,31,-63
61337f86-aa4c-47f7-acd7-7995834f0151-7,EDC_BS6_PERIODIC,2025-12-19 14:43:03,2025-12-19 14:45:59,23.4789424,86.307456,26707,600,FixOK,A,OaJ5CU0303,G133E15425,"Purulia - Dhanbad Rd, Baramasya, Jharkhand 828134, India",4774.875,33.32,IgnitionOn,1,223.908,20.12,32,-63
6292d498-388d-4854-82fe-0b3fcfd02ccf-10,EDC_BS6_PERIODIC,2025-12-19 14:43:09,2025-12-19 14:44:04,23.479528,86.30768,26708,600,FixOK,A,OaJ5CU0303,G133E15425,"Purulia - Dhanbad Rd, Baramasya, Jharkhand 828134, India",4775,40.99,IgnitionOn,1,221.003,20.27,34,-63
6292d498-388d-4854-82fe-0b3fcfd02ccf-9,EDC_BS6_PERIODIC,2025-12-19 14:43:15,2025-12-19 14:44:04,23.4801728,86.3079616,26709,600,FixOK,A,OaJ5CU0303,G133E15425,"Purulia - Dhanbad Rd, Baramasya, Jharkhand 828134, India",4775,46.21,IgnitionOn,1,219.432,21.45,35,-63
6292d498-388d-4854-82fe-0b3fcfd02ccf-8,BRAKE_PRESSED,2025-12-19 14:43:19,2025-12-19 14:44:04,23.4805984,86.3081344,23624,600,FixOK,,OaJ5CU0303,G133E15425,"Purulia - Dhanbad Rd, Baramasya, Jharkhand 828134, India",0,42.3,IgnitionOn,1,,,,
6292d498-388d-4854-82fe-0b3fcfd02ccf-7,EDC_BS6_PERIODIC,2025-12-19 14:43:21,2025-12-19 14:44:04,23.4808096,86.3082176,26710,600,FixOK,A,OaJ5CU0303,G133E15425,"Purulia - Dhanbad Rd, Baramasya, Jharkhand 828134, India",4775.125,46.6,IgnitionOn,1,218.837,21.45,38,-63
6292d498-388d-4854-82fe-0b3fcfd02ccf-6,EDC_BS6_PERIODIC,2025-12-19 14:43:27,2025-12-19 14:44:04,23.481368,86.3084672,26711,600,FixOK,A,OaJ5CU0303,G133E15425,"Purulia - Dhanbad Rd, Baramasya, Jharkhand 828134, India",4775.25,39.64,IgnitionOn,1,217.72,20.72,39,-63
6292d498-388d-4854-82fe-0b3fcfd02ccf-5,EDC_BS6_PERIODIC,2025-12-19 14:43:33,2025-12-19 14:44:04,23.4819664,86.3086848,26712,600,FixOK,A,OaJ5CU0303,G133E15425,"Purulia - Dhanbad Rd, Baramasya, Jharkhand 828134, India",4775.25,42.42,IgnitionOn,1,217.723,20.5,40,-63
6292d498-388d-4854-82fe-0b3fcfd02ccf-4,BRAKE_PRESSED,2025-12-19 14:43:36,2025-12-19 14:44:04,23.4821728,86.3087936,23625,600,FixOK,,OaJ5CU0303,G133E15425,"Purulia - Dhanbad Rd, Baramasya, Jharkhand 828134, India",0,38.25,IgnitionOn,1,,,,
6292d498-388d-4854-82fe-0b3fcfd02ccf-3,EDC_BS6_PERIODIC,2025-12-19 14:43:39,2025-12-19 14:44:04,23.4824736,86.3089216,26713,600,FixOK,A,OaJ5CU0303,G133E15425,"Purulia - Dhanbad Rd, Baramasya, Jharkhand 828134, India",4775.375,45.04,IgnitionOn,1,217.712,21.73,40,-63
6292d498-388d-4854-82fe-0b3fcfd02ccf-2,EDC_BS6_PERIODIC,2025-12-19 14:43:45,2025-12-19 14:44:04,23.4829136,86.3090944,26714,600,FixOK,A,OaJ5CU0303,G133E15425,"Purulia - Dhanbad Rd, Baramasya, Jharkhand 828134, India",4775.375,32.85,IgnitionOn,1,217.429,21.59,42,-63
31165218-4733-462e-83fa-cc1d6cb4808d,HEARTBEAT_MESSAGE,2025-12-19 14:43:48,2025-12-19 14:43:48,0,0,,,,,OaJ5CU0303,G133E15425,,,,,1,,,,
6292d498-388d-4854-82fe-0b3fcfd02ccf-1,EDC_BS6_PERIODIC,2025-12-19 14:43:51,2025-12-19 14:44:04,23.4832352,86.3092352,26715,600,FixOK,A,OaJ5CU0303,G133E15425,"Purulia - Dhanbad Rd, Baramasya, Jharkhand 828134, India",4775.5,23.68,IgnitionOn,1,217.725,18.01,42,-63
61337f86-aa4c-47f7-acd7-7995834f0151-6,EDC_BS6_PERIODIC,2025-12-19 14:43:57,2025-12-19 14:45:59,23.4837088,86.30944,26716,600,FixOK,A,OaJ5CU0303,G133E15425,"Purulia - Dhanbad Rd, Baramasya, Jharkhand 828134, India",4775.5,34.98,IgnitionOn,1,218.162,19.36,41,-63
61337f86-aa4c-47f7-acd7-7995834f0151-5,EXHAUST_BRAKE_ON_START,2025-12-19 14:44:01,2025-12-19 14:45:59,23.4840944,86.3096,23626,600,FixOK,,OaJ5CU0303,G133E15425,"Purulia - Dhanbad Rd, Baramasya, Jharkhand 828134, India",0,40.88,IgnitionOn,1,,,,
61337f86-aa4c-47f7-acd7-7995834f0151-4,EDC_BS6_PERIODIC,2025-12-19 14:44:03,2025-12-19 14:45:59,23.4842848,86.3096832,26717,600,FixOK,A,OaJ5CU0303,G133E15425,"Purulia - Dhanbad Rd, Baramasya, Jharkhand 828134, India",4775.625,42.76,IgnitionOn,1,218.048,21.9,40,-63
61337f86-aa4c-47f7-acd7-7995834f0151-3,BRAKE_PRESSED,2025-12-19 14:44:04,2025-12-19 14:45:59,23.484384,86.3097088,23627,600,FixOK,,OaJ5CU0303,G133E15425,"Purulia - Dhanbad Rd, Baramasya, Jharkhand 828134, India",0,34.59,IgnitionOn,1,,,,
61337f86-aa4c-47f7-acd7-7995834f0151-2,EXHAUST_BRAKE_ON_END,2025-12-19 14:44:04,2025-12-19 14:45:59,23.484384,86.3097088,23628,600,FixOK,,OaJ5CU0303,G133E15425,"Purulia - Dhanbad Rd, Baramasya, Jharkhand 828134, India",0,32.45,IgnitionOn,1,,,,
61337f86-aa4c-47f7-acd7-7995834f0151-1,EDC_BS6_PERIODIC,2025-12-19 14:44:09,2025-12-19 14:45:59,23.4848176,86.3098944,26718,600,FixOK,A,OaJ5CU0303,G133E15425,"Purulia - Dhanbad Rd, Baramasya, Jharkhand 828134, India",4775.625,40.19,IgnitionOn,1,217.871,21.71,39,-63
cd4d1d55-3e77-47a0-9c24-4c929e99abb9-16,EDC_BS6_PERIODIC,2025-12-19 14:44:15,2025-12-19 14:49:07,23.4850384,86.3100416,26719,600,FixOK,A,OaJ5CU0303,G133E15425,"Purulia - Dhanbad Rd, Boryadi, Jharkhand 828134, India",4775.75,16.21,IgnitionOn,1,217.831,32.58,36,-63
cd4d1d55-3e77-47a0-9c24-4c929e99abb9-15,EDC_BS6_PERIODIC,2025-12-19 14:44:21,2025-12-19 14:49:07,23.4851488,86.3101184,26720,600,FixOK,A,OaJ5CU0303,G133E15425,"Purulia - Dhanbad Rd, Boryadi, Jharkhand 828134, India",4775.75,9.18,IgnitionOn,1,218.212,35.81,39,-63
101a5b72-0126-429c-808a-21ebba2b0d5d-10,BRAKE_PRESSED,2025-12-19 14:44:26,2025-12-19 14:45:05,23.4853056,86.31024,23629,600,FixOK,,OaJ5CU0303,G133E15425,"Purulia - Dhanbad Rd, Kherabera, Jharkhand 828134, India",0,11.58,IgnitionOn,1,,,,
101a5b72-0126-429c-808a-21ebba2b0d5d-9,EDC_BS6_PERIODIC,2025-12-19 14:44:27,2025-12-19 14:45:05,23.485344,86.3102592,26721,600,FixOK,A,OaJ5CU0303,G133E15425,"Purulia - Dhanbad Rd, Kherabera, Jharkhand 828134, India",4775.75,17.39,IgnitionOn,1,217.774,31.75,39,-63
101a5b72-0126-429c-808a-21ebba2b0d5d-8,EDC_BS6_PERIODIC,2025-12-19 14:44:33,2025-12-19 14:45:05,23.4854976,86.3103872,26722,600,FixOK,A,OaJ5CU0303,G133E15425,"Purulia - Dhanbad Rd, Kherabera, Jharkhand 828134, India",4775.75,11.3,IgnitionOn,1,217.182,31.11,39,-63
101a5b72-0126-429c-808a-21ebba2b0d5d-7,EDC_BS6_PERIODIC,2025-12-19 14:44:39,2025-12-19 14:45:05,23.4856448,86.3105152,26723,600,FixOK,A,OaJ5CU0303,G133E15425,"Purulia - Dhanbad Rd, Kherabera, Jharkhand 828134, India",4775.75,11.91,IgnitionOn,1,218.302,36.54,39,-63
101a5b72-0126-429c-808a-21ebba2b0d5d-6,CLUTCH_RIDING_START,2025-12-19 14:44:41,2025-12-19 14:45:05,23.485712,86.31056,23630,600,FixOK,,OaJ5CU0303,G133E15425,"Purulia - Dhanbad Rd, Kherabera, Jharkhand 828134, India",0,20.63,IgnitionOn,1,,,,
101a5b72-0126-429c-808a-21ebba2b0d5d-5,CLUTCH_RIDING_END,2025-12-19 14:44:43,2025-12-19 14:45:05,23.485792,86.310624,23631,600,FixOK,,OaJ5CU0303,G133E15425,"Purulia - Dhanbad Rd, Kherabera, Jharkhand 828134, India",0,23.12,IgnitionOn,1,,,,
101a5b72-0126-429c-808a-21ebba2b0d5d-4,EDC_BS6_PERIODIC,2025-12-19 14:44:45,2025-12-19 14:45:05,23.4858688,86.3106816,26724,600,FixOK,A,OaJ5CU0303,G133E15425,"Purulia - Dhanbad Rd, Kherabera, Jharkhand 828134, India",4775.75,18.95,IgnitionOn,1,218.154,36.29,40,-63
101a5b72-0126-429c-808a-21ebba2b0d5d-3,EDC_BS6_PERIODIC,2025-12-19 14:44:51,2025-12-19 14:45:05,23.486144,86.3108864,26725,600,FixOK,A,OaJ5CU0303,G133E15425,"Purulia - Dhanbad Rd, Kherabera, Jharkhand 828134, India",4775.875,24.34,IgnitionOn,1,217.608,34.68,38,-63
101a5b72-0126-429c-808a-21ebba2b0d5d-2,BRAKE_PRESSED,2025-12-19 14:44:56,2025-12-19 14:45:05,23.4864352,86.3111168,23632,600,FixOK,,OaJ5CU0303,G133E15425,"Purulia - Dhanbad Rd, Kherabera, Jharkhand 828134, India",0,31.37,IgnitionOn,1,,,,
101a5b72-0126-429c-808a-21ebba2b0d5d-1,EDC_BS6_PERIODIC,2025-12-19 14:44:57,2025-12-19 14:45:05,23.4864352,86.3111168,26726,600,FixOK,A,OaJ5CU0303,G133E15425,"Purulia - Dhanbad Rd, Kherabera, Jharkhand 828134, India",4775.875,29.95,IgnitionOn,1,217.272,34.45,41,-63
cd4d1d55-3e77-47a0-9c24-4c929e99abb9-14,EDC_BS6_PERIODIC,2025-12-19 14:45:03,2025-12-19 14:49:07,23.4868128,86.3114112,26727,600,FixOK,A,OaJ5CU0303,G133E15425,"Purulia - Dhanbad Rd, Boryadi, Jharkhand 828134, India",4776,31.43,IgnitionOn,1,216.569,39.25,39,-63
d12c342a-dd14-4986-95f2-733caf2b4e6b-10,EDC_BS6_PERIODIC,2025-12-19 14:45:09,2025-12-19 14:46:06,23.487112,86.3118016,26728,600,FixOK,A,OaJ5CU0303,G133E15425,"Purulia - Dhanbad Rd, Baramasya, Jharkhand 828134, India",4776,32,IgnitionOn,1,215.587,55.52,39,-63
d12c342a-dd14-4986-95f2-733caf2b4e6b-9,EDC_BS6_PERIODIC,2025-12-19 14:45:15,2025-12-19 14:46:06,23.4874096,86.3122688,26729,600,FixOK,A,OaJ5CU0303,G133E15425,"Purulia - Dhanbad Rd, Baramasya, Jharkhand 828134, India",4776,36.1,IgnitionOn,1,213.945,54.13,37,-63
d12c342a-dd14-4986-95f2-733caf2b4e6b-8,EDC_BS6_PERIODIC,2025-12-19 14:45:21,2025-12-19 14:46:06,23.487792,86.3126784,26730,600,FixOK,A,OaJ5CU0303,G133E15425,"Purulia - Dhanbad Rd, Baramasya, Jharkhand 828134, India",4776.125,35.66,IgnitionOn,1,213.43,47.16,38,-63
d12c342a-dd14-4986-95f2-733caf2b4e6b-7,EDC_BS6_PERIODIC,2025-12-19 14:45:27,2025-12-19 14:46:06,23.488264,86.3130752,26731,600,FixOK,A,OaJ5CU0303,G133E15425,"Purulia - Dhanbad Rd, Baramasya, Jharkhand 828134, India",4776.125,40.7,IgnitionOn,1,212.205,35.02,40,-67
d12c342a-dd14-4986-95f2-733caf2b4e6b-6,BRAKE_PRESSED,2025-12-19 14:45:29,2025-12-19 14:46:06,23.488424,86.3132032,23633,600,FixOK,,OaJ5CU0303,G133E15425,"Purulia - Dhanbad Rd, Baramasya, Jharkhand 828134, India",0,40.63,IgnitionOn,1,,,,
d12c342a-dd14-4986-95f2-733caf2b4e6b-5,EDC_BS6_PERIODIC,2025-12-19 14:45:33,2025-12-19 14:46:06,23.48876,86.313472,26732,600,FixOK,A,OaJ5CU0303,G133E15425,"Purulia - Dhanbad Rd, Baramasya, Jharkhand 828134, India",4776.25,42.88,IgnitionOn,1,210.96,38,39,-67
d12c342a-dd14-4986-95f2-733caf2b4e6b-4,EDC_BS6_PERIODIC,2025-12-19 14:45:39,2025-12-19 14:46:06,23.489176,86.3138176,26733,600,FixOK,A,OaJ5CU0303,G133E15425,"Purulia - Dhanbad Rd, Baramasya, Jharkhand 828134, India",4776.375,32.2,IgnitionOn,1,212.16,37.7,37,-67
d12c342a-dd14-4986-95f2-733caf2b4e6b-3,EDC_BS6_PERIODIC,2025-12-19 14:45:45,2025-12-19 14:46:06,23.48948,86.3140992,26734,600,FixOK,A,OaJ5CU0303,G133E15425,"Purulia - Dhanbad Rd, Baramasya, Jharkhand 828134, India",4776.375,27.16,IgnitionOn,1,212.514,41.22,39,-67
d12c342a-dd14-4986-95f2-733caf2b4e6b-2,EDC_BS6_PERIODIC,2025-12-19 14:45:51,2025-12-19 14:46:06,23.4902256,86.3147264,26735,600,FixOK,A,OaJ5CU0303,G133E15425,"Purulia - Dhanbad Rd, Baramasya, Jharkhand 828134, India",4776.5,40.13,IgnitionOn,1,211.473,38.43,40,-67
d12c342a-dd14-4986-95f2-733caf2b4e6b-1,EDC_BS6_PERIODIC,2025-12-19 14:45:57,2025-12-19 14:46:06,23.4907296,86.315168,26736,600,FixOK,A,OaJ5CU0303,G133E15425,"Purulia - Dhanbad Rd, Baramasya, Jharkhand 828134, India",4776.5,42.78,IgnitionOn,1,212.66,39.25,38,-67
cd4d1d55-3e77-47a0-9c24-4c929e99abb9-13,EDC_BS6_PERIODIC,2025-12-19 14:46:03,2025-12-19 14:49:07,23.4912928,86.3156416,26737,600,FixOK,A,OaJ5CU0303,G133E15425,"Purulia - Dhanbad Rd, Boryadi, Jharkhand 828134, India",4776.625,46.2,IgnitionOn,1,212.688,38.79,38,-67
cd4d1d55-3e77-47a0-9c24-4c929e99abb9-12,EDC_BS6_PERIODIC,2025-12-19 14:46:09,2025-12-19 14:49:07,23.491936,86.316192,26738,600,FixOK,A,OaJ5CU0303,G133E15425,"Purulia - Dhanbad Rd, Boryadi, Jharkhand 828134, India",4776.625,52.88,IgnitionOn,1,213.201,38.34,38,-67
7d1a55af-d2bf-4c5f-a8a2-298cacf46660-10,EDC_BS6_PERIODIC,2025-12-19 14:46:15,2025-12-19 14:47:07,23.4926176,86.316768,26739,600,FixOK,A,OaJ5CU0303,G133E15425,"Purulia - Dhanbad Rd, Baramasya, Jharkhand 828134, India",4776.75,57.35,IgnitionOn,1,212.33,37.84,39,-67
7d1a55af-d2bf-4c5f-a8a2-298cacf46660-9,BRAKE_PRESSED,2025-12-19 14:46:16,2025-12-19 14:47:07,23.492728,86.316864,23634,600,FixOK,,OaJ5CU0303,G133E15425,"Purulia - Dhanbad Rd, Baramasya, Jharkhand 828134, India",0,54.73,IgnitionOn,1,,,,
7d1a55af-d2bf-4c5f-a8a2-298cacf46660-8,EDC_BS6_PERIODIC,2025-12-19 14:46:21,2025-12-19 14:47:07,23.493144,86.317216,26740,600,FixOK,A,OaJ5CU0303,G133E15425,"Purulia - Dhanbad Rd, Baramasya, Jharkhand 828134, India",4776.875,59.06,IgnitionOn,1,210.516,38.22,39,-67
7d1a55af-d2bf-4c5f-a8a2-298cacf46660-7,EDC_BS6_PERIODIC,2025-12-19 14:46:27,2025-12-19 14:47:07,23.4937744,86.3177472,26741,600,FixOK,A,OaJ5CU0303,G133E15425,"Purulia - Dhanbad Rd, Baramasya, Jharkhand 828134, India",4777,52.15,IgnitionOn,1,210.619,37.33,40,-67
7d1a55af-d2bf-4c5f-a8a2-298cacf46660-6,EDC_BS6_PERIODIC,2025-12-19 14:46:33,2025-12-19 14:47:07,23.494448,86.3183104,26742,600,FixOK,A,OaJ5CU0303,G133E15425,"Purulia - Dhanbad Rd, Baramasya, Jharkhand 828134, India",4777.125,57.7,IgnitionOn,1,210.899,37.75,40,-67
7d1a55af-d2bf-4c5f-a8a2-298cacf46660-5,EDC_BS6_PERIODIC,2025-12-19 14:46:39,2025-12-19 14:47:07,23.4951328,86.318912,26743,600,FixOK,A,OaJ5CU0303,G133E15425,"Purulia - Dhanbad Rd, Baramasya, Jharkhand 828134, India",4777.125,60.5,IgnitionOn,1,211.951,37.79,41,-67
7d1a55af-d2bf-4c5f-a8a2-298cacf46660-4,EDC_BS6_PERIODIC,2025-12-19 14:46:45,2025-12-19 14:47:07,23.4958048,86.3194816,26744,600,FixOK,A,OaJ5CU0303,G133E15425,"Purulia - Dhanbad Rd, Baramasya, Jharkhand 828134, India",4777.25,58.55,IgnitionOn,1,213.822,37.59,41,-67
7d1a55af-d2bf-4c5f-a8a2-298cacf46660-3,BRAKE_PRESSED,2025-12-19 14:46:51,2025-12-19 14:47:07,23.4965088,86.319968,23635,600,FixOK,,OaJ5CU0303,G133E15425,"Purulia - Dhanbad Rd, Baramasya, Jharkhand 828134, India",0,57.34,IgnitionOn,1,,,,
7d1a55af-d2bf-4c5f-a8a2-298cacf46660-2,EDC_BS6_PERIODIC,2025-12-19 14:46:51,2025-12-19 14:47:07,23.4965088,86.319968,26745,600,FixOK,A,OaJ5CU0303,G133E15425,"Purulia - Dhanbad Rd, Baramasya, Jharkhand 828134, India",4777.375,56.82,IgnitionOn,1,214.076,30.69,40,-67
7d1a55af-d2bf-4c5f-a8a2-298cacf46660-1,EDC_BS6_PERIODIC,2025-12-19 14:46:57,2025-12-19 14:47:07,23.497216,86.3204096,26746,600,FixOK,A,OaJ5CU0303,G133E15425,"Purulia - Dhanbad Rd, Baramasya, Jharkhand 828134, India",4777.5,57.26,IgnitionOn,1,213.716,29.61,36,-67
cd4d1d55-3e77-47a0-9c24-4c929e99abb9-11,EDC_BS6_PERIODIC,2025-12-19 14:47:03,2025-12-19 14:49:07,23.497736,86.3207168,26747,600,FixOK,A,OaJ5CU0303,G133E15425,"Purulia - Dhanbad Rd, Boryadi, Jharkhand 828134, India",4777.625,47.2,IgnitionOn,1,212.832,29.32,38,-67
cd4d1d55-3e77-47a0-9c24-4c929e99abb9-10-1,HARSH_BREAKING_END,2025-12-19 14:47:04,2025-12-19 14:49:07,23.4977936,86.3207552,23636,600,FixOK,,OaJ5CU0303,G133E15425,"Purulia - Dhanbad Rd, Boryadi, Jharkhand 828134, India",0,14.67,IgnitionOn,1,,,,
cd4d1d55-3e77-47a0-9c24-4c929e99abb9-10,HARSH_BREAKING_START,2025-12-19 14:47:04,2025-12-19 14:49:07,23.4977936,86.3207552,23636,600,FixOK,,OaJ5CU0303,G133E15425,"Purulia - Dhanbad Rd, Boryadi, Jharkhand 828134, India",0,14.67,IgnitionOn,1,,,,
cd4d1d55-3e77-47a0-9c24-4c929e99abb9-9,EDC_BS6_PERIODIC,2025-12-19 14:47:09,2025-12-19 14:49:07,23.4979488,86.3208448,26748,600,FixOK,A,OaJ5CU0303,G133E15425,"Purulia - Dhanbad Rd, Boryadi, Jharkhand 828134, India",4777.625,24.34,IgnitionOn,1,212.449,31.89,37,-67
cd4d1d55-3e77-47a0-9c24-4c929e99abb9-8,EDC_BS6_PERIODIC,2025-12-19 14:47:15,2025-12-19 14:49:07,23.498184,86.320992,26749,600,FixOK,A,OaJ5CU0303,G133E15425,"Purulia - Dhanbad Rd, Boryadi, Jharkhand 828134, India",4777.625,14.15,IgnitionOn,1,213.052,30.31,41,-67
cd4d1d55-3e77-47a0-9c24-4c929e99abb9-7,EDC_BS6_PERIODIC,2025-12-19 14:47:21,2025-12-19 14:49:07,23.49856,86.3212416,26750,600,FixOK,A,OaJ5CU0303,G133E15425,"Purulia - Dhanbad Rd, Boryadi, Jharkhand 828134, India",4777.75,27.6,IgnitionOn,1,214.296,30.61,41,-67
cd4d1d55-3e77-47a0-9c24-4c929e99abb9-6,EDC_BS6_PERIODIC,2025-12-19 14:47:27,2025-12-19 14:49:07,23.499016,86.321504,26751,600,FixOK,A,OaJ5CU0303,G133E15425,"Purulia - Dhanbad Rd, Boryadi, Jharkhand 828134, India",4777.75,34.77,IgnitionOn,1,213.955,29.13,41,-67
2f7f48e5-ad7c-4f95-996a-3c7ab6ade65b-10,EDC_BS6_PERIODIC,2025-12-19 14:47:33,2025-12-19 14:48:10,23.499488,86.321728,26752,600,FixOK,A,OaJ5CU0303,G133E15425,"Purulia - Dhanbad Rd, Baramasya, Jharkhand 828134, India",4777.75,34.49,IgnitionOn,1,212.912,25.61,42,-67
2f7f48e5-ad7c-4f95-996a-3c7ab6ade65b-9,EXHAUST_BRAKE_ON_START,2025-12-19 14:47:34,2025-12-19 14:48:10,23.4995712,86.32176,23637,600,FixOK,,OaJ5CU0303,G133E15425,"Purulia - Dhanbad Rd, Baramasya, Jharkhand 828134, India",0,37.5,IgnitionOn,1,,,,
2f7f48e5-ad7c-4f95-996a-3c7ab6ade65b-8,BRAKE_PRESSED,2025-12-19 14:47:36,2025-12-19 14:48:10,23.4997472,86.3218432,23638,600,FixOK,,OaJ5CU0303,G133E15425,"Purulia - Dhanbad Rd, Baramasya, Jharkhand 828134, India",0,34.93,IgnitionOn,1,,,,
2f7f48e5-ad7c-4f95-996a-3c7ab6ade65b-7,EXHAUST_BRAKE_ON_END,2025-12-19 14:47:36,2025-12-19 14:48:10,23.4997472,86.3218432,23639,600,FixOK,,OaJ5CU0303,G133E15425,"Purulia - Dhanbad Rd, Baramasya, Jharkhand 828134, India",0,32.13,IgnitionOn,1,,,,
2f7f48e5-ad7c-4f95-996a-3c7ab6ade65b-6,EDC_BS6_PERIODIC,2025-12-19 14:47:39,2025-12-19 14:48:10,23.4999872,86.3219328,26753,600,FixOK,A,OaJ5CU0303,G133E15425,"Purulia - Dhanbad Rd, Baramasya, Jharkhand 828134, India",4777.875,37.8,IgnitionOn,1,211.455,22.15,41,-67
2f7f48e5-ad7c-4f95-996a-3c7ab6ade65b-5,EDC_BS6_PERIODIC,2025-12-19 14:47:45,2025-12-19 14:48:10,23.500312,86.3220736,26754,600,FixOK,A,OaJ5CU0303,G133E15425,"Purulia - Dhanbad Rd, Baramasya, Jharkhand 828134, India",4777.875,29.02,IgnitionOn,1,210.442,23.14,41,-67
2f7f48e5-ad7c-4f95-996a-3c7ab6ade65b-4,BRAKE_PRESSED,2025-12-19 14:47:47,2025-12-19 14:48:10,23.500456,86.3221376,23640,600,FixOK,,OaJ5CU0303,G133E15425,"Purulia - Dhanbad Rd, Baramasya, Jharkhand 828134, India",0,28.99,IgnitionOn,1,,,,
2f7f48e5-ad7c-4f95-996a-3c7ab6ade65b-3,EDC_BS6_PERIODIC,2025-12-19 14:47:51,2025-12-19 14:48:10,23.500736,86.3222336,26755,600,FixOK,A,OaJ5CU0303,G133E15425,"Purulia - Dhanbad Rd, Baramasya, Jharkhand 828134, India",4778,31.51,IgnitionOn,1,209.382,18.43,40,-67
2f7f48e5-ad7c-4f95-996a-3c7ab6ade65b-2-1,HARSH_BREAKING_END,2025-12-19 14:47:52,2025-12-19 14:48:10,23.5007968,86.3222464,23641,600,FixOK,,OaJ5CU0303,G133E15425,"Purulia - Dhanbad Rd, Baramasya, Jharkhand 828134, India",0,8.16,IgnitionOn,1,,,,
2f7f48e5-ad7c-4f95-996a-3c7ab6ade65b-2,HARSH_BREAKING_START,2025-12-19 14:47:52,2025-12-19 14:48:10,23.5007968,86.3222464,23641,600,FixOK,,OaJ5CU0303,G133E15425,"Purulia - Dhanbad Rd, Baramasya, Jharkhand 828134, India",0,8.16,IgnitionOn,1,,,,
2f7f48e5-ad7c-4f95-996a-3c7ab6ade65b-1,EDC_BS6_PERIODIC,2025-12-19 14:47:57,2025-12-19 14:48:10,23.500928,86.3223104,26756,600,FixOK,A,OaJ5CU0303,G133E15425,"Purulia - Dhanbad Rd, Baramasya, Jharkhand 828134, India",4778,18.34,IgnitionOn,1,208.173,23.4,42,-67
cd4d1d55-3e77-47a0-9c24-4c929e99abb9-5,EDC_BS6_PERIODIC,2025-12-19 14:48:03,2025-12-19 14:49:07,23.5010736,86.3223744,26757,600,FixOK,A,OaJ5CU0303,G133E15425,"Purulia - Dhanbad Rd, Boryadi, Jharkhand 828134, India",4778,8.24,IgnitionOn,1,208.079,16.13,38,-67
cd4d1d55-3e77-47a0-9c24-4c929e99abb9-4,EDC_BS6_PERIODIC,2025-12-19 14:48:09,2025-12-19 14:49:07,23.5013424,86.322496,26758,600,FixOK,A,OaJ5CU0303,G133E15425,"Purulia - Dhanbad Rd, Boryadi, Jharkhand 828134, India",4778.125,17.84,IgnitionOn,1,208.106,18.71,39,-67
cd4d1d55-3e77-47a0-9c24-4c929e99abb9-3,EXHAUST_BRAKE_ON_START,2025-12-19 14:48:13,2025-12-19 14:49:07,23.5015856,86.322592,23642,600,FixOK,,OaJ5CU0303,G133E15425,"Purulia - Dhanbad Rd, Boryadi, Jharkhand 828134, India",0,24.95,IgnitionOn,1,,,,
cd4d1d55-3e77-47a0-9c24-4c929e99abb9-2,EDC_BS6_PERIODIC,2025-12-19 14:48:15,2025-12-19 14:49:07,23.5017088,86.3226368,26759,600,FixOK,A,OaJ5CU0303,G133E15425,"Purulia - Dhanbad Rd, Boryadi, Jharkhand 828134, India",4778.125,27.96,IgnitionOn,1,208.386,20.62,39,-67
cd4d1d55-3e77-47a0-9c24-4c929e99abb9-1,EXHAUST_BRAKE_ON_END,2025-12-19 14:48:15,2025-12-19 14:49:07,23.5017088,86.3226368,23643,600,FixOK,,OaJ5CU0303,G133E15425,"Purulia - Dhanbad Rd, Boryadi, Jharkhand 828134, India",0,24.87,IgnitionOn,1,,,,
7b35a888-1b1e-473d-8140-fac24ba9c2d3-12,BRAKE_PRESSED,2025-12-19 14:48:16,2025-12-19 14:52:19,23.5017632,86.322656,23644,600,FixOK,,OaJ5CU0303,G133E15425,"Purulia - Dhanbad Rd, Baramasya, Jharkhand 828134, India",0,24.48,IgnitionOn,1,,,,
7b35a888-1b1e-473d-8140-fac24ba9c2d3-11,EDC_BS6_PERIODIC,2025-12-19 14:48:21,2025-12-19 14:52:19,23.5020624,86.322752,26760,600,FixOK,A,OaJ5CU0303,G133E15425,"Purulia - Dhanbad Rd, Baramasya, Jharkhand 828134, India",4778.125,24.71,IgnitionOn,1,208.47,19.21,38,-67
7b35a888-1b1e-473d-8140-fac24ba9c2d3-10,EDC_BS6_PERIODIC,2025-12-19 14:48:27,2025-12-19 14:52:19,23.5025408,86.3229312,26761,600,FixOK,A,OaJ5CU0303,G133E15425,"Purulia - Dhanbad Rd, Baramasya, Jharkhand 828134, India",4778.25,31.95,IgnitionOn,1,206.082,19.65,39,-67
71cccef5-069a-4be0-8fcc-03dcdf3eef31-10,EDC_BS6_PERIODIC,2025-12-19 14:48:33,2025-12-19 14:49:11,23.5031712,86.3231744,26762,600,FixOK,A,OaJ5CU0303,G133E15425,"Purulia - Dhanbad Rd, Boryadi, Jharkhand 828134, India",4778.25,44.01,IgnitionOn,1,204.296,19.82,39,-67
71cccef5-069a-4be0-8fcc-03dcdf3eef31-9,EDC_BS6_PERIODIC,2025-12-19 14:48:39,2025-12-19 14:49:11,23.5039264,86.3234688,26763,600,FixOK,A,OaJ5CU0303,G133E15425,"Purulia - Dhanbad Rd, Boryadi, Jharkhand 828134, India",4778.375,53.16,IgnitionOn,1,202.841,18.68,41,-67
71cccef5-069a-4be0-8fcc-03dcdf3eef31-8,BRAKE_PRESSED,2025-12-19 14:48:44,2025-12-19 14:49:11,23.5046096,86.3237248,23645,600,FixOK,,OaJ5CU0303,G133E15425,"Purulia - Dhanbad Rd, Boryadi, Jharkhand 828134, India",0,58.26,IgnitionOn,1,,,,
71cccef5-069a-4be0-8fcc-03dcdf3eef31-5,EDC_BS6_PERIODIC,2025-12-19 14:48:45,2025-12-19 14:49:11,23.504744,86.323776,26764,600,FixOK,A,OaJ5CU0303,G133E15425,"Purulia - Dhanbad Rd, Boryadi, Jharkhand 828134, India",4778.5,58.74,IgnitionOn,1,199.97,19.2,40,-67
71cccef5-069a-4be0-8fcc-03dcdf3eef31-6,GPS_MESSAGE,2025-12-19 14:48:45,2025-12-19 14:49:11,23.504744,86.323776,,600,3DFix,,OaJ5CU0303,G133E15425,"Purulia - Dhanbad Rd, Boryadi, Jharkhand 828134, India",0,,IgnitionOn,1,199,1,40,
71cccef5-069a-4be0-8fcc-03dcdf3eef31-4,EDC_BS6_PERIODIC,2025-12-19 14:48:51,2025-12-19 14:49:11,23.5055328,86.3240384,26765,600,FixOK,A,OaJ5CU0303,G133E15425,"Purulia - Dhanbad Rd, Boryadi, Jharkhand 828134, India",4778.5,57.8,IgnitionOn,1,197.074,16.93,41,-67
71cccef5-069a-4be0-8fcc-03dcdf3eef31-3-1,HARSH_BREAKING_END,2025-12-19 14:48:56,2025-12-19 14:49:11,23.5061152,86.3242304,23646,600,FixOK,,OaJ5CU0303,G133E15425,"Purulia - Dhanbad Rd, Boryadi, Jharkhand 828134, India",0,24.85,IgnitionOn,1,,,,
71cccef5-069a-4be0-8fcc-03dcdf3eef31-3,HARSH_BREAKING_START,2025-12-19 14:48:56,2025-12-19 14:49:11,23.5061152,86.3242304,23646,600,FixOK,,OaJ5CU0303,G133E15425,"Purulia - Dhanbad Rd, Boryadi, Jharkhand 828134, India",0,24.85,IgnitionOn,1,,,,
71cccef5-069a-4be0-8fcc-03dcdf3eef31-2,EDC_BS6_PERIODIC,2025-12-19 14:48:57,2025-12-19 14:49:11,23.5062112,86.3242624,26766,600,FixOK,A,OaJ5CU0303,G133E15425,"Purulia - Dhanbad Rd, Boryadi, Jharkhand 828134, India",4778.625,51.36,IgnitionOn,1,194.007,17.85,40,-67
71cccef5-069a-4be0-8fcc-03dcdf3eef31-1-1,HARSH_BREAKING_END,2025-12-19 14:48:58,2025-12-19 14:49:11,23.5062976,86.3243008,23647,600,FixOK,,OaJ5CU0303,G133E15425,"Purulia - Dhanbad Rd, Boryadi, Jharkhand 828134, India",0,9.66,IgnitionOn,1,,,,
71cccef5-069a-4be0-8fcc-03dcdf3eef31-1,HARSH_BREAKING_START,2025-12-19 14:48:58,2025-12-19 14:49:11,23.5062976,86.3243008,23647,600,FixOK,,OaJ5CU0303,G133E15425,"Purulia - Dhanbad Rd, Boryadi, Jharkhand 828134, India",0,9.66,IgnitionOn,1,,,,
71cccef5-069a-4be0-8fcc-03dcdf3eef31-7,EDC_BS6_PERIODIC,2025-12-19 14:49:03,2025-12-19 14:49:11,23.5064896,86.3243648,26767,600,FixOK,A,OaJ5CU0303,G133E15425,"Purulia - Dhanbad Rd, Boryadi, Jharkhand 828134, India",4778.75,24.77,IgnitionOn,1,192.416,18.04,37,-67
7b35a888-1b1e-473d-8140-fac24ba9c2d3-9,EDC_BS6_PERIODIC,2025-12-19 14:49:09,2025-12-19 14:52:19,23.506584,86.3244032,26768,600,FixOK,A,OaJ5CU0303,G133E15425,"Purulia - Dhanbad Rd, Baramasya, Jharkhand 828134, India",4778.75,7.25,IgnitionOn,1,191.287,19.75,37,-67
7b35a888-1b1e-473d-8140-fac24ba9c2d3-8,EDC_BS6_PERIODIC,2025-12-19 14:49:15,2025-12-19 14:52:19,23.5068128,86.32448,26769,600,FixOK,A,OaJ5CU0303,G133E15425,"Purulia - Dhanbad Rd, Baramasya, Jharkhand 828134, India",4778.75,17.09,IgnitionOn,1,191.518,18,32,-67
7b35a888-1b1e-473d-8140-fac24ba9c2d3-7,EDC_BS6_PERIODIC,2025-12-19 14:49:21,2025-12-19 14:52:19,23.5071712,86.3245952,26770,600,FixOK,A,OaJ5CU0303,G133E15425,"Purulia - Dhanbad Rd, Baramasya, Jharkhand 828134, India",4778.75,27.91,IgnitionOn,1,191.212,16.82,33,-67
7b35a888-1b1e-473d-8140-fac24ba9c2d3-6,EDC_BS6_PERIODIC,2025-12-19 14:49:27,2025-12-19 14:52:19,23.5076448,86.3247488,26771,600,FixOK,A,OaJ5CU0303,G133E15425,"Purulia - Dhanbad Rd, Baramasya, Jharkhand 828134, India",4778.875,34.8,IgnitionOn,1,191.934,17.26,34,-67
7b35a888-1b1e-473d-8140-fac24ba9c2d3-5,EXHAUST_BRAKE_ON_START,2025-12-19 14:49:27,2025-12-19 14:52:19,23.5076448,86.3247488,23648,600,FixOK,,OaJ5CU0303,G133E15425,"Purulia - Dhanbad Rd, Baramasya, Jharkhand 828134, India",0,41.52,IgnitionOn,1,,,,
7b35a888-1b1e-473d-8140-fac24ba9c2d3-4,EXHAUST_BRAKE_ON_END,2025-12-19 14:49:29,2025-12-19 14:52:19,23.507832,86.3248128,23649,600,FixOK,,OaJ5CU0303,G133E15425,"Purulia - Dhanbad Rd, Baramasya, Jharkhand 828134, India",0,34.73,IgnitionOn,1,,,,
d6606141-062d-4cd8-b4e8-2f239a36b9ef-10,BRAKE_PRESSED,2025-12-19 14:49:30,2025-12-19 14:50:12,23.5079344,86.3248576,23650,600,FixOK,,OaJ5CU0303,G133E15425,"Purulia - Dhanbad Rd, Boryadi, Jharkhand 828134, India",0,34.01,IgnitionOn,1,,,,
d6606141-062d-4cd8-b4e8-2f239a36b9ef-9,EDC_BS6_PERIODIC,2025-12-19 14:49:33,2025-12-19 14:50:12,23.508216,86.3249536,26772,600,FixOK,A,OaJ5CU0303,G133E15425,"Purulia - Dhanbad Rd, Boryadi, Jharkhand 828134, India",4778.875,42.61,IgnitionOn,1,192.382,18.09,33,-67
d6606141-062d-4cd8-b4e8-2f239a36b9ef-8,EDC_BS6_PERIODIC,2025-12-19 14:49:39,2025-12-19 14:50:12,23.508704,86.3251136,26773,600,FixOK,A,OaJ5CU0303,G133E15425,"Purulia - Dhanbad Rd, Boryadi, Jharkhand 828134, India",4779,34.62,IgnitionOn,1,192.947,16.23,35,-67
d6606141-062d-4cd8-b4e8-2f239a36b9ef-7,EXHAUST_BRAKE_ON_START,2025-12-19 14:49:42,2025-12-19 14:50:12,23.50896,86.3251776,23651,600,FixOK,,OaJ5CU0303,G133E15425,"Purulia - Dhanbad Rd, Boryadi, Jharkhand 828134, India",0,40.16,IgnitionOn,1,,,,
d6606141-062d-4cd8-b4e8-2f239a36b9ef-5,BRAKE_PRESSED,2025-12-19 14:49:45,2025-12-19 14:50:12,23.509224,86.325248,23653,600,FixOK,,OaJ5CU0303,G133E15425,"Purulia - Dhanbad Rd, Boryadi, Jharkhand 828134, India",0,31.54,IgnitionOn,1,,,,
d6606141-062d-4cd8-b4e8-2f239a36b9ef-4,EDC_BS6_PERIODIC,2025-12-19 14:49:45,2025-12-19 14:50:12,23.509224,86.325248,26774,600,FixOK,A,OaJ5CU0303,G133E15425,"Purulia - Dhanbad Rd, Boryadi, Jharkhand 828134, India",4779,35.98,IgnitionOn,1,192.089,11.06,38,-67
d6606141-062d-4cd8-b4e8-2f239a36b9ef-6,EXHAUST_BRAKE_ON_END,2025-12-19 14:49:45,2025-12-19 14:50:12,23.5091344,86.3252096,23652,600,FixOK,,OaJ5CU0303,G133E15425,"Purulia - Dhanbad Rd, Boryadi, Jharkhand 828134, India",0,31.84,IgnitionOn,1,,,,
d6606141-062d-4cd8-b4e8-2f239a36b9ef-3,EDC_BS6_PERIODIC,2025-12-19 14:49:51,2025-12-19 14:50:12,23.50972,86.325312,26775,600,FixOK,A,OaJ5CU0303,G133E15425,"Purulia - Dhanbad Rd, Boryadi, Jharkhand 828134, India",4779.125,35.22,IgnitionOn,1,191.398,7.51,39,-67
d6606141-062d-4cd8-b4e8-2f239a36b9ef-2,EDC_BS6_PERIODIC,2025-12-19 14:49:57,2025-12-19 14:50:12,23.5099648,86.325344,26776,600,FixOK,A,OaJ5CU0303,G133E15425,"Purulia - Dhanbad Rd, Boryadi, Jharkhand 828134, India",4779.125,15.55,IgnitionOn,1,190.597,8.78,40,-67
d6606141-062d-4cd8-b4e8-2f239a36b9ef-1,EDC_BS6_PERIODIC,2025-12-19 14:50:03,2025-12-19 14:50:12,23.510328,86.325408,26777,600,FixOK,A,OaJ5CU0303,G133E15425,"Purulia - Dhanbad Rd, Boryadi, Jharkhand 828134, India",4779.125,26.97,IgnitionOn,1,192.05,7.9399999999999995,41,-67
7b35a888-1b1e-473d-8140-fac24ba9c2d3-3,EDC_BS6_PERIODIC,2025-12-19 14:50:09,2025-12-19 14:52:19,23.5107456,86.3254528,26778,600,FixOK,A,OaJ5CU0303,G133E15425,"Purulia - Dhanbad Rd, Baramasya, Jharkhand 828134, India",4779.25,29.19,IgnitionOn,1,193.794,7.57,38,-67
7b35a888-1b1e-473d-8140-fac24ba9c2d3-2,BRAKE_PRESSED,2025-12-19 14:50:10,2025-12-19 14:52:19,23.5108192,86.325472,23654,600,FixOK,,OaJ5CU0303,G133E15425,"Purulia - Dhanbad Rd, Baramasya, Jharkhand 828134, India",0,18.31,IgnitionOn,1,,,,
7b35a888-1b1e-473d-8140-fac24ba9c2d3-1-1,HARSH_BREAKING_END,2025-12-19 14:50:12,2025-12-19 14:52:19,23.5109568,86.3254912,23655,600,FixOK,,OaJ5CU0303,G133E15425,"Purulia - Dhanbad Rd, Baramasya, Jharkhand 828134, India",0,9.98,IgnitionOn,1,,,,
7b35a888-1b1e-473d-8140-fac24ba9c2d3-1,HARSH_BREAKING_START,2025-12-19 14:50:12,2025-12-19 14:52:19,23.5109568,86.3254912,23655,600,FixOK,,OaJ5CU0303,G133E15425,"Purulia - Dhanbad Rd, Baramasya, Jharkhand 828134, India",0,9.98,IgnitionOn,1,,,,
40487ae1-21fe-42e4-913b-4e34ee51c952-10,EDC_BS6_PERIODIC,2025-12-19 14:50:15,2025-12-19 14:51:13,23.511112,86.325504,26779,600,FixOK,A,OaJ5CU0303,G133E15425,"Purulia - Dhanbad Rd, Bharajuri, Jharkhand 828134, India",4779.25,26.77,IgnitionOn,1,194.925,4.51,37,-67
40487ae1-21fe-42e4-913b-4e34ee51c952-9,EDC_BS6_PERIODIC,2025-12-19 14:50:21,2025-12-19 14:51:13,23.5112336,86.325504,26780,600,FixOK,A,OaJ5CU0303,G133E15425,"Purulia - Dhanbad Rd, Bharajuri, Jharkhand 828134, India",4779.25,9.2,IgnitionOn,1,195.919,2.6,40,-67
40487ae1-21fe-42e4-913b-4e34ee51c952-8,EDC_BS6_PERIODIC,2025-12-19 14:50:27,2025-12-19 14:51:13,23.511416,86.3255168,26781,600,FixOK,A,OaJ5CU0303,G133E15425,"Purulia - Dhanbad Rd, Bharajuri, Jharkhand 828134, India",4779.375,12.56,IgnitionOn,1,196.801,2.99,39,-67
40487ae1-21fe-42e4-913b-4e34ee51c952-7,EDC_BS6_PERIODIC,2025-12-19 14:50:33,2025-12-19 14:51:13,23.511624,86.325536,26782,600,FixOK,A,OaJ5CU0303,G133E15425,"Purulia - Dhanbad Rd, Bharajuri, Jharkhand 828134, India",4779.375,16.41,IgnitionOn,1,198.207,5.23,39,-67
40487ae1-21fe-42e4-913b-4e34ee51c952-6,EDC_BS6_PERIODIC,2025-12-19 14:50:39,2025-12-19 14:51:13,23.511976,86.325568,26783,600,FixOK,A,OaJ5CU0303,G133E15425,"Purulia - Dhanbad Rd, Bharajuri, Jharkhand 828134, India",4779.375,26.13,IgnitionOn,1,199.634,7.5,35,-67
40487ae1-21fe-42e4-913b-4e34ee51c952-5,EDC_BS6_PERIODIC,2025-12-19 14:50:45,2025-12-19 14:51:13,23.5124176,86.325632,26784,600,FixOK,A,OaJ5CU0303,G133E15425,"Purulia - Dhanbad Rd, Bharajuri, Jharkhand 828134, India",4779.375,29.94,IgnitionOn,1,200.761,9.07,38,-67
40487ae1-21fe-42e4-913b-4e34ee51c952-4,BRAKE_PRESSED,2025-12-19 14:50:50,2025-12-19 14:51:13,23.512816,86.3257088,23656,600,FixOK,,OaJ5CU0303,G133E15425,"Purulia - Dhanbad Rd, Bharajuri, Jharkhand 828134, India",0,32.36,IgnitionOn,1,,,,
40487ae1-21fe-42e4-913b-4e34ee51c952-3,EDC_BS6_PERIODIC,2025-12-19 14:50:51,2025-12-19 14:51:13,23.5129056,86.3257472,26785,600,FixOK,A,OaJ5CU0303,G133E15425,"Purulia - Dhanbad Rd, Bharajuri, Jharkhand 828134, India",4779.5,35.35,IgnitionOn,1,201.591,12.09,38,-67
40487ae1-21fe-42e4-913b-4e34ee51c952-2,EDC_BS6_PERIODIC,2025-12-19 14:50:57,2025-12-19 14:51:13,23.5133824,86.3258496,26786,600,FixOK,A,OaJ5CU0303,G133E15425,"Purulia - Dhanbad Rd, Bharajuri, Jharkhand 828134, India",4779.5,31.99,IgnitionOn,1,201.854,12.05,36,-67
40487ae1-21fe-42e4-913b-4e34ee51c952-1,EDC_BS6_PERIODIC,2025-12-19 14:51:03,2025-12-19 14:51:13,23.5137088,86.3259264,26787,600,FixOK,A,OaJ5CU0303,G133E15425,"Purulia - Dhanbad Rd, Bharajuri, Jharkhand 828134, India",4779.625,20.66,IgnitionOn,1,201.674,11.81,36,-67
e440549e-4aad-4beb-96e3-b0a79ae7c844-13,EDC_BS6_PERIODIC,2025-12-19 14:51:09,2025-12-19 14:56:28,23.5140624,86.3260096,26788,600,FixOK,A,OaJ5CU0303,G133E15425,"Purulia - Dhanbad Rd, Banshtora, Jharkhand 828134, India",4779.625,26.88,IgnitionOn,1,200.029,13.02,38,-67
e440549e-4aad-4beb-96e3-b0a79ae7c844-12,EDC_BS6_PERIODIC,2025-12-19 14:51:15,2025-12-19 14:56:28,23.5145504,86.3261184,26789,600,FixOK,A,OaJ5CU0303,G133E15425,"Purulia - Dhanbad Rd, Banshtora, Jharkhand 828134, India",4779.75,36.51,IgnitionOn,1,198.669,13.22,37,-67
814e9c0e-b4a9-4e4c-9e76-fc22f557d4c9-10,EDC_BS6_PERIODIC,2025-12-19 14:51:21,2025-12-19 14:52:14,23.5151872,86.3262848,26790,600,FixOK,A,OaJ5CU0303,G133E15425,"Purulia - Dhanbad Rd, Baramasya, Jharkhand 828134, India",4779.75,45.63,IgnitionOn,1,196.854,12.17,37,-67
814e9c0e-b4a9-4e4c-9e76-fc22f557d4c9-9,BRAKE_PRESSED,2025-12-19 14:51:23,2025-12-19 14:52:14,23.5154272,86.326336,23657,600,FixOK,,OaJ5CU0303,G133E15425,"Purulia - Dhanbad Rd, Baramasya, Jharkhand 828134, India",0,52.48,IgnitionOn,1,,,,
814e9c0e-b4a9-4e4c-9e76-fc22f557d4c9-8,EDC_BS6_PERIODIC,2025-12-19 14:51:27,2025-12-19 14:52:14,23.5159376,86.326464,26791,600,FixOK,A,OaJ5CU0303,G133E15425,"Purulia - Dhanbad Rd, Baramasya, Jharkhand 828134, India",4779.875,52.64,IgnitionOn,1,196.335,12.78,36,-51
814e9c0e-b4a9-4e4c-9e76-fc22f557d4c9-7,EDC_BS6_PERIODIC,2025-12-19 14:51:33,2025-12-19 14:52:14,23.5166816,86.326624,26792,600,FixOK,A,OaJ5CU0303,G133E15425,"Purulia - Dhanbad Rd, Baramasya, Jharkhand 828134, India",4780,52.21,IgnitionOn,1,193.175,12.26,37,-51
814e9c0e-b4a9-4e4c-9e76-fc22f557d4c9-6,EDC_BS6_PERIODIC,2025-12-19 14:51:39,2025-12-19 14:52:14,23.5173776,86.326656,26793,600,FixOK,A,OaJ5CU0303,G133E15425,"Purulia - Dhanbad Rd, Baramasya, Jharkhand 828134, India",4780,47.1,IgnitionOn,1,191.395,353.95,38,-51
814e9c0e-b4a9-4e4c-9e76-fc22f557d4c9-5,EDC_BS6_PERIODIC,2025-12-19 14:51:45,2025-12-19 14:52:14,23.517976,86.3264768,26794,600,FixOK,A,OaJ5CU0303,G133E15425,"Purulia - Dhanbad Rd, Baramasya, Jharkhand 828134, India",4780.125,40.7,IgnitionOn,1,189.947,342.61,36,-51
814e9c0e-b4a9-4e4c-9e76-fc22f557d4c9-4,EDC_BS6_PERIODIC,2025-12-19 14:51:51,2025-12-19 14:52:14,23.5185184,86.326304,26795,600,FixOK,A,OaJ5CU0303,G133E15425,"Purulia - Dhanbad Rd, Baramasya, Jharkhand 828134, India",4780.125,38.48,IgnitionOn,1,190.52,342.66,34,-51
814e9c0e-b4a9-4e4c-9e76-fc22f557d4c9-3,BRAKE_PRESSED,2025-12-19 14:51:56,2025-12-19 14:52:14,23.51896,86.3261504,23658,600,FixOK,,OaJ5CU0303,G133E15425,"Purulia - Dhanbad Rd, Baramasya, Jharkhand 828134, India",0,34.43,IgnitionOn,1,,,,
814e9c0e-b4a9-4e4c-9e76-fc22f557d4c9-2,EDC_BS6_PERIODIC,2025-12-19 14:51:57,2025-12-19 14:52:14,23.519056,86.3261376,26796,600,FixOK,A,OaJ5CU0303,G133E15425,"Purulia - Dhanbad Rd, Baramasya, Jharkhand 828134, India",4780.25,39.11,IgnitionOn,1,190.285,343.76,35,-51
814e9c0e-b4a9-4e4c-9e76-fc22f557d4c9-1,EDC_BS6_PERIODIC,2025-12-19 14:52:03,2025-12-19 14:52:14,23.519568,86.3260736,26797,600,FixOK,A,OaJ5CU0303,G133E15425,"Purulia - Dhanbad Rd, Baramasya, Jharkhand 828134, India",4780.25,35.27,IgnitionOn,1,189.485,348.98,36,-51
e440549e-4aad-4beb-96e3-b0a79ae7c844-11,EDC_BS6_PERIODIC,2025-12-19 14:52:09,2025-12-19 14:56:28,23.520016,86.3261184,26798,600,FixOK,A,OaJ5CU0303,G133E15425,"Purulia - Dhanbad Rd, Banshtora, Jharkhand 828134, India",4780.375,38.19,IgnitionOn,1,190.272,10.68,37,-51
e440549e-4aad-4beb-96e3-b0a79ae7c844-10,BRAKE_PRESSED,2025-12-19 14:52:14,2025-12-19 14:56:28,23.520488,86.3262592,23659,600,FixOK,,OaJ5CU0303,G133E15425,"Purulia - Dhanbad Rd, Banshtora, Jharkhand 828134, India",0,38.46,IgnitionOn,1,,,,
e440549e-4aad-4beb-96e3-b0a79ae7c844-9,EDC_BS6_PERIODIC,2025-12-19 14:52:15,2025-12-19 14:56:28,23.5205792,86.3262848,26799,600,FixOK,A,OaJ5CU0303,G133E15425,"Purulia - Dhanbad Rd, Banshtora, Jharkhand 828134, India",4780.375,39.16,IgnitionOn,1,191.129,17.7,38,-51
195d4851-9e98-4d0b-a642-f6f2f3d8c9af-10,EDC_BS6_PERIODIC,2025-12-19 14:52:21,2025-12-19 14:53:16,23.5211296,86.326464,26800,600,FixOK,A,OaJ5CU0303,G133E15425,"Purulia - Dhanbad Rd, Banshtora, Jharkhand 828134, India",4780.5,38.34,IgnitionOn,1,191.813,15.72,36,-51
195d4851-9e98-4d0b-a642-f6f2f3d8c9af-9,EDC_BS6_PERIODIC,2025-12-19 14:52:27,2025-12-19 14:53:16,23.5218384,86.3267072,26801,600,FixOK,A,OaJ5CU0303,G133E15425,"Purulia - Dhanbad Rd, Banshtora, Jharkhand 828134, India",4780.5,28.27,IgnitionOn,1,192.664,19.11,33,-51
195d4851-9e98-4d0b-a642-f6f2f3d8c9af-8,EDC_BS6_PERIODIC,2025-12-19 14:52:33,2025-12-19 14:53:16,23.5222752,86.3268736,26802,600,FixOK,A,OaJ5CU0303,G133E15425,"Purulia - Dhanbad Rd, Banshtora, Jharkhand 828134, India",4780.625,31.12,IgnitionOn,1,194.889,20.43,32,-51
195d4851-9e98-4d0b-a642-f6f2f3d8c9af-7,BRAKE_PRESSED,2025-12-19 14:52:37,2025-12-19 14:53:16,23.5225664,86.3270464,23660,600,FixOK,,OaJ5CU0303,G133E15425,"Purulia - Dhanbad Rd, Banshtora, Jharkhand 828134, India",0,34.17,IgnitionOn,1,,,,
195d4851-9e98-4d0b-a642-f6f2f3d8c9af-6,EDC_BS6_PERIODIC,2025-12-19 14:52:39,2025-12-19 14:53:16,23.522704,86.327168,26803,600,FixOK,A,OaJ5CU0303,G133E15425,"Purulia - Dhanbad Rd, Banshtora, Jharkhand 828134, India",4780.625,34.12,IgnitionOn,1,194.608,33.4,34,-51
195d4851-9e98-4d0b-a642-f6f2f3d8c9af-5,BRAKE_PRESSED,2025-12-19 14:52:43,2025-12-19 14:53:16,23.5229792,86.32736,23661,600,FixOK,,OaJ5CU0303,G133E15425,"Purulia - Dhanbad Rd, Banshtora, Jharkhand 828134, India",0,30.02,IgnitionOn,1,,,,
195d4851-9e98-4d0b-a642-f6f2f3d8c9af-4,EDC_BS6_PERIODIC,2025-12-19 14:52:45,2025-12-19 14:53:16,23.523128,86.3274368,26804,600,FixOK,A,OaJ5CU0303,G133E15425,"Purulia - Dhanbad Rd, Banshtora, Jharkhand 828134, India",4780.75,34.27,IgnitionOn,1,193.468,31.71,35,-51
195d4851-9e98-4d0b-a642-f6f2f3d8c9af-3,EDC_BS6_PERIODIC,2025-12-19 14:52:51,2025-12-19 14:53:16,23.52356,86.3276288,26805,600,FixOK,A,OaJ5CU0303,G133E15425,"Purulia - Dhanbad Rd, Banshtora, Jharkhand 828134, India",4780.75,29.71,IgnitionOn,1,192.175,14.14,34,-51
195d4851-9e98-4d0b-a642-f6f2f3d8c9af-2,EDC_BS6_PERIODIC,2025-12-19 14:52:57,2025-12-19 14:53:16,23.524136,86.3278144,26806,600,FixOK,A,OaJ5CU0303,G133E15425,"Purulia - Dhanbad Rd, Banshtora, Jharkhand 828134, India",4780.875,39.94,IgnitionOn,1,194.666,16.98,35,-51
195d4851-9e98-4d0b-a642-f6f2f3d8c9af-1,EDC_BS6_PERIODIC,2025-12-19 14:53:03,2025-12-19 14:53:16,23.5247072,86.3280576,26807,600,FixOK,A,OaJ5CU0303,G133E15425,"Purulia - Dhanbad Rd, Banshtora, Jharkhand 828134, India",4780.875,42.58,IgnitionOn,1,194.167,25.95,36,-51
e440549e-4aad-4beb-96e3-b0a79ae7c844-8,EDC_BS6_PERIODIC,2025-12-19 14:53:09,2025-12-19 14:56:28,23.5252768,86.3283328,26808,600,FixOK,A,OaJ5CU0303,G133E15425,"Purulia - Dhanbad Rd, Banshtora, Jharkhand 828134, India",4781,43.19,IgnitionOn,1,194.233,21.98,36,-51
e440549e-4aad-4beb-96e3-b0a79ae7c844-7,EDC_BS6_PERIODIC,2025-12-19 14:53:15,2025-12-19 14:56:28,23.5259008,86.328416,26809,600,FixOK,A,OaJ5CU0303,G133E15425,"Purulia - Dhanbad Rd, Banshtora, Jharkhand 828134, India",4781.125,42.55,IgnitionOn,1,193.912,7.19,36,-51
ab732449-5bd2-4a8d-b8ac-5705b2978429-10,BRAKE_PRESSED,2025-12-19 14:53:17,2025-12-19 14:54:17,23.5261136,86.328448,23662,600,FixOK,,OaJ5CU0303,G133E15425,"Purulia - Dhanbad Rd, Bharajuri, Jharkhand 828134, India",0,44.66,IgnitionOn,1,,,,
ab732449-5bd2-4a8d-b8ac-5705b2978429-9,EDC_BS6_PERIODIC,2025-12-19 14:53:21,2025-12-19 14:54:17,23.5265504,86.32848,26810,600,FixOK,A,OaJ5CU0303,G133E15425,"Purulia - Dhanbad Rd, Bharajuri, Jharkhand 828134, India",4781.125,45.52,IgnitionOn,1,192.878,6.73,37,-51
ab732449-5bd2-4a8d-b8ac-5705b2978429-8,EDC_BS6_PERIODIC,2025-12-19 14:53:27,2025-12-19 14:54:17,23.5271808,86.3286144,26811,600,FixOK,A,OaJ5CU0303,G133E15425,"Purulia - Dhanbad Rd, Bharajuri, Jharkhand 828134, India",4781.25,44.55,IgnitionOn,1,191.132,18.31,38,-51
ab732449-5bd2-4a8d-b8ac-5705b2978429-7,EDC_BS6_PERIODIC,2025-12-19 14:53:33,2025-12-19 14:54:17,23.5277888,86.3289216,26812,600,FixOK,A,OaJ5CU0303,G133E15425,"Purulia - Dhanbad Rd, Bharajuri, Jharkhand 828134, India",4781.25,44.96,IgnitionOn,1,189.994,26.44,36,-51
ab732449-5bd2-4a8d-b8ac-5705b2978429-6,BRAKE_PRESSED,2025-12-19 14:53:39,2025-12-19 14:54:17,23.528272,86.3292032,23663,600,FixOK,,OaJ5CU0303,G133E15425,"Purulia - Dhanbad Rd, Bharajuri, Jharkhand 828134, India",0,35.23,IgnitionOn,1,,,,
ab732449-5bd2-4a8d-b8ac-5705b2978429-5,EDC_BS6_PERIODIC,2025-12-19 14:53:39,2025-12-19 14:54:17,23.528272,86.3292032,26813,600,FixOK,A,OaJ5CU0303,G133E15425,"Purulia - Dhanbad Rd, Bharajuri, Jharkhand 828134, India",4781.375,44.95,IgnitionOn,1,190.361,27.05,36,-51
ab732449-5bd2-4a8d-b8ac-5705b2978429-4,EDC_BS6_PERIODIC,2025-12-19 14:53:45,2025-12-19 14:54:17,23.5287488,86.329472,26814,600,FixOK,A,OaJ5CU0303,G133E15425,"Purulia - Dhanbad Rd, Bharajuri, Jharkhand 828134, India",4781.5,36.8,IgnitionOn,1,194.298,28.57,37,-51
ab732449-5bd2-4a8d-b8ac-5705b2978429-3,EDC_BS6_PERIODIC,2025-12-19 14:53:51,2025-12-19 14:54:17,23.529104,86.3297216,26815,600,FixOK,A,OaJ5CU0303,G133E15425,"Purulia - Dhanbad Rd, Bharajuri, Jharkhand 828134, India",4781.5,29.37,IgnitionOn,1,196.026,35.5,38,-51
ab732449-5bd2-4a8d-b8ac-5705b2978429-2,EDC_BS6_PERIODIC,2025-12-19 14:53:57,2025-12-19 14:54:17,23.529432,86.3299968,26816,600,FixOK,A,OaJ5CU0303,G133E15425,"Purulia - Dhanbad Rd, Bharajuri, Jharkhand 828134, India",4781.5,28.37,IgnitionOn,1,196.102,44.66,37,-51
ab732449-5bd2-4a8d-b8ac-5705b2978429-1,EDC_BS6_PERIODIC,2025-12-19 14:54:03,2025-12-19 14:54:17,23.529752,86.3303808,26817,600,FixOK,A,OaJ5CU0303,G133E15425,"Purulia - Dhanbad Rd, Bharajuri, Jharkhand 828134, India",4781.625,32.52,IgnitionOn,1,195.436,47.54,37,-51
e440549e-4aad-4beb-96e3-b0a79ae7c844-6,EDC_BS6_PERIODIC,2025-12-19 14:54:09,2025-12-19 14:56:28,23.5300944,86.3308224,26818,600,FixOK,A,OaJ5CU0303,G133E15425,"Purulia - Dhanbad Rd, Banshtora, Jharkhand 828134, India",4781.625,36.13,IgnitionOn,1,194.86,47.43,37,-51
e440549e-4aad-4beb-96e3-b0a79ae7c844-5,BRAKE_PRESSED,2025-12-19 14:54:12,2025-12-19 14:56:28,23.5302592,86.3310592,23664,600,FixOK,,OaJ5CU0303,G133E15425,"Purulia - Dhanbad Rd, Banshtora, Jharkhand 828134, India",0,31.09,IgnitionOn,1,,,,
e440549e-4aad-4beb-96e3-b0a79ae7c844-4,EDC_BS6_PERIODIC,2025-12-19 14:54:15,2025-12-19 14:56:28,23.530424,86.3312512,26819,600,FixOK,A,OaJ5CU0303,G133E15425,"Purulia - Dhanbad Rd, Banshtora, Jharkhand 828134, India",4781.75,34.98,IgnitionOn,1,193.738,50.4,38,-51
e440549e-4aad-4beb-96e3-b0a79ae7c844-3,EDC_BS6_PERIODIC,2025-12-19 14:54:21,2025-12-19 14:56:28,23.5306912,86.3315904,26820,600,FixOK,A,OaJ5CU0303,G133E15425,"Purulia - Dhanbad Rd, Banshtora, Jharkhand 828134, India",4781.75,27.19,IgnitionOn,1,191.669,46.13,36,-51
8a523167-70e7-4683-be64-ab6be0aa4f0a-10,EDC_BS6_PERIODIC,2025-12-19 14:54:27,2025-12-19 14:55:18,23.530976,86.3319552,26821,600,FixOK,A,OaJ5CU0303,G133E15425,"Purulia - Dhanbad Rd, Banshtora, Jharkhand 828134, India",4781.875,29.98,IgnitionOn,1,191.162,47.77,37,-51
8a523167-70e7-4683-be64-ab6be0aa4f0a-9,BRAKE_PRESSED,2025-12-19 14:54:28,2025-12-19 14:55:18,23.5310256,86.3320192,23665,600,FixOK,,OaJ5CU0303,G133E15425,"Purulia - Dhanbad Rd, Banshtora, Jharkhand 828134, India",0,22.5,IgnitionOn,1,,,,
8a523167-70e7-4683-be64-ab6be0aa4f0a-8,EDC_BS6_PERIODIC,2025-12-19 14:54:33,2025-12-19 14:55:18,23.531216,86.332256,26822,600,FixOK,A,OaJ5CU0303,G133E15425,"Purulia - Dhanbad Rd, Banshtora, Jharkhand 828134, India",4781.875,28.32,IgnitionOn,1,191.391,50.93,39,-51
8a523167-70e7-4683-be64-ab6be0aa4f0a-7,EDC_BS6_PERIODIC,2025-12-19 14:54:39,2025-12-19 14:55:18,23.5313792,86.3324864,26823,600,FixOK,A,OaJ5CU0303,G133E15425,"Purulia - Dhanbad Rd, Banshtora, Jharkhand 828134, India",4781.875,17.29,IgnitionOn,1,191.404,50.95,37,-51
8a523167-70e7-4683-be64-ab6be0aa4f0a-6,EDC_BS6_PERIODIC,2025-12-19 14:54:45,2025-12-19 14:55:18,23.5315872,86.3327104,26824,600,FixOK,A,OaJ5CU0303,G133E15425,"Purulia - Dhanbad Rd, Banshtora, Jharkhand 828134, India",4782,21.21,IgnitionOn,1,191.07,48.97,40,-51
8a523167-70e7-4683-be64-ab6be0aa4f0a-5,EDC_BS6_PERIODIC,2025-12-19 14:54:51,2025-12-19 14:55:18,23.5318208,86.3330048,26825,600,FixOK,A,OaJ5CU0303,G133E15425,"Purulia - Dhanbad Rd, Banshtora, Jharkhand 828134, India",4782,24.67,IgnitionOn,1,190.552,44.86,40,-51
8a523167-70e7-4683-be64-ab6be0aa4f0a-4,BRAKE_PRESSED,2025-12-19 14:54:52,2025-12-19 14:55:18,23.531864,86.3330688,23666,600,FixOK,,OaJ5CU0303,G133E15425,"Purulia - Dhanbad Rd, Banshtora, Jharkhand 828134, India",0,24.68,IgnitionOn,1,,,,
8a523167-70e7-4683-be64-ab6be0aa4f0a-3,EDC_BS6_PERIODIC,2025-12-19 14:54:57,2025-12-19 14:55:18,23.5320832,86.3333184,26826,600,FixOK,A,OaJ5CU0303,G133E15425,"Purulia - Dhanbad Rd, Banshtora, Jharkhand 828134, India",4782,27.8,IgnitionOn,1,189.462,47.72,37,-51
8a523167-70e7-4683-be64-ab6be0aa4f0a-2,EDC_BS6_PERIODIC,2025-12-19 14:55:03,2025-12-19 14:55:18,23.532328,86.3336256,26827,600,FixOK,A,OaJ5CU0303,G133E15425,"Purulia - Dhanbad Rd, Banshtora, Jharkhand 828134, India",4782.125,24.47,IgnitionOn,1,189.647,50.36,37,-51
8a523167-70e7-4683-be64-ab6be0aa4f0a-1,EDC_BS6_PERIODIC,2025-12-19 14:55:09,2025-12-19 14:55:18,23.5326,86.3339648,26828,600,FixOK,A,OaJ5CU0303,G133E15425,"Purulia - Dhanbad Rd, Banshtora, Jharkhand 828134, India",4782.125,35.44,IgnitionOn,1,189.395,50.18,36,-51
e440549e-4aad-4beb-96e3-b0a79ae7c844-2,EDC_BS6_PERIODIC,2025-12-19 14:55:15,2025-12-19 14:56:28,23.532968,86.3344256,26829,600,FixOK,A,OaJ5CU0303,G133E15425,"Purulia - Dhanbad Rd, Banshtora, Jharkhand 828134, India",4782.25,37.91,IgnitionOn,1,189.958,49.31,38,-51
e440549e-4aad-4beb-96e3-b0a79ae7c844-1,EDC_BS6_PERIODIC,2025-12-19 14:55:21,2025-12-19 14:56:28,23.5333472,86.334912,26830,600,FixOK,A,OaJ5CU0303,G133E15425,"Purulia - Dhanbad Rd, Banshtora, Jharkhand 828134, India",4782.25,40.3,IgnitionOn,1,190.764,51.2,38,-51
6b032f61-cd92-4117-9ac7-e913552cef7d-15,EDC_BS6_PERIODIC,2025-12-19 14:55:27,2025-12-19 14:59:35,23.533736,86.3354624,26831,600,FixOK,A,OaJ5CU0303,G133E15425,"Purulia - Dhanbad Rd, Banshtora, Jharkhand 828134, India",4782.375,44.66,IgnitionOn,1,191.475,56.93,39,-51
6b032f61-cd92-4117-9ac7-e913552cef7d-14,BRAKE_PRESSED,2025-12-19 14:55:28,2025-12-19 14:59:35,23.5337952,86.3355776,23667,600,FixOK,,OaJ5CU0303,G133E15425,"Purulia - Dhanbad Rd, Banshtora, Jharkhand 828134, India",0,44.85,IgnitionOn,1,,,,
d5cccc43-49f8-4cc7-86f9-16c2c826a324-10,EDC_BS6_PERIODIC,2025-12-19 14:55:33,2025-12-19 14:56:19,23.5341056,86.3360768,26832,600,FixOK,A,OaJ5CU0303,G133E15425,"Purulia - Dhanbad Rd, Banshtora, Jharkhand 828134, India",4782.375,46.41,IgnitionOn,1,192.3,56.18,38,-51
d5cccc43-49f8-4cc7-86f9-16c2c826a324-9,EDC_BS6_PERIODIC,2025-12-19 14:55:39,2025-12-19 14:56:19,23.534456,86.336704,26833,600,FixOK,A,OaJ5CU0303,G133E15425,"Purulia - Dhanbad Rd, Banshtora, Jharkhand 828134, India",4782.5,45.5,IgnitionOn,1,194.074,57.68,38,-51
d5cccc43-49f8-4cc7-86f9-16c2c826a324-8,BRAKE_PRESSED,2025-12-19 14:55:45,2025-12-19 14:56:19,23.5348336,86.3373184,23668,600,FixOK,,OaJ5CU0303,G133E15425,"Purulia - Dhanbad Rd, Banshtora, Jharkhand 828134, India",0,48.04,IgnitionOn,1,,,,
d5cccc43-49f8-4cc7-86f9-16c2c826a324-7,EDC_BS6_PERIODIC,2025-12-19 14:55:45,2025-12-19 14:56:19,23.5348336,86.3373184,26834,600,FixOK,A,OaJ5CU0303,G133E15425,"Purulia - Dhanbad Rd, Banshtora, Jharkhand 828134, India",4782.625,47.62,IgnitionOn,1,195.063,57.54,40,-51
d5cccc43-49f8-4cc7-86f9-16c2c826a324-6,EDC_BS6_PERIODIC,2025-12-19 14:55:51,2025-12-19 14:56:19,23.53524,86.337984,26835,600,FixOK,A,OaJ5CU0303,G133E15425,"Purulia - Dhanbad Rd, Banshtora, Jharkhand 828134, India",4782.625,48.61,IgnitionOn,1,196.238,56.61,38,-51
d5cccc43-49f8-4cc7-86f9-16c2c826a324-5,BRAKE_PRESSED,2025-12-19 14:55:55,2025-12-19 14:56:19,23.5355024,86.3384064,23669,600,FixOK,,OaJ5CU0303,G133E15425,"Purulia - Dhanbad Rd, Banshtora, Jharkhand 828134, India",0,48.28,IgnitionOn,1,,,,
d5cccc43-49f8-4cc7-86f9-16c2c826a324-4,EDC_BS6_PERIODIC,2025-12-19 14:55:57,2025-12-19 14:56:19,23.535632,86.338624,26836,600,FixOK,A,OaJ5CU0303,G133E15425,"Purulia - Dhanbad Rd, Banshtora, Jharkhand 828134, India",4782.75,49.2,IgnitionOn,1,195.936,56.95,34,-51
d5cccc43-49f8-4cc7-86f9-16c2c826a324-3,EDC_BS6_PERIODIC,2025-12-19 14:56:03,2025-12-19 14:56:19,23.5360064,86.3392576,26837,600,FixOK,A,OaJ5CU0303,G133E15425,"Purulia - Dhanbad Rd, Banshtora, Jharkhand 828134, India",4782.875,47.12,IgnitionOn,1,195.859,57.77,36,-51
d5cccc43-49f8-4cc7-86f9-16c2c826a324-2,BRAKE_PRESSED,2025-12-19 14:56:04,2025-12-19 14:56:19,23.536072,86.3393664,23670,600,FixOK,,OaJ5CU0303,G133E15425,"Purulia - Dhanbad Rd, Banshtora, Jharkhand 828134, India",0,44.51,IgnitionOn,1,,,,
d5cccc43-49f8-4cc7-86f9-16c2c826a324-1,EDC_BS6_PERIODIC,2025-12-19 14:56:09,2025-12-19 14:56:19,23.536392,86.3398912,26838,600,FixOK,A,OaJ5CU0303,G133E15425,"Purulia - Dhanbad Rd, Banshtora, Jharkhand 828134, India",4782.875,46.88,IgnitionOn,1,196.106,56.99,36,-51
6b032f61-cd92-4117-9ac7-e913552cef7d-13,EDC_BS6_PERIODIC,2025-12-19 14:56:15,2025-12-19 14:59:35,23.5367488,86.340448,26839,600,FixOK,A,OaJ5CU0303,G133E15425,"Purulia - Dhanbad Rd, Banshtora, Jharkhand 828134, India",4783,42.28,IgnitionOn,1,195.841,56.83,37,-51
6b032f61-cd92-4117-9ac7-e913552cef7d-12,EDC_BS6_PERIODIC,2025-12-19 14:56:21,2025-12-19 14:59:35,23.53712,86.3410304,26840,600,FixOK,A,OaJ5CU0303,G133E15425,"Purulia - Dhanbad Rd, Banshtora, Jharkhand 828134, India",4783.125,46.34,IgnitionOn,1,196.949,56.5,39,-51
6b032f61-cd92-4117-9ac7-e913552cef7d-11,EDC_BS6_PERIODIC,2025-12-19 14:56:27,2025-12-19 14:59:35,23.537496,86.3416448,26841,600,FixOK,A,OaJ5CU0303,G133E15425,"Purulia - Dhanbad Rd, Banshtora, Jharkhand 828134, India",4783.125,46.82,IgnitionOn,1,197.658,56.66,39,-51
6b032f61-cd92-4117-9ac7-e913552cef7d-10,EDC_BS6_PERIODIC,2025-12-19 14:56:33,2025-12-19 14:59:35,23.5378816,86.342304,26842,600,FixOK,A,OaJ5CU0303,G133E15425,"Purulia - Dhanbad Rd, Banshtora, Jharkhand 828134, India",4783.25,49.46,IgnitionOn,1,197.576,57.5,37,-51
084a52da-be42-42bb-80d4-a818fc8c15be-10,BRAKE_PRESSED,2025-12-19 14:56:34,2025-12-19 14:57:20,23.537952,86.3424128,23671,600,FixOK,,OaJ5CU0303,G133E15425,"Purulia - Dhanbad Rd, Banshtora, Jharkhand 828134, India",0,48.95,IgnitionOn,1,,,,
084a52da-be42-42bb-80d4-a818fc8c15be-9,EDC_BS6_PERIODIC,2025-12-19 14:56:39,2025-12-19 14:57:20,23.538224,86.3428544,26843,600,FixOK,A,OaJ5CU0303,G133E15425,"Purulia - Dhanbad Rd, Banshtora, Jharkhand 828134, India",4783.25,48.82,IgnitionOn,1,197.672,56.97,38,-51
084a52da-be42-42bb-80d4-a818fc8c15be-8,EDC_BS6_PERIODIC,2025-12-19 14:56:45,2025-12-19 14:57:20,23.5385936,86.3434368,26844,600,FixOK,A,OaJ5CU0303,G133E15425,"Purulia - Dhanbad Rd, Banshtora, Jharkhand 828134, India",4783.375,44.31,IgnitionOn,1,195.699,54.9,37,-51
084a52da-be42-42bb-80d4-a818fc8c15be-7,EDC_BS6_PERIODIC,2025-12-19 14:56:51,2025-12-19 14:57:20,23.538912,86.3438464,26845,600,FixOK,A,OaJ5CU0303,G133E15425,"Purulia - Dhanbad Rd, Banshtora, Jharkhand 828134, India",4783.5,32.29,IgnitionOn,1,190.841,38.77,37,-51
084a52da-be42-42bb-80d4-a818fc8c15be-6,EDC_BS6_PERIODIC,2025-12-19 14:56:57,2025-12-19 14:57:20,23.539248,86.3441152,26846,600,FixOK,A,OaJ5CU0303,G133E15425,"Purulia - Dhanbad Rd, Banshtora, Jharkhand 828134, India",4783.5,27.08,IgnitionOn,1,189.47,28.1,37,-51
084a52da-be42-42bb-80d4-a818fc8c15be-4,EDC_BS6_PERIODIC,2025-12-19 14:57:03,2025-12-19 14:57:20,23.539696,86.344224,26847,600,FixOK,A,OaJ5CU0303,G133E15425,"Purulia - Dhanbad Rd, Banshtora, Jharkhand 828134, India",4783.625,33.23,IgnitionOn,1,189.682,9.56,37,-51
084a52da-be42-42bb-80d4-a818fc8c15be-5,EXHAUST_BRAKE_ON_START,2025-12-19 14:57:03,2025-12-19 14:57:20,23.539616,86.3442048,23672,600,FixOK,,OaJ5CU0303,G133E15425,"Purulia - Dhanbad Rd, Banshtora, Jharkhand 828134, India",0,37.95,IgnitionOn,1,,,,
084a52da-be42-42bb-80d4-a818fc8c15be-3,BRAKE_PRESSED,2025-12-19 14:57:05,2025-12-19 14:57:20,23.5398752,86.3442432,23673,600,FixOK,,OaJ5CU0303,G133E15425,"Purulia - Dhanbad Rd, Banshtora, Jharkhand 828134, India",0,36.7,IgnitionOn,1,,,,
084a52da-be42-42bb-80d4-a818fc8c15be-2,EXHAUST_BRAKE_ON_END,2025-12-19 14:57:06,2025-12-19 14:57:20,23.5398752,86.3442432,23674,600,FixOK,,OaJ5CU0303,G133E15425,"Purulia - Dhanbad Rd, Banshtora, Jharkhand 828134, India",0,35.93,IgnitionOn,1,,,,
084a52da-be42-42bb-80d4-a818fc8c15be-1,EDC_BS6_PERIODIC,2025-12-19 14:57:09,2025-12-19 14:57:20,23.5402544,86.344224,26848,600,FixOK,A,OaJ5CU0303,G133E15425,"Purulia - Dhanbad Rd, Banshtora, Jharkhand 828134, India",4783.625,37.99,IgnitionOn,1,189.207,358.82,35,-51
6b032f61-cd92-4117-9ac7-e913552cef7d-9,EXHAUST_BRAKE_ON_START,2025-12-19 14:57:14,2025-12-19 14:59:35,23.540616,86.344224,23675,600,FixOK,,OaJ5CU0303,G133E15425,"Purulia - Dhanbad Rd, Banshtora, Jharkhand 828134, India",0,40.2,IgnitionOn,1,,,,
6b032f61-cd92-4117-9ac7-e913552cef7d-8,EDC_BS6_PERIODIC,2025-12-19 14:57:15,2025-12-19 14:59:35,23.5408032,86.3442048,26849,600,FixOK,A,OaJ5CU0303,G133E15425,"Purulia - Dhanbad Rd, Banshtora, Jharkhand 828134, India",4783.75,38.05,IgnitionOn,1,188.832,0.34,37,-51
6b032f61-cd92-4117-9ac7-e913552cef7d-6,BRAKE_PRESSED,2025-12-19 14:57:16,2025-12-19 14:59:35,23.5408992,86.3442048,23677,600,FixOK,,OaJ5CU0303,G133E15425,"Purulia - Dhanbad Rd, Banshtora, Jharkhand 828134, India",0,35.67,IgnitionOn,1,,,,
6b032f61-cd92-4117-9ac7-e913552cef7d-7,EXHAUST_BRAKE_ON_END,2025-12-19 14:57:16,2025-12-19 14:59:35,23.5408032,86.3442048,23676,600,FixOK,,OaJ5CU0303,G133E15425,"Purulia - Dhanbad Rd, Banshtora, Jharkhand 828134, India",0,36.99,IgnitionOn,1,,,,
6b032f61-cd92-4117-9ac7-e913552cef7d-5,EDC_BS6_PERIODIC,2025-12-19 14:57:21,2025-12-19 14:59:35,23.5414096,86.344192,26850,600,FixOK,A,OaJ5CU0303,G133E15425,"Purulia - Dhanbad Rd, Banshtora, Jharkhand 828134, India",4783.75,39.75,IgnitionOn,1,186.677,7.4,36,-51
6b032f61-cd92-4117-9ac7-e913552cef7d-4,BRAKE_PRESSED,2025-12-19 14:57:23,2025-12-19 14:59:35,23.541592,86.3442048,23678,600,FixOK,,OaJ5CU0303,G133E15425,"Purulia - Dhanbad Rd, Banshtora, Jharkhand 828134, India",0,38.45,IgnitionOn,1,,,,
e8fec174-718a-4f37-9381-a95b40b74341-10,EDC_BS6_PERIODIC,2025-12-19 14:57:27,2025-12-19 14:58:21,23.541976,86.3443072,26851,600,FixOK,A,OaJ5CU0303,G133E15425,"Purulia - Dhanbad Rd, Banshtora, Jharkhand 828134, India",4783.875,40.52,IgnitionOn,1,186.337,14.64,36,-51
e8fec174-718a-4f37-9381-a95b40b74341-9,EDC_BS6_PERIODIC,2025-12-19 14:57:33,2025-12-19 14:58:21,23.542464,86.344416,26852,600,FixOK,A,OaJ5CU0303,G133E15425,"Purulia - Dhanbad Rd, Banshtora, Jharkhand 828134, India",4783.875,28.2,IgnitionOn,1,186.727,11.85,36,-51
e8fec174-718a-4f37-9381-a95b40b74341-8,EDC_BS6_PERIODIC,2025-12-19 14:57:39,2025-12-19 14:58:21,23.5428416,86.3444992,26853,600,FixOK,A,OaJ5CU0303,G133E15425,"Purulia - Dhanbad Rd, Banshtora, Jharkhand 828134, India",4784,29.62,IgnitionOn,1,185.757,15.05,36,-51
e8fec174-718a-4f37-9381-a95b40b74341-7,EDC_BS6_PERIODIC,2025-12-19 14:57:45,2025-12-19 14:58:21,23.5433888,86.3445888,26854,600,FixOK,A,OaJ5CU0303,G133E15425,"Purulia - Dhanbad Rd, Banshtora, Jharkhand 828134, India",4784,40.95,IgnitionOn,1,185.591,7.82,37,-51
e8fec174-718a-4f37-9381-a95b40b74341-6,EDC_BS6_PERIODIC,2025-12-19 14:57:51,2025-12-19 14:58:21,23.5440256,86.3447104,26855,600,FixOK,A,OaJ5CU0303,G133E15425,"Purulia - Dhanbad Rd, Banshtora, Jharkhand 828134, India",4784.125,45.35,IgnitionOn,1,185.478,8.93,38,-51
e8fec174-718a-4f37-9381-a95b40b74341-5,EDC_BS6_PERIODIC,2025-12-19 14:57:57,2025-12-19 14:58:21,23.5446752,86.3448384,26856,600,FixOK,A,OaJ5CU0303,G133E15425,"Purulia - Dhanbad Rd, Banshtora, Jharkhand 828134, India",4784.125,45.13,IgnitionOn,1,184.134,11.1,39,-51
e8fec174-718a-4f37-9381-a95b40b74341-4,EDC_BS6_PERIODIC,2025-12-19 14:58:03,2025-12-19 14:58:21,23.545352,86.3449664,26857,600,FixOK,A,OaJ5CU0303,G133E15425,"Purulia - Dhanbad Rd, Banshtora, Jharkhand 828134, India",4784.25,47.33,IgnitionOn,1,183.651,10.22,36,-51
e8fec174-718a-4f37-9381-a95b40b74341-3,BRAKE_PRESSED,2025-12-19 14:58:04,2025-12-19 14:58:21,23.545472,86.3449984,23679,600,FixOK,,OaJ5CU0303,G133E15425,"Purulia - Dhanbad Rd, Banshtora, Jharkhand 828134, India",0,45.82,IgnitionOn,1,,,,
e8fec174-718a-4f37-9381-a95b40b74341-2,EDC_BS6_PERIODIC,2025-12-19 14:58:09,2025-12-19 14:58:21,23.5459216,86.3451392,26858,600,FixOK,A,OaJ5CU0303,G133E15425,"Purulia - Dhanbad Rd, Banshtora, Jharkhand 828134, India",4784.375,46.85,IgnitionOn,1,184.235,15.28,36,-51
e8fec174-718a-4f37-9381-a95b40b74341-1,BRAKE_PRESSED,2025-12-19 14:58:11,2025-12-19 14:58:21,23.5461376,86.345184,23680,600,FixOK,,OaJ5CU0303,G133E15425,"Purulia - Dhanbad Rd, Banshtora, Jharkhand 828134, India",0,35.34,IgnitionOn,1,,,,
6b032f61-cd92-4117-9ac7-e913552cef7d-3,EDC_BS6_PERIODIC,2025-12-19 14:58:15,2025-12-19 14:59:35,23.546984,86.3454592,26859,600,FixOK,A,OaJ5CU0303,G133E15425,"Purulia - Dhanbad Rd, Banshtora, Jharkhand 828134, India",4784.375,44.3,IgnitionOn,1,186.242,15.17,36,-51
6b032f61-cd92-4117-9ac7-e913552cef7d-2,EDC_BS6_PERIODIC,2025-12-19 14:58:21,2025-12-19 14:59:35,23.5474208,86.3456064,26860,600,FixOK,A,OaJ5CU0303,G133E15425,"Purulia - Dhanbad Rd, Banshtora, Jharkhand 828134, India",4784.5,29.83,IgnitionOn,1,186.746,15.89,38,-51
6b032f61-cd92-4117-9ac7-e913552cef7d-1,BRAKE_PRESSED,2025-12-19 14:58:22,2025-12-19 14:59:35,23.5474912,86.3456256,23681,600,FixOK,,OaJ5CU0303,G133E15425,"Purulia - Dhanbad Rd, Banshtora, Jharkhand 828134, India",0,29.45,IgnitionOn,1,,,,
a654df66-8529-4ede-9ac0-7500d039c061-13,EDC_BS6_PERIODIC,2025-12-19 14:58:27,2025-12-19 15:05:47,23.5478208,86.3457344,26861,600,FixOK,A,OaJ5CU0303,G133E15425,"Purulia - Dhanbad Rd, Chandankiyari, Jharkhand 828134, India",4784.5,31.86,IgnitionOn,1,187.264,16.12,37,-51
a654df66-8529-4ede-9ac0-7500d039c061-12,EDC_BS6_PERIODIC,2025-12-19 14:58:33,2025-12-19 15:05:47,23.548192,86.3458496,26862,600,FixOK,A,OaJ5CU0303,G133E15425,"Purulia - Dhanbad Rd, Chandankiyari, Jharkhand 828134, India",4784.5,24.99,IgnitionOn,1,186.746,18.65,36,-51
3e63ac5d-0f53-4543-be32-604598642e6e-9,DEVICE_METRICS,2025-12-19 14:58:39,2025-12-19 14:59:22,23.5486912,86.346016,,600,FixOK,,OaJ5CU0303,G133E15425,"Purulia - Dhanbad Rd, Banshtora, Jharkhand 828134, India",0,,IgnitionOn,1,,,,
3e63ac5d-0f53-4543-be32-604598642e6e-10,EDC_BS6_PERIODIC,2025-12-19 14:58:39,2025-12-19 14:59:22,23.5486912,86.346016,26863,600,FixOK,A,OaJ5CU0303,G133E15425,"Purulia - Dhanbad Rd, Banshtora, Jharkhand 828134, India",4784.625,33.64,IgnitionOn,1,186.998,16.45,37,-51
3e63ac5d-0f53-4543-be32-604598642e6e-8,BRAKE_PRESSED,2025-12-19 14:58:41,2025-12-19 14:59:22,23.548872,86.34608,23682,600,FixOK,,OaJ5CU0303,G133E15425,"Purulia - Dhanbad Rd, Banshtora, Jharkhand 828134, India",0,35.58,IgnitionOn,1,,,,
3e63ac5d-0f53-4543-be32-604598642e6e-6,EDC_BS6_PERIODIC,2025-12-19 14:58:45,2025-12-19 14:59:22,23.5491856,86.346176,26864,600,FixOK,A,OaJ5CU0303,G133E15425,"Purulia - Dhanbad Rd, Banshtora, Jharkhand 828134, India",4784.625,39.62,IgnitionOn,1,186.912,17.09,36,-51
3e63ac5d-0f53-4543-be32-604598642e6e-7,GPS_MESSAGE,2025-12-19 14:58:45,2025-12-19 14:59:22,23.5491856,86.346176,,600,3DFix,,OaJ5CU0303,G133E15425,"Purulia - Dhanbad Rd, Banshtora, Jharkhand 828134, India",0,,IgnitionOn,1,186,1,36,
ed31c6a0-6d2f-4fe1-beb7-6f241841b80a,HEARTBEAT_MESSAGE,2025-12-19 14:58:50,2025-12-19 14:58:50,0,0,,,,,OaJ5CU0303,G133E15425,,,,,1,,,,
3e63ac5d-0f53-4543-be32-604598642e6e-5,EDC_BS6_PERIODIC,2025-12-19 14:58:51,2025-12-19 14:59:22,23.549552,86.3462912,26865,600,FixOK,A,OaJ5CU0303,G133E15425,"Purulia - Dhanbad Rd, Banshtora, Jharkhand 828134, India",4784.75,23.48,IgnitionOn,1,186.716,17.04,36,-51
3e63ac5d-0f53-4543-be32-604598642e6e-4,EDC_BS6_PERIODIC,2025-12-19 14:58:57,2025-12-19 14:59:22,23.5499808,86.346368,26866,600,FixOK,A,OaJ5CU0303,G133E15425,"Purulia - Dhanbad Rd, Banshtora, Jharkhand 828134, India",4784.75,29.95,IgnitionOn,1,185.447,8.53,36,-51
3e63ac5d-0f53-4543-be32-604598642e6e-3,EDC_BS6_PERIODIC,2025-12-19 14:59:03,2025-12-19 14:59:22,23.5505088,86.3464448,26867,600,FixOK,A,OaJ5CU0303,G133E15425,"Purulia - Dhanbad Rd, Banshtora, Jharkhand 828134, India",4784.875,33.28,IgnitionOn,1,183.468,7.65,39,-51
3e63ac5d-0f53-4543-be32-604598642e6e-2,EDC_BS6_PERIODIC,2025-12-19 14:59:09,2025-12-19 14:59:22,23.551128,86.3465344,26868,600,FixOK,A,OaJ5CU0303,G133E15425,"Purulia - Dhanbad Rd, Banshtora, Jharkhand 828134, India",4784.875,41.12,IgnitionOn,1,181.744,6.44,39,-51
3e63ac5d-0f53-4543-be32-604598642e6e-1,BRAKE_PRESSED,2025-12-19 14:59:12,2025-12-19 14:59:22,23.5514592,86.3465664,23683,600,FixOK,,OaJ5CU0303,G133E15425,"Purulia - Dhanbad Rd, Banshtora, Jharkhand 828134, India",0,44.14,IgnitionOn,1,,,,
a654df66-8529-4ede-9ac0-7500d039c061-11,EDC_BS6_PERIODIC,2025-12-19 14:59:15,2025-12-19 15:05:47,23.5517856,86.3466176,26869,600,FixOK,A,OaJ5CU0303,G133E15425,"Purulia - Dhanbad Rd, Chandankiyari, Jharkhand 828134, India",4785,45.23,IgnitionOn,1,180.47,7.76,39,-51
a654df66-8529-4ede-9ac0-7500d039c061-10,EDC_BS6_PERIODIC,2025-12-19 14:59:21,2025-12-19 15:05:47,23.5523712,86.3466944,26870,600,FixOK,A,OaJ5CU0303,G133E15425,"Purulia - Dhanbad Rd, Chandankiyari, Jharkhand 828134, India",4785,42.57,IgnitionOn,1,177.929,6.59,41,-51
a654df66-8529-4ede-9ac0-7500d039c061-9,BRAKE_PRESSED,2025-12-19 14:59:26,2025-12-19 15:05:47,23.5527968,86.3467456,23684,600,FixOK,,OaJ5CU0303,G133E15425,"Purulia - Dhanbad Rd, Chandankiyari, Jharkhand 828134, India",0,34.97,IgnitionOn,1,,,,
1118129a-bb67-42c1-8923-efaebbba6fc3-10,EDC_BS6_PERIODIC,2025-12-19 14:59:27,2025-12-19 15:00:23,23.55288,86.3467584,26871,600,FixOK,A,OaJ5CU0303,G133E15425,"Purulia - Dhanbad Rd, Chandipur, Jharkhand 828134, India",4785.125,35.02,IgnitionOn,1,177.123,8.68,40,-51
1118129a-bb67-42c1-8923-efaebbba6fc3-9,EDC_BS6_PERIODIC,2025-12-19 14:59:33,2025-12-19 15:00:23,23.5533632,86.3468416,26872,600,FixOK,A,OaJ5CU0303,G133E15425,"Purulia - Dhanbad Rd, Chandipur, Jharkhand 828134, India",4785.25,34.91,IgnitionOn,1,176.854,9.51,39,-51
1118129a-bb67-42c1-8923-efaebbba6fc3-8,EDC_BS6_PERIODIC,2025-12-19 14:59:39,2025-12-19 15:00:23,23.55388,86.3468864,26873,600,FixOK,A,OaJ5CU0303,G133E15425,"Purulia - Dhanbad Rd, Chandipur, Jharkhand 828134, India",4785.25,33.12,IgnitionOn,1,176.722,6.38,37,-51
1118129a-bb67-42c1-8923-efaebbba6fc3-7,BRAKE_PRESSED,2025-12-19 14:59:43,2025-12-19 15:00:23,23.5541584,86.346944,23685,600,FixOK,,OaJ5CU0303,G133E15425,"Purulia - Dhanbad Rd, Chandipur, Jharkhand 828134, India",0,34.92,IgnitionOn,1,,,,
1118129a-bb67-42c1-8923-efaebbba6fc3-6,EDC_BS6_PERIODIC,2025-12-19 14:59:45,2025-12-19 15:00:23,23.5543392,86.3469568,26874,600,FixOK,A,OaJ5CU0303,G133E15425,"Purulia - Dhanbad Rd, Chandipur, Jharkhand 828134, India",4785.25,36.88,IgnitionOn,1,176.473,7.59,37,-51
1118129a-bb67-42c1-8923-efaebbba6fc3-5,EDC_BS6_PERIODIC,2025-12-19 14:59:51,2025-12-19 15:00:23,23.554728,86.347008,26875,600,FixOK,A,OaJ5CU0303,G133E15425,"Purulia - Dhanbad Rd, Chandipur, Jharkhand 828134, India",4785.375,31.02,IgnitionOn,1,176.394,6.84,35,-51
1118129a-bb67-42c1-8923-efaebbba6fc3-4,EDC_BS6_PERIODIC,2025-12-19 14:59:57,2025-12-19 15:00:23,23.554984,86.3470592,26876,600,FixOK,A,OaJ5CU0303,G133E15425,"Purulia - Dhanbad Rd, Chandipur, Jharkhand 828134, India",4785.375,16.93,IgnitionOn,1,177.223,10.72,37,-51
1118129a-bb67-42c1-8923-efaebbba6fc3-3,EDC_BS6_PERIODIC,2025-12-19 15:00:03,2025-12-19 15:00:23,23.5553616,86.347168,26877,600,FixOK,A,OaJ5CU0303,G133E15425,"Purulia - Dhanbad Rd, Chandipur, Jharkhand 828134, India",4785.375,25.02,IgnitionOn,1,176.576,14.65,37,-51
1118129a-bb67-42c1-8923-efaebbba6fc3-2,EDC_BS6_PERIODIC,2025-12-19 15:00:09,2025-12-19 15:00:23,23.55588,86.347424,26878,600,FixOK,A,OaJ5CU0303,G133E15425,"Purulia - Dhanbad Rd, Chandipur, Jharkhand 828134, India",4785.5,38.13,IgnitionOn,1,175.091,26.01,37,-51
1118129a-bb67-42c1-8923-efaebbba6fc3-1,BRAKE_PRESSED,2025-12-19 15:00:10,2025-12-19 15:00:23,23.555968,86.3474816,23686,600,FixOK,,OaJ5CU0303,G133E15425,"Purulia - Dhanbad Rd, Chandipur, Jharkhand 828134, India",0,33.01,IgnitionOn,1,,,,
a654df66-8529-4ede-9ac0-7500d039c061-8,EDC_BS6_PERIODIC,2025-12-19 15:00:15,2025-12-19 15:05:47,23.5563392,86.3477056,26879,600,FixOK,A,OaJ5CU0303,G133E15425,"Purulia - Dhanbad Rd, Chandankiyari, Jharkhand 828134, India",4785.625,39.77,IgnitionOn,1,174.611,28.81,38,-51
a654df66-8529-4ede-9ac0-7500d039c061-7,EDC_BS6_PERIODIC,2025-12-19 15:00:21,2025-12-19 15:05:47,23.5567456,86.3479168,26880,600,FixOK,A,OaJ5CU0303,G133E15425,"Purulia - Dhanbad Rd, Chandankiyari, Jharkhand 828134, India",4785.625,29.8,IgnitionOn,1,173.636,29.52,35,-51
386567df-16fb-4029-8330-0c024fd19a98-10,EDC_BS6_PERIODIC,2025-12-19 15:00:27,2025-12-19 15:01:24,23.557288,86.3481088,26881,600,FixOK,A,OaJ5CU0303,G133E15425,"Purulia - Dhanbad Rd, Chandipur, Jharkhand 828134, India",4785.625,37.72,IgnitionOn,1,173.331,18.36,35,-51
386567df-16fb-4029-8330-0c024fd19a98-9,BRAKE_PRESSED,2025-12-19 15:00:32,2025-12-19 15:01:24,23.5578208,86.34832,23687,600,FixOK,,OaJ5CU0303,G133E15425,"Purulia - Dhanbad Rd, Chandipur, Jharkhand 828134, India",0,45.97,IgnitionOn,1,,,,
386567df-16fb-4029-8330-0c024fd19a98-8,EDC_BS6_PERIODIC,2025-12-19 15:00:33,2025-12-19 15:01:24,23.5579296,86.3483648,26882,600,FixOK,A,OaJ5CU0303,G133E15425,"Purulia - Dhanbad Rd, Chandipur, Jharkhand 828134, India",4785.75,45.84,IgnitionOn,1,172.587,18.79,33,-51
386567df-16fb-4029-8330-0c024fd19a98-7,EDC_BS6_PERIODIC,2025-12-19 15:00:39,2025-12-19 15:01:24,23.5585408,86.3486656,26883,600,FixOK,A,OaJ5CU0303,G133E15425,"Purulia - Dhanbad Rd, Chandipur, Jharkhand 828134, India",4785.875,45.4,IgnitionOn,1,170.33,26.29,38,-51
386567df-16fb-4029-8330-0c024fd19a98-6,EDC_BS6_PERIODIC,2025-12-19 15:00:45,2025-12-19 15:01:24,23.558992,86.348992,26884,600,FixOK,A,OaJ5CU0303,G133E15425,"Purulia - Dhanbad Rd, Chandipur, Jharkhand 828134, India",4785.875,40.05,IgnitionOn,1,167.569,32.33,33,-51
386567df-16fb-4029-8330-0c024fd19a98-5,EDC_BS6_PERIODIC,2025-12-19 15:00:51,2025-12-19 15:01:24,23.559296,86.349216,26885,600,FixOK,A,OaJ5CU0303,G133E15425,"Purulia - Dhanbad Rd, Chandipur, Jharkhand 828134, India",4786,23.6,IgnitionOn,1,165.509,32.7,33,-51
386567df-16fb-4029-8330-0c024fd19a98-4,EDC_BS6_PERIODIC,2025-12-19 15:00:57,2025-12-19 15:01:24,23.5596992,86.3494976,26886,600,FixOK,A,OaJ5CU0303,G133E15425,"Purulia - Dhanbad Rd, Chandipur, Jharkhand 828134, India",4786,33.22,IgnitionOn,1,164.587,32.58,35,-51
386567df-16fb-4029-8330-0c024fd19a98-3,EDC_BS6_PERIODIC,2025-12-19 15:01:03,2025-12-19 15:01:24,23.560104,86.3498112,26887,600,FixOK,A,OaJ5CU0303,G133E15425,"Purulia - Dhanbad Rd, Chandipur, Jharkhand 828134, India",4786,33.47,IgnitionOn,1,164.246,36.56,34,-51
386567df-16fb-4029-8330-0c024fd19a98-2,EDC_BS6_PERIODIC,2025-12-19 15:01:09,2025-12-19 15:01:24,23.560416,86.3500288,26888,600,FixOK,A,OaJ5CU0303,G133E15425,"Purulia - Dhanbad Rd, Chandipur, Jharkhand 828134, India",4786.125,32,IgnitionOn,1,164.186,32.43,37,-51
386567df-16fb-4029-8330-0c024fd19a98-1,EDC_BS6_PERIODIC,2025-12-19 15:01:15,2025-12-19 15:01:24,23.560864,86.3503296,26889,600,FixOK,A,OaJ5CU0303,G133E15425,"Purulia - Dhanbad Rd, Chandipur, Jharkhand 828134, India",4786.125,36.09,IgnitionOn,1,165.098,31.28,38,-51
a654df66-8529-4ede-9ac0-7500d039c061-6,EDC_BS6_PERIODIC,2025-12-19 15:01:21,2025-12-19 15:05:47,23.561352,86.3505344,26890,600,FixOK,A,OaJ5CU0303,G133E15425,"Purulia - Dhanbad Rd, Chandankiyari, Jharkhand 828134, India",4786.25,34.47,IgnitionOn,1,167.548,24.07,37,-51
cefc4513-8d22-4596-894a-3dbfb0330dac-10,EDC_BS6_PERIODIC,2025-12-19 15:01:27,2025-12-19 15:02:25,23.5619504,86.3506176,26891,600,FixOK,A,OaJ5CU0303,G133E15425,"Purulia - Dhanbad Rd, Nuniadi, Jharkhand 828134, India",4786.25,41.62,IgnitionOn,1,168.223,4.59,38,-51
cefc4513-8d22-4596-894a-3dbfb0330dac-9,EDC_BS6_PERIODIC,2025-12-19 15:01:33,2025-12-19 15:02:25,23.5626176,86.3506624,26892,600,FixOK,A,OaJ5CU0303,G133E15425,"Purulia - Dhanbad Rd, Nuniadi, Jharkhand 828134, India",4786.375,45.52,IgnitionOn,1,168.86,3.5,39,-51
cefc4513-8d22-4596-894a-3dbfb0330dac-8,BRAKE_PRESSED,2025-12-19 15:01:36,2025-12-19 15:02:25,23.5629792,86.3506944,23688,600,FixOK,,OaJ5CU0303,G133E15425,"Purulia - Dhanbad Rd, Nuniadi, Jharkhand 828134, India",0,44.41,IgnitionOn,1,,,,
cefc4513-8d22-4596-894a-3dbfb0330dac-7,EDC_BS6_PERIODIC,2025-12-19 15:01:39,2025-12-19 15:02:25,23.5633264,86.35072,26893,600,FixOK,A,OaJ5CU0303,G133E15425,"Purulia - Dhanbad Rd, Nuniadi, Jharkhand 828134, India",4786.5,47.53,IgnitionOn,1,169.592,2.76,39,-51
cefc4513-8d22-4596-894a-3dbfb0330dac-6,EDC_BS6_PERIODIC,2025-12-19 15:01:45,2025-12-19 15:02:25,23.563912,86.350784,26894,600,FixOK,A,OaJ5CU0303,G133E15425,"Purulia - Dhanbad Rd, Nuniadi, Jharkhand 828134, India",4786.5,40.13,IgnitionOn,1,172.097,6.17,39,-51
cefc4513-8d22-4596-894a-3dbfb0330dac-5,EDC_BS6_PERIODIC,2025-12-19 15:01:51,2025-12-19 15:02:25,23.56444,86.350816,26895,600,FixOK,A,OaJ5CU0303,G133E15425,"Purulia - Dhanbad Rd, Nuniadi, Jharkhand 828134, India",4786.625,36.31,IgnitionOn,1,172.876,5.82,37,-51
cefc4513-8d22-4596-894a-3dbfb0330dac-4,EDC_BS6_PERIODIC,2025-12-19 15:01:57,2025-12-19 15:02:25,23.5650432,86.3508608,26896,600,FixOK,A,OaJ5CU0303,G133E15425,"Purulia - Dhanbad Rd, Nuniadi, Jharkhand 828134, India",4786.625,41,IgnitionOn,1,173.022,4.19,36,-51
cefc4513-8d22-4596-894a-3dbfb0330dac-3,EDC_BS6_PERIODIC,2025-12-19 15:02:03,2025-12-19 15:02:25,23.5656768,86.3508992,26897,600,FixOK,A,OaJ5CU0303,G133E15425,"Purulia - Dhanbad Rd, Nuniadi, Jharkhand 828134, India",4786.75,44.34,IgnitionOn,1,173.222,3.92,36,-51
cefc4513-8d22-4596-894a-3dbfb0330dac-2,EDC_BS6_PERIODIC,2025-12-19 15:02:09,2025-12-19 15:02:25,23.5662688,86.350944,26898,600,FixOK,A,OaJ5CU0303,G133E15425,"Purulia - Dhanbad Rd, Nuniadi, Jharkhand 828134, India",4786.875,41.16,IgnitionOn,1,173.126,4.19,38,-51
cefc4513-8d22-4596-894a-3dbfb0330dac-1,EDC_BS6_PERIODIC,2025-12-19 15:02:15,2025-12-19 15:02:25,23.5667968,86.3510272,26899,600,FixOK,A,OaJ5CU0303,G133E15425,"Purulia - Dhanbad Rd, Nuniadi, Jharkhand 828134, India",4786.875,37.34,IgnitionOn,1,173.714,7,39,-51
a654df66-8529-4ede-9ac0-7500d039c061-5,EDC_BS6_PERIODIC,2025-12-19 15:02:22,2025-12-19 15:05:47,23.5672832,86.3512576,26900,600,FixOK,A,OaJ5CU0303,G133E15425,"Purulia - Dhanbad Rd, Chandankiyari, Jharkhand 828134, India",4787,35.77,IgnitionOn,1,175.037,21.09,40,-51
931ca9a4-c67b-4e9b-9cfd-b47c6f8fc881-10,EDC_BS6_PERIODIC,2025-12-19 15:02:27,2025-12-19 15:03:26,23.567704,86.3514944,26901,600,FixOK,A,OaJ5CU0303,G133E15425,"Purulia - Dhanbad Rd, Nuniadi, Jharkhand 828134, India",4787,39.31,IgnitionOn,1,176.695,26.07,40,-51
931ca9a4-c67b-4e9b-9cfd-b47c6f8fc881-9,EDC_BS6_PERIODIC,2025-12-19 15:02:33,2025-12-19 15:03:26,23.5682432,86.3518208,26902,600,FixOK,A,OaJ5CU0303,G133E15425,"Purulia - Dhanbad Rd, Nuniadi, Jharkhand 828134, India",4787.125,42.66,IgnitionOn,1,177.983,29.94,36,-51
931ca9a4-c67b-4e9b-9cfd-b47c6f8fc881-8,EDC_BS6_PERIODIC,2025-12-19 15:02:39,2025-12-19 15:03:26,23.5687904,86.35216,26903,600,FixOK,A,OaJ5CU0303,G133E15425,"Purulia - Dhanbad Rd, Nuniadi, Jharkhand 828134, India",4787.125,42.96,IgnitionOn,1,178.904,29.25,35,-51
931ca9a4-c67b-4e9b-9cfd-b47c6f8fc881-7,EDC_BS6_PERIODIC,2025-12-19 15:02:45,2025-12-19 15:03:26,23.5692416,86.3524416,26904,600,FixOK,A,OaJ5CU0303,G133E15425,"Purulia - Dhanbad Rd, Nuniadi, Jharkhand 828134, India",4787.25,43.58,IgnitionOn,1,178.779,30.3,34,-51
931ca9a4-c67b-4e9b-9cfd-b47c6f8fc881-6,EDC_BS6_PERIODIC,2025-12-19 15:02:51,2025-12-19 15:03:26,23.5697888,86.3527808,26905,600,FixOK,A,OaJ5CU0303,G133E15425,"Purulia - Dhanbad Rd, Nuniadi, Jharkhand 828134, India",4787.375,43.01,IgnitionOn,1,178.785,28.29,38,-51
931ca9a4-c67b-4e9b-9cfd-b47c6f8fc881-5,EDC_BS6_PERIODIC,2025-12-19 15:02:57,2025-12-19 15:03:26,23.5703232,86.3531264,26906,600,FixOK,A,OaJ5CU0303,G133E15425,"Purulia - Dhanbad Rd, Nuniadi, Jharkhand 828134, India",4787.375,42.02,IgnitionOn,1,178.817,30.56,38,-51
931ca9a4-c67b-4e9b-9cfd-b47c6f8fc881-4,EDC_BS6_PERIODIC,2025-12-19 15:03:03,2025-12-19 15:03:26,23.5708352,86.3534464,26907,600,FixOK,A,OaJ5CU0303,G133E15425,"Purulia - Dhanbad Rd, Nuniadi, Jharkhand 828134, India",4787.5,41.32,IgnitionOn,1,179.919,29.32,39,-51
931ca9a4-c67b-4e9b-9cfd-b47c6f8fc881-3,BRAKE_PRESSED,2025-12-19 15:03:06,2025-12-19 15:03:26,23.571096,86.3536128,23689,600,FixOK,,OaJ5CU0303,G133E15425,"Purulia - Dhanbad Rd, Nuniadi, Jharkhand 828134, India",0,34.81,IgnitionOn,1,,,,
931ca9a4-c67b-4e9b-9cfd-b47c6f8fc881-2,EDC_BS6_PERIODIC,2025-12-19 15:03:09,2025-12-19 15:03:26,23.5713456,86.35376,26908,600,FixOK,A,OaJ5CU0303,G133E15425,"Purulia - Dhanbad Rd, Nuniadi, Jharkhand 828134, India",4787.5,37.34,IgnitionOn,1,181.453,28.86,40,-51
931ca9a4-c67b-4e9b-9cfd-b47c6f8fc881-1,EDC_BS6_PERIODIC,2025-12-19 15:03:15,2025-12-19 15:03:26,23.5717632,86.3540352,26909,600,FixOK,A,OaJ5CU0303,G133E15425,"Purulia - Dhanbad Rd, Nuniadi, Jharkhand 828134, India",4787.625,29.16,IgnitionOn,1,182.742,30.86,38,-51
a654df66-8529-4ede-9ac0-7500d039c061-4,EDC_BS6_PERIODIC,2025-12-19 15:03:21,2025-12-19 15:05:47,23.572016,86.3541824,26910,600,FixOK,A,OaJ5CU0303,G133E15425,"Purulia - Dhanbad Rd, Chandankiyari, Jharkhand 828134, India",4787.625,16.34,IgnitionOn,1,183.934,28.14,37,-51
fa15b545-4a4c-4b31-8fea-f2146cd209f7-10,EDC_BS6_PERIODIC,2025-12-19 15:03:27,2025-12-19 15:04:27,23.5722208,86.3543296,26911,600,FixOK,A,OaJ5CU0303,G133E15425,"Purulia - Dhanbad Rd, Jharkhand 828134, India",4787.625,17.77,IgnitionOn,1,184.085,33.84,36,-51
fa15b545-4a4c-4b31-8fea-f2146cd209f7-9,EDC_BS6_PERIODIC,2025-12-19 15:03:33,2025-12-19 15:04:27,23.572472,86.354496,26912,600,FixOK,A,OaJ5CU0303,G133E15425,"Purulia - Dhanbad Rd, Jharkhand 828134, India",4787.75,21.02,IgnitionOn,1,184.236,29.28,38,-85
fa15b545-4a4c-4b31-8fea-f2146cd209f7-8,EDC_BS6_PERIODIC,2025-12-19 15:03:39,2025-12-19 15:04:27,23.5727392,86.354656,26913,600,FixOK,A,OaJ5CU0303,G133E15425,"Purulia - Dhanbad Rd, Jharkhand 828134, India",4787.75,21.68,IgnitionOn,1,185.061,31.47,38,-85
fa15b545-4a4c-4b31-8fea-f2146cd209f7-7,EDC_BS6_PERIODIC,2025-12-19 15:03:45,2025-12-19 15:04:27,23.5730256,86.354848,26914,600,FixOK,A,OaJ5CU0303,G133E15425,"Purulia - Dhanbad Rd, Jharkhand 828134, India",4787.75,23.5,IgnitionOn,1,187.033,28.98,40,-85
fa15b545-4a4c-4b31-8fea-f2146cd209f7-6,BRAKE_PRESSED,2025-12-19 15:03:48,2025-12-19 15:04:27,23.5731712,86.354912,23690,600,FixOK,,OaJ5CU0303,G133E15425,"Purulia - Dhanbad Rd, Jharkhand 828134, India",0,18.51,IgnitionOn,1,,,,
fa15b545-4a4c-4b31-8fea-f2146cd209f7-5,EDC_BS6_PERIODIC,2025-12-19 15:03:51,2025-12-19 15:04:27,23.5733152,86.3549952,26915,600,FixOK,A,OaJ5CU0303,G133E15425,"Purulia - Dhanbad Rd, Jharkhand 828134, India",4787.75,21.12,IgnitionOn,1,188.382,30.29,40,-85
fa15b545-4a4c-4b31-8fea-f2146cd209f7-4,EDC_BS6_PERIODIC,2025-12-19 15:03:57,2025-12-19 15:04:27,23.5734944,86.3551296,26916,600,FixOK,A,OaJ5CU0303,G133E15425,"Purulia - Dhanbad Rd, Jharkhand 828134, India",4787.875,7.85,IgnitionOn,1,188.791,29.59,38,-85
fa15b545-4a4c-4b31-8fea-f2146cd209f7-3,EDC_BS6_PERIODIC,2025-12-19 15:04:03,2025-12-19 15:04:27,23.5735024,86.3551296,26917,600,FixOK,A,OaJ5CU0303,G133E15425,"Purulia - Dhanbad Rd, Jharkhand 828134, India",4787.875,0,IgnitionOn,1,188.679,29.59,39,-85
fa15b545-4a4c-4b31-8fea-f2146cd209f7-2,EDC_BS6_PERIODIC,2025-12-19 15:04:09,2025-12-19 15:04:27,23.5735024,86.3551296,26918,600,FixOK,A,OaJ5CU0303,G133E15425,"Purulia - Dhanbad Rd, Jharkhand 828134, India",4787.875,0,IgnitionOn,1,188.679,29.59,39,-85
fa15b545-4a4c-4b31-8fea-f2146cd209f7-1,EDC_BS6_PERIODIC,2025-12-19 15:04:15,2025-12-19 15:04:27,23.5735216,86.3551616,26919,600,FixOK,A,OaJ5CU0303,G133E15425,"Purulia - Dhanbad Rd, Jharkhand 828134, India",4787.875,2.33,IgnitionOn,1,188.615,29.59,39,-85
a654df66-8529-4ede-9ac0-7500d039c061-3,EDC_BS6_PERIODIC,2025-12-19 15:04:21,2025-12-19 15:05:47,23.5735216,86.3551616,26920,600,FixOK,A,OaJ5CU0303,G133E15425,"Purulia - Dhanbad Rd, Chandankiyari, Jharkhand 828134, India",4787.875,6.2,IgnitionOn,1,188.615,29.59,39,-85
a654df66-8529-4ede-9ac0-7500d039c061-2,EDC_BS6_PERIODIC,2025-12-19 15:04:27,2025-12-19 15:05:47,23.573832,86.3553856,26921,600,FixOK,A,OaJ5CU0303,G133E15425,"Purulia - Dhanbad Rd, Chandankiyari, Jharkhand 828134, India",4787.875,15.45,IgnitionOn,1,189.22,41.86,39,-85
a654df66-8529-4ede-9ac0-7500d039c061-1,EXHAUST_BRAKE_ON_START,2025-12-19 15:04:30,2025-12-19 15:05:47,23.5739456,86.35552,23691,600,FixOK,,OaJ5CU0303,G133E15425,"Purulia - Dhanbad Rd, Chandankiyari, Jharkhand 828134, India",0,22.38,IgnitionOn,1,,,,
41c82ac5-6831-4725-af27-82d930ee33a2-16,BRAKE_PRESSED,2025-12-19 15:04:33,2025-12-19 15:08:54,23.574056,86.3556608,23692,600,FixOK,,OaJ5CU0303,G133E15425,"Unnamed Road, Jharkhand 828134, India",0,19.61,IgnitionOn,1,,,,
41c82ac5-6831-4725-af27-82d930ee33a2-15,EDC_BS6_PERIODIC,2025-12-19 15:04:33,2025-12-19 15:08:54,23.574056,86.3556608,26922,600,FixOK,A,OaJ5CU0303,G133E15425,"Unnamed Road, Jharkhand 828134, India",4787.875,23.02,IgnitionOn,1,189.296,51.27,39,-85
20d2fcb7-4ec0-498d-8e62-2e4678246367-10,EXHAUST_BRAKE_ON_END,2025-12-19 15:04:33,2025-12-19 15:05:28,23.574056,86.3556608,23693,600,FixOK,,OaJ5CU0303,G133E15425,"Purulia - Dhanbad Rd, Chandankiyari, Jharkhand 828134, India",0,18.76,IgnitionOn,1,,,,
20d2fcb7-4ec0-498d-8e62-2e4678246367-9,EDC_BS6_PERIODIC,2025-12-19 15:04:39,2025-12-19 15:05:28,23.5742224,86.3558912,26923,600,FixOK,A,OaJ5CU0303,G133E15425,"Purulia - Dhanbad Rd, Chandankiyari, Jharkhand 828134, India",4787.875,19.37,IgnitionOn,1,188.498,48.72,38,-85
20d2fcb7-4ec0-498d-8e62-2e4678246367-8,BRAKE_PRESSED,2025-12-19 15:04:45,2025-12-19 15:05:28,23.5743392,86.3560576,23694,600,FixOK,,OaJ5CU0303,G133E15425,"Purulia - Dhanbad Rd, Chandankiyari, Jharkhand 828134, India",0,8.98,IgnitionOn,1,,,,
20d2fcb7-4ec0-498d-8e62-2e4678246367-7,EDC_BS6_PERIODIC,2025-12-19 15:04:45,2025-12-19 15:05:28,23.5743392,86.3560576,26924,600,FixOK,A,OaJ5CU0303,G133E15425,"Purulia - Dhanbad Rd, Chandankiyari, Jharkhand 828134, India",4788,13.36,IgnitionOn,1,188.496,52.2,37,-85
20d2fcb7-4ec0-498d-8e62-2e4678246367-6,EDC_BS6_PERIODIC,2025-12-19 15:04:51,2025-12-19 15:05:28,23.5744256,86.3561664,26925,600,FixOK,A,OaJ5CU0303,G133E15425,"Purulia - Dhanbad Rd, Chandankiyari, Jharkhand 828134, India",4788,8.78,IgnitionOn,1,188.049,61.09,37,-85
20d2fcb7-4ec0-498d-8e62-2e4678246367-5,EDC_BS6_PERIODIC,2025-12-19 15:04:57,2025-12-19 15:05:28,23.5745088,86.3562816,26926,600,FixOK,A,OaJ5CU0303,G133E15425,"Purulia - Dhanbad Rd, Chandankiyari, Jharkhand 828134, India",4788,9.09,IgnitionOn,1,187.957,45.29,36,-85
20d2fcb7-4ec0-498d-8e62-2e4678246367-4,EDC_BS6_PERIODIC,2025-12-19 15:05:03,2025-12-19 15:05:28,23.57464,86.3564288,26927,600,FixOK,A,OaJ5CU0303,G133E15425,"Purulia - Dhanbad Rd, Chandankiyari, Jharkhand 828134, India",4788,12.52,IgnitionOn,1,189.294,50.56,36,-85
20d2fcb7-4ec0-498d-8e62-2e4678246367-3,EDC_BS6_PERIODIC,2025-12-19 15:05:09,2025-12-19 15:05:28,23.574784,86.356608,26928,600,FixOK,A,OaJ5CU0303,G133E15425,"Purulia - Dhanbad Rd, Chandankiyari, Jharkhand 828134, India",4788,14.5,IgnitionOn,1,189.841,51.15,37,-85
20d2fcb7-4ec0-498d-8e62-2e4678246367-2,BRAKE_PRESSED,2025-12-19 15:05:11,2025-12-19 15:05:28,23.57484,86.3566848,23695,600,FixOK,,OaJ5CU0303,G133E15425,"Purulia - Dhanbad Rd, Chandankiyari, Jharkhand 828134, India",0,15.22,IgnitionOn,1,,,,
20d2fcb7-4ec0-498d-8e62-2e4678246367-1,EDC_BS6_PERIODIC,2025-12-19 15:05:15,2025-12-19 15:05:28,23.5749472,86.3568,26929,600,FixOK,A,OaJ5CU0303,G133E15425,"Purulia - Dhanbad Rd, Chandankiyari, Jharkhand 828134, India",4788.125,17.55,IgnitionOn,1,190.057,48.29,37,-85
41c82ac5-6831-4725-af27-82d930ee33a2-14,EDC_BS6_PERIODIC,2025-12-19 15:05:21,2025-12-19 15:08:54,23.5750368,86.3569344,26930,600,FixOK,A,OaJ5CU0303,G133E15425,"Unnamed Road, Jharkhand 828134, India",4788.125,10.26,IgnitionOn,1,190.188,49.66,37,-85
41c82ac5-6831-4725-af27-82d930ee33a2-13,BRAKE_PRESSED,2025-12-19 15:05:22,2025-12-19 15:08:54,23.575056,86.3569664,23696,600,FixOK,,OaJ5CU0303,G133E15425,"Unnamed Road, Jharkhand 828134, India",0,10.38,IgnitionOn,1,,,,
41c82ac5-6831-4725-af27-82d930ee33a2-12,EDC_BS6_PERIODIC,2025-12-19 15:05:27,2025-12-19 15:08:54,23.5751376,86.3570624,26931,600,FixOK,A,OaJ5CU0303,G133E15425,"Unnamed Road, Jharkhand 828134, India",4788.125,10.76,IgnitionOn,1,190.479,52.47,38,-85
247f333d-feed-4ba2-a242-ec998c92c236-10,EDC_BS6_PERIODIC,2025-12-19 15:05:33,2025-12-19 15:06:30,23.575264,86.3572416,26932,600,FixOK,A,OaJ5CU0303,G133E15425,"Purulia - Dhanbad Rd, Chandankiyari, Jharkhand 828134, India",4788.125,13.3,IgnitionOn,1,190.529,50.06,39,-85
247f333d-feed-4ba2-a242-ec998c92c236-9,EDC_BS6_PERIODIC,2025-12-19 15:05:39,2025-12-19 15:06:30,23.575488,86.3575168,26933,600,FixOK,A,OaJ5CU0303,G133E15425,"Purulia - Dhanbad Rd, Chandankiyari, Jharkhand 828134, India",4788.125,23.05,IgnitionOn,1,191.093,51.84,37,-85
247f333d-feed-4ba2-a242-ec998c92c236-8,EDC_BS6_PERIODIC,2025-12-19 15:05:45,2025-12-19 15:06:30,23.575728,86.3578112,26934,600,FixOK,A,OaJ5CU0303,G133E15425,"Purulia - Dhanbad Rd, Chandankiyari, Jharkhand 828134, India",4788.25,28.31,IgnitionOn,1,191.175,49.29,36,-85
247f333d-feed-4ba2-a242-ec998c92c236-7,EDC_BS6_PERIODIC,2025-12-19 15:05:51,2025-12-19 15:06:30,23.576032,86.3582144,26935,600,FixOK,A,OaJ5CU0303,G133E15425,"Purulia - Dhanbad Rd, Chandankiyari, Jharkhand 828134, India",4788.25,32.56,IgnitionOn,1,190.02,54.25,36,-85
247f333d-feed-4ba2-a242-ec998c92c236-6,EDC_BS6_PERIODIC,2025-12-19 15:05:57,2025-12-19 15:06:30,23.5762976,86.358656,26936,600,FixOK,A,OaJ5CU0303,G133E15425,"Purulia - Dhanbad Rd, Chandankiyari, Jharkhand 828134, India",4788.375,32.78,IgnitionOn,1,188.104,57.16,35,-85
247f333d-feed-4ba2-a242-ec998c92c236-5,BRAKE_PRESSED,2025-12-19 15:05:58,2025-12-19 15:06:30,23.5763456,86.3587328,23697,600,FixOK,,OaJ5CU0303,G133E15425,"Purulia - Dhanbad Rd, Chandankiyari, Jharkhand 828134, India",0,33.88,IgnitionOn,1,,,,
247f333d-feed-4ba2-a242-ec998c92c236-4,EDC_BS6_PERIODIC,2025-12-19 15:06:03,2025-12-19 15:06:30,23.5765776,86.3591296,26937,600,FixOK,A,OaJ5CU0303,G133E15425,"Purulia - Dhanbad Rd, Chandankiyari, Jharkhand 828134, India",4788.375,35.01,IgnitionOn,1,187.016,56.97,36,-85
247f333d-feed-4ba2-a242-ec998c92c236-3,EDC_BS6_PERIODIC,2025-12-19 15:06:09,2025-12-19 15:06:30,23.5768064,86.35952,26938,600,FixOK,A,OaJ5CU0303,G133E15425,"Purulia - Dhanbad Rd, Chandankiyari, Jharkhand 828134, India",4788.375,27.96,IgnitionOn,1,182.744,59.24,34,-85
247f333d-feed-4ba2-a242-ec998c92c236-1,EDC_BS6_PERIODIC,2025-12-19 15:06:15,2025-12-19 15:06:30,23.5769568,86.3597696,26939,600,FixOK,A,OaJ5CU0303,G133E15425,"Purulia - Dhanbad Rd, Chandankiyari, Jharkhand 828134, India",4788.5,17.47,IgnitionOn,1,178.774,54.58,36,-85
247f333d-feed-4ba2-a242-ec998c92c236-2,EDC_BS6_PERIODIC,2025-12-19 15:06:21,2025-12-19 15:06:30,23.5769728,86.3599296,26940,600,FixOK,A,OaJ5CU0303,G133E15425,"Purulia - Dhanbad Rd, Chandankiyari, Jharkhand 828134, India",4788.5,10.79,IgnitionOn,1,176.597,111.3,36,-85
41c82ac5-6831-4725-af27-82d930ee33a2-11,EDC_BS6_PERIODIC,2025-12-19 15:06:27,2025-12-19 15:08:54,23.576888,86.36016,26941,600,FixOK,A,OaJ5CU0303,G133E15425,"JH SH 12, Chandankiyari, Jharkhand 828134, India",4788.5,15.36,IgnitionOn,1,175.779,108.72,37,-85
41c82ac5-6831-4725-af27-82d930ee33a2-10,BRAKE_PRESSED,2025-12-19 15:06:32,2025-12-19 15:08:54,23.5768016,86.3604352,23698,600,FixOK,,OaJ5CU0303,G133E15425,"JH SH 12, Chandankiyari, Jharkhand 828134, India",0,17.08,IgnitionOn,1,,,,
41c82ac5-6831-4725-af27-82d930ee33a2-9,EDC_BS6_PERIODIC,2025-12-19 15:06:33,2025-12-19 15:08:54,23.5767856,86.3604992,26942,600,FixOK,A,OaJ5CU0303,G133E15425,"JH SH 12, Chandankiyari, Jharkhand 828134, India",4788.5,24.71,IgnitionOn,1,175.669,109.56,35,-85
e07f6d15-b492-4885-a160-e08253db1d21-10,EDC_BS6_PERIODIC,2025-12-19 15:06:39,2025-12-19 15:07:31,23.576696,86.3607424,26943,600,FixOK,A,OaJ5CU0303,G133E15425,"Purulia - Dhanbad Rd, Jharkhand 828134, India",4788.625,12.86,IgnitionOn,1,175.776,120.45,35,-85
e07f6d15-b492-4885-a160-e08253db1d21-9,EDC_BS6_PERIODIC,2025-12-19 15:06:45,2025-12-19 15:07:31,23.5766592,86.3608384,26944,600,FixOK,A,OaJ5CU0303,G133E15425,"Purulia - Dhanbad Rd, Jharkhand 828134, India",4788.625,7.64,IgnitionOn,1,176.1,119.02,34,-85
e07f6d15-b492-4885-a160-e08253db1d21-8,EDC_BS6_PERIODIC,2025-12-19 15:06:51,2025-12-19 15:07:31,23.5765824,86.3611392,26945,600,FixOK,A,OaJ5CU0303,G133E15425,"Purulia - Dhanbad Rd, Jharkhand 828134, India",4788.625,20.4,IgnitionOn,1,176.582,109.12,34,-85
e07f6d15-b492-4885-a160-e08253db1d21-7,BRAKE_PRESSED,2025-12-19 15:06:56,2025-12-19 15:07:31,23.5764672,86.361472,23699,600,FixOK,,OaJ5CU0303,G133E15425,"Purulia - Dhanbad Rd, Jharkhand 828134, India",0,24.09,IgnitionOn,1,,,,
e07f6d15-b492-4885-a160-e08253db1d21-6,EDC_BS6_PERIODIC,2025-12-19 15:06:57,2025-12-19 15:07:31,23.5764448,86.361536,26946,600,FixOK,A,OaJ5CU0303,G133E15425,"Purulia - Dhanbad Rd, Jharkhand 828134, India",4788.625,28.19,IgnitionOn,1,176.858,110.75,36,-85
e07f6d15-b492-4885-a160-e08253db1d21-5,EDC_BS6_PERIODIC,2025-12-19 15:07:03,2025-12-19 15:07:31,23.5762432,86.3618304,26947,600,FixOK,A,OaJ5CU0303,G133E15425,"Purulia - Dhanbad Rd, Jharkhand 828134, India",4788.75,21.59,IgnitionOn,1,177.656,144.3,38,-85
e07f6d15-b492-4885-a160-e08253db1d21-4,EDC_BS6_PERIODIC,2025-12-19 15:07:09,2025-12-19 15:07:31,23.575912,86.3620096,26948,600,FixOK,A,OaJ5CU0303,G133E15425,"Purulia - Dhanbad Rd, Jharkhand 828134, India",4788.75,25.77,IgnitionOn,1,178.869,153.32,38,-85
e07f6d15-b492-4885-a160-e08253db1d21-3,BRAKE_PRESSED,2025-12-19 15:07:11,2025-12-19 15:07:31,23.575792,86.3620992,23700,600,FixOK,,OaJ5CU0303,G133E15425,"Purulia - Dhanbad Rd, Jharkhand 828134, India",0,28.85,IgnitionOn,1,,,,
e07f6d15-b492-4885-a160-e08253db1d21-2,EDC_BS6_PERIODIC,2025-12-19 15:07:15,2025-12-19 15:07:31,23.5755552,86.3622528,26949,600,FixOK,A,OaJ5CU0303,G133E15425,"Purulia - Dhanbad Rd, Jharkhand 828134, India",4788.75,30.13,IgnitionOn,1,180.188,150.52,40,-85
e07f6d15-b492-4885-a160-e08253db1d21-1,EDC_BS6_PERIODIC,2025-12-19 15:07:21,2025-12-19 15:07:31,23.5753824,86.362528,26950,600,FixOK,A,OaJ5CU0303,G133E15425,"Purulia - Dhanbad Rd, Jharkhand 828134, India",4788.875,25.45,IgnitionOn,1,181.365,114.31,39,-85
41c82ac5-6831-4725-af27-82d930ee33a2-8,EDC_BS6_PERIODIC,2025-12-19 15:07:27,2025-12-19 15:08:54,23.575232,86.3629952,26951,600,FixOK,A,OaJ5CU0303,G133E15425,"JH SH 12, Chandankiyari, Jharkhand 828134, India",4788.875,32.27,IgnitionOn,1,181.714,107.47,38,-85
41c82ac5-6831-4725-af27-82d930ee33a2-7,EXHAUST_BRAKE_ON_START,2025-12-19 15:07:29,2025-12-19 15:08:54,23.575184,86.3631488,23701,600,FixOK,,OaJ5CU0303,G133E15425,"JH SH 12, Chandankiyari, Jharkhand 828134, India",0,37.23,IgnitionOn,1,,,,
41c82ac5-6831-4725-af27-82d930ee33a2-6,EXHAUST_BRAKE_ON_END,2025-12-19 15:07:31,2025-12-19 15:08:54,23.5751376,86.3633408,23702,600,FixOK,,OaJ5CU0303,G133E15425,"JH SH 12, Chandankiyari, Jharkhand 828134, India",0,31.26,IgnitionOn,1,,,,
41c82ac5-6831-4725-af27-82d930ee33a2-5,BRAKE_PRESSED,2025-12-19 15:07:32,2025-12-19 15:08:54,23.575112,86.3634432,23703,600,FixOK,,OaJ5CU0303,G133E15425,"JH SH 12, Chandankiyari, Jharkhand 828134, India",0,26.16,IgnitionOn,1,,,,
41c82ac5-6831-4725-af27-82d930ee33a2-4,EDC_BS6_PERIODIC,2025-12-19 15:07:33,2025-12-19 15:08:54,23.5750912,86.3635456,26952,600,FixOK,A,OaJ5CU0303,G133E15425,"JH SH 12, Chandankiyari, Jharkhand 828134, India",4789,37.35,IgnitionOn,1,181.925,104.73,37,-85
41c82ac5-6831-4725-af27-82d930ee33a2-3,EDC_BS6_PERIODIC,2025-12-19 15:07:39,2025-12-19 15:08:54,23.5749952,86.364,26953,600,FixOK,A,OaJ5CU0303,G133E15425,"JH SH 12, Chandankiyari, Jharkhand 828134, India",4789,20.94,IgnitionOn,1,182.093,102.44,37,-85
41c82ac5-6831-4725-af27-82d930ee33a2-2,EDC_BS6_PERIODIC,2025-12-19 15:07:45,2025-12-19 15:08:54,23.5749184,86.364384,26954,600,FixOK,A,OaJ5CU0303,G133E15425,"JH SH 12, Chandankiyari, Jharkhand 828134, India",4789.125,27.36,IgnitionOn,1,181.654,102.62,38,-85
41c82ac5-6831-4725-af27-82d930ee33a2-1,EDC_BS6_PERIODIC,2025-12-19 15:07:51,2025-12-19 15:08:54,23.574824,86.3648768,26955,600,FixOK,A,OaJ5CU0303,G133E15425,"JH SH 12, Chandankiyari, Jharkhand 828134, India",4789.125,33.02,IgnitionOn,1,182.058,103.08,39,-85
aa536770-e6e7-4d9d-9b5d-fd57a50f6dce-257,EDC_BS6_PERIODIC,2025-12-19 15:07:57,2025-12-20 11:56:17,23.574632,86.3654336,26956,600,FixOK,A,OaJ5CU0303,G133E15425,"Unnamed Road, Jharkhand 828134, India",4789.125,37.81,IgnitionOn,1,181.817,116.47,37,-85
aa536770-e6e7-4d9d-9b5d-fd57a50f6dce-258,EXHAUST_BRAKE_ON_START,2025-12-19 15:07:57,2025-12-20 11:56:17,23.574632,86.3654336,23704,600,FixOK,,OaJ5CU0303,G133E15425,"Unnamed Road, Jharkhand 828134, India",0,38.2,IgnitionOn,1,,,,
b56157ba-769a-479e-a157-c494a0fc29f5-10,BRAKE_PRESSED,2025-12-19 15:07:59,2025-12-19 15:08:32,23.574552,86.3656256,23705,600,FixOK,,OaJ5CU0303,G133E15425,"JH SH 12, Chandankiyari, Jharkhand 828134, India",0,35.97,IgnitionOn,1,,,,
b56157ba-769a-479e-a157-c494a0fc29f5-9,EXHAUST_BRAKE_ON_END,2025-12-19 15:08:01,2025-12-19 15:08:32,23.5744768,86.3658112,23706,600,FixOK,,OaJ5CU0303,G133E15425,"JH SH 12, Chandankiyari, Jharkhand 828134, India",0,32.72,IgnitionOn,1,,,,
b56157ba-769a-479e-a157-c494a0fc29f5-8,EDC_BS6_PERIODIC,2025-12-19 15:08:03,2025-12-19 15:08:32,23.5743968,86.3660032,26957,600,FixOK,A,OaJ5CU0303,G133E15425,"JH SH 12, Chandankiyari, Jharkhand 828134, India",4789.25,38.2,IgnitionOn,1,182.009,113.75,35,-85
b56157ba-769a-479e-a157-c494a0fc29f5-7,BRAKE_PRESSED,2025-12-19 15:08:08,2025-12-19 15:08:32,23.5741904,86.3663616,23707,600,FixOK,,OaJ5CU0303,G133E15425,"JH SH 12, Chandankiyari, Jharkhand 828134, India",0,19.8,IgnitionOn,1,,,,
b56157ba-769a-479e-a157-c494a0fc29f5-6,EDC_BS6_PERIODIC,2025-12-19 15:08:09,2025-12-19 15:08:32,23.574136,86.3663936,26958,600,FixOK,A,OaJ5CU0303,G133E15425,"JH SH 12, Chandankiyari, Jharkhand 828134, India",4789.25,27.87,IgnitionOn,1,182.611,128.85,36,-85
b56157ba-769a-479e-a157-c494a0fc29f5-5,EXHAUST_BRAKE_ON_START,2025-12-19 15:08:14,2025-12-19 15:08:32,23.5739536,86.3665536,23708,600,FixOK,,OaJ5CU0303,G133E15425,"JH SH 12, Chandankiyari, Jharkhand 828134, India",0,22.27,IgnitionOn,1,,,,
b56157ba-769a-479e-a157-c494a0fc29f5-4,EDC_BS6_PERIODIC,2025-12-19 15:08:15,2025-12-19 15:08:32,23.57388,86.3665984,26959,600,FixOK,A,OaJ5CU0303,G133E15425,"JH SH 12, Chandankiyari, Jharkhand 828134, India",4789.375,17.09,IgnitionOn,1,184.276,142.46,36,-85
b56157ba-769a-479e-a157-c494a0fc29f5-3,EXHAUST_BRAKE_ON_END,2025-12-19 15:08:15,2025-12-19 15:08:32,23.57388,86.3665984,23709,600,FixOK,,OaJ5CU0303,G133E15425,"JH SH 12, Chandankiyari, Jharkhand 828134, India",0,18.98,IgnitionOn,1,,,,
b56157ba-769a-479e-a157-c494a0fc29f5-2,BRAKE_PRESSED,2025-12-19 15:08:16,2025-12-19 15:08:32,23.5738368,86.3666176,23710,600,FixOK,,OaJ5CU0303,G133E15425,"JH SH 12, Chandankiyari, Jharkhand 828134, India",0,16.7,IgnitionOn,1,,,,
b56157ba-769a-479e-a157-c494a0fc29f5-1,EDC_BS6_PERIODIC,2025-12-19 15:08:21,2025-12-19 15:08:32,23.5736,86.3667264,26960,600,FixOK,A,OaJ5CU0303,G133E15425,"JH SH 12, Chandankiyari, Jharkhand 828134, India",4789.375,20.23,IgnitionOn,1,184.078,154.21,37,-85
aa536770-e6e7-4d9d-9b5d-fd57a50f6dce-259,EDC_BS6_PERIODIC,2025-12-19 15:08:27,2025-12-20 11:56:17,23.573408,86.366816,26961,600,FixOK,A,OaJ5CU0303,G133E15425,"Unnamed Road, Jharkhand 828134, India",4789.375,17.05,IgnitionOn,1,183.841,161.08,36,-85
aa536770-e6e7-4d9d-9b5d-fd57a50f6dce-260,EDC_BS6_PERIODIC,2025-12-19 15:08:33,2025-12-20 11:56:17,23.573088,86.3669248,26962,600,FixOK,A,OaJ5CU0303,G133E15425,"Unnamed Road, Jharkhand 828134, India",4789.5,25.97,IgnitionOn,1,182.488,159.63,38,-85
aa536770-e6e7-4d9d-9b5d-fd57a50f6dce-261,BRAKE_PRESSED,2025-12-19 15:08:38,2025-12-20 11:56:17,23.5727392,86.367008,23711,600,FixOK,,OaJ5CU0303,G133E15425,"Unnamed Road, Jharkhand 828134, India",0,25.73,IgnitionOn,1,,,,
aa536770-e6e7-4d9d-9b5d-fd57a50f6dce-262,EDC_BS6_PERIODIC,2025-12-19 15:08:39,2025-12-20 11:56:17,23.572672,86.367008,26963,600,FixOK,A,OaJ5CU0303,G133E15425,"Unnamed Road, Jharkhand 828134, India",4789.5,29.7,IgnitionOn,1,181.569,169.49,37,-85
12a04e69-14bd-4ac6-963b-8645c32db0d9-10,EDC_BS6_PERIODIC,2025-12-19 15:08:45,2025-12-19 15:09:33,23.5723104,86.3669248,26964,600,FixOK,A,OaJ5CU0303,G133E15425,"JH SH 12, Chandankiyari, Jharkhand 828134, India",4789.5,22.43,IgnitionOn,1,182.546,191.86,36,-85
12a04e69-14bd-4ac6-963b-8645c32db0d9-9,EDC_BS6_PERIODIC,2025-12-19 15:08:51,2025-12-19 15:09:33,23.5720784,86.36688,26965,600,FixOK,A,OaJ5CU0303,G133E15425,"JH SH 12, Chandankiyari, Jharkhand 828134, India",4789.625,20.8,IgnitionOn,1,181.649,179.22,38,-85
12a04e69-14bd-4ac6-963b-8645c32db0d9-8,EDC_BS6_PERIODIC,2025-12-19 15:08:57,2025-12-19 15:09:33,23.5716768,86.36688,26966,600,FixOK,A,OaJ5CU0303,G133E15425,"JH SH 12, Chandankiyari, Jharkhand 828134, India",4789.625,32.23,IgnitionOn,1,180.891,178.14,38,-85
12a04e69-14bd-4ac6-963b-8645c32db0d9-7,EXHAUST_BRAKE_ON_START,2025-12-19 15:09:01,2025-12-19 15:09:33,23.571416,86.3668992,23712,600,FixOK,,OaJ5CU0303,G133E15425,"JH SH 12, Chandankiyari, Jharkhand 828134, India",0,38.49,IgnitionOn,1,,,,
12a04e69-14bd-4ac6-963b-8645c32db0d9-5,BRAKE_PRESSED,2025-12-19 15:09:03,2025-12-19 15:09:33,23.5711264,86.366912,23714,600,FixOK,,OaJ5CU0303,G133E15425,"JH SH 12, Chandankiyari, Jharkhand 828134, India",0,31.12,IgnitionOn,1,,,,
12a04e69-14bd-4ac6-963b-8645c32db0d9-4,EDC_BS6_PERIODIC,2025-12-19 15:09:03,2025-12-19 15:09:33,23.5711264,86.366912,26967,600,FixOK,A,OaJ5CU0303,G133E15425,"JH SH 12, Chandankiyari, Jharkhand 828134, India",4789.625,39.37,IgnitionOn,1,180.227,177.42,36,-85
12a04e69-14bd-4ac6-963b-8645c32db0d9-6,EXHAUST_BRAKE_ON_END,2025-12-19 15:09:03,2025-12-19 15:09:33,23.571224,86.366912,23713,600,FixOK,,OaJ5CU0303,G133E15425,"JH SH 12, Chandankiyari, Jharkhand 828134, India",0,32.05,IgnitionOn,1,,,,
12a04e69-14bd-4ac6-963b-8645c32db0d9-3,EDC_BS6_PERIODIC,2025-12-19 15:09:09,2025-12-19 15:09:33,23.5705792,86.366944,26968,600,FixOK,A,OaJ5CU0303,G133E15425,"JH SH 12, Chandankiyari, Jharkhand 828134, India",4789.75,30.51,IgnitionOn,1,178.927,177.8,35,-85
12a04e69-14bd-4ac6-963b-8645c32db0d9-2,EDC_BS6_PERIODIC,2025-12-19 15:09:15,2025-12-19 15:09:33,23.570288,86.366944,26969,600,FixOK,A,OaJ5CU0303,G133E15425,"JH SH 12, Chandankiyari, Jharkhand 828134, India",4789.75,13.94,IgnitionOn,1,179.748,179.11,36,-85
12a04e69-14bd-4ac6-963b-8645c32db0d9-1,EDC_BS6_PERIODIC,2025-12-19 15:09:21,2025-12-19 15:09:33,23.5700768,86.366944,26970,600,FixOK,A,OaJ5CU0303,G133E15425,"JH SH 12, Chandankiyari, Jharkhand 828134, India",4789.875,17.91,IgnitionOn,1,178.955,177.32,38,-85
aa536770-e6e7-4d9d-9b5d-fd57a50f6dce-264,EDC_BS6_PERIODIC,2025-12-19 15:09:27,2025-12-20 11:56:17,23.569784,86.3669632,26971,600,FixOK,A,OaJ5CU0303,G133E15425,"Chandankiyari - Dubra - Raghunathpur Rd, Chandankiyari, Jharkhand 828134, India",4789.875,20.13,IgnitionOn,1,179.389,179.07,38,-85
aa536770-e6e7-4d9d-9b5d-fd57a50f6dce-265,EDC_BS6_PERIODIC,2025-12-19 15:09:33,2025-12-20 11:56:17,23.5694528,86.366976,26972,600,FixOK,A,OaJ5CU0303,G133E15425,"Chandankiyari - Dubra - Raghunathpur Rd, Chandankiyari, Jharkhand 828134, India",4789.875,23.43,IgnitionOn,1,179.587,175.36,36,-55
9aefa142-836d-44d3-96bf-806161d9669f-10,BRAKE_PRESSED,2025-12-19 15:09:36,2025-12-19 15:10:34,23.569288,86.3669888,23715,600,FixOK,,OaJ5CU0303,G133E15425,"Unnamed Road, Jharkhand 828134, India",0,17.99,IgnitionOn,1,,,,
9aefa142-836d-44d3-96bf-806161d9669f-9,EDC_BS6_PERIODIC,2025-12-19 15:09:39,2025-12-19 15:10:34,23.5691328,86.367008,26973,600,FixOK,A,OaJ5CU0303,G133E15425,"Unnamed Road, Jharkhand 828134, India",4789.875,20.23,IgnitionOn,1,179.864,172.77,36,-55
9aefa142-836d-44d3-96bf-806161d9669f-8,EDC_BS6_PERIODIC,2025-12-19 15:09:45,2025-12-19 15:10:34,23.5688832,86.3671168,26974,600,FixOK,A,OaJ5CU0303,G133E15425,"Unnamed Road, Jharkhand 828134, India",4790,16.48,IgnitionOn,1,180.171,164.5,37,-55
9aefa142-836d-44d3-96bf-806161d9669f-7,EDC_BS6_PERIODIC,2025-12-19 15:09:51,2025-12-19 15:10:34,23.568672,86.3673344,26975,600,FixOK,A,OaJ5CU0303,G133E15425,"Unnamed Road, Jharkhand 828134, India",4790,20.16,IgnitionOn,1,179.744,132.67,35,-55
9aefa142-836d-44d3-96bf-806161d9669f-6,BRAKE_PRESSED,2025-12-19 15:09:54,2025-12-19 15:10:34,23.5685584,86.3674624,23716,600,FixOK,,OaJ5CU0303,G133E15425,"Unnamed Road, Jharkhand 828134, India",0,14.84,IgnitionOn,1,,,,
9aefa142-836d-44d3-96bf-806161d9669f-5,EDC_BS6_PERIODIC,2025-12-19 15:09:57,2025-12-19 15:10:34,23.5684512,86.3675904,26976,600,FixOK,A,OaJ5CU0303,G133E15425,"Unnamed Road, Jharkhand 828134, India",4790,21.84,IgnitionOn,1,181.042,128.99,34,-55
9aefa142-836d-44d3-96bf-806161d9669f-4,EDC_BS6_PERIODIC,2025-12-19 15:10:03,2025-12-19 15:10:34,23.5683344,86.3677568,26977,600,FixOK,A,OaJ5CU0303,G133E15425,"Unnamed Road, Jharkhand 828134, India",4790,4.62,IgnitionOn,1,181.445,132.63,36,-55
9aefa142-836d-44d3-96bf-806161d9669f-3,EDC_BS6_PERIODIC,2025-12-19 15:10:09,2025-12-19 15:10:34,23.5682896,86.367808,26978,600,FixOK,A,OaJ5CU0303,G133E15425,"Unnamed Road, Jharkhand 828134, India",4790,6.32,IgnitionOn,1,181.945,137.33,37,-55
9aefa142-836d-44d3-96bf-806161d9669f-2,EDC_BS6_PERIODIC,2025-12-19 15:10:15,2025-12-19 15:10:34,23.568208,86.367936,26979,600,FixOK,A,OaJ5CU0303,G133E15425,"Unnamed Road, Jharkhand 828134, India",4790.125,12.6,IgnitionOn,1,182.272,104.04,36,-55
9aefa142-836d-44d3-96bf-806161d9669f-1,EDC_BS6_PERIODIC,2025-12-19 15:10:21,2025-12-19 15:10:34,23.5682208,86.36816,26980,600,FixOK,A,OaJ5CU0303,G133E15425,"Unnamed Road, Jharkhand 828134, India",4790.125,21.55,IgnitionOn,1,182.423,81.73,38,-55
aa536770-e6e7-4d9d-9b5d-fd57a50f6dce-266,BRAKE_PRESSED,2025-12-19 15:10:26,2025-12-20 11:56:17,23.5682592,86.3685056,23717,600,FixOK,,OaJ5CU0303,G133E15425,"Chandankiyari - Dubra - Raghunathpur Rd, Chandankiyari, Jharkhand 828134, India",0,32.23,IgnitionOn,1,,,,
aa536770-e6e7-4d9d-9b5d-fd57a50f6dce-267,EDC_BS6_PERIODIC,2025-12-19 15:10:27,2025-12-20 11:56:17,23.568264,86.3685824,26981,600,FixOK,A,OaJ5CU0303,G133E15425,"Chandankiyari - Dubra - Raghunathpur Rd, Chandankiyari, Jharkhand 828134, India",4790.125,32.2,IgnitionOn,1,180.817,85.37,38,-55
69a36ca7-96b5-4d50-ad0a-19dee17f6102-10,EDC_BS6_PERIODIC,2025-12-19 15:10:33,2025-12-19 15:11:34,23.5683344,86.3691008,26982,600,FixOK,A,OaJ5CU0303,G133E15425,"Chandankiyari - Dubra - Raghunathpur Rd, Chandankiyari, Jharkhand 828134, India",4790.25,30.34,IgnitionOn,1,179.597,82.15,37,-55
69a36ca7-96b5-4d50-ad0a-19dee17f6102-9,EDC_BS6_PERIODIC,2025-12-19 15:10:39,2025-12-19 15:11:34,23.568384,86.3695424,26983,600,FixOK,A,OaJ5CU0303,G133E15425,"Chandankiyari - Dubra - Raghunathpur Rd, Chandankiyari, Jharkhand 828134, India",4790.25,28.49,IgnitionOn,1,177.516,83.52,36,-55
69a36ca7-96b5-4d50-ad0a-19dee17f6102-8,EDC_BS6_PERIODIC,2025-12-19 15:10:45,2025-12-19 15:11:34,23.5684352,86.369984,26984,600,FixOK,A,OaJ5CU0303,G133E15425,"Chandankiyari - Dubra - Raghunathpur Rd, Chandankiyari, Jharkhand 828134, India",4790.375,40.28,IgnitionOn,1,175.811,80.7,37,-55
69a36ca7-96b5-4d50-ad0a-19dee17f6102-7,EDC_BS6_PERIODIC,2025-12-19 15:10:51,2025-12-19 15:11:34,23.568616,86.3713536,26985,600,FixOK,A,OaJ5CU0303,G133E15425,"Chandankiyari - Dubra - Raghunathpur Rd, Chandankiyari, Jharkhand 828134, India",4790.375,44,IgnitionOn,1,172.276,81.66,36,-55
69a36ca7-96b5-4d50-ad0a-19dee17f6102-6,EDC_BS6_PERIODIC,2025-12-19 15:10:57,2025-12-19 15:11:34,23.5687072,86.3720896,26986,600,FixOK,A,OaJ5CU0303,G133E15425,"Chandankiyari - Dubra - Raghunathpur Rd, Chandankiyari, Jharkhand 828134, India",4790.5,47.29,IgnitionOn,1,171.525,82.3,37,-55
69a36ca7-96b5-4d50-ad0a-19dee17f6102-5,EDC_BS6_PERIODIC,2025-12-19 15:11:03,2025-12-19 15:11:34,23.5688016,86.3728,26987,600,FixOK,A,OaJ5CU0303,G133E15425,"Chandankiyari - Dubra - Raghunathpur Rd, Chandankiyari, Jharkhand 828134, India",4790.5,46.09,IgnitionOn,1,169.871,82.86,36,-55
69a36ca7-96b5-4d50-ad0a-19dee17f6102-4,EDC_BS6_PERIODIC,2025-12-19 15:11:09,2025-12-19 15:11:34,23.568904,86.373504,26988,600,FixOK,A,OaJ5CU0303,G133E15425,"Chandankiyari - Dubra - Raghunathpur Rd, Chandankiyari, Jharkhand 828134, India",4790.625,45.84,IgnitionOn,1,169.309,81.58,36,-55
69a36ca7-96b5-4d50-ad0a-19dee17f6102-3,BRAKE_PRESSED,2025-12-19 15:11:15,2025-12-19 15:11:34,23.5689792,86.3741696,23718,600,FixOK,,OaJ5CU0303,G133E15425,"Chandankiyari - Dubra - Raghunathpur Rd, Chandankiyari, Jharkhand 828134, India",0,41.55,IgnitionOn,1,,,,
69a36ca7-96b5-4d50-ad0a-19dee17f6102-2,EDC_BS6_PERIODIC,2025-12-19 15:11:15,2025-12-19 15:11:34,23.5689792,86.3741696,26989,600,FixOK,A,OaJ5CU0303,G133E15425,"Chandankiyari - Dubra - Raghunathpur Rd, Chandankiyari, Jharkhand 828134, India",4790.75,43.6,IgnitionOn,1,169.501,85.33,35,-55
69a36ca7-96b5-4d50-ad0a-19dee17f6102-1,EDC_BS6_PERIODIC,2025-12-19 15:11:21,2025-12-19 15:11:34,23.568976,86.3747712,26990,600,FixOK,A,OaJ5CU0303,G133E15425,"Chandankiyari - Dubra - Raghunathpur Rd, Chandankiyari, Jharkhand 828134, India",4790.75,41.54,IgnitionOn,1,169.576,91.73,34,-55
aa536770-e6e7-4d9d-9b5d-fd57a50f6dce-268,EDC_BS6_PERIODIC,2025-12-19 15:11:27,2025-12-20 11:56:17,23.5689632,86.3751744,26991,600,FixOK,A,OaJ5CU0303,G133E15425,"+2 High school Chandankiyaro, Chandankiyari, Jharkhand 828134, India",4790.875,24.8,IgnitionOn,1,169.402,90.26,33,-55
aa536770-e6e7-4d9d-9b5d-fd57a50f6dce-269,EDC_BS6_PERIODIC,2025-12-19 15:11:33,2025-12-20 11:56:17,23.5689568,86.375616,26992,600,FixOK,A,OaJ5CU0303,G133E15425,"Kasturuba Rd, Jharkhand 828134, India",4790.875,27.32,IgnitionOn,1,169.467,89.29,34,-55
aa536770-e6e7-4d9d-9b5d-fd57a50f6dce-270,BRAKE_PRESSED,2025-12-19 15:11:37,2025-12-20 11:56:17,23.5689568,86.3759616,23719,600,FixOK,,OaJ5CU0303,G133E15425,"Kasturuba Rd, Jharkhand 828134, India",0,29.16,IgnitionOn,1,,,,
a1ec7c1c-8753-4eae-bae0-39ca95213934-10,EDC_BS6_PERIODIC,2025-12-19 15:11:39,2025-12-19 15:12:36,23.5689472,86.3761216,26993,600,FixOK,A,OaJ5CU0303,G133E15425,"Chandankiyari - Dubra - Raghunathpur Rd, Chandankiyari, Jharkhand 828134, India",4791,32.07,IgnitionOn,1,168.781,90.37,34,-55
a1ec7c1c-8753-4eae-bae0-39ca95213934-9,EDC_BS6_PERIODIC,2025-12-19 15:11:45,2025-12-19 15:12:36,23.56892,86.376608,26994,600,FixOK,A,OaJ5CU0303,G133E15425,"Chandankiyari - Dubra - Raghunathpur Rd, Chandankiyari, Jharkhand 828134, India",4791,29.26,IgnitionOn,1,170.119,94.27,35,-55
a1ec7c1c-8753-4eae-bae0-39ca95213934-8,EDC_BS6_PERIODIC,2025-12-19 15:11:51,2025-12-19 15:12:36,23.56892,86.3771392,26995,600,FixOK,A,OaJ5CU0303,G133E15425,"Chandankiyari - Dubra - Raghunathpur Rd, Chandankiyari, Jharkhand 828134, India",4791,37.79,IgnitionOn,1,171.197,90.48,36,-55
a1ec7c1c-8753-4eae-bae0-39ca95213934-7,EDC_BS6_PERIODIC,2025-12-19 15:11:57,2025-12-19 15:12:36,23.568912,86.3777984,26996,600,FixOK,A,OaJ5CU0303,G133E15425,"Chandankiyari - Dubra - Raghunathpur Rd, Chandankiyari, Jharkhand 828134, India",4791.125,41.34,IgnitionOn,1,172.567,90.95,39,-55
a1ec7c1c-8753-4eae-bae0-39ca95213934-6,BRAKE_PRESSED,2025-12-19 15:11:58,2025-12-19 15:12:36,23.568912,86.3778944,23720,600,FixOK,,OaJ5CU0303,G133E15425,"Chandankiyari - Dubra - Raghunathpur Rd, Chandankiyari, Jharkhand 828134, India",0,36.56,IgnitionOn,1,,,,
a1ec7c1c-8753-4eae-bae0-39ca95213934-5,EDC_BS6_PERIODIC,2025-12-19 15:12:03,2025-12-19 15:12:36,23.568912,86.3783808,26997,600,FixOK,A,OaJ5CU0303,G133E15425,"Chandankiyari - Dubra - Raghunathpur Rd, Chandankiyari, Jharkhand 828134, India",4791.25,38.82,IgnitionOn,1,173.856,91.27,38,-55
a1ec7c1c-8753-4eae-bae0-39ca95213934-4,EDC_BS6_PERIODIC,2025-12-19 15:12:09,2025-12-19 15:12:36,23.5688992,86.3789056,26998,600,FixOK,A,OaJ5CU0303,G133E15425,"Chandankiyari - Dubra - Raghunathpur Rd, Chandankiyari, Jharkhand 828134, India",4791.25,32.81,IgnitionOn,1,173.977,91.37,36,-55
a1ec7c1c-8753-4eae-bae0-39ca95213934-3,EDC_BS6_PERIODIC,2025-12-19 15:12:15,2025-12-19 15:12:36,23.5688832,86.379456,26999,600,FixOK,A,OaJ5CU0303,G133E15425,"Chandankiyari - Dubra - Raghunathpur Rd, Chandankiyari, Jharkhand 828134, India",4791.25,33.79,IgnitionOn,1,173.007,89.72,36,-55
a1ec7c1c-8753-4eae-bae0-39ca95213934-2,EDC_BS6_PERIODIC,2025-12-19 15:12:22,2025-12-19 15:12:36,23.5688928,86.380032,27000,600,FixOK,A,OaJ5CU0303,G133E15425,"Chandankiyari - Dubra - Raghunathpur Rd, Chandankiyari, Jharkhand 828134, India",4791.375,36.46,IgnitionOn,1,173.098,89.16,37,-55
a1ec7c1c-8753-4eae-bae0-39ca95213934-1,EDC_BS6_PERIODIC,2025-12-19 15:12:27,2025-12-19 15:12:36,23.5688832,86.3805504,27001,600,FixOK,A,OaJ5CU0303,G133E15425,"Chandankiyari - Dubra - Raghunathpur Rd, Chandankiyari, Jharkhand 828134, India",4791.375,38.95,IgnitionOn,1,172.854,91.34,37,-55
aa536770-e6e7-4d9d-9b5d-fd57a50f6dce-271,EDC_BS6_PERIODIC,2025-12-19 15:12:33,2025-12-20 11:56:17,23.56888,86.3812352,27002,600,FixOK,A,OaJ5CU0303,G133E15425,"Chandankiyari - Dubra - Raghunathpur Rd, Birkham, West Bengal 828134, India",4791.5,40.67,IgnitionOn,1,172.315,89.48,38,-55
aa536770-e6e7-4d9d-9b5d-fd57a50f6dce-272,BRAKE_PRESSED,2025-12-19 15:12:34,2025-12-20 11:56:17,23.56888,86.381344,23721,600,FixOK,,OaJ5CU0303,G133E15425,"Chandankiyari - Dubra - Raghunathpur Rd, Birkham, West Bengal 828134, India",0,43.94,IgnitionOn,1,,,,
aa536770-e6e7-4d9d-9b5d-fd57a50f6dce-273,EDC_BS6_PERIODIC,2025-12-19 15:12:39,2025-12-20 11:56:17,23.5688448,86.38192,27003,600,FixOK,A,OaJ5CU0303,G133E15425,"Chandankiyari - Dubra - Raghunathpur Rd, Birkham, West Bengal 828134, India",4791.5,43.77,IgnitionOn,1,171.947,92.87,36,-55
aa536770-e6e7-4d9d-9b5d-fd57a50f6dce-274-1,HARSH_BREAKING_END,2025-12-19 15:12:40,2025-12-20 11:56:17,23.568832,86.382016,23722,600,FixOK,,OaJ5CU0303,G133E15425,"Chandankiyari - Dubra - Raghunathpur Rd, Birkham, West Bengal 828134, India",0,17.12,IgnitionOn,1,,,,
aa536770-e6e7-4d9d-9b5d-fd57a50f6dce-274,HARSH_BREAKING_START,2025-12-19 15:12:40,2025-12-20 11:56:17,23.568832,86.382016,23722,600,FixOK,,OaJ5CU0303,G133E15425,"Chandankiyari - Dubra - Raghunathpur Rd, Birkham, West Bengal 828134, India",0,17.12,IgnitionOn,1,,,,
aa536770-e6e7-4d9d-9b5d-fd57a50f6dce-275,EDC_BS6_PERIODIC,2025-12-19 15:12:45,2025-12-20 11:56:17,23.5687856,86.382304,27004,600,FixOK,A,OaJ5CU0303,G133E15425,"Chandankiyari - Dubra - Raghunathpur Rd, Birkham, West Bengal 828134, India",4791.625,33.52,IgnitionOn,1,171.453,96.12,34,-55
f84b1627-4c95-41f0-ab88-fef9c3c48d1e-10,BRAKE_PRESSED,2025-12-19 15:12:50,2025-12-19 15:13:37,23.5687536,86.3824896,23723,600,FixOK,,OaJ5CU0303,G133E15425,"Chandankiyari - Dubra - Raghunathpur Rd, Chandankiyari, Jharkhand 828134, India",0,17.12,IgnitionOn,1,,,,
f84b1627-4c95-41f0-ab88-fef9c3c48d1e-9,EDC_BS6_PERIODIC,2025-12-19 15:12:51,2025-12-19 15:13:37,23.5687504,86.3825344,27005,600,FixOK,A,OaJ5CU0303,G133E15425,"Chandankiyari - Dubra - Raghunathpur Rd, Chandankiyari, Jharkhand 828134, India",4791.625,13.45,IgnitionOn,1,170.504,98.61,36,-55
f84b1627-4c95-41f0-ab88-fef9c3c48d1e-8,EDC_BS6_PERIODIC,2025-12-19 15:12:57,2025-12-19 15:13:37,23.5687232,86.3827456,27006,600,FixOK,A,OaJ5CU0303,G133E15425,"Chandankiyari - Dubra - Raghunathpur Rd, Chandankiyari, Jharkhand 828134, India",4791.625,17.17,IgnitionOn,1,168.884,108.58,36,-55
f84b1627-4c95-41f0-ab88-fef9c3c48d1e-7,EDC_BS6_PERIODIC,2025-12-19 15:13:03,2025-12-19 15:13:37,23.568648,86.3828352,27007,600,FixOK,A,OaJ5CU0303,G133E15425,"Chandankiyari - Dubra - Raghunathpur Rd, Chandankiyari, Jharkhand 828134, India",4791.75,7.76,IgnitionOn,1,168.578,131.53,37,-55
f84b1627-4c95-41f0-ab88-fef9c3c48d1e-6,BRAKE_PRESSED,2025-12-19 15:13:04,2025-12-19 15:13:37,23.568632,86.382848,23724,600,FixOK,,OaJ5CU0303,G133E15425,"Chandankiyari - Dubra - Raghunathpur Rd, Chandankiyari, Jharkhand 828134, India",0,6.23,IgnitionOn,1,,,,
f84b1627-4c95-41f0-ab88-fef9c3c48d1e-5,EDC_BS6_PERIODIC,2025-12-19 15:13:09,2025-12-19 15:13:37,23.568616,86.3828992,27008,600,FixOK,A,OaJ5CU0303,G133E15425,"Chandankiyari - Dubra - Raghunathpur Rd, Chandankiyari, Jharkhand 828134, India",4791.75,8.95,IgnitionOn,1,168.891,107.69,38,-55
f84b1627-4c95-41f0-ab88-fef9c3c48d1e-3,EDC_BS6_PERIODIC,2025-12-19 15:13:15,2025-12-19 15:13:37,23.5686208,86.382912,27009,600,FixOK,A,OaJ5CU0303,G133E15425,"Chandankiyari - Dubra - Raghunathpur Rd, Chandankiyari, Jharkhand 828134, India",4791.75,3.73,IgnitionOn,0,169.507,107.69,37,-55
f84b1627-4c95-41f0-ab88-fef9c3c48d1e-4,IGNITION_OFF,2025-12-19 15:13:15,2025-12-19 15:13:37,23.5686208,86.382912,23725,600,FixOK,,OaJ5CU0303,G133E15425,"Chandankiyari - Dubra - Raghunathpur Rd, Chandankiyari, Jharkhand 828134, India",0,,IgnitionOn,0,,,,
f84b1627-4c95-41f0-ab88-fef9c3c48d1e-2,EDC_BS6_PERIODIC,2025-12-19 15:13:21,2025-12-19 15:13:37,23.5686208,86.382912,27010,600,FixOK,A,OaJ5CU0303,G133E15425,"Chandankiyari - Dubra - Raghunathpur Rd, Chandankiyari, Jharkhand 828134, India",4791.75,0,IgnitionOn,0,169.507,107.69,36,-55
f84b1627-4c95-41f0-ab88-fef9c3c48d1e-1,EDC_BS6_PERIODIC,2025-12-19 15:13:27,2025-12-19 15:13:37,23.5686208,86.382912,27011,600,FixOK,A,OaJ5CU0303,G133E15425,"Chandankiyari - Dubra - Raghunathpur Rd, Chandankiyari, Jharkhand 828134, India",4791.75,0,IgnitionOn,0,169.507,107.69,36,-55
aa536770-e6e7-4d9d-9b5d-fd57a50f6dce-276,EDC_BS6_PERIODIC,2025-12-19 15:13:33,2025-12-20 11:56:17,23.5686208,86.382912,27012,600,FixOK,A,OaJ5CU0303,G133E15425,"Chandankiyari - Dubra - Raghunathpur Rd, Birkham, West Bengal 828134, India",4791.75,0,IgnitionOn,0,169.507,107.69,38,-55
aa536770-e6e7-4d9d-9b5d-fd57a50f6dce-277,EDC_BS6_PERIODIC,2025-12-19 15:13:39,2025-12-20 11:56:17,23.5686208,86.382912,27013,600,FixOK,A,OaJ5CU0303,G133E15425,"Chandankiyari - Dubra - Raghunathpur Rd, Birkham, West Bengal 828134, India",4791.75,0,IgnitionOn,0,169.507,107.69,39,-55
aa536770-e6e7-4d9d-9b5d-fd57a50f6dce-278,EDC_BS6_PERIODIC,2025-12-19 15:13:45,2025-12-20 11:56:17,23.5686208,86.382912,27014,600,FixOK,A,OaJ5CU0303,G133E15425,"Chandankiyari - Dubra - Raghunathpur Rd, Birkham, West Bengal 828134, India",4791.75,0,IgnitionOn,0,169.507,107.69,37,-55
aa536770-e6e7-4d9d-9b5d-fd57a50f6dce-279,EDC_BS6_PERIODIC,2025-12-19 15:13:51,2025-12-20 11:56:17,23.5686208,86.382912,27015,600,FixOK,A,OaJ5CU0303,G133E15425,"Chandankiyari - Dubra - Raghunathpur Rd, Birkham, West Bengal 828134, India",4791.75,0,IgnitionOn,0,169.507,107.69,35,-55
aa536770-e6e7-4d9d-9b5d-fd57a50f6dce-280,EDC_BS6_PERIODIC,2025-12-19 15:13:57,2025-12-20 11:56:17,23.5686208,86.382912,27016,600,FixOK,A,OaJ5CU0303,G133E15425,"Chandankiyari - Dubra - Raghunathpur Rd, Birkham, West Bengal 828134, India",0,0,IgnitionOn,0,169.507,107.69,35,-55
aa536770-e6e7-4d9d-9b5d-fd57a50f6dce-281,EDC_BS6_PERIODIC,2025-12-19 15:14:03,2025-12-20 11:56:17,23.5686208,86.382912,27017,600,FixOK,A,OaJ5CU0303,G133E15425,"Chandankiyari - Dubra - Raghunathpur Rd, Birkham, West Bengal 828134, India",0,0,IgnitionOn,0,169.507,107.69,36,-55
aa536770-e6e7-4d9d-9b5d-fd57a50f6dce-282,EDC_BS6_PERIODIC,2025-12-19 15:14:09,2025-12-20 11:56:17,23.5686208,86.382912,27018,600,FixOK,A,OaJ5CU0303,G133E15425,"Chandankiyari - Dubra - Raghunathpur Rd, Birkham, West Bengal 828134, India",0,0,IgnitionOn,0,169.507,107.69,35,-55
aa536770-e6e7-4d9d-9b5d-fd57a50f6dce-283,EDC_BS6_PERIODIC,2025-12-19 15:14:15,2025-12-20 11:56:17,23.5686208,86.382912,27019,600,FixOK,A,OaJ5CU0303,G133E15425,"Chandankiyari - Dubra - Raghunathpur Rd, Birkham, West Bengal 828134, India",0,0,IgnitionOn,0,169.507,107.69,37,-55
fceb988c-2191-4c6d-9f66-563c894fe934-2,EDC_BS6_PERIODIC,2025-12-19 15:14:21,2025-12-19 15:15:42,23.5686208,86.382912,27020,600,FixOK,A,OaJ5CU0303,G133E15425,"Chandankiyari - Dubra - Raghunathpur Rd, Birkham, West Bengal 828134, India",0,0,IgnitionOn,0,169.507,107.69,37,-55
fceb988c-2191-4c6d-9f66-563c894fe934-1,EDC_BS6_PERIODIC,2025-12-19 15:14:27,2025-12-19 15:15:42,23.5686208,86.382912,27021,600,FixOK,A,OaJ5CU0303,G133E15425,"Chandankiyari - Dubra - Raghunathpur Rd, Birkham, West Bengal 828134, India",0,0,IgnitionOn,0,169.507,107.69,38,-55
21782898-300f-4192-889d-5cccd71b9b55-10,EDC_BS6_PERIODIC,2025-12-19 15:14:33,2025-12-19 15:15:39,23.5686208,86.382912,27022,600,FixOK,A,OaJ5CU0303,G133E15425,"Chandankiyari - Dubra - Raghunathpur Rd, Birkham, West Bengal 828134, India",0,0,IgnitionOn,0,169.507,107.69,38,-55
21782898-300f-4192-889d-5cccd71b9b55-9,EDC_BS6_PERIODIC,2025-12-19 15:14:39,2025-12-19 15:15:39,23.5686208,86.382912,27023,600,FixOK,A,OaJ5CU0303,G133E15425,"Chandankiyari - Dubra - Raghunathpur Rd, Birkham, West Bengal 828134, India",0,0,IgnitionOn,0,169.507,107.69,35,-55
21782898-300f-4192-889d-5cccd71b9b55-8,EDC_BS6_PERIODIC,2025-12-19 15:14:45,2025-12-19 15:15:39,23.5686208,86.382912,27024,600,FixOK,A,OaJ5CU0303,G133E15425,"Chandankiyari - Dubra - Raghunathpur Rd, Birkham, West Bengal 828134, India",0,0,IgnitionOn,0,169.507,107.69,36,-55
21782898-300f-4192-889d-5cccd71b9b55-7,EDC_BS6_PERIODIC,2025-12-19 15:14:51,2025-12-19 15:15:39,23.5686208,86.382912,27025,600,FixOK,A,OaJ5CU0303,G133E15425,"Chandankiyari - Dubra - Raghunathpur Rd, Birkham, West Bengal 828134, India",0,0,IgnitionOn,0,169.507,107.69,37,-55
21782898-300f-4192-889d-5cccd71b9b55-6,EDC_BS6_PERIODIC,2025-12-19 15:14:57,2025-12-19 15:15:39,23.5686208,86.382912,27026,600,FixOK,A,OaJ5CU0303,G133E15425,"Chandankiyari - Dubra - Raghunathpur Rd, Birkham, West Bengal 828134, India",0,0,IgnitionOn,0,169.507,107.69,35,-55
21782898-300f-4192-889d-5cccd71b9b55-5,EDC_BS6_PERIODIC,2025-12-19 15:15:03,2025-12-19 15:15:39,23.5686208,86.382912,27027,600,FixOK,A,OaJ5CU0303,G133E15425,"Chandankiyari - Dubra - Raghunathpur Rd, Birkham, West Bengal 828134, India",0,0,IgnitionOn,0,169.507,107.69,37,-55
21782898-300f-4192-889d-5cccd71b9b55-4,EDC_BS6_PERIODIC,2025-12-19 15:15:09,2025-12-19 15:15:39,23.5686208,86.382912,27028,600,FixOK,A,OaJ5CU0303,G133E15425,"Chandankiyari - Dubra - Raghunathpur Rd, Birkham, West Bengal 828134, India",0,0,IgnitionOn,0,169.507,107.69,37,-55
21782898-300f-4192-889d-5cccd71b9b55-1,DEVICE_METRICS,2025-12-19 15:15:14,2025-12-19 15:15:39,23.5686208,86.382912,,600,FixOK,,OaJ5CU0303,G133E15425,"Chandankiyari - Dubra - Raghunathpur Rd, Birkham, West Bengal 828134, India",0,,IgnitionOff,0,,,,
21782898-300f-4192-889d-5cccd71b9b55-3,GPS_MESSAGE,2025-12-19 15:15:14,2025-12-19 15:15:39,23.5686208,86.382912,,600,3DFix,,OaJ5CU0303,G133E15425,"Chandankiyari - Dubra - Raghunathpur Rd, Birkham, West Bengal 828134, India",0,,IgnitionOff,0,169,8,38,
21782898-300f-4192-889d-5cccd71b9b55-2,TRIP_END,2025-12-19 15:15:14,2025-12-19 15:15:39,23.5686208,86.382912,,600,FixOK,,OaJ5CU0303,G133E15425,"Chandankiyari - Dubra - Raghunathpur Rd, Birkham, West Bengal 828134, India",0,,IgnitionOff,0,,,,
aa536770-e6e7-4d9d-9b5d-fd57a50f6dce-1,TRIP_START,2025-12-19 15:20:51,2025-12-20 11:56:17,23.5686208,86.382912,,601,StoredFix,,OaJ5CU0303,G133E15425,"Chandankiyari - Dubra - Raghunathpur Rd, Birkham, West Bengal 828134, India",0,,IgnitionOn,1,,,,
aa536770-e6e7-4d9d-9b5d-fd57a50f6dce-3,VERSION_UPDATE,2025-12-19 15:21:03,2025-12-20 11:56:17,23.5686208,86.382912,,601,StoredFix,,OaJ5CU0303,G133E15425,"Chandankiyari - Dubra - Raghunathpur Rd, Birkham, West Bengal 828134, India",0,,IgnitionOn,1,,,,
aa536770-e6e7-4d9d-9b5d-fd57a50f6dce-4,IGNITION_ON,2025-12-19 15:21:08,2025-12-20 11:56:17,23.5686208,86.382912,23726,601,StoredFix,,OaJ5CU0303,G133E15425,"Chandankiyari - Dubra - Raghunathpur Rd, Birkham, West Bengal 828134, India",0,,IgnitionOn,1,,,,
aa536770-e6e7-4d9d-9b5d-fd57a50f6dce-7,ACU_SW_PART_NO,2025-12-19 15:21:09,2025-12-20 11:56:17,23.5686208,86.382912,23729,601,StoredFix,,OaJ5CU0303,G133E15425,"Chandankiyari - Dubra - Raghunathpur Rd, Birkham, West Bengal 828134, India",0,,IgnitionOn,1,,,,
aa536770-e6e7-4d9d-9b5d-fd57a50f6dce-6,ECU_SW_PART_NO,2025-12-19 15:21:09,2025-12-20 11:56:17,23.5686208,86.382912,23728,601,StoredFix,,OaJ5CU0303,G133E15425,"Chandankiyari - Dubra - Raghunathpur Rd, Birkham, West Bengal 828134, India",0,,IgnitionOn,1,,,,
aa536770-e6e7-4d9d-9b5d-fd57a50f6dce-8,EDC_BS6_PERIODIC,2025-12-19 15:21:09,2025-12-20 11:56:17,23.5686208,86.382912,27029,601,StoredFix,V,OaJ5CU0303,G133E15425,"Chandankiyari - Dubra - Raghunathpur Rd, Birkham, West Bengal 828134, India",4791.75,5.52,IgnitionOn,1,169.507,107.69,0,-113
aa536770-e6e7-4d9d-9b5d-fd57a50f6dce-5,ENGINE_CRANKING,2025-12-19 15:21:09,2025-12-20 11:56:17,23.5686208,86.382912,23727,601,StoredFix,,OaJ5CU0303,G133E15425,"Chandankiyari - Dubra - Raghunathpur Rd, Birkham, West Bengal 828134, India",0,,IgnitionOn,1,,,,
aa536770-e6e7-4d9d-9b5d-fd57a50f6dce-9,BRAKE_PRESSED,2025-12-19 15:21:14,2025-12-20 11:56:17,23.5686208,86.382912,23730,601,StoredFix,,OaJ5CU0303,G133E15425,"Chandankiyari - Dubra - Raghunathpur Rd, Birkham, West Bengal 828134, India",0,6.45,IgnitionOn,1,,,,
aa536770-e6e7-4d9d-9b5d-fd57a50f6dce-10,EDC_BS6_PERIODIC,2025-12-19 15:21:15,2025-12-20 11:56:17,23.5686208,86.382912,27030,601,StoredFix,V,OaJ5CU0303,G133E15425,"Chandankiyari - Dubra - Raghunathpur Rd, Birkham, West Bengal 828134, India",4791.75,6.04,IgnitionOn,1,169.507,107.69,0,-113
aa536770-e6e7-4d9d-9b5d-fd57a50f6dce-11,EDC_BS6_PERIODIC,2025-12-19 15:21:21,2025-12-20 11:56:17,23.5686208,86.382912,27031,601,StoredFix,V,OaJ5CU0303,G133E15425,"Chandankiyari - Dubra - Raghunathpur Rd, Birkham, West Bengal 828134, India",4791.75,8.31,IgnitionOn,1,169.507,107.69,0,-113
aa536770-e6e7-4d9d-9b5d-fd57a50f6dce-12,EDC_BS6_PERIODIC,2025-12-19 15:21:27,2025-12-20 11:56:17,23.5686432,86.3834816,27032,601,StoredFix,V,OaJ5CU0303,G133E15425,"Chandankiyari - Dubra - Raghunathpur Rd, Birkham, West Bengal 828134, India",4791.75,17.57,IgnitionOn,1,168.227,107.69,37,-113
aa536770-e6e7-4d9d-9b5d-fd57a50f6dce-14,EDC_BS6_PERIODIC,2025-12-19 15:21:33,2025-12-20 11:56:17,23.568608,86.383968,27033,601,FixOK,A,OaJ5CU0303,G133E15425,"Chandankiyari - Dubra - Raghunathpur Rd, Birkham, West Bengal 828134, India",4791.75,29.06,IgnitionOn,1,167.906,95.58,37,-113
aa536770-e6e7-4d9d-9b5d-fd57a50f6dce-15,EDC_BS6_PERIODIC,2025-12-19 15:21:39,2025-12-20 11:56:17,23.5685456,86.3846016,27034,601,FixOK,A,OaJ5CU0303,G133E15425,"Chandankiyari - Dubra - Raghunathpur Rd, Birkham, West Bengal 828134, India",4791.875,38.66,IgnitionOn,1,167.548,96.51,37,-113
aa536770-e6e7-4d9d-9b5d-fd57a50f6dce-16,EXHAUST_BRAKE_ON_START,2025-12-19 15:21:44,2025-12-20 11:56:17,23.56848,86.385152,23731,601,FixOK,,OaJ5CU0303,G133E15425,"Chandankiyari - Dubra - Raghunathpur Rd, Birkham, West Bengal 828134, India",0,42.48,IgnitionOn,1,,,,
aa536770-e6e7-4d9d-9b5d-fd57a50f6dce-17,EDC_BS6_PERIODIC,2025-12-19 15:21:45,2025-12-20 11:56:17,23.568464,86.3852736,27035,601,FixOK,A,OaJ5CU0303,G133E15425,"Chandankiyari - Dubra - Raghunathpur Rd, Birkham, West Bengal 828134, India",4791.875,40.98,IgnitionOn,1,167.169,96.29,38,-113
aa536770-e6e7-4d9d-9b5d-fd57a50f6dce-18,BRAKE_PRESSED,2025-12-19 15:21:47,2025-12-20 11:56:17,23.568416,86.3854784,23732,601,FixOK,,OaJ5CU0303,G133E15425,"Chandankiyari - Dubra - Raghunathpur Rd, Birkham, West Bengal 828134, India",0,41.36,IgnitionOn,1,,,,
aa536770-e6e7-4d9d-9b5d-fd57a50f6dce-19,EDC_BS6_PERIODIC,2025-12-19 15:21:51,2025-12-20 11:56:17,23.5682896,86.385888,27036,601,FixOK,A,OaJ5CU0303,G133E15425,"Chandankiyari - Dubra - Raghunathpur Rd, Birkham, West Bengal 828134, India",4792,42.05,IgnitionOn,1,163.914,109.55,38,-113
aa536770-e6e7-4d9d-9b5d-fd57a50f6dce-20,EXHAUST_BRAKE_ON_END,2025-12-19 15:21:53,2025-12-20 11:56:17,23.5682592,86.385984,23733,601,FixOK,,OaJ5CU0303,G133E15425,"Chandankiyari - Dubra - Raghunathpur Rd, Birkham, West Bengal 828134, India",0,33.32,IgnitionOn,1,,,,
aa536770-e6e7-4d9d-9b5d-fd57a50f6dce-21,EDC_BS6_PERIODIC,2025-12-19 15:21:57,2025-12-20 11:56:17,23.56812,86.3864064,27037,601,FixOK,A,OaJ5CU0303,G133E15425,"Chandankiyari - Dubra - Raghunathpur Rd, Birkham, West Bengal 828134, India",4792.125,35.12,IgnitionOn,1,162.411,107.73,39,-113
aa536770-e6e7-4d9d-9b5d-fd57a50f6dce-22,EDC_BS6_PERIODIC,2025-12-19 15:22:03,2025-12-20 11:56:17,23.56796,86.386976,27038,601,FixOK,A,OaJ5CU0303,G133E15425,"Chandankiyari - Dubra - Raghunathpur Rd, Birkham, West Bengal 828134, India",4792.125,37.88,IgnitionOn,1,160.477,107.29,37,-113
aa536770-e6e7-4d9d-9b5d-fd57a50f6dce-23,EDC_BS6_PERIODIC,2025-12-19 15:22:09,2025-12-20 11:56:17,23.5678,86.387584,27039,601,FixOK,A,OaJ5CU0303,G133E15425,"Chandankiyari - Dubra - Raghunathpur Rd, Birkham, West Bengal 828134, India",4792.25,36.71,IgnitionOn,1,159.608,107.19,39,-113
aa536770-e6e7-4d9d-9b5d-fd57a50f6dce-24,EDC_BS6_PERIODIC,2025-12-19 15:22:15,2025-12-20 11:56:17,23.5676608,86.3881216,27040,601,FixOK,A,OaJ5CU0303,G133E15425,"Chandankiyari - Dubra - Raghunathpur Rd, Birkham, West Bengal 828134, India",4792.25,41.56,IgnitionOn,1,158.703,106.2,39,-113
aa536770-e6e7-4d9d-9b5d-fd57a50f6dce-25,EDC_BS6_PERIODIC,2025-12-19 15:22:21,2025-12-20 11:56:17,23.5674432,86.3888,27041,601,FixOK,A,OaJ5CU0303,G133E15425,"Chandankiyari - Dubra - Raghunathpur Rd, Birkham, West Bengal 828134, India",4792.25,45.35,IgnitionOn,1,158.098,109.94,39,-113
aa536770-e6e7-4d9d-9b5d-fd57a50f6dce-26,BRAKE_PRESSED,2025-12-19 15:22:26,2025-12-20 11:56:17,23.5673152,86.389408,23734,601,FixOK,,OaJ5CU0303,G133E15425,"Chandankiyari - Dubra - Raghunathpur Rd, Birkham, West Bengal 828134, India",0,42.88,IgnitionOn,1,,,,
aa536770-e6e7-4d9d-9b5d-fd57a50f6dce-27,EDC_BS6_PERIODIC,2025-12-19 15:22:27,2025-12-20 11:56:17,23.567304,86.3895168,27042,601,FixOK,A,OaJ5CU0303,G133E15425,"Birkham Pool Jharkhand Bengal Borderline, Chandankiyari - Dubra - Raghunathpur Rd, Birkham, West Bengal 828134, India",4792.375,45.95,IgnitionOn,1,159.225,97.69,39,-113
aa536770-e6e7-4d9d-9b5d-fd57a50f6dce-28,EDC_BS6_PERIODIC,2025-12-19 15:22:33,2025-12-20 11:56:17,23.5673152,86.3901376,27043,601,FixOK,A,OaJ5CU0303,G133E15425,"Birkham Pool Jharkhand Bengal Borderline, Chandankiyari - Dubra - Raghunathpur Rd, Birkham, West Bengal 828134, India",4792.5,43.88,IgnitionOn,1,159.425,84.98,38,-113
aa536770-e6e7-4d9d-9b5d-fd57a50f6dce-29,EDC_BS6_PERIODIC,2025-12-19 15:22:39,2025-12-20 11:56:17,23.567408,86.390656,27044,601,FixOK,A,OaJ5CU0303,G133E15425,"Birkham Pool Jharkhand Bengal Borderline, Chandankiyari - Dubra - Raghunathpur Rd, Birkham, West Bengal 828134, India",4792.5,33.3,IgnitionOn,1,160.305,80.79,38,-113
aa536770-e6e7-4d9d-9b5d-fd57a50f6dce-30,BRAKE_PRESSED,2025-12-19 15:22:43,2025-12-20 11:56:17,23.567448,86.3909504,23735,601,FixOK,,OaJ5CU0303,G133E15425,"Birkham Pool Jharkhand Bengal Borderline, Chandankiyari - Dubra - Raghunathpur Rd, Birkham, West Bengal 828134, India",0,34.02,IgnitionOn,1,,,,
aa536770-e6e7-4d9d-9b5d-fd57a50f6dce-31,EDC_BS6_PERIODIC,2025-12-19 15:22:45,2025-12-20 11:56:17,23.5674752,86.3911424,27045,601,FixOK,A,OaJ5CU0303,G133E15425,"Birkham Pool Jharkhand Bengal Borderline, Chandankiyari - Dubra - Raghunathpur Rd, Birkham, West Bengal 828134, India",4792.625,35.9,IgnitionOn,1,162.141,82.63,38,-113
aa536770-e6e7-4d9d-9b5d-fd57a50f6dce-32-1,HARSH_BREAKING_END,2025-12-19 15:22:49,2025-12-20 11:56:17,23.567536,86.391488,23736,601,FixOK,,OaJ5CU0303,G133E15425,"Birkham Pool Jharkhand Bengal Borderline, Chandankiyari - Dubra - Raghunathpur Rd, Birkham, West Bengal 828134, India",0,8.05,IgnitionOn,1,,,,
aa536770-e6e7-4d9d-9b5d-fd57a50f6dce-32,HARSH_BREAKING_START,2025-12-19 15:22:49,2025-12-20 11:56:17,23.567536,86.391488,23736,601,FixOK,,OaJ5CU0303,G133E15425,"Birkham Pool Jharkhand Bengal Borderline, Chandankiyari - Dubra - Raghunathpur Rd, Birkham, West Bengal 828134, India",0,8.05,IgnitionOn,1,,,,
aa536770-e6e7-4d9d-9b5d-fd57a50f6dce-33,EDC_BS6_PERIODIC,2025-12-19 15:22:51,2025-12-20 11:56:17,23.56756,86.391584,27046,601,FixOK,A,OaJ5CU0303,G133E15425,"Birkham Pool Jharkhand Bengal Borderline, Chandankiyari - Dubra - Raghunathpur Rd, Birkham, West Bengal 828134, India",4792.625,33.86,IgnitionOn,1,163.389,79.45,36,-113
aa536770-e6e7-4d9d-9b5d-fd57a50f6dce-34,BRAKE_PRESSED,2025-12-19 15:22:56,2025-12-20 11:56:17,23.5675856,86.3916928,23737,601,FixOK,,OaJ5CU0303,G133E15425,"Birkham Pool Jharkhand Bengal Borderline, Chandankiyari - Dubra - Raghunathpur Rd, Birkham, West Bengal 828134, India",0,4.31,IgnitionOn,1,,,,
aa536770-e6e7-4d9d-9b5d-fd57a50f6dce-35,EDC_BS6_PERIODIC,2025-12-19 15:22:57,2025-12-20 11:56:17,23.5675904,86.391712,27047,601,FixOK,A,OaJ5CU0303,G133E15425,"Birkham Pool Jharkhand Bengal Borderline, Chandankiyari - Dubra - Raghunathpur Rd, Birkham, West Bengal 828134, India",4792.75,8.22,IgnitionOn,1,162.835,89.37,38,-113
aa536770-e6e7-4d9d-9b5d-fd57a50f6dce-36,EDC_BS6_PERIODIC,2025-12-19 15:23:03,2025-12-20 11:56:17,23.5676016,86.391776,27048,601,FixOK,A,OaJ5CU0303,G133E15425,"Birkham Pool Jharkhand Bengal Borderline, Chandankiyari - Dubra - Raghunathpur Rd, Birkham, West Bengal 828134, India",4792.75,7.15,IgnitionOn,1,162.08,89.37,38,-113
aa536770-e6e7-4d9d-9b5d-fd57a50f6dce-37,EDC_BS6_PERIODIC,2025-12-19 15:23:09,2025-12-20 11:56:17,23.5676064,86.3918144,27049,601,FixOK,A,OaJ5CU0303,G133E15425,"Birkham Pool Jharkhand Bengal Borderline, Chandankiyari - Dubra - Raghunathpur Rd, Birkham, West Bengal 828134, India",4792.75,0,IgnitionOn,1,162.757,89.37,38,-113
aa536770-e6e7-4d9d-9b5d-fd57a50f6dce-38,BRAKE_PRESSED,2025-12-19 15:23:11,2025-12-20 11:56:17,23.5676016,86.3918656,23738,601,FixOK,,OaJ5CU0303,G133E15425,"Birkham Pool Jharkhand Bengal Borderline, Chandankiyari - Dubra - Raghunathpur Rd, Birkham, West Bengal 828134, India",0,5.96,IgnitionOn,1,,,,
aa536770-e6e7-4d9d-9b5d-fd57a50f6dce-39,EDC_BS6_PERIODIC,2025-12-19 15:23:15,2025-12-20 11:56:17,23.5676064,86.3919296,27050,601,FixOK,A,OaJ5CU0303,G133E15425,"Birkham Pool Jharkhand Bengal Borderline, Chandankiyari - Dubra - Raghunathpur Rd, Birkham, West Bengal 828134, India",4792.75,7.98,IgnitionOn,1,162.595,86.83,38,-113
aa536770-e6e7-4d9d-9b5d-fd57a50f6dce-40,EDC_BS6_PERIODIC,2025-12-19 15:23:21,2025-12-20 11:56:17,23.5676016,86.3919616,27051,601,FixOK,A,OaJ5CU0303,G133E15425,"Birkham Pool Jharkhand Bengal Borderline, Chandankiyari - Dubra - Raghunathpur Rd, Birkham, West Bengal 828134, India",4792.75,5.81,IgnitionOn,1,162.358,99.75,39,-113
aa536770-e6e7-4d9d-9b5d-fd57a50f6dce-41,EDC_BS6_PERIODIC,2025-12-19 15:23:27,2025-12-20 11:56:17,23.5676016,86.3919616,27052,601,FixOK,A,OaJ5CU0303,G133E15425,"Birkham Pool Jharkhand Bengal Borderline, Chandankiyari - Dubra - Raghunathpur Rd, Birkham, West Bengal 828134, India",4792.75,0,IgnitionOn,1,162.358,99.75,39,-113
aa536770-e6e7-4d9d-9b5d-fd57a50f6dce-42,EDC_BS6_PERIODIC,2025-12-19 15:23:33,2025-12-20 11:56:17,23.5676016,86.3919616,27053,601,FixOK,A,OaJ5CU0303,G133E15425,"Birkham Pool Jharkhand Bengal Borderline, Chandankiyari - Dubra - Raghunathpur Rd, Birkham, West Bengal 828134, India",4792.75,0,IgnitionOn,1,162.358,99.75,38,-113
aa536770-e6e7-4d9d-9b5d-fd57a50f6dce-43,EDC_BS6_PERIODIC,2025-12-19 15:23:39,2025-12-20 11:56:17,23.5676016,86.3919616,27054,601,FixOK,A,OaJ5CU0303,G133E15425,"Birkham Pool Jharkhand Bengal Borderline, Chandankiyari - Dubra - Raghunathpur Rd, Birkham, West Bengal 828134, India",4792.75,0,IgnitionOn,1,162.358,99.75,38,-113
aa536770-e6e7-4d9d-9b5d-fd57a50f6dce-44,EDC_BS6_PERIODIC,2025-12-19 15:23:45,2025-12-20 11:56:17,23.56756,86.3920064,27055,601,FixOK,A,OaJ5CU0303,G133E15425,"Birkham Pool Jharkhand Bengal Borderline, Chandankiyari - Dubra - Raghunathpur Rd, Birkham, West Bengal 828134, India",4792.75,2.27,IgnitionOn,1,162.438,99.75,38,-113
aa536770-e6e7-4d9d-9b5d-fd57a50f6dce-45,EDC_BS6_PERIODIC,2025-12-19 15:23:51,2025-12-20 11:56:17,23.567528,86.3921024,27056,601,FixOK,A,OaJ5CU0303,G133E15425,"Birkham Pool Jharkhand Bengal Borderline, Chandankiyari - Dubra - Raghunathpur Rd, Birkham, West Bengal 828134, India",4792.75,6.23,IgnitionOn,1,162.357,109.97,38,-113
aa536770-e6e7-4d9d-9b5d-fd57a50f6dce-46,EDC_BS6_PERIODIC,2025-12-19 15:23:57,2025-12-20 11:56:17,23.567488,86.392384,27057,601,FixOK,A,OaJ5CU0303,G133E15425,"Chandankiyari - Dubra - Raghunathpur Rd, Birkham, West Bengal 723146, India",4792.75,17.51,IgnitionOn,1,161.733,99.83,38,-113
aa536770-e6e7-4d9d-9b5d-fd57a50f6dce-47,EDC_BS6_PERIODIC,2025-12-19 15:24:03,2025-12-20 11:56:17,23.56744,86.3928064,27058,601,FixOK,A,OaJ5CU0303,G133E15425,"Chandankiyari - Dubra - Raghunathpur Rd, Donrda, West Bengal 723146, India",4792.75,25.96,IgnitionOn,1,161.026,94.01,37,-113
aa536770-e6e7-4d9d-9b5d-fd57a50f6dce-48,EDC_BS6_PERIODIC,2025-12-19 15:24:09,2025-12-20 11:56:17,23.5673952,86.3932672,27059,601,FixOK,A,OaJ5CU0303,G133E15425,"Chandankiyari - Dubra - Raghunathpur Rd, Donrda, West Bengal 723146, India",4792.875,27.87,IgnitionOn,1,160.671,97.16,37,-113
aa536770-e6e7-4d9d-9b5d-fd57a50f6dce-49,EDC_BS6_PERIODIC,2025-12-19 15:24:15,2025-12-20 11:56:17,23.5673376,86.393664,27060,601,FixOK,A,OaJ5CU0303,G133E15425,"Chandankiyari - Dubra - Raghunathpur Rd, Donrda, West Bengal 723146, India",4792.875,30.13,IgnitionOn,1,161.319,99.55,37,-113
aa536770-e6e7-4d9d-9b5d-fd57a50f6dce-50,BRAKE_PRESSED,2025-12-19 15:24:18,2025-12-20 11:56:17,23.5672992,86.3938944,23739,601,FixOK,,OaJ5CU0303,G133E15425,"Chandankiyari - Dubra - Raghunathpur Rd, Donrda, West Bengal 723146, India",0,25.25,IgnitionOn,1,,,,
aa536770-e6e7-4d9d-9b5d-fd57a50f6dce-51,EDC_BS6_PERIODIC,2025-12-19 15:24:21,2025-12-20 11:56:17,23.567264,86.394112,27061,601,FixOK,A,OaJ5CU0303,G133E15425,"Chandankiyari - Dubra - Raghunathpur Rd, Donrda, West Bengal 723146, India",4793,29.23,IgnitionOn,1,161.621,100.54,38,-113
aa536770-e6e7-4d9d-9b5d-fd57a50f6dce-52,BRAKE_PRESSED,2025-12-19 15:24:25,2025-12-20 11:56:17,23.5672288,86.394368,23740,601,FixOK,,OaJ5CU0303,G133E15425,"Chandankiyari - Dubra - Raghunathpur Rd, Donrda, West Bengal 723146, India",0,18.78,IgnitionOn,1,,,,
aa536770-e6e7-4d9d-9b5d-fd57a50f6dce-53,EDC_BS6_PERIODIC,2025-12-19 15:24:27,2025-12-20 11:56:17,23.5672032,86.394496,27062,601,FixOK,A,OaJ5CU0303,G133E15425,"Chandankiyari - Dubra - Raghunathpur Rd, Donrda, West Bengal 723146, India",4793,25.21,IgnitionOn,1,161.836,99.3,38,-113
aa536770-e6e7-4d9d-9b5d-fd57a50f6dce-54,EDC_BS6_PERIODIC,2025-12-19 15:24:33,2025-12-20 11:56:17,23.5671808,86.3947776,27063,601,FixOK,A,OaJ5CU0303,G133E15425,"Chandankiyari - Dubra - Raghunathpur Rd, Donrda, West Bengal 723146, India",4793,18.66,IgnitionOn,1,161.785,89.56,37,-113
aa536770-e6e7-4d9d-9b5d-fd57a50f6dce-55,EDC_BS6_PERIODIC,2025-12-19 15:24:39,2025-12-20 11:56:17,23.567168,86.3948864,27064,601,FixOK,A,OaJ5CU0303,G133E15425,"Chandankiyari - Dubra - Raghunathpur Rd, Donrda, West Bengal 723146, India",4793,4.94,IgnitionOn,1,163.423,99.76,38,-113
aa536770-e6e7-4d9d-9b5d-fd57a50f6dce-56,EDC_BS6_PERIODIC,2025-12-19 15:24:45,2025-12-20 11:56:17,23.5671184,86.3951232,27065,601,FixOK,A,OaJ5CU0303,G133E15425,"Chandankiyari - Dubra - Raghunathpur Rd, Donrda, West Bengal 723146, India",4793.125,15.99,IgnitionOn,1,164.852,105.97,39,-113
aa536770-e6e7-4d9d-9b5d-fd57a50f6dce-57,EDC_BS6_PERIODIC,2025-12-19 15:24:51,2025-12-20 11:56:17,23.5670208,86.395488,27066,601,FixOK,A,OaJ5CU0303,G133E15425,"Chandankiyari - Dubra - Raghunathpur Rd, Donrda, West Bengal 723146, India",4793.125,25.54,IgnitionOn,1,164.899,107.54,38,-113
aa536770-e6e7-4d9d-9b5d-fd57a50f6dce-58,EDC_BS6_PERIODIC,2025-12-19 15:24:57,2025-12-20 11:56:17,23.5669024,86.3959744,27067,601,FixOK,A,OaJ5CU0303,G133E15425,"Chandankiyari - Dubra - Raghunathpur Rd, Donrda, West Bengal 723146, India",4793.125,31.17,IgnitionOn,1,164.369,104.62,39,-113
aa536770-e6e7-4d9d-9b5d-fd57a50f6dce-59,EDC_BS6_PERIODIC,2025-12-19 15:25:03,2025-12-20 11:56:17,23.56676,86.3965824,27068,601,FixOK,A,OaJ5CU0303,G133E15425,"Chandankiyari - Dubra - Raghunathpur Rd, Donrda, West Bengal 723146, India",4793.25,38.62,IgnitionOn,1,163.404,106.19,38,-113
aa536770-e6e7-4d9d-9b5d-fd57a50f6dce-60,EDC_BS6_PERIODIC,2025-12-19 15:25:09,2025-12-20 11:56:17,23.566584,86.397216,27069,601,FixOK,A,OaJ5CU0303,G133E15425,"Chandankiyari - Dubra - Raghunathpur Rd, Donrda, West Bengal 723146, India",4793.25,42.24,IgnitionOn,1,162.106,105.93,38,-113
aa536770-e6e7-4d9d-9b5d-fd57a50f6dce-61,EDC_BS6_PERIODIC,2025-12-19 15:25:15,2025-12-20 11:56:17,23.5663808,86.3978496,27070,601,FixOK,A,OaJ5CU0303,G133E15425,"Chandankiyari - Dubra - Raghunathpur Rd, Donrda, West Bengal 723146, India",4793.375,42.23,IgnitionOn,1,163.095,110.97,38,-113
aa536770-e6e7-4d9d-9b5d-fd57a50f6dce-62,EXHAUST_BRAKE_ON_START,2025-12-19 15:25:20,2025-12-20 11:56:17,23.566248,86.3983488,23741,601,FixOK,,OaJ5CU0303,G133E15425,"Chandankiyari - Dubra - Raghunathpur Rd, Donrda, West Bengal 723146, India",0,37.48,IgnitionOn,1,,,,
aa536770-e6e7-4d9d-9b5d-fd57a50f6dce-63,EDC_BS6_PERIODIC,2025-12-19 15:25:21,2025-12-20 11:56:17,23.5662208,86.3984576,27071,601,FixOK,A,OaJ5CU0303,G133E15425,"Chandankiyari - Dubra - Raghunathpur Rd, Donrda, West Bengal 723146, India",4793.375,38.49,IgnitionOn,1,163.57,106.02,38,-113
aa536770-e6e7-4d9d-9b5d-fd57a50f6dce-65,BRAKE_PRESSED,2025-12-19 15:25:22,2025-12-20 11:56:17,23.5661904,86.3985664,23743,601,FixOK,,OaJ5CU0303,G133E15425,"Chandankiyari - Dubra - Raghunathpur Rd, Donrda, West Bengal 723146, India",0,31.42,IgnitionOn,1,,,,
aa536770-e6e7-4d9d-9b5d-fd57a50f6dce-64,EXHAUST_BRAKE_ON_END,2025-12-19 15:25:22,2025-12-20 11:56:17,23.5662208,86.3984576,23742,601,FixOK,,OaJ5CU0303,G133E15425,"Chandankiyari - Dubra - Raghunathpur Rd, Donrda, West Bengal 723146, India",0,31.49,IgnitionOn,1,,,,
aa536770-e6e7-4d9d-9b5d-fd57a50f6dce-66,EDC_BS6_PERIODIC,2025-12-19 15:25:27,2025-12-20 11:56:17,23.5660768,86.3990528,27072,601,FixOK,A,OaJ5CU0303,G133E15425,"Chandankiyari - Dubra - Raghunathpur Rd, Donrda, West Bengal 723146, India",4793.5,38.81,IgnitionOn,1,165.531,105.9,37,-113
aa536770-e6e7-4d9d-9b5d-fd57a50f6dce-67,EDC_BS6_PERIODIC,2025-12-19 15:25:33,2025-12-20 11:56:17,23.5660128,86.399328,27073,601,FixOK,A,OaJ5CU0303,G133E15425,"Chandankiyari - Dubra - Raghunathpur Rd, Donrda, West Bengal 723146, India",4793.5,18.19,IgnitionOn,1,167.723,101.33,38,-113
aa536770-e6e7-4d9d-9b5d-fd57a50f6dce-68,EDC_BS6_PERIODIC,2025-12-19 15:25:39,2025-12-20 11:56:17,23.565992,86.3994496,27074,601,FixOK,A,OaJ5CU0303,G133E15425,"Chandankiyari - Dubra - Raghunathpur Rd, Donrda, West Bengal 723146, India",4793.625,6.17,IgnitionOn,1,168.498,100.61,38,-113
aa536770-e6e7-4d9d-9b5d-fd57a50f6dce-69,EDC_BS6_PERIODIC,2025-12-19 15:25:45,2025-12-20 11:56:17,23.5659504,86.3996416,27075,601,FixOK,A,OaJ5CU0303,G133E15425,"Chandankiyari - Dubra - Raghunathpur Rd, Donrda, West Bengal 723146, India",4793.625,14.48,IgnitionOn,1,169.768,103.76,37,-113
aa536770-e6e7-4d9d-9b5d-fd57a50f6dce-70,EDC_BS6_PERIODIC,2025-12-19 15:25:51,2025-12-20 11:56:17,23.5658592,86.4000128,27076,601,FixOK,A,OaJ5CU0303,G133E15425,"Chandankiyari - Dubra - Raghunathpur Rd, Donrda, West Bengal 723146, India",4793.625,26.48,IgnitionOn,1,170.716,103.8,37,-113
aa536770-e6e7-4d9d-9b5d-fd57a50f6dce-71,BRAKE_PRESSED,2025-12-19 15:25:55,2025-12-20 11:56:17,23.565784,86.4003136,23744,601,FixOK,,OaJ5CU0303,G133E15425,"Chandankiyari - Dubra - Raghunathpur Rd, Donrda, West Bengal 723146, India",0,25.16,IgnitionOn,1,,,,
aa536770-e6e7-4d9d-9b5d-fd57a50f6dce-72,EDC_BS6_PERIODIC,2025-12-19 15:25:57,2025-12-20 11:56:17,23.5657472,86.4004544,27077,601,FixOK,A,OaJ5CU0303,G133E15425,"Chandankiyari - Dubra - Raghunathpur Rd, Donrda, West Bengal 723146, India",4793.625,28.04,IgnitionOn,1,171.048,104.52,37,-113
aa536770-e6e7-4d9d-9b5d-fd57a50f6dce-73,EDC_BS6_PERIODIC,2025-12-19 15:26:03,2025-12-20 11:56:17,23.5656608,86.400864,27078,601,FixOK,A,OaJ5CU0303,G133E15425,"Drada Bahara, Donrda, West Bengal 723146, India",4793.75,25.04,IgnitionOn,1,171.85,98.44,39,-113
aa536770-e6e7-4d9d-9b5d-fd57a50f6dce-74,EDC_BS6_PERIODIC,2025-12-19 15:26:09,2025-12-20 11:56:17,23.565632,86.401056,27079,601,FixOK,A,OaJ5CU0303,G133E15425,"Drada Bahara, Donrda, West Bengal 723146, India",4793.75,8.4,IgnitionOn,1,171.143,100.8,38,-113
aa536770-e6e7-4d9d-9b5d-fd57a50f6dce-75,EDC_BS6_PERIODIC,2025-12-19 15:26:15,2025-12-20 11:56:17,23.5655808,86.401216,27080,601,FixOK,A,OaJ5CU0303,G133E15425,"Drada Bahara, Donrda, West Bengal 723146, India",4793.75,12.3,IgnitionOn,1,170.916,107.18,37,-113
aa536770-e6e7-4d9d-9b5d-fd57a50f6dce-76,EDC_BS6_PERIODIC,2025-12-19 15:26:21,2025-12-20 11:56:17,23.56552,86.4014976,27081,601,FixOK,A,OaJ5CU0303,G133E15425,"Drada Bahara, Donrda, West Bengal 723146, India",4793.75,20.25,IgnitionOn,1,173.042,104.45,38,-113
aa536770-e6e7-4d9d-9b5d-fd57a50f6dce-77,EDC_BS6_PERIODIC,2025-12-19 15:26:27,2025-12-20 11:56:17,23.565424,86.40192,27082,601,FixOK,A,OaJ5CU0303,G133E15425,"Chandankiyari - Dubra - Raghunathpur Rd, Donrda, West Bengal 723146, India",4793.875,29.45,IgnitionOn,1,173.47,104.18,38,-113
aa536770-e6e7-4d9d-9b5d-fd57a50f6dce-78,BRAKE_PRESSED,2025-12-19 15:26:33,2025-12-20 11:56:17,23.565328,86.4024896,23745,601,FixOK,,OaJ5CU0303,G133E15425,"Chandankiyari - Dubra - Raghunathpur Rd, Donrda, West Bengal 723146, India",0,36.61,IgnitionOn,1,,,,
aa536770-e6e7-4d9d-9b5d-fd57a50f6dce-79,EDC_BS6_PERIODIC,2025-12-19 15:26:33,2025-12-20 11:56:17,23.565328,86.4024896,27083,601,FixOK,A,OaJ5CU0303,G133E15425,"Chandankiyari - Dubra - Raghunathpur Rd, Donrda, West Bengal 723146, India",4793.875,36.45,IgnitionOn,1,170.259,101.48,39,-113
aa536770-e6e7-4d9d-9b5d-fd57a50f6dce-80,EDC_BS6_PERIODIC,2025-12-19 15:26:39,2025-12-20 11:56:17,23.5652304,86.4030848,27084,601,FixOK,A,OaJ5CU0303,G133E15425,"Chandankiyari - Dubra - Raghunathpur Rd, Donrda, West Bengal 723146, India",4794,38.56,IgnitionOn,1,168.867,99.09,38,-113
aa536770-e6e7-4d9d-9b5d-fd57a50f6dce-81,EDC_BS6_PERIODIC,2025-12-19 15:26:45,2025-12-20 11:56:17,23.565136,86.40368,27085,601,FixOK,A,OaJ5CU0303,G133E15425,"Chandankiyari - Dubra - Raghunathpur Rd, Donrda, West Bengal 723146, India",4794,38.39,IgnitionOn,1,166.833,101.05,38,-113
aa536770-e6e7-4d9d-9b5d-fd57a50f6dce-82,EDC_BS6_PERIODIC,2025-12-19 15:26:51,2025-12-20 11:56:17,23.5649936,86.4043264,27086,601,FixOK,A,OaJ5CU0303,G133E15425,"Chandankiyari - Dubra - Raghunathpur Rd, Donrda, West Bengal 723146, India",4794.125,44.08,IgnitionOn,1,166.414,103,38,-113
aa536770-e6e7-4d9d-9b5d-fd57a50f6dce-83,EDC_BS6_PERIODIC,2025-12-19 15:26:57,2025-12-20 11:56:17,23.564936,86.4045568,27087,601,FixOK,A,OaJ5CU0303,G133E15425,"Chandankiyari - Dubra - Raghunathpur Rd, Donrda, West Bengal 723146, India",4794.125,41.55,IgnitionOn,1,166.436,106.12,37,-113
aa536770-e6e7-4d9d-9b5d-fd57a50f6dce-84,EDC_BS6_PERIODIC,2025-12-19 15:27:03,2025-12-20 11:56:17,23.5646208,86.4060736,27088,601,FixOK,A,OaJ5CU0303,G133E15425,"Chandankiyari - Dubra - Raghunathpur Rd, Donrda, West Bengal 723146, India",4794.25,40.38,IgnitionOn,1,169.343,102.33,38,-113
aa536770-e6e7-4d9d-9b5d-fd57a50f6dce-85,EDC_BS6_PERIODIC,2025-12-19 15:27:09,2025-12-20 11:56:17,23.564456,86.4067968,27089,601,FixOK,A,OaJ5CU0303,G133E15425,"Chandankiyari - Dubra - Raghunathpur Rd, Bahara, West Bengal 723146, India",4794.375,45.27,IgnitionOn,1,167.361,103.55,39,-113
aa536770-e6e7-4d9d-9b5d-fd57a50f6dce-86,EDC_BS6_PERIODIC,2025-12-19 15:27:15,2025-12-20 11:56:17,23.5643392,86.407584,27090,601,FixOK,A,OaJ5CU0303,G133E15425,"Chandankiyari - Dubra - Raghunathpur Rd, Bahara, West Bengal 723146, India",4794.375,49.01,IgnitionOn,1,167.714,98.55,39,-113
aa536770-e6e7-4d9d-9b5d-fd57a50f6dce-87,EDC_BS6_PERIODIC,2025-12-19 15:27:21,2025-12-20 11:56:17,23.5642944,86.4082304,27091,601,FixOK,A,OaJ5CU0303,G133E15425,"Chandankiyari - Dubra - Raghunathpur Rd, Bahara, West Bengal 723146, India",4794.5,48.02,IgnitionOn,1,167.376,93.58,38,-113
aa536770-e6e7-4d9d-9b5d-fd57a50f6dce-88,EDC_BS6_PERIODIC,2025-12-19 15:27:27,2025-12-20 11:56:17,23.5642864,86.4090496,27092,601,FixOK,A,OaJ5CU0303,G133E15425,"Chandankiyari - Dubra - Raghunathpur Rd, Bahara, West Bengal 723146, India",4794.625,50.52,IgnitionOn,1,166.583,89.77,39,-113
aa536770-e6e7-4d9d-9b5d-fd57a50f6dce-89,EDC_BS6_PERIODIC,2025-12-19 15:27:33,2025-12-20 11:56:17,23.5643264,86.4098944,27093,601,FixOK,A,OaJ5CU0303,G133E15425,"Chandankiyari - Dubra - Raghunathpur Rd, Bahara, West Bengal 723146, India",4794.625,52.47,IgnitionOn,1,167.203,86.52,39,-113
aa536770-e6e7-4d9d-9b5d-fd57a50f6dce-90,EDC_BS6_PERIODIC,2025-12-19 15:27:39,2025-12-20 11:56:17,23.5643872,86.4107456,27094,601,FixOK,A,OaJ5CU0303,G133E15425,"Chandankiyari - Dubra - Raghunathpur Rd, Bahara, West Bengal 723146, India",4794.75,52.59,IgnitionOn,1,168.384,84.54,39,-113
aa536770-e6e7-4d9d-9b5d-fd57a50f6dce-91,EDC_BS6_PERIODIC,2025-12-19 15:27:45,2025-12-20 11:56:17,23.5644608,86.4116224,27095,601,FixOK,A,OaJ5CU0303,G133E15425,"Chandankiyari - Dubra - Raghunathpur Rd, Bahara, West Bengal 723146, India",4794.875,54.54,IgnitionOn,1,167.421,84.81,38,-113
aa536770-e6e7-4d9d-9b5d-fd57a50f6dce-92,BRAKE_PRESSED,2025-12-19 15:27:47,2025-12-20 11:56:17,23.564488,86.4119104,23746,601,FixOK,,OaJ5CU0303,G133E15425,"Chandankiyari - Dubra - Raghunathpur Rd, Bahara, West Bengal 723146, India",0,53.54,IgnitionOn,1,,,,
aa536770-e6e7-4d9d-9b5d-fd57a50f6dce-93,EDC_BS6_PERIODIC,2025-12-19 15:27:51,2025-12-20 11:56:17,23.5645296,86.4124672,27096,601,FixOK,A,OaJ5CU0303,G133E15425,"Chandankiyari - Dubra - Raghunathpur Rd, Bahara, West Bengal 723146, India",4795,54.74,IgnitionOn,1,165.421,86.04,37,-113
aa536770-e6e7-4d9d-9b5d-fd57a50f6dce-94,EDC_BS6_PERIODIC,2025-12-19 15:27:57,2025-12-20 11:56:17,23.5645792,86.4132992,27097,601,FixOK,A,OaJ5CU0303,G133E15425,"Chandankiyari - Dubra - Raghunathpur Rd, Bahara, West Bengal 723146, India",4795,52.6,IgnitionOn,1,164.799,85.58,37,-113
aa536770-e6e7-4d9d-9b5d-fd57a50f6dce-95,EDC_BS6_PERIODIC,2025-12-19 15:28:03,2025-12-20 11:56:17,23.5645584,86.414144,27098,601,FixOK,A,OaJ5CU0303,G133E15425,"Chandankiyari - Dubra - Raghunathpur Rd, Bahara, West Bengal 723146, India",4795.125,52.66,IgnitionOn,1,162.332,92.19,38,-113
aa536770-e6e7-4d9d-9b5d-fd57a50f6dce-96,EDC_BS6_PERIODIC,2025-12-19 15:28:09,2025-12-20 11:56:17,23.5645344,86.414976,27099,601,FixOK,A,OaJ5CU0303,G133E15425,"Chandankiyari - Dubra - Raghunathpur Rd, Bahara, West Bengal 723146, India",4795.25,51.73,IgnitionOn,1,160.817,91.81,39,-113
aa536770-e6e7-4d9d-9b5d-fd57a50f6dce-97,EDC_BS6_PERIODIC,2025-12-19 15:28:15,2025-12-20 11:56:17,23.5645136,86.415808,27100,601,FixOK,A,OaJ5CU0303,G133E15425,"Chandankiyari - Dubra - Raghunathpur Rd, Bahara, West Bengal 723146, India",4795.375,52.06,IgnitionOn,1,159.367,91.84,39,-113
aa536770-e6e7-4d9d-9b5d-fd57a50f6dce-98,BRAKE_PRESSED,2025-12-19 15:28:21,2025-12-20 11:56:17,23.5644928,86.4166656,23747,601,FixOK,,OaJ5CU0303,G133E15425,"Chandankiyari - Dubra - Raghunathpur Rd, Bahara, West Bengal 723146, India",0,53.51,IgnitionOn,1,,,,
aa536770-e6e7-4d9d-9b5d-fd57a50f6dce-99,EDC_BS6_PERIODIC,2025-12-19 15:28:21,2025-12-20 11:56:17,23.5644928,86.4166656,27101,601,FixOK,A,OaJ5CU0303,G133E15425,"Chandankiyari - Dubra - Raghunathpur Rd, Bahara, West Bengal 723146, India",4795.375,54.22,IgnitionOn,1,158.121,91.54,39,-113
aa536770-e6e7-4d9d-9b5d-fd57a50f6dce-100,EDC_BS6_PERIODIC,2025-12-19 15:28:27,2025-12-20 11:56:17,23.5644992,86.4173824,27102,601,FixOK,A,OaJ5CU0303,G133E15425,"Chandankiyari - Dubra - Raghunathpur Rd, Bahara, West Bengal 723146, India",4795.5,54.35,IgnitionOn,1,156.483,88.91,40,-113
aa536770-e6e7-4d9d-9b5d-fd57a50f6dce-101,EDC_BS6_PERIODIC,2025-12-19 15:28:33,2025-12-20 11:56:17,23.564496,86.418208,27103,601,FixOK,A,OaJ5CU0303,G133E15425,"Chandankiyari - Dubra - Raghunathpur Rd, Bahara, West Bengal 723146, India",4795.625,51.38,IgnitionOn,1,156.425,90.98,40,-113
aa536770-e6e7-4d9d-9b5d-fd57a50f6dce-102,BRAKE_PRESSED,2025-12-19 15:28:37,2025-12-20 11:56:17,23.5645216,86.418784,23748,601,FixOK,,OaJ5CU0303,G133E15425,"Chandankiyari - Dubra - Raghunathpur Rd, Bahara, West Bengal 723146, India",0,52.21,IgnitionOn,1,,,,
aa536770-e6e7-4d9d-9b5d-fd57a50f6dce-103,EDC_BS6_PERIODIC,2025-12-19 15:28:39,2025-12-20 11:56:17,23.5645456,86.419072,27104,601,FixOK,A,OaJ5CU0303,G133E15425,"Chandankiyari - Dubra - Raghunathpur Rd, Bahara, West Bengal 723146, India",4795.75,54.22,IgnitionOn,1,155.839,82.93,39,-113
aa536770-e6e7-4d9d-9b5d-fd57a50f6dce-104,EDC_BS6_PERIODIC,2025-12-19 15:28:45,2025-12-20 11:56:17,23.5646368,86.4198912,27105,601,FixOK,A,OaJ5CU0303,G133E15425,"Chandankiyari - Dubra - Raghunathpur Rd, Bahara, West Bengal 723146, India",4795.75,50.55,IgnitionOn,1,154.779,82.77,40,-113
aa536770-e6e7-4d9d-9b5d-fd57a50f6dce-105,EDC_BS6_PERIODIC,2025-12-19 15:28:51,2025-12-20 11:56:17,23.5647008,86.4204416,27106,601,FixOK,A,OaJ5CU0303,G133E15425,"Chandankiyari - Dubra - Raghunathpur Rd, Bahara, West Bengal 723146, India",4795.875,41.77,IgnitionOn,1,154.671,82.51,40,-113
aa536770-e6e7-4d9d-9b5d-fd57a50f6dce-106,EDC_BS6_PERIODIC,2025-12-19 15:28:57,2025-12-20 11:56:17,23.5647776,86.4210432,27107,601,FixOK,A,OaJ5CU0303,G133E15425,"Chandankiyari - Dubra - Raghunathpur Rd, Bahara, West Bengal 723146, India",4796,37.92,IgnitionOn,1,154.63,82.65,40,-113
aa536770-e6e7-4d9d-9b5d-fd57a50f6dce-107,EDC_BS6_PERIODIC,2025-12-19 15:29:03,2025-12-20 11:56:17,23.5649248,86.4214912,27108,601,FixOK,A,OaJ5CU0303,G133E15425,"Chandankiyari - Dubra - Raghunathpur Rd, Bahara, West Bengal 723146, India",4796,30.44,IgnitionOn,1,155.673,74.73,40,-113
aa536770-e6e7-4d9d-9b5d-fd57a50f6dce-108,BRAKE_PRESSED,2025-12-19 15:29:05,2025-12-20 11:56:17,23.5650304,86.4216,23749,601,FixOK,,OaJ5CU0303,G133E15425,"Chandankiyari - Dubra - Raghunathpur Rd, Bahara, West Bengal 723146, India",0,26.22,IgnitionOn,1,,,,
aa536770-e6e7-4d9d-9b5d-fd57a50f6dce-109,EDC_BS6_PERIODIC,2025-12-19 15:29:09,2025-12-20 11:56:17,23.5652832,86.4218112,27109,601,FixOK,A,OaJ5CU0303,G133E15425,"Chandankiyari - Dubra - Raghunathpur Rd, Bahara, West Bengal 723146, India",4796,32.95,IgnitionOn,1,156.3,43.02,40,-113
aa536770-e6e7-4d9d-9b5d-fd57a50f6dce-110,EDC_BS6_PERIODIC,2025-12-19 15:29:15,2025-12-20 11:56:17,23.5655056,86.4220096,27110,601,FixOK,A,OaJ5CU0303,G133E15425,"Chandankiyari - Dubra - Raghunathpur Rd, Bahara, West Bengal 723146, India",4796.125,14.34,IgnitionOn,1,156.302,32.84,38,-113
aa536770-e6e7-4d9d-9b5d-fd57a50f6dce-111,EDC_BS6_PERIODIC,2025-12-19 15:29:21,2025-12-20 11:56:17,23.5657296,86.4221696,27111,601,FixOK,A,OaJ5CU0303,G133E15425,"Chandankiyari - Dubra - Raghunathpur Rd, Bahara, West Bengal 723146, India",4796.125,20.56,IgnitionOn,1,155.02,37.65,35,-113
aa536770-e6e7-4d9d-9b5d-fd57a50f6dce-112,EDC_BS6_PERIODIC,2025-12-19 15:29:27,2025-12-20 11:56:17,23.5659616,86.4223744,27112,601,FixOK,A,OaJ5CU0303,G133E15425,"Chandankiyari - Dubra - Raghunathpur Rd, Bahara, West Bengal 723146, India",4796.125,25.08,IgnitionOn,1,153.666,41.08,38,-113
aa536770-e6e7-4d9d-9b5d-fd57a50f6dce-113,BRAKE_PRESSED,2025-12-19 15:29:29,2025-12-20 11:56:17,23.566064,86.422464,23750,601,FixOK,,OaJ5CU0303,G133E15425,"Chandankiyari - Dubra - Raghunathpur Rd, Bahara, West Bengal 723146, India",0,24.69,IgnitionOn,1,,,,
aa536770-e6e7-4d9d-9b5d-fd57a50f6dce-114,EDC_BS6_PERIODIC,2025-12-19 15:29:33,2025-12-20 11:56:17,23.56628,86.422656,27113,601,FixOK,A,OaJ5CU0303,G133E15425,"Chandankiyari - Dubra - Raghunathpur Rd, Amchatar, West Bengal 723145, India",4796.25,29.96,IgnitionOn,1,152.863,40.86,38,-113
aa536770-e6e7-4d9d-9b5d-fd57a50f6dce-115,EDC_BS6_PERIODIC,2025-12-19 15:29:39,2025-12-20 11:56:17,23.566496,86.4228992,27114,601,FixOK,A,OaJ5CU0303,G133E15425,"Chandankiyari - Dubra - Raghunathpur Rd, Amchatar, West Bengal 723145, India",4796.25,17.91,IgnitionOn,1,152.608,47.16,36,-113
aa536770-e6e7-4d9d-9b5d-fd57a50f6dce-116,EDC_BS6_PERIODIC,2025-12-19 15:29:45,2025-12-20 11:56:17,23.566576,86.4230336,27115,601,FixOK,A,OaJ5CU0303,G133E15425,"Chandankiyari - Dubra - Raghunathpur Rd, Amchatar, West Bengal 723145, India",4796.25,8.43,IgnitionOn,1,153.384,74.01,36,-113
aa536770-e6e7-4d9d-9b5d-fd57a50f6dce-117,EDC_BS6_PERIODIC,2025-12-19 15:29:51,2025-12-20 11:56:17,23.5665888,86.4230464,27116,601,FixOK,A,OaJ5CU0303,G133E15425,"Chandankiyari - Dubra - Raghunathpur Rd, Amchatar, West Bengal 723145, India",4796.25,0,IgnitionOn,1,153.511,74.01,37,-113
aa536770-e6e7-4d9d-9b5d-fd57a50f6dce-118,BRAKE_PRESSED,2025-12-19 15:29:53,2025-12-20 11:56:17,23.5665888,86.4230656,23751,601,FixOK,,OaJ5CU0303,G133E15425,"Chandankiyari - Dubra - Raghunathpur Rd, Amchatar, West Bengal 723145, India",0,5.76,IgnitionOn,1,,,,
aa536770-e6e7-4d9d-9b5d-fd57a50f6dce-119,EDC_BS6_PERIODIC,2025-12-19 15:29:57,2025-12-20 11:56:17,23.5665888,86.4231616,27117,601,FixOK,A,OaJ5CU0303,G133E15425,"Chandankiyari - Dubra - Raghunathpur Rd, Amchatar, West Bengal 723145, India",4796.25,10.09,IgnitionOn,1,153.617,103.19,37,-113
aa536770-e6e7-4d9d-9b5d-fd57a50f6dce-120,EDC_BS6_PERIODIC,2025-12-19 15:30:03,2025-12-20 11:56:17,23.566576,86.4232384,27118,601,FixOK,A,OaJ5CU0303,G133E15425,"Chandankiyari - Dubra - Raghunathpur Rd, Amchatar, West Bengal 723145, India",4796.25,3.45,IgnitionOn,1,153.735,96.04,39,-113
aa536770-e6e7-4d9d-9b5d-fd57a50f6dce-121,EDC_BS6_PERIODIC,2025-12-19 15:30:09,2025-12-20 11:56:17,23.566576,86.4232704,27119,601,FixOK,A,OaJ5CU0303,G133E15425,"Chandankiyari - Dubra - Raghunathpur Rd, Amchatar, West Bengal 723145, India",4796.25,2.1,IgnitionOn,1,153.828,96.04,38,-113
aa536770-e6e7-4d9d-9b5d-fd57a50f6dce-122,EDC_BS6_PERIODIC,2025-12-19 15:30:15,2025-12-20 11:56:17,23.566576,86.4232704,27120,601,FixOK,A,OaJ5CU0303,G133E15425,"Chandankiyari - Dubra - Raghunathpur Rd, Amchatar, West Bengal 723145, India",4796.25,0,IgnitionOn,1,153.96,96.04,38,-113
aa536770-e6e7-4d9d-9b5d-fd57a50f6dce-123,EDC_BS6_PERIODIC,2025-12-19 15:30:21,2025-12-20 11:56:17,23.566576,86.4232704,27121,601,FixOK,A,OaJ5CU0303,G133E15425,"Chandankiyari - Dubra - Raghunathpur Rd, Amchatar, West Bengal 723145, India",4796.25,0,IgnitionOn,1,153.96,96.04,39,-113
aa536770-e6e7-4d9d-9b5d-fd57a50f6dce-124,EDC_BS6_PERIODIC,2025-12-19 15:30:27,2025-12-20 11:56:17,23.566576,86.4232704,27122,601,FixOK,A,OaJ5CU0303,G133E15425,"Chandankiyari - Dubra - Raghunathpur Rd, Amchatar, West Bengal 723145, India",4796.25,0,IgnitionOn,1,153.96,96.04,39,-113
aa536770-e6e7-4d9d-9b5d-fd57a50f6dce-125,EDC_BS6_PERIODIC,2025-12-19 15:30:33,2025-12-20 11:56:17,23.566576,86.4232704,27123,601,FixOK,A,OaJ5CU0303,G133E15425,"Chandankiyari - Dubra - Raghunathpur Rd, Amchatar, West Bengal 723145, India",4796.25,0,IgnitionOn,1,153.96,96.04,39,-113
aa536770-e6e7-4d9d-9b5d-fd57a50f6dce-126,EDC_BS6_PERIODIC,2025-12-19 15:30:39,2025-12-20 11:56:17,23.566576,86.4232704,27124,601,FixOK,A,OaJ5CU0303,G133E15425,"Chandankiyari - Dubra - Raghunathpur Rd, Amchatar, West Bengal 723145, India",4796.25,0,IgnitionOn,1,153.96,96.04,38,-113
aa536770-e6e7-4d9d-9b5d-fd57a50f6dce-127,EDC_BS6_PERIODIC,2025-12-19 15:30:45,2025-12-20 11:56:17,23.566568,86.4233216,27125,601,FixOK,A,OaJ5CU0303,G133E15425,"Chandankiyari - Dubra - Raghunathpur Rd, Amchatar, West Bengal 723145, India",4796.25,3.27,IgnitionOn,1,154.197,96.04,39,-113
aa536770-e6e7-4d9d-9b5d-fd57a50f6dce-128,EDC_BS6_PERIODIC,2025-12-19 15:30:51,2025-12-20 11:56:17,23.56648,86.4234752,27126,601,FixOK,A,OaJ5CU0303,G133E15425,"Chandankiyari - Dubra - Raghunathpur Rd, Amchatar, West Bengal 723145, India",4796.375,16.4,IgnitionOn,1,154.143,125.16,39,-113
aa536770-e6e7-4d9d-9b5d-fd57a50f6dce-129,EDC_BS6_PERIODIC,2025-12-19 15:30:57,2025-12-20 11:56:17,23.5663488,86.423744,27127,601,FixOK,A,OaJ5CU0303,G133E15425,"Chandankiyari - Dubra - Raghunathpur Rd, Amchatar, West Bengal 723145, India",4796.375,23.99,IgnitionOn,1,153.345,115.87,37,-113
aa536770-e6e7-4d9d-9b5d-fd57a50f6dce-130,EDC_BS6_PERIODIC,2025-12-19 15:31:03,2025-12-20 11:56:17,23.566248,86.4241984,27128,601,FixOK,A,OaJ5CU0303,G133E15425,"Chandankiyari - Dubra - Raghunathpur Rd, Amchatar, West Bengal 723145, India",4796.375,29.52,IgnitionOn,1,153.428,105.38,38,-113
aa536770-e6e7-4d9d-9b5d-fd57a50f6dce-131,EDC_BS6_PERIODIC,2025-12-19 15:31:09,2025-12-20 11:56:17,23.566152,86.4247168,27129,601,FixOK,A,OaJ5CU0303,G133E15425,"Chandankiyari - Dubra - Raghunathpur Rd, Amchatar, West Bengal 723145, India",4796.5,35.88,IgnitionOn,1,154.3,101.65,36,-113
aa536770-e6e7-4d9d-9b5d-fd57a50f6dce-132,EDC_BS6_PERIODIC,2025-12-19 15:31:15,2025-12-20 11:56:17,23.566048,86.4253312,27130,601,FixOK,A,OaJ5CU0303,G133E15425,"Chandankiyari - Dubra - Raghunathpur Rd, Amchatar, West Bengal 723145, India",4796.5,38.09,IgnitionOn,1,154.744,101.51,37,-113
aa536770-e6e7-4d9d-9b5d-fd57a50f6dce-133,EXHAUST_BRAKE_ON_START,2025-12-19 15:31:15,2025-12-20 11:56:17,23.566048,86.4253312,23752,601,FixOK,,OaJ5CU0303,G133E15425,"Chandankiyari - Dubra - Raghunathpur Rd, Amchatar, West Bengal 723145, India",0,37.65,IgnitionOn,1,,,,
aa536770-e6e7-4d9d-9b5d-fd57a50f6dce-135,BRAKE_PRESSED,2025-12-19 15:31:18,2025-12-20 11:56:17,23.565992,86.4256512,23754,601,FixOK,,OaJ5CU0303,G133E15425,"Chandankiyari - Dubra - Raghunathpur Rd, Amchatar, West Bengal 723145, India",0,30.31,IgnitionOn,1,,,,
aa536770-e6e7-4d9d-9b5d-fd57a50f6dce-134,EXHAUST_BRAKE_ON_END,2025-12-19 15:31:18,2025-12-20 11:56:17,23.5660128,86.425536,23753,601,FixOK,,OaJ5CU0303,G133E15425,"Chandankiyari - Dubra - Raghunathpur Rd, Amchatar, West Bengal 723145, India",0,32,IgnitionOn,1,,,,
aa536770-e6e7-4d9d-9b5d-fd57a50f6dce-136,EDC_BS6_PERIODIC,2025-12-19 15:31:21,2025-12-20 11:56:17,23.5659344,86.4259584,27131,601,FixOK,A,OaJ5CU0303,G133E15425,"Chandankiyari - Dubra - Raghunathpur Rd, Amchatar, West Bengal 723145, India",4796.625,38.92,IgnitionOn,1,155.285,100.23,38,-113
aa536770-e6e7-4d9d-9b5d-fd57a50f6dce-138,EDC_BS6_PERIODIC,2025-12-19 15:31:27,2025-12-20 11:56:17,23.565848,86.42656,27132,601,FixOK,A,OaJ5CU0303,G133E15425,"Chandankiyari - Dubra - Raghunathpur Rd, Udaypur, West Bengal 723145, India",4796.625,21.22,IgnitionOn,1,158.488,96.18,40,-113
aa536770-e6e7-4d9d-9b5d-fd57a50f6dce-139,EDC_BS6_PERIODIC,2025-12-19 15:31:33,2025-12-20 11:56:17,23.565808,86.4267456,27133,601,FixOK,A,OaJ5CU0303,G133E15425,"Chandankiyari - Dubra - Raghunathpur Rd, Udaypur, West Bengal 723145, India",4796.625,5.83,IgnitionOn,1,160.651,108.95,39,-113
aa536770-e6e7-4d9d-9b5d-fd57a50f6dce-140,BRAKE_PRESSED,2025-12-19 15:31:37,2025-12-20 11:56:17,23.5657888,86.4268864,23755,601,FixOK,,OaJ5CU0303,G133E15425,"Chandankiyari - Dubra - Raghunathpur Rd, Udaypur, West Bengal 723145, India",0,9.05,IgnitionOn,1,,,,
aa536770-e6e7-4d9d-9b5d-fd57a50f6dce-141,EDC_BS6_PERIODIC,2025-12-19 15:31:39,2025-12-20 11:56:17,23.5657792,86.4269376,27134,601,FixOK,A,OaJ5CU0303,G133E15425,"Chandankiyari - Dubra - Raghunathpur Rd, Udaypur, West Bengal 723145, India",4796.75,16.12,IgnitionOn,1,161.729,96.93,40,-113
aa536770-e6e7-4d9d-9b5d-fd57a50f6dce-142,EDC_BS6_PERIODIC,2025-12-19 15:31:45,2025-12-20 11:56:17,23.5657472,86.4270784,27135,601,FixOK,A,OaJ5CU0303,G133E15425,"Chandankiyari - Dubra - Raghunathpur Rd, Udaypur, West Bengal 723145, India",4796.75,7.43,IgnitionOn,1,162.639,103,39,-113
aa536770-e6e7-4d9d-9b5d-fd57a50f6dce-143,EDC_BS6_PERIODIC,2025-12-19 15:31:51,2025-12-20 11:56:17,23.5656896,86.427392,27136,601,FixOK,A,OaJ5CU0303,G133E15425,"Chandankiyari - Dubra - Raghunathpur Rd, Udaypur, West Bengal 723145, India",4796.75,16.95,IgnitionOn,1,162.658,101.66,39,-113
aa536770-e6e7-4d9d-9b5d-fd57a50f6dce-144,EDC_BS6_PERIODIC,2025-12-19 15:31:57,2025-12-20 11:56:17,23.5656288,86.4277824,27137,601,FixOK,A,OaJ5CU0303,G133E15425,"Chandankiyari - Dubra - Raghunathpur Rd, Udaypur, West Bengal 723145, India",4796.75,27.24,IgnitionOn,1,161.442,99.33,38,-113
aa536770-e6e7-4d9d-9b5d-fd57a50f6dce-145,EDC_BS6_PERIODIC,2025-12-19 15:32:03,2025-12-20 11:56:17,23.56552,86.428384,27138,601,FixOK,A,OaJ5CU0303,G133E15425,"Chandankiyari - Dubra - Raghunathpur Rd, Udaypur, West Bengal 723145, India",4796.875,35.2,IgnitionOn,1,160.613,101.91,39,-113
aa536770-e6e7-4d9d-9b5d-fd57a50f6dce-146,EDC_BS6_PERIODIC,2025-12-19 15:32:09,2025-12-20 11:56:17,23.5653952,86.429088,27139,601,FixOK,A,OaJ5CU0303,G133E15425,"Chandankiyari - Dubra - Raghunathpur Rd, Udaypur, West Bengal 723145, India",4796.875,42.28,IgnitionOn,1,160.315,100.66,39,-113
aa536770-e6e7-4d9d-9b5d-fd57a50f6dce-147,EDC_BS6_PERIODIC,2025-12-19 15:32:15,2025-12-20 11:56:17,23.5652704,86.4298816,27140,601,FixOK,A,OaJ5CU0303,G133E15425,"Chandankiyari - Dubra - Raghunathpur Rd, Udaypur, West Bengal 723145, India",4797,48.93,IgnitionOn,1,160.277,99.65,39,-113
aa536770-e6e7-4d9d-9b5d-fd57a50f6dce-148,EDC_BS6_PERIODIC,2025-12-19 15:32:21,2025-12-20 11:56:17,23.5651392,86.4307264,27141,601,FixOK,A,OaJ5CU0303,G133E15425,"Chandankiyari - Dubra - Raghunathpur Rd, Udaypur, West Bengal 723145, India",4797.125,52.21,IgnitionOn,1,160.423,99.43,39,-113
aa536770-e6e7-4d9d-9b5d-fd57a50f6dce-149,EDC_BS6_PERIODIC,2025-12-19 15:32:27,2025-12-20 11:56:17,23.5650144,86.4316096,27142,601,FixOK,A,OaJ5CU0303,G133E15425,"Chandankiyari - Dubra - Raghunathpur Rd, Udaypur, West Bengal 723145, India",4797.125,55.83,IgnitionOn,1,160.009,98.47,40,-113
aa536770-e6e7-4d9d-9b5d-fd57a50f6dce-150,BRAKE_PRESSED,2025-12-19 15:32:31,2025-12-20 11:56:17,23.56492,86.4322048,23756,601,FixOK,,OaJ5CU0303,G133E15425,"Chandankiyari - Dubra - Raghunathpur Rd, Udaypur, West Bengal 723145, India",0,55.73,IgnitionOn,1,,,,
aa536770-e6e7-4d9d-9b5d-fd57a50f6dce-151,EDC_BS6_PERIODIC,2025-12-19 15:32:33,2025-12-20 11:56:17,23.56488,86.4325184,27143,601,FixOK,A,OaJ5CU0303,G133E15425,"Chandankiyari - Dubra - Raghunathpur Rd, Udaypur, West Bengal 723145, India",4797.25,58.11,IgnitionOn,1,159.319,99.15,36,-113
aa536770-e6e7-4d9d-9b5d-fd57a50f6dce-152,EDC_BS6_PERIODIC,2025-12-19 15:32:39,2025-12-20 11:56:17,23.5647824,86.4332672,27144,601,FixOK,A,OaJ5CU0303,G133E15425,"Chandankiyari - Dubra - Raghunathpur Rd, Udaypur, West Bengal 723145, India",4797.375,54.45,IgnitionOn,1,159.901,97.33,36,-113
aa536770-e6e7-4d9d-9b5d-fd57a50f6dce-153,EDC_BS6_PERIODIC,2025-12-19 15:32:45,2025-12-20 11:56:17,23.564704,86.43376,27145,601,FixOK,A,OaJ5CU0303,G133E15425,"Chandankiyari - Dubra - Raghunathpur Rd, Udaypur, West Bengal 723145, India",4797.375,33.11,IgnitionOn,1,161.005,99.69,38,-113
aa536770-e6e7-4d9d-9b5d-fd57a50f6dce-154,EDC_BS6_PERIODIC,2025-12-19 15:32:51,2025-12-20 11:56:17,23.564632,86.4342272,27146,601,FixOK,A,OaJ5CU0303,G133E15425,"Chandankiyari - Dubra - Raghunathpur Rd, Udaypur, West Bengal 723145, India",4797.5,29.33,IgnitionOn,1,161.953,99.86,37,-113
aa536770-e6e7-4d9d-9b5d-fd57a50f6dce-155,EDC_BS6_PERIODIC,2025-12-19 15:32:57,2025-12-20 11:56:17,23.5645424,86.434784,27147,601,FixOK,A,OaJ5CU0303,G133E15425,"Chandankiyari - Dubra - Raghunathpur Rd, Udaypur, West Bengal 723145, India",4797.5,34.24,IgnitionOn,1,161.184,100.26,39,-113
aa536770-e6e7-4d9d-9b5d-fd57a50f6dce-156,EDC_BS6_PERIODIC,2025-12-19 15:33:03,2025-12-20 11:56:17,23.5644512,86.4354304,27148,601,FixOK,A,OaJ5CU0303,G133E15425,"Chandankiyari - Dubra - Raghunathpur Rd, Udaypur, West Bengal 723145, India",4797.625,40.1,IgnitionOn,1,161.643,98.38,40,-113
aa536770-e6e7-4d9d-9b5d-fd57a50f6dce-157,EDC_BS6_PERIODIC,2025-12-19 15:33:09,2025-12-20 11:56:17,23.564352,86.436128,27149,601,FixOK,A,OaJ5CU0303,G133E15425,"Chandankiyari - Dubra - Raghunathpur Rd, Udaypur, West Bengal 723145, India",4797.625,43.44,IgnitionOn,1,164.182,98.94,40,-113
aa536770-e6e7-4d9d-9b5d-fd57a50f6dce-158,EDC_BS6_PERIODIC,2025-12-19 15:33:15,2025-12-20 11:56:17,23.564232,86.4368512,27150,601,FixOK,A,OaJ5CU0303,G133E15425,"Chandankiyari - Dubra - Raghunathpur Rd, Udaypur, West Bengal 723145, India",4797.75,46.27,IgnitionOn,1,166.246,101.19,34,-113
aa536770-e6e7-4d9d-9b5d-fd57a50f6dce-159,EDC_BS6_PERIODIC,2025-12-19 15:33:21,2025-12-20 11:56:17,23.564128,86.4375808,27151,601,FixOK,A,OaJ5CU0303,G133E15425,"Chandankiyari - Dubra - Raghunathpur Rd, Udaypur, West Bengal 723145, India",4797.875,46.38,IgnitionOn,1,167.322,96.75,36,-113
aa536770-e6e7-4d9d-9b5d-fd57a50f6dce-160,BRAKE_PRESSED,2025-12-19 15:33:26,2025-12-20 11:56:17,23.5640576,86.4381056,23757,601,FixOK,,OaJ5CU0303,G133E15425,"Chandankiyari - Dubra - Raghunathpur Rd, Udaypur, West Bengal 723145, India",0,42.93,IgnitionOn,1,,,,
aa536770-e6e7-4d9d-9b5d-fd57a50f6dce-161,EDC_BS6_PERIODIC,2025-12-19 15:33:27,2025-12-20 11:56:17,23.5640416,86.4382144,27152,601,FixOK,A,OaJ5CU0303,G133E15425,"Chandankiyari - Dubra - Raghunathpur Rd, Udaypur, West Bengal 723145, India",4797.875,48.24,IgnitionOn,1,168.018,98.9,38,-113
aa536770-e6e7-4d9d-9b5d-fd57a50f6dce-162,EDC_BS6_PERIODIC,2025-12-19 15:33:33,2025-12-20 11:56:17,23.563952,86.4388352,27153,601,FixOK,A,OaJ5CU0303,G133E15425,"Chandankiyari - Dubra - Raghunathpur Rd, Udaypur, West Bengal 723145, India",4798,42.65,IgnitionOn,1,167.843,98.73,38,-113
aa536770-e6e7-4d9d-9b5d-fd57a50f6dce-163,EDC_BS6_PERIODIC,2025-12-19 15:33:39,2025-12-20 11:56:17,23.563872,86.4393344,27154,601,FixOK,A,OaJ5CU0303,G133E15425,"Chandankiyari - Dubra - Raghunathpur Rd, Udaypur, West Bengal 723145, India",4798,32.1,IgnitionOn,1,167.559,101.25,38,-113
aa536770-e6e7-4d9d-9b5d-fd57a50f6dce-164,EDC_BS6_PERIODIC,2025-12-19 15:33:45,2025-12-20 11:56:17,23.5637632,86.439904,27155,601,FixOK,A,OaJ5CU0303,G133E15425,"Chandankiyari - Dubra - Raghunathpur Rd, Udaypur, West Bengal 723145, India",4798.125,35.38,IgnitionOn,1,168.63,102.18,37,-113
aa536770-e6e7-4d9d-9b5d-fd57a50f6dce-165,EDC_BS6_PERIODIC,2025-12-19 15:33:51,2025-12-20 11:56:17,23.563656,86.4405248,27156,601,FixOK,A,OaJ5CU0303,G133E15425,"Chandankiyari - Dubra - Raghunathpur Rd, Udaypur, West Bengal 723145, India",4798.125,40.35,IgnitionOn,1,168.317,100.54,36,-113
aa536770-e6e7-4d9d-9b5d-fd57a50f6dce-166,EDC_BS6_PERIODIC,2025-12-19 15:33:57,2025-12-20 11:56:17,23.5635328,86.4411584,27157,601,FixOK,A,OaJ5CU0303,G133E15425,"Chandankiyari - Dubra - Raghunathpur Rd, Udaypur, West Bengal 723145, India",4798.25,40.15,IgnitionOn,1,167.998,102.7,38,-113
aa536770-e6e7-4d9d-9b5d-fd57a50f6dce-167,EDC_BS6_PERIODIC,2025-12-19 15:34:03,2025-12-20 11:56:17,23.563416,86.4418304,27158,601,FixOK,A,OaJ5CU0303,G133E15425,"Chandankiyari - Dubra - Raghunathpur Rd, Asurbandh, West Bengal 723145, India",4798.375,44.24,IgnitionOn,1,168.425,100.84,37,-113
aa536770-e6e7-4d9d-9b5d-fd57a50f6dce-168,EDC_BS6_PERIODIC,2025-12-19 15:34:09,2025-12-20 11:56:17,23.563288,86.442528,27159,601,FixOK,A,OaJ5CU0303,G133E15425,"Chandankiyari - Dubra - Raghunathpur Rd, Asurbandh, West Bengal 723145, India",4798.375,44.2,IgnitionOn,1,168.5,101.83,37,-113
aa536770-e6e7-4d9d-9b5d-fd57a50f6dce-169,EDC_BS6_PERIODIC,2025-12-19 15:34:15,2025-12-20 11:56:17,23.5631552,86.4432768,27160,601,FixOK,A,OaJ5CU0303,G133E15425,"Chandankiyari - Dubra - Raghunathpur Rd, Asurbandh, West Bengal 723145, India",4798.5,47.7,IgnitionOn,1,169.104,102.56,36,-113
aa536770-e6e7-4d9d-9b5d-fd57a50f6dce-170,EDC_BS6_PERIODIC,2025-12-19 15:34:21,2025-12-20 11:56:17,23.562936,86.4440576,27161,601,FixOK,A,OaJ5CU0303,G133E15425,"Chandankiyari - Dubra - Raghunathpur Rd, Asurbandh, West Bengal 723145, India",4798.625,50.67,IgnitionOn,1,169.83,109.09,35,-113
aa536770-e6e7-4d9d-9b5d-fd57a50f6dce-171,EDC_BS6_PERIODIC,2025-12-19 15:34:27,2025-12-20 11:56:17,23.5626704,86.4448576,27162,601,FixOK,A,OaJ5CU0303,G133E15425,"Chandankiyari - Dubra - Raghunathpur Rd, Asurbandh, West Bengal 723145, India",4798.625,52.41,IgnitionOn,1,170.908,109.52,38,-113
aa536770-e6e7-4d9d-9b5d-fd57a50f6dce-172,EDC_BS6_PERIODIC,2025-12-19 15:34:33,2025-12-20 11:56:17,23.5623904,86.445536,27163,601,FixOK,A,OaJ5CU0303,G133E15425,"Chandankiyari - Dubra - Raghunathpur Rd, Asurbandh, West Bengal 723145, India",4798.75,55.71,IgnitionOn,1,170.742,115.19,39,-113
aa536770-e6e7-4d9d-9b5d-fd57a50f6dce-173,EDC_BS6_PERIODIC,2025-12-19 15:34:39,2025-12-20 11:56:17,23.562008,86.4463872,27164,601,FixOK,A,OaJ5CU0303,G133E15425,"Chandankiyari - Dubra - Raghunathpur Rd, Asurbandh, West Bengal 723145, India",4798.875,59.81,IgnitionOn,1,170.845,115.76,40,-113
aa536770-e6e7-4d9d-9b5d-fd57a50f6dce-174,EDC_BS6_PERIODIC,2025-12-19 15:34:45,2025-12-20 11:56:17,23.561624,86.447264,27165,601,FixOK,A,OaJ5CU0303,G133E15425,"Chandankiyari - Dubra - Raghunathpur Rd, Asurbandh, West Bengal 723145, India",4799,60.45,IgnitionOn,1,172.813,115.36,35,-113
aa536770-e6e7-4d9d-9b5d-fd57a50f6dce-175,EDC_BS6_PERIODIC,2025-12-19 15:34:51,2025-12-20 11:56:17,23.5612576,86.448096,27166,601,FixOK,A,OaJ5CU0303,G133E15425,"Chandankiyari - Dubra - Raghunathpur Rd, Asurbandh, West Bengal 723145, India",4799.125,56.69,IgnitionOn,1,174.955,116.16,34,-113
aa536770-e6e7-4d9d-9b5d-fd57a50f6dce-176,EDC_BS6_PERIODIC,2025-12-19 15:34:57,2025-12-20 11:56:17,23.5609744,86.4487104,27167,601,FixOK,A,OaJ5CU0303,G133E15425,"Chandankiyari - Dubra - Raghunathpur Rd, Asurbandh, West Bengal 723145, India",4799.125,52.05,IgnitionOn,1,175.799,115.93,36,-113
aa536770-e6e7-4d9d-9b5d-fd57a50f6dce-177,EDC_BS6_PERIODIC,2025-12-19 15:35:03,2025-12-20 11:56:17,23.5606752,86.4494464,27168,601,FixOK,A,OaJ5CU0303,G133E15425,"Chandankiyari - Dubra - Raghunathpur Rd, Asurbandh, West Bengal 723145, India",4799.25,48.77,IgnitionOn,1,175.992,113.29,39,-113
aa536770-e6e7-4d9d-9b5d-fd57a50f6dce-178,BRAKE_PRESSED,2025-12-19 15:35:08,2025-12-20 11:56:17,23.560424,86.450048,23758,601,FixOK,,OaJ5CU0303,G133E15425,"Chandankiyari - Dubra - Raghunathpur Rd, Asurbandh, West Bengal 723145, India",0,46.95,IgnitionOn,1,,,,
aa536770-e6e7-4d9d-9b5d-fd57a50f6dce-179,EDC_BS6_PERIODIC,2025-12-19 15:35:09,2025-12-20 11:56:17,23.5603712,86.450176,27169,601,FixOK,A,OaJ5CU0303,G133E15425,"Chandankiyari - Dubra - Raghunathpur Rd, Asurbandh, West Bengal 723145, India",4799.375,51.81,IgnitionOn,1,176.595,113.93,39,-113
aa536770-e6e7-4d9d-9b5d-fd57a50f6dce-180,EDC_BS6_PERIODIC,2025-12-19 15:35:15,2025-12-20 11:56:17,23.5600736,86.45088,27170,601,FixOK,A,OaJ5CU0303,G133E15425,"Chandankiyari - Dubra - Raghunathpur Rd, Asurbandh, West Bengal 723145, India",4799.375,46.2,IgnitionOn,1,175.86,114.73,39,-113
aa536770-e6e7-4d9d-9b5d-fd57a50f6dce-181,EDC_BS6_PERIODIC,2025-12-19 15:35:21,2025-12-20 11:56:17,23.5597904,86.4515136,27171,601,FixOK,A,OaJ5CU0303,G133E15425,"Chandankiyari - Dubra - Raghunathpur Rd, Deuli, West Bengal 723145, India",4799.5,44.91,IgnitionOn,1,176.751,114.76,38,-113
aa536770-e6e7-4d9d-9b5d-fd57a50f6dce-182,EDC_BS6_PERIODIC,2025-12-19 15:35:27,2025-12-20 11:56:17,23.559496,86.4522176,27172,601,FixOK,A,OaJ5CU0303,G133E15425,"Chandankiyari - Dubra - Raghunathpur Rd, Deuli, West Bengal 723145, India",4799.625,50.27,IgnitionOn,1,176.229,114.59,37,-113
aa536770-e6e7-4d9d-9b5d-fd57a50f6dce-183,EDC_BS6_PERIODIC,2025-12-19 15:35:33,2025-12-20 11:56:17,23.55916,86.4529792,27173,601,FixOK,A,OaJ5CU0303,G133E15425,"Chandankiyari - Dubra - Raghunathpur Rd, Deuli, West Bengal 723145, India",4799.625,54.45,IgnitionOn,1,175.907,115.66,38,-113
aa536770-e6e7-4d9d-9b5d-fd57a50f6dce-184,EDC_BS6_PERIODIC,2025-12-19 15:35:39,2025-12-20 11:56:17,23.558776,86.453792,27174,601,FixOK,A,OaJ5CU0303,G133E15425,"Chandankiyari - Dubra - Raghunathpur Rd, Deuli, West Bengal 723145, India",4799.75,58.84,IgnitionOn,1,176.32,117.63,39,-113
aa536770-e6e7-4d9d-9b5d-fd57a50f6dce-185,BRAKE_PRESSED,2025-12-19 15:35:41,2025-12-20 11:56:17,23.5586544,86.4540736,23759,601,FixOK,,OaJ5CU0303,G133E15425,"Chandankiyari - Dubra - Raghunathpur Rd, Deuli, West Bengal 723145, India",0,54.73,IgnitionOn,1,,,,
aa536770-e6e7-4d9d-9b5d-fd57a50f6dce-186,EDC_BS6_PERIODIC,2025-12-19 15:35:45,2025-12-20 11:56:17,23.5583936,86.4546048,27175,601,FixOK,A,OaJ5CU0303,G133E15425,"Chandankiyari - Dubra - Raghunathpur Rd, Deuli, West Bengal 723145, India",4799.875,56.59,IgnitionOn,1,177.039,117.25,39,-113
aa536770-e6e7-4d9d-9b5d-fd57a50f6dce-187,EDC_BS6_PERIODIC,2025-12-19 15:35:51,2025-12-20 11:56:17,23.558048,86.4553344,27176,601,FixOK,A,OaJ5CU0303,G133E15425,"Chandankiyari - Dubra - Raghunathpur Rd, Deuli, West Bengal 723145, India",4800,49.6,IgnitionOn,1,178.25,118.66,36,-113
aa536770-e6e7-4d9d-9b5d-fd57a50f6dce-188-1,HARSH_BREAKING_END,2025-12-19 15:35:55,2025-12-20 11:56:17,23.55788,86.4556928,23760,601,FixOK,,OaJ5CU0303,G133E15425,"Chandankiyari - Dubra - Raghunathpur Rd, Deuli, West Bengal 723145, India",0,6.99,IgnitionOn,1,,,,
aa536770-e6e7-4d9d-9b5d-fd57a50f6dce-188,HARSH_BREAKING_START,2025-12-19 15:35:55,2025-12-20 11:56:17,23.55788,86.4556928,23760,601,FixOK,,OaJ5CU0303,G133E15425,"Chandankiyari - Dubra - Raghunathpur Rd, Deuli, West Bengal 723145, India",0,6.99,IgnitionOn,1,,,,
aa536770-e6e7-4d9d-9b5d-fd57a50f6dce-189,EDC_BS6_PERIODIC,2025-12-19 15:35:57,2025-12-20 11:56:17,23.557832,86.455808,27177,601,FixOK,A,OaJ5CU0303,G133E15425,"Chandankiyari - Dubra - Raghunathpur Rd, Deuli, West Bengal 723145, India",4800,25.12,IgnitionOn,1,178.904,115.44,37,-113
aa536770-e6e7-4d9d-9b5d-fd57a50f6dce-190,EDC_BS6_PERIODIC,2025-12-19 15:36:03,2025-12-20 11:56:17,23.557768,86.4559232,27178,601,FixOK,A,OaJ5CU0303,G133E15425,"Chandankiyari - Dubra - Raghunathpur Rd, Deuli, West Bengal 723145, India",4800,6.81,IgnitionOn,1,179.065,116.45,38,-113
aa536770-e6e7-4d9d-9b5d-fd57a50f6dce-191,EDC_BS6_PERIODIC,2025-12-19 15:36:09,2025-12-20 11:56:17,23.5576976,86.4560896,27179,601,FixOK,A,OaJ5CU0303,G133E15425,"Chandankiyari - Dubra - Raghunathpur Rd, Deuli, West Bengal 723145, India",4800.125,14.58,IgnitionOn,1,179.197,111.36,40,-113
aa536770-e6e7-4d9d-9b5d-fd57a50f6dce-192,EDC_BS6_PERIODIC,2025-12-19 15:36:15,2025-12-20 11:56:17,23.5575808,86.4563264,27180,601,FixOK,A,OaJ5CU0303,G133E15425,"Chandankiyari - Dubra - Raghunathpur Rd, Deuli, West Bengal 723145, India",4800.125,20.34,IgnitionOn,1,179.121,115.59,39,-113
aa536770-e6e7-4d9d-9b5d-fd57a50f6dce-193,EDC_BS6_PERIODIC,2025-12-19 15:36:21,2025-12-20 11:56:17,23.5573888,86.456704,27181,601,FixOK,A,OaJ5CU0303,G133E15425,"Chandankiyari - Dubra - Raghunathpur Rd, Deuli, West Bengal 723145, India",4800.125,29.35,IgnitionOn,1,178.882,115.41,40,-113
aa536770-e6e7-4d9d-9b5d-fd57a50f6dce-194,EDC_BS6_PERIODIC,2025-12-19 15:36:27,2025-12-20 11:56:17,23.5572224,86.4570944,27182,601,FixOK,A,OaJ5CU0303,G133E15425,"Chandankiyari - Dubra - Raghunathpur Rd, Deuli, West Bengal 723145, India",4800.25,35.8,IgnitionOn,1,178.638,114.73,40,-113
aa536770-e6e7-4d9d-9b5d-fd57a50f6dce-195,EDC_BS6_PERIODIC,2025-12-19 15:36:33,2025-12-20 11:56:17,23.5569936,86.4576768,27183,601,FixOK,A,OaJ5CU0303,G133E15425,"Chandankiyari - Dubra - Raghunathpur Rd, Deuli, West Bengal 723145, India",4800.25,42.53,IgnitionOn,1,178.671,113.29,38,-113
aa536770-e6e7-4d9d-9b5d-fd57a50f6dce-196,EDC_BS6_PERIODIC,2025-12-19 15:36:39,2025-12-20 11:56:17,23.5567664,86.458336,27184,601,FixOK,A,OaJ5CU0303,G133E15425,"Chandankiyari - Dubra - Raghunathpur Rd, Deuli, West Bengal 723145, India",4800.375,44.4,IgnitionOn,1,178.764,112.06,38,-113
aa536770-e6e7-4d9d-9b5d-fd57a50f6dce-197,EDC_BS6_PERIODIC,2025-12-19 15:36:45,2025-12-20 11:56:17,23.5565024,86.4590016,27185,601,FixOK,A,OaJ5CU0303,G133E15425,"Chandankiyari - Dubra - Raghunathpur Rd, Deuli, West Bengal 723145, India",4800.375,45.82,IgnitionOn,1,178.711,112.8,37,-113
aa536770-e6e7-4d9d-9b5d-fd57a50f6dce-198,BRAKE_PRESSED,2025-12-19 15:36:47,2025-12-20 11:56:17,23.5564032,86.4592128,23761,601,FixOK,,OaJ5CU0303,G133E15425,"Chandankiyari - Dubra - Raghunathpur Rd, Deuli, West Bengal 723145, India",0,42.46,IgnitionOn,1,,,,
aa536770-e6e7-4d9d-9b5d-fd57a50f6dce-199,EDC_BS6_PERIODIC,2025-12-19 15:36:51,2025-12-20 11:56:17,23.5561952,86.4596352,27186,601,FixOK,A,OaJ5CU0303,G133E15425,"Chandankiyari - Dubra - Raghunathpur Rd, Deuli, West Bengal 723145, India",4800.5,44.17,IgnitionOn,1,178.901,118.81,38,-113
aa536770-e6e7-4d9d-9b5d-fd57a50f6dce-200,EDC_BS6_PERIODIC,2025-12-19 15:36:57,2025-12-20 11:56:17,23.555928,86.46016,27187,601,FixOK,A,OaJ5CU0303,G133E15425,"Chandankiyari - Dubra - Raghunathpur Rd, Deuli, West Bengal 723145, India",4800.625,25.05,IgnitionOn,1,179.619,119.34,36,-113
aa536770-e6e7-4d9d-9b5d-fd57a50f6dce-201,CLUTCH_RIDING_START,2025-12-19 15:37:00,2025-12-20 11:56:17,23.5558528,86.46032,23762,601,FixOK,,OaJ5CU0303,G133E15425,"Chandankiyari - Dubra - Raghunathpur Rd, Deuli, West Bengal 723145, India",0,27.91,IgnitionOn,1,,,,
aa536770-e6e7-4d9d-9b5d-fd57a50f6dce-202,CLUTCH_RIDING_END,2025-12-19 15:37:02,2025-12-20 11:56:17,23.5558016,86.4604288,23763,601,FixOK,,OaJ5CU0303,G133E15425,"Chandankiyari - Dubra - Raghunathpur Rd, Deuli, West Bengal 723145, India",0,25.53,IgnitionOn,1,,,,
aa536770-e6e7-4d9d-9b5d-fd57a50f6dce-203,BRAKE_PRESSED,2025-12-19 15:37:03,2025-12-20 11:56:17,23.555768,86.4604928,23764,601,FixOK,,OaJ5CU0303,G133E15425,"Chandankiyari - Dubra - Raghunathpur Rd, Deuli, West Bengal 723145, India",0,22.8,IgnitionOn,1,,,,
aa536770-e6e7-4d9d-9b5d-fd57a50f6dce-204,EDC_BS6_PERIODIC,2025-12-19 15:37:03,2025-12-20 11:56:17,23.555768,86.4604928,27188,601,FixOK,A,OaJ5CU0303,G133E15425,"Chandankiyari - Dubra - Raghunathpur Rd, Deuli, West Bengal 723145, India",4800.625,26.61,IgnitionOn,1,179.5,117.16,35,-113
aa536770-e6e7-4d9d-9b5d-fd57a50f6dce-205,EDC_BS6_PERIODIC,2025-12-19 15:37:09,2025-12-20 11:56:17,23.5555824,86.4608704,27189,601,FixOK,A,OaJ5CU0303,G133E15425,"Chandankiyari - Dubra - Raghunathpur Rd, Deuli, West Bengal 723145, India",4800.625,22.63,IgnitionOn,1,180.565,119.76,37,-113
aa536770-e6e7-4d9d-9b5d-fd57a50f6dce-206,EDC_BS6_PERIODIC,2025-12-19 15:37:15,2025-12-20 11:56:17,23.5554432,86.4611072,27190,601,FixOK,A,OaJ5CU0303,G133E15425,"Chandankiyari - Dubra - Raghunathpur Rd, Deuli, West Bengal 723145, India",4800.625,12.26,IgnitionOn,1,181.356,119.83,36,-113
aa536770-e6e7-4d9d-9b5d-fd57a50f6dce-207,EDC_BS6_PERIODIC,2025-12-19 15:37:21,2025-12-20 11:56:17,23.555384,86.461216,27191,601,FixOK,A,OaJ5CU0303,G133E15425,"Chandankiyari - Dubra - Raghunathpur Rd, Deuli, West Bengal 723145, India",4800.75,8.73,IgnitionOn,1,181.609,122.61,36,-113
aa536770-e6e7-4d9d-9b5d-fd57a50f6dce-208,EDC_BS6_PERIODIC,2025-12-19 15:37:27,2025-12-20 11:56:17,23.5553184,86.461312,27192,601,FixOK,A,OaJ5CU0303,G133E15425,"Chandankiyari - Dubra - Raghunathpur Rd, Deuli, West Bengal 723145, India",4800.75,20.3,IgnitionOn,1,182.244,122.61,39,-113
aa536770-e6e7-4d9d-9b5d-fd57a50f6dce-209,EDC_BS6_PERIODIC,2025-12-19 15:37:33,2025-12-20 11:56:17,23.5553184,86.461312,27193,601,FixOK,A,OaJ5CU0303,G133E15425,"Chandankiyari - Dubra - Raghunathpur Rd, Deuli, West Bengal 723145, India",4800.75,20.12,IgnitionOn,1,182.244,122.61,39,-113
aa536770-e6e7-4d9d-9b5d-fd57a50f6dce-210,BRAKE_PRESSED,2025-12-19 15:37:39,2025-12-20 11:56:17,23.554792,86.4622592,23765,601,FixOK,,OaJ5CU0303,G133E15425,"Chandankiyari - Dubra - Raghunathpur Rd, Deuli, West Bengal 723145, India",0,26.34,IgnitionOn,1,,,,
aa536770-e6e7-4d9d-9b5d-fd57a50f6dce-211,EDC_BS6_PERIODIC,2025-12-19 15:37:39,2025-12-20 11:56:17,23.554792,86.4622592,27194,601,FixOK,A,OaJ5CU0303,G133E15425,"Chandankiyari - Dubra - Raghunathpur Rd, Deuli, West Bengal 723145, India",4800.75,28.5,IgnitionOn,1,183.356,121.59,39,-113
aa536770-e6e7-4d9d-9b5d-fd57a50f6dce-212,EDC_BS6_PERIODIC,2025-12-19 15:37:45,2025-12-20 11:56:17,23.5546064,86.4625984,27195,601,FixOK,A,OaJ5CU0303,G133E15425,"Chandankiyari - Dubra - Raghunathpur Rd, Deuli, West Bengal 723145, India",4800.875,26.35,IgnitionOn,1,183.759,121.61,38,-113
aa536770-e6e7-4d9d-9b5d-fd57a50f6dce-213,BRAKE_PRESSED,2025-12-19 15:37:51,2025-12-20 11:56:17,23.554424,86.4628544,23766,601,FixOK,,OaJ5CU0303,G133E15425,"Chandankiyari - Dubra - Raghunathpur Rd, Gahira, West Bengal 723155, India",0,16.86,IgnitionOn,1,,,,
aa536770-e6e7-4d9d-9b5d-fd57a50f6dce-214,EDC_BS6_PERIODIC,2025-12-19 15:37:51,2025-12-20 11:56:17,23.554424,86.4628544,27196,601,FixOK,A,OaJ5CU0303,G133E15425,"Chandankiyari - Dubra - Raghunathpur Rd, Gahira, West Bengal 723155, India",4800.875,20.48,IgnitionOn,1,184.414,128.22,36,-113
aa536770-e6e7-4d9d-9b5d-fd57a50f6dce-215,EDC_BS6_PERIODIC,2025-12-19 15:37:57,2025-12-20 11:56:17,23.5542912,86.4631168,27197,601,FixOK,A,OaJ5CU0303,G133E15425,"Chandankiyari - Dubra - Raghunathpur Rd, Gahira, West Bengal 723155, India",4800.875,16.76,IgnitionOn,1,184.005,115.93,35,-113
aa536770-e6e7-4d9d-9b5d-fd57a50f6dce-216,EDC_BS6_PERIODIC,2025-12-19 15:38:03,2025-12-20 11:56:17,23.5541536,86.46336,27198,601,FixOK,A,OaJ5CU0303,G133E15425,"Chandankiyari - Dubra - Raghunathpur Rd, Gahira, West Bengal 723155, India",4801,22.18,IgnitionOn,1,182.927,121.2,35,-113
aa536770-e6e7-4d9d-9b5d-fd57a50f6dce-217,BRAKE_PRESSED,2025-12-19 15:38:09,2025-12-20 11:56:17,23.553968,86.4636864,23767,601,FixOK,,OaJ5CU0303,G133E15425,"Chandankiyari - Dubra - Raghunathpur Rd, Gahira, West Bengal 723155, India",0,21.63,IgnitionOn,1,,,,
aa536770-e6e7-4d9d-9b5d-fd57a50f6dce-218,EDC_BS6_PERIODIC,2025-12-19 15:38:09,2025-12-20 11:56:17,23.553968,86.4636864,27199,601,FixOK,A,OaJ5CU0303,G133E15425,"Chandankiyari - Dubra - Raghunathpur Rd, Gahira, West Bengal 723155, India",4801,23.91,IgnitionOn,1,182.248,121.33,38,-113
aa536770-e6e7-4d9d-9b5d-fd57a50f6dce-219,EDC_BS6_PERIODIC,2025-12-19 15:38:15,2025-12-20 11:56:17,23.5538208,86.4639872,27200,601,FixOK,A,OaJ5CU0303,G133E15425,"Chandankiyari - Dubra - Raghunathpur Rd, Gahira, West Bengal 723155, India",4801,21.37,IgnitionOn,1,182.605,117.5,39,-113
aa536770-e6e7-4d9d-9b5d-fd57a50f6dce-220,EDC_BS6_PERIODIC,2025-12-19 15:38:21,2025-12-20 11:56:17,23.5537632,86.4640768,27201,601,FixOK,A,OaJ5CU0303,G133E15425,"Chandankiyari - Dubra - Raghunathpur Rd, Gahira, West Bengal 723155, India",4801,7.69,IgnitionOn,1,182.013,119.19,39,-113
aa536770-e6e7-4d9d-9b5d-fd57a50f6dce-221,EDC_BS6_PERIODIC,2025-12-19 15:38:27,2025-12-20 11:56:17,23.5536976,86.4641792,27202,601,FixOK,A,OaJ5CU0303,G133E15425,"Chandankiyari - Dubra - Raghunathpur Rd, Gahira, West Bengal 723155, India",4801.125,8.16,IgnitionOn,1,181.406,121.95,37,-113
aa536770-e6e7-4d9d-9b5d-fd57a50f6dce-222,EDC_BS6_PERIODIC,2025-12-19 15:38:33,2025-12-20 11:56:17,23.5536576,86.464256,27203,601,FixOK,A,OaJ5CU0303,G133E15425,"Chandankiyari - Dubra - Raghunathpur Rd, Gahira, West Bengal 723155, India",4801.125,5.77,IgnitionOn,1,181.738,133.82,36,-113
aa536770-e6e7-4d9d-9b5d-fd57a50f6dce-223,EDC_BS6_PERIODIC,2025-12-19 15:38:39,2025-12-20 11:56:17,23.553568,86.4644352,27204,601,FixOK,A,OaJ5CU0303,G133E15425,"Chandankiyari - Dubra - Raghunathpur Rd, Gahira, West Bengal 723155, India",4801.125,14.66,IgnitionOn,1,181.776,120.3,38,-113
aa536770-e6e7-4d9d-9b5d-fd57a50f6dce-224,BRAKE_PRESSED,2025-12-19 15:38:43,2025-12-20 11:56:17,23.553488,86.4646144,23768,601,FixOK,,OaJ5CU0303,G133E15425,"Chandankiyari - Dubra - Raghunathpur Rd, Gahira, West Bengal 723155, India",0,10.25,IgnitionOn,1,,,,
aa536770-e6e7-4d9d-9b5d-fd57a50f6dce-225,EDC_BS6_PERIODIC,2025-12-19 15:38:45,2025-12-20 11:56:17,23.5534416,86.4646976,27205,601,FixOK,A,OaJ5CU0303,G133E15425,"Chandankiyari - Dubra - Raghunathpur Rd, Gahira, West Bengal 723155, India",4801.125,18.48,IgnitionOn,1,181.832,122.16,36,-113
aa536770-e6e7-4d9d-9b5d-fd57a50f6dce-226,EDC_BS6_PERIODIC,2025-12-19 15:38:51,2025-12-20 11:56:17,23.553368,86.4647936,27206,601,FixOK,A,OaJ5CU0303,G133E15425,"Chandankiyari - Dubra - Raghunathpur Rd, Gahira, West Bengal 723155, India",4801.125,4.94,IgnitionOn,1,181.841,134.32,36,-113
aa536770-e6e7-4d9d-9b5d-fd57a50f6dce-227,EDC_BS6_PERIODIC,2025-12-19 15:38:57,2025-12-20 11:56:17,23.5532768,86.46496,27207,601,FixOK,A,OaJ5CU0303,G133E15425,"Chandankiyari - Dubra - Raghunathpur Rd, Gahira, West Bengal 723155, India",4801.125,13.34,IgnitionOn,1,182.664,118.81,37,-113
aa536770-e6e7-4d9d-9b5d-fd57a50f6dce-228,EDC_BS6_PERIODIC,2025-12-19 15:39:04,2025-12-20 11:56:17,23.5531328,86.4652288,27208,601,FixOK,A,OaJ5CU0303,G133E15425,"Chandankiyari - Dubra - Raghunathpur Rd, Gahira, West Bengal 723155, India",4801.25,18.87,IgnitionOn,1,183.171,118.55,37,-113
aa536770-e6e7-4d9d-9b5d-fd57a50f6dce-229,EDC_BS6_PERIODIC,2025-12-19 15:39:09,2025-12-20 11:56:17,23.552936,86.4655744,27209,601,FixOK,A,OaJ5CU0303,G133E15425,"Chandankiyari - Dubra - Raghunathpur Rd, Gahira, West Bengal 723155, India",4801.25,25.41,IgnitionOn,1,182.822,118.33,39,-113
aa536770-e6e7-4d9d-9b5d-fd57a50f6dce-230,BRAKE_PRESSED,2025-12-19 15:39:12,2025-12-20 11:56:17,23.552848,86.4657536,23769,601,FixOK,,OaJ5CU0303,G133E15425,"Chandankiyari - Dubra - Raghunathpur Rd, Gahira, West Bengal 723155, India",0,22.02,IgnitionOn,1,,,,
aa536770-e6e7-4d9d-9b5d-fd57a50f6dce-231,EDC_BS6_PERIODIC,2025-12-19 15:39:15,2025-12-20 11:56:17,23.5527664,86.46592,27210,601,FixOK,A,OaJ5CU0303,G133E15425,"Chandankiyari - Dubra - Raghunathpur Rd, Gahira, West Bengal 723155, India",4801.25,23.47,IgnitionOn,1,183.945,118.08,40,-113
aa536770-e6e7-4d9d-9b5d-fd57a50f6dce-232,EDC_BS6_PERIODIC,2025-12-19 15:39:21,2025-12-20 11:56:17,23.55264,86.4661888,27211,601,FixOK,A,OaJ5CU0303,G133E15425,"Chandankiyari - Dubra - Raghunathpur Rd, Gahira, West Bengal 723155, India",4801.375,20.05,IgnitionOn,1,185.619,115.33,39,-113
aa536770-e6e7-4d9d-9b5d-fd57a50f6dce-233,EDC_BS6_PERIODIC,2025-12-19 15:39:27,2025-12-20 11:56:17,23.552584,86.4663424,27212,601,FixOK,A,OaJ5CU0303,G133E15425,"Chandankiyari - Dubra - Raghunathpur Rd, Gahira, West Bengal 723155, India",4801.375,9.61,IgnitionOn,1,186.109,116.72,38,-113
aa536770-e6e7-4d9d-9b5d-fd57a50f6dce-234,EDC_BS6_PERIODIC,2025-12-19 15:39:34,2025-12-20 11:56:17,23.552576,86.4664576,27213,601,FixOK,A,OaJ5CU0303,G133E15425,"Chandankiyari - Dubra - Raghunathpur Rd, Gahira, West Bengal 723155, India",4801.375,7.34,IgnitionOn,1,186.699,97.05,41,-113
aa536770-e6e7-4d9d-9b5d-fd57a50f6dce-235,EDC_BS6_PERIODIC,2025-12-19 15:39:39,2025-12-20 11:56:17,23.552584,86.4665344,27214,601,FixOK,A,OaJ5CU0303,G133E15425,"Chandankiyari - Dubra - Raghunathpur Rd, Gahira, West Bengal 723155, India",4801.375,5.7799997,IgnitionOn,1,186.205,97.05,42,-113
aa536770-e6e7-4d9d-9b5d-fd57a50f6dce-236,EDC_BS6_PERIODIC,2025-12-19 15:39:45,2025-12-20 11:56:17,23.552584,86.4665536,27215,601,FixOK,A,OaJ5CU0303,G133E15425,"Chandankiyari - Dubra - Raghunathpur Rd, Gahira, West Bengal 723155, India",4801.375,0,IgnitionOn,1,185.593,97.05,41,-113
aa536770-e6e7-4d9d-9b5d-fd57a50f6dce-238,EDC_BS6_PERIODIC,2025-12-19 15:39:51,2025-12-20 11:56:17,23.552584,86.4665536,27216,601,FixOK,A,OaJ5CU0303,G133E15425,"Chandankiyari - Dubra - Raghunathpur Rd, Gahira, West Bengal 723155, India",4801.375,0,IgnitionOn,0,185.593,97.05,37,-113
aa536770-e6e7-4d9d-9b5d-fd57a50f6dce-237,IGNITION_OFF,2025-12-19 15:39:51,2025-12-20 11:56:17,23.552584,86.4665536,23770,601,FixOK,,OaJ5CU0303,G133E15425,"Chandankiyari - Dubra - Raghunathpur Rd, Gahira, West Bengal 723155, India",0,,IgnitionOn,0,,,,
aa536770-e6e7-4d9d-9b5d-fd57a50f6dce-239,EDC_BS6_PERIODIC,2025-12-19 15:39:57,2025-12-20 11:56:17,23.552584,86.4665536,27217,601,FixOK,A,OaJ5CU0303,G133E15425,"Chandankiyari - Dubra - Raghunathpur Rd, Gahira, West Bengal 723155, India",4801.375,0,IgnitionOn,0,185.593,97.05,37,-113
aa536770-e6e7-4d9d-9b5d-fd57a50f6dce-240,EDC_BS6_PERIODIC,2025-12-19 15:40:03,2025-12-20 11:56:17,23.552584,86.4665536,27218,601,FixOK,A,OaJ5CU0303,G133E15425,"Chandankiyari - Dubra - Raghunathpur Rd, Gahira, West Bengal 723155, India",4801.375,0,IgnitionOn,0,185.593,97.05,40,-113
aa536770-e6e7-4d9d-9b5d-fd57a50f6dce-241,EDC_BS6_PERIODIC,2025-12-19 15:40:09,2025-12-20 11:56:17,23.552584,86.4665536,27219,601,FixOK,A,OaJ5CU0303,G133E15425,"Chandankiyari - Dubra - Raghunathpur Rd, Gahira, West Bengal 723155, India",4801.375,0,IgnitionOn,0,185.593,97.05,40,-113
aa536770-e6e7-4d9d-9b5d-fd57a50f6dce-242,EDC_BS6_PERIODIC,2025-12-19 15:40:15,2025-12-20 11:56:17,23.552584,86.4665536,27220,601,FixOK,A,OaJ5CU0303,G133E15425,"Chandankiyari - Dubra - Raghunathpur Rd, Gahira, West Bengal 723155, India",4801.375,0,IgnitionOn,0,185.593,97.05,42,-113
aa536770-e6e7-4d9d-9b5d-fd57a50f6dce-243,EDC_BS6_PERIODIC,2025-12-19 15:40:21,2025-12-20 11:56:17,23.552584,86.4665536,27221,601,FixOK,A,OaJ5CU0303,G133E15425,"Chandankiyari - Dubra - Raghunathpur Rd, Gahira, West Bengal 723155, India",4801.375,0,IgnitionOn,0,185.593,97.05,43,-113
aa536770-e6e7-4d9d-9b5d-fd57a50f6dce-244,EDC_BS6_PERIODIC,2025-12-19 15:40:27,2025-12-20 11:56:17,23.552584,86.4665536,27222,601,FixOK,A,OaJ5CU0303,G133E15425,"Chandankiyari - Dubra - Raghunathpur Rd, Gahira, West Bengal 723155, India",0,0,IgnitionOn,0,185.593,97.05,42,-113
aa536770-e6e7-4d9d-9b5d-fd57a50f6dce-245,EDC_BS6_PERIODIC,2025-12-19 15:40:33,2025-12-20 11:56:17,23.552584,86.4665536,27223,601,FixOK,A,OaJ5CU0303,G133E15425,"Chandankiyari - Dubra - Raghunathpur Rd, Gahira, West Bengal 723155, India",0,0,IgnitionOn,0,185.593,97.05,38,-113
aa536770-e6e7-4d9d-9b5d-fd57a50f6dce-246,EDC_BS6_PERIODIC,2025-12-19 15:40:39,2025-12-20 11:56:17,23.552584,86.4665536,27224,601,FixOK,A,OaJ5CU0303,G133E15425,"Chandankiyari - Dubra - Raghunathpur Rd, Gahira, West Bengal 723155, India",0,0,IgnitionOn,0,185.593,97.05,37,-113
aa536770-e6e7-4d9d-9b5d-fd57a50f6dce-247,EDC_BS6_PERIODIC,2025-12-19 15:40:45,2025-12-20 11:56:17,23.552584,86.4665536,27225,601,FixOK,A,OaJ5CU0303,G133E15425,"Chandankiyari - Dubra - Raghunathpur Rd, Gahira, West Bengal 723155, India",0,0,IgnitionOn,0,185.593,97.05,38,-113
aa536770-e6e7-4d9d-9b5d-fd57a50f6dce-248,EDC_BS6_PERIODIC,2025-12-19 15:40:51,2025-12-20 11:56:17,23.552584,86.4665536,27226,601,FixOK,A,OaJ5CU0303,G133E15425,"Chandankiyari - Dubra - Raghunathpur Rd, Gahira, West Bengal 723155, India",0,0,IgnitionOn,0,185.593,97.05,41,-113
aa536770-e6e7-4d9d-9b5d-fd57a50f6dce-249,EDC_BS6_PERIODIC,2025-12-19 15:40:57,2025-12-20 11:56:17,23.552584,86.4665536,27227,601,FixOK,A,OaJ5CU0303,G133E15425,"Chandankiyari - Dubra - Raghunathpur Rd, Gahira, West Bengal 723155, India",0,0,IgnitionOn,0,185.593,97.05,42,-113
aa536770-e6e7-4d9d-9b5d-fd57a50f6dce-250,EDC_BS6_PERIODIC,2025-12-19 15:41:03,2025-12-20 11:56:17,23.552584,86.4665536,27228,601,FixOK,A,OaJ5CU0303,G133E15425,"Chandankiyari - Dubra - Raghunathpur Rd, Gahira, West Bengal 723155, India",0,0,IgnitionOn,0,185.593,97.05,39,-113
aa536770-e6e7-4d9d-9b5d-fd57a50f6dce-251,EDC_BS6_PERIODIC,2025-12-19 15:41:09,2025-12-20 11:56:17,23.552584,86.4665536,27229,601,FixOK,A,OaJ5CU0303,G133E15425,"Chandankiyari - Dubra - Raghunathpur Rd, Gahira, West Bengal 723155, India",0,0,IgnitionOn,0,185.593,97.05,41,-113
aa536770-e6e7-4d9d-9b5d-fd57a50f6dce-252,EDC_BS6_PERIODIC,2025-12-19 15:41:15,2025-12-20 11:56:17,23.552584,86.4665536,27230,601,FixOK,A,OaJ5CU0303,G133E15425,"Chandankiyari - Dubra - Raghunathpur Rd, Gahira, West Bengal 723155, India",0,0,IgnitionOn,0,185.593,97.05,41,-113
aa536770-e6e7-4d9d-9b5d-fd57a50f6dce-253,EDC_BS6_PERIODIC,2025-12-19 15:41:21,2025-12-20 11:56:17,23.552584,86.4665536,27231,601,FixOK,A,OaJ5CU0303,G133E15425,"Chandankiyari - Dubra - Raghunathpur Rd, Gahira, West Bengal 723155, India",0,0,IgnitionOn,0,185.593,97.05,41,-113
aa536770-e6e7-4d9d-9b5d-fd57a50f6dce-255,EDC_BS6_PERIODIC,2025-12-19 15:41:27,2025-12-20 11:56:17,23.552584,86.4665536,27232,601,FixOK,A,OaJ5CU0303,G133E15425,"Chandankiyari - Dubra - Raghunathpur Rd, Gahira, West Bengal 723155, India",0,0,IgnitionOn,0,185.593,97.05,41,-113
aa536770-e6e7-4d9d-9b5d-fd57a50f6dce-256,EDC_BS6_PERIODIC,2025-12-19 15:41:33,2025-12-20 11:56:17,23.552584,86.4665536,27233,601,FixOK,A,OaJ5CU0303,G133E15425,"Chandankiyari - Dubra - Raghunathpur Rd, Gahira, West Bengal 723155, India",0,0,IgnitionOn,0,185.593,97.05,41,-113
aa536770-e6e7-4d9d-9b5d-fd57a50f6dce-284,EDC_BS6_PERIODIC,2025-12-19 15:41:39,2025-12-20 11:56:17,23.552584,86.4665536,27234,601,FixOK,A,OaJ5CU0303,G133E15425,"Chandankiyari - Dubra - Raghunathpur Rd, Gahira, West Bengal 723155, India",0,0,IgnitionOn,0,185.593,97.05,41,-113
aa536770-e6e7-4d9d-9b5d-fd57a50f6dce-285,EDC_BS6_PERIODIC,2025-12-19 15:41:45,2025-12-20 11:56:17,23.552584,86.4665536,27235,601,FixOK,A,OaJ5CU0303,G133E15425,"Chandankiyari - Dubra - Raghunathpur Rd, Gahira, West Bengal 723155, India",0,0,IgnitionOn,0,185.593,97.05,41,-113
aa536770-e6e7-4d9d-9b5d-fd57a50f6dce-286,EDC_BS6_PERIODIC,2025-12-19 15:41:51,2025-12-20 11:56:17,23.552584,86.4665536,27236,601,FixOK,A,OaJ5CU0303,G133E15425,"Chandankiyari - Dubra - Raghunathpur Rd, Gahira, West Bengal 723155, India",0,0,IgnitionOn,0,185.593,97.05,41,-113
aa536770-e6e7-4d9d-9b5d-fd57a50f6dce-288,TRIP_END,2025-12-19 15:41:51,2025-12-20 11:56:17,23.552584,86.4665536,,601,FixOK,,OaJ5CU0303,G133E15425,"Chandankiyari - Dubra - Raghunathpur Rd, Gahira, West Bengal 723155, India",0,,IgnitionOff,0,,,,
aa536770-e6e7-4d9d-9b5d-fd57a50f6dce-289,DEVICE_METRICS,2025-12-19 15:41:52,2025-12-20 11:56:17,23.552584,86.4665536,,601,FixOK,,OaJ5CU0303,G133E15425,"Chandankiyari - Dubra - Raghunathpur Rd, Gahira, West Bengal 723155, India",0,,IgnitionOff,0,,,,
aa536770-e6e7-4d9d-9b5d-fd57a50f6dce-290-1,BS6_IGNITION_OFF_HB_MESSAGE,2025-12-19 19:48:01,2025-12-20 11:56:17,23.552584,86.4666176,,601,3DFix,A,OaJ5CU0303,G133E15425,"Chandankiyari - Dubra - Raghunathpur Rd, Gahira, West Bengal 723155, India",0,,IgnitionOff,0,189,4,25,
aa536770-e6e7-4d9d-9b5d-fd57a50f6dce-291-1,BS6_IGNITION_OFF_HB_MESSAGE,2025-12-19 23:55:07,2025-12-20 11:56:17,23.5525104,86.4665664,,601,3DFix,A,OaJ5CU0303,G133E15425,"Chandankiyari - Dubra - Raghunathpur Rd, Gahira, West Bengal 723155, India",0,,IgnitionOff,0,197,23,16,
