Message ID,Message Type,Event Time,Ingestion Timestamp,Latitude,Longitude,Sequence Number,Trip Number,Fix Quality,Packet Status,Config Version,Firmware Version,Address,Odometer,Vehicle Speed,Trip Type,Ignition Status,Altitude,Heading,Number of Satellites,GSM Strength
45cd5731-e6d0-415f-9c12-d949199ce48d-1-1,BS6_IGNITION_OFF_HB_MESSAGE,2025-11-25 02:43:36,2025-11-25 02:44:32,18.9626336,73.1636864,,1651,3DFix,A,OaG6CT0303,G130b15425,"X567+XG7, Borle Rd, Bherle, Maharashtra 410221, India",0,,IgnitionOff,0,74,3,16,
45cd5731-e6d0-415f-9c12-d949199ce48d-1,GPS_MESSAGE,2025-11-25 02:43:36,2025-11-25 02:44:32,18.9626336,73.1636864,,1651,3DFix,,OaG6CT0303,G130b15425,,0,,IgnitionOff,0,74,3,16,
a369e0e2-d3c2-481e-a3bb-560158086bc3,HEARTBEAT_MESSAGE,2025-11-25 02:44:31,2025-11-25 02:44:31,0,0,,,,,OaG6CT0303,G130b15425,,,,,0,,,,
20079c64-6fd6-47a4-99ff-4bb5f2283cad-1-1,BS6_IGNITION_OFF_HB_MESSAGE,2025-11-25 06:46:51,2025-11-25 06:47:49,18.962688,73.1637888,,1651,3DFix,A,OaG6CT0303,G130b15425,"X567+XG7, Borle Rd, Bherle, Maharashtra 410221, India",0,,IgnitionOff,0,22,0,19,
20079c64-6fd6-47a4-99ff-4bb5f2283cad-1,GPS_MESSAGE,2025-11-25 06:46:51,2025-11-25 06:47:49,18.962688,73.1637888,,1651,3DFix,,OaG6CT0303,G130b15425,,0,,IgnitionOff,0,22,0,19,
a2a62112-05f3-4b2d-a813-9b18856a1b65,HEARTBEAT_MESSAGE,2025-11-25 06:47:47,2025-11-25 06:47:47,0,0,,,,,OaG6CT0303,G130b15425,,,,,0,,,,
1b2bef96-6177-48bf-9567-78d41e93675e-11,TRIP_START,2025-11-25 06:49:31,2025-11-25 06:55:17,18.9627072,73.1636608,,1652,StoredFix,,OaG6CT0303,G130b15425,"X577+4R2, Bherle, Maharashtra 410216, India",0,,IgnitionOn,1,,,,
1b2bef96-6177-48bf-9567-78d41e93675e-10,GPS_MESSAGE,2025-11-25 06:49:45,2025-11-25 06:55:17,18.9627072,73.1636608,,1652,NoFix,,OaG6CT0303,G130b15425,"X577+4R2, Bherle, Maharashtra 410216, India",0,,IgnitionOn,1,0,0,0,
1b2bef96-6177-48bf-9567-78d41e93675e-9,VERSION_UPDATE,2025-11-25 06:49:45,2025-11-25 06:55:17,18.9627072,73.1636608,,1652,StoredFix,,OaG6CT0303,G130b15425,"X577+4R2, Bherle, Maharashtra 410216, India",0,,IgnitionOn,1,,,,
1b2bef96-6177-48bf-9567-78d41e93675e-8,GPS_MESSAGE,2025-11-25 06:49:48,2025-11-25 06:55:17,18.9627072,73.1636608,,1652,3DFix,,OaG6CT0303,G130b15425,"X577+4R2, Bherle, Maharashtra 410216, India",0,,IgnitionOn,1,15,0,45,
1b2bef96-6177-48bf-9567-78d41e93675e-7,IGNITION_ON,2025-11-25 06:49:50,2025-11-25 06:55:17,18.9627072,73.1636608,37350,1652,FixOK,,OaG6CT0303,G130b15425,"X577+4R2, Bherle, Maharashtra 410216, India",0,,IgnitionOn,1,,,,
1b2bef96-6177-48bf-9567-78d41e93675e-4,ACU_SW_PART_NO,2025-11-25 06:49:51,2025-11-25 06:55:17,18.9627072,73.1636608,37353,1652,FixOK,,OaG6CT0303,G130b15425,"X577+4R2, Bherle, Maharashtra 410216, India",0,,IgnitionOn,1,,,,
1b2bef96-6177-48bf-9567-78d41e93675e-5,ECU_SW_PART_NO,2025-11-25 06:49:51,2025-11-25 06:55:17,18.9627072,73.1636608,37352,1652,FixOK,,OaG6CT0303,G130b15425,"X577+4R2, Bherle, Maharashtra 410216, India",0,,IgnitionOn,1,,,,
1b2bef96-6177-48bf-9567-78d41e93675e-6,ENGINE_CRANKING,2025-11-25 06:49:51,2025-11-25 06:55:17,18.9627072,73.1636608,37351,1652,FixOK,,OaG6CT0303,G130b15425,"X577+4R2, Bherle, Maharashtra 410216, India",0,,IgnitionOn,1,,,,
1b2bef96-6177-48bf-9567-78d41e93675e-3,EDC_BS6_PERIODIC,2025-11-25 06:49:52,2025-11-25 06:55:17,18.9627072,73.1636608,24407,1652,FixOK,A,OaG6CT0303,G130b15425,"X577+4R2, Bherle, Maharashtra 410216, India",15236,0,IgnitionOn,1,16.138,241.21,43,-113
1b2bef96-6177-48bf-9567-78d41e93675e-2,EDC_BS6_PERIODIC,2025-11-25 06:49:58,2025-11-25 06:55:17,18.962712,73.1636544,24408,1652,FixOK,A,OaG6CT0303,G130b15425,"X577+4R2, Bherle, Maharashtra 410216, India",15236,0,IgnitionOn,1,16.16,241.21,44,-113
1b2bef96-6177-48bf-9567-78d41e93675e-1,EDC_BS6_PERIODIC,2025-11-25 06:50:04,2025-11-25 06:55:17,18.9627168,73.1636544,24409,1652,FixOK,A,OaG6CT0303,G130b15425,"X577+4R2, Bherle, Maharashtra 410216, India",15236,0,IgnitionOn,1,16.084,241.21,45,-113
30ba0c29-dc91-4314-ba4c-7749a2b1b705-10,EDC_BS6_PERIODIC,2025-11-25 06:50:10,2025-11-25 06:51:09,18.9627168,73.1636544,24410,1652,FixOK,A,OaG6CT0303,G130b15425,"X567+XG7, Borle Rd, Bherle, Maharashtra 410221, India",15236,0,IgnitionOn,1,16.027,241.21,45,-113
30ba0c29-dc91-4314-ba4c-7749a2b1b705-9,EDC_BS6_PERIODIC,2025-11-25 06:50:16,2025-11-25 06:51:09,18.9627168,73.1636544,24411,1652,FixOK,A,OaG6CT0303,G130b15425,"X567+XG7, Borle Rd, Bherle, Maharashtra 410221, India",15236,0,IgnitionOn,1,15.968,241.21,44,-113
30ba0c29-dc91-4314-ba4c-7749a2b1b705-8,EDC_BS6_PERIODIC,2025-11-25 06:50:22,2025-11-25 06:51:09,18.9627168,73.1636544,24412,1652,FixOK,A,OaG6CT0303,G130b15425,"X567+XG7, Borle Rd, Bherle, Maharashtra 410221, India",15236,0,IgnitionOn,1,15.949,241.21,46,-113
30ba0c29-dc91-4314-ba4c-7749a2b1b705-7,EDC_BS6_PERIODIC,2025-11-25 06:50:28,2025-11-25 06:51:09,18.962712,73.1636544,24413,1652,FixOK,A,OaG6CT0303,G130b15425,"X567+XG7, Borle Rd, Bherle, Maharashtra 410221, India",15236,0,IgnitionOn,1,16.023,241.21,47,-113
30ba0c29-dc91-4314-ba4c-7749a2b1b705-6,EDC_BS6_PERIODIC,2025-11-25 06:50:34,2025-11-25 06:51:09,18.962712,73.1636544,24414,1652,FixOK,A,OaG6CT0303,G130b15425,"X567+XG7, Borle Rd, Bherle, Maharashtra 410221, India",15236,0,IgnitionOn,1,16.056,241.21,48,-113
30ba0c29-dc91-4314-ba4c-7749a2b1b705-5,EDC_BS6_PERIODIC,2025-11-25 06:50:40,2025-11-25 06:51:09,18.962712,73.1636544,24415,1652,FixOK,A,OaG6CT0303,G130b15425,"X567+XG7, Borle Rd, Bherle, Maharashtra 410221, India",15236,0,IgnitionOn,1,15.963,241.21,48,-113
30ba0c29-dc91-4314-ba4c-7749a2b1b705-4,EDC_BS6_PERIODIC,2025-11-25 06:50:46,2025-11-25 06:51:09,18.9627168,73.1636544,24416,1652,FixOK,A,OaG6CT0303,G130b15425,"X567+XG7, Borle Rd, Bherle, Maharashtra 410221, India",15236,0,IgnitionOn,1,15.748,241.21,48,-113
30ba0c29-dc91-4314-ba4c-7749a2b1b705-3,LOW_FUEL_CAN_START,2025-11-25 06:50:50,2025-11-25 06:51:09,18.9627168,73.163648,37354,1652,FixOK,,OaG6CT0303,G130b15425,"X567+XG7, Borle Rd, Bherle, Maharashtra 410221, India",0,0,IgnitionOn,1,,,,
30ba0c29-dc91-4314-ba4c-7749a2b1b705-2,EDC_BS6_PERIODIC,2025-11-25 06:50:52,2025-11-25 06:51:09,18.9627168,73.163648,24417,1652,FixOK,A,OaG6CT0303,G130b15425,"X567+XG7, Borle Rd, Bherle, Maharashtra 410221, India",15236,0,IgnitionOn,1,15.581,241.21,48,-113
30ba0c29-dc91-4314-ba4c-7749a2b1b705-1,EDC_BS6_PERIODIC,2025-11-25 06:51:00,2025-11-25 06:51:09,18.96272,73.163648,24418,1652,FixOK,A,OaG6CT0303,G130b15425,"X567+XG7, Borle Rd, Bherle, Maharashtra 410221, India",15236,0,IgnitionOn,1,15.237,241.21,49,-113
c6803693-a20e-4e2a-bedf-8a56a86e427c-10,EDC_BS6_PERIODIC,2025-11-25 06:51:06,2025-11-25 06:52:11,18.96272,73.1636544,24419,1652,FixOK,A,OaG6CT0303,G130b15425,"X567+XG7, Borle Rd, Bherle, Maharashtra 410221, India",15236,0,IgnitionOn,1,14.998,241.21,49,-113
ed30a974-dd90-4c62-843a-d44b9916e6b8,HEARTBEAT_MESSAGE,2025-11-25 06:51:08,2025-11-25 06:51:08,0,0,,,,,OaG6CT0303,G130b15425,,,,,1,,,,
c6803693-a20e-4e2a-bedf-8a56a86e427c-9,EDC_BS6_PERIODIC,2025-11-25 06:51:12,2025-11-25 06:52:11,18.96272,73.1636544,24420,1652,FixOK,A,OaG6CT0303,G130b15425,"X567+XG7, Borle Rd, Bherle, Maharashtra 410221, India",15236,0,IgnitionOn,1,14.894,241.21,49,-113
c6803693-a20e-4e2a-bedf-8a56a86e427c-8,EDC_BS6_PERIODIC,2025-11-25 06:51:18,2025-11-25 06:52:11,18.96272,73.1636544,24421,1652,FixOK,A,OaG6CT0303,G130b15425,"X567+XG7, Borle Rd, Bherle, Maharashtra 410221, India",15236,0,IgnitionOn,1,14.51,241.21,49,-113
c6803693-a20e-4e2a-bedf-8a56a86e427c-7,EDC_BS6_PERIODIC,2025-11-25 06:51:24,2025-11-25 06:52:11,18.96272,73.1636544,24422,1652,FixOK,A,OaG6CT0303,G130b15425,"X567+XG7, Borle Rd, Bherle, Maharashtra 410221, India",15236,0,IgnitionOn,1,14.222,241.21,49,-113
c6803693-a20e-4e2a-bedf-8a56a86e427c-6,EDC_BS6_PERIODIC,2025-11-25 06:51:30,2025-11-25 06:52:11,18.96272,73.163648,24423,1652,FixOK,A,OaG6CT0303,G130b15425,"X567+XG7, Borle Rd, Bherle, Maharashtra 410221, India",15236,0,IgnitionOn,1,13.857,241.21,49,-113
c6803693-a20e-4e2a-bedf-8a56a86e427c-5,EDC_BS6_PERIODIC,2025-11-25 06:51:36,2025-11-25 06:52:11,18.9627232,73.163648,24424,1652,FixOK,A,OaG6CT0303,G130b15425,"X567+XG7, Borle Rd, Bherle, Maharashtra 410221, India",15236,0,IgnitionOn,1,13.39,241.21,50,-113
c6803693-a20e-4e2a-bedf-8a56a86e427c-4,EDC_BS6_PERIODIC,2025-11-25 06:51:42,2025-11-25 06:52:11,18.9627232,73.163648,24425,1652,FixOK,A,OaG6CT0303,G130b15425,"X567+XG7, Borle Rd, Bherle, Maharashtra 410221, India",15236,0,IgnitionOn,1,13.09,241.21,50,-113
c6803693-a20e-4e2a-bedf-8a56a86e427c-3,EDC_BS6_PERIODIC,2025-11-25 06:51:48,2025-11-25 06:52:11,18.96272,73.1636416,24426,1652,FixOK,A,OaG6CT0303,G130b15425,"X567+XG7, Borle Rd, Bherle, Maharashtra 410221, India",15236,0,IgnitionOn,1,12.977,241.21,50,-113
c6803693-a20e-4e2a-bedf-8a56a86e427c-2,EDC_BS6_PERIODIC,2025-11-25 06:51:54,2025-11-25 06:52:11,18.9627232,73.1636416,24427,1652,FixOK,A,OaG6CT0303,G130b15425,"X567+XG7, Borle Rd, Bherle, Maharashtra 410221, India",15236,0,IgnitionOn,1,12.76,241.21,51,-113
c6803693-a20e-4e2a-bedf-8a56a86e427c-1,EDC_BS6_PERIODIC,2025-11-25 06:52:00,2025-11-25 06:52:11,18.9627232,73.1636416,24428,1652,FixOK,A,OaG6CT0303,G130b15425,"X567+XG7, Borle Rd, Bherle, Maharashtra 410221, India",15236,0,IgnitionOn,1,12.666,241.21,51,-113
47234301-a1d5-4ed6-b3c3-4235208f25be-10,EDC_BS6_PERIODIC,2025-11-25 06:52:06,2025-11-25 06:53:12,18.9627232,73.1636352,24429,1652,FixOK,A,OaG6CT0303,G130b15425,"X567+XG7, Borle Rd, Bherle, Maharashtra 410221, India",15236,0,IgnitionOn,1,12.751,241.21,51,-79
47234301-a1d5-4ed6-b3c3-4235208f25be-9,EDC_BS6_PERIODIC,2025-11-25 06:52:12,2025-11-25 06:53:12,18.96272,73.1636416,24430,1652,FixOK,A,OaG6CT0303,G130b15425,"X567+XG7, Borle Rd, Bherle, Maharashtra 410221, India",15236,0,IgnitionOn,1,12.781,241.21,51,-79
47234301-a1d5-4ed6-b3c3-4235208f25be-8,EDC_BS6_PERIODIC,2025-11-25 06:52:19,2025-11-25 06:53:12,18.96272,73.1636416,24431,1652,FixOK,A,OaG6CT0303,G130b15425,"X567+XG7, Borle Rd, Bherle, Maharashtra 410221, India",15236,0,IgnitionOn,1,12.66,241.21,51,-79
47234301-a1d5-4ed6-b3c3-4235208f25be-7,EDC_BS6_PERIODIC,2025-11-25 06:52:25,2025-11-25 06:53:12,18.96272,73.1636416,24432,1652,FixOK,A,OaG6CT0303,G130b15425,"X567+XG7, Borle Rd, Bherle, Maharashtra 410221, India",15236,0,IgnitionOn,1,12.557,241.21,51,-79
47234301-a1d5-4ed6-b3c3-4235208f25be-6,EDC_BS6_PERIODIC,2025-11-25 06:52:30,2025-11-25 06:53:12,18.96272,73.1636416,24433,1652,FixOK,A,OaG6CT0303,G130b15425,"X567+XG7, Borle Rd, Bherle, Maharashtra 410221, India",15236,0,IgnitionOn,1,12.461,241.21,50,-79
47234301-a1d5-4ed6-b3c3-4235208f25be-5,EDC_BS6_PERIODIC,2025-11-25 06:52:37,2025-11-25 06:53:12,18.96272,73.1636416,24434,1652,FixOK,A,OaG6CT0303,G130b15425,"X567+XG7, Borle Rd, Bherle, Maharashtra 410221, India",15236,0,IgnitionOn,1,12.222,241.21,51,-79
47234301-a1d5-4ed6-b3c3-4235208f25be-4,EDC_BS6_PERIODIC,2025-11-25 06:52:43,2025-11-25 06:53:12,18.9627232,73.1636416,24435,1652,FixOK,A,OaG6CT0303,G130b15425,"X567+XG7, Borle Rd, Bherle, Maharashtra 410221, India",15236,0,IgnitionOn,1,11.892,241.21,51,-79
47234301-a1d5-4ed6-b3c3-4235208f25be-3,EDC_BS6_PERIODIC,2025-11-25 06:52:49,2025-11-25 06:53:12,18.9627072,73.1636736,24436,1652,FixOK,A,OaG6CT0303,G130b15425,"X567+XG7, Borle Rd, Bherle, Maharashtra 410221, India",15236,2.1,IgnitionOn,1,11.685,241.21,50,-79
47234301-a1d5-4ed6-b3c3-4235208f25be-2,EDC_BS6_PERIODIC,2025-11-25 06:52:54,2025-11-25 06:53:12,18.9626736,73.1636992,24437,1652,FixOK,A,OaG6CT0303,G130b15425,"X567+XG7, Borle Rd, Bherle, Maharashtra 410221, India",15236,3.8899999,IgnitionOn,1,11.616,241.21,51,-79
47234301-a1d5-4ed6-b3c3-4235208f25be-1,EDC_BS6_PERIODIC,2025-11-25 06:53:01,2025-11-25 06:53:12,18.9625632,73.1637504,24438,1652,FixOK,A,OaG6CT0303,G130b15425,"X567+XG7, Borle Rd, Bherle, Maharashtra 410221, India",15236,9.19,IgnitionOn,1,10.977,126,50,-79
26c9e808-487b-44de-8697-655311f193dd-14,EDC_BS6_PERIODIC,2025-11-25 06:53:07,2025-11-25 07:00:28,18.962504,73.1638656,24439,1652,FixOK,A,OaG6CT0303,G130b15425,"X553+4FJ, Kolkhe, Kon, Maharashtra 410221, India",15236,8.77,IgnitionOn,1,10.567,109.56,49,-79
1bcc14e3-29ad-43ec-b325-93a85b50202c-10,EDC_BS6_PERIODIC,2025-11-25 06:53:12,2025-11-25 06:54:12,18.96248,73.163968,24440,1652,FixOK,A,OaG6CT0303,G130b15425,"X567+XG7, Borle Rd, Bherle, Maharashtra 410221, India",15236,7.67,IgnitionOn,1,10.364,102.98,50,-79
1bcc14e3-29ad-43ec-b325-93a85b50202c-9,EDC_BS6_PERIODIC,2025-11-25 06:53:19,2025-11-25 06:54:12,18.9624512,73.1640448,24441,1652,FixOK,A,OaG6CT0303,G130b15425,"X567+XG7, Borle Rd, Bherle, Maharashtra 410221, India",15236,4.12,IgnitionOn,1,11.029,119.69,49,-79
1bcc14e3-29ad-43ec-b325-93a85b50202c-8,EDC_BS6_PERIODIC,2025-11-25 06:53:25,2025-11-25 06:54:12,18.9624448,73.164064,24442,1652,FixOK,A,OaG6CT0303,G130b15425,"X567+XG7, Borle Rd, Bherle, Maharashtra 410221, India",15236,0,IgnitionOn,1,11.359,119.69,51,-79
1bcc14e3-29ad-43ec-b325-93a85b50202c-7,EDC_BS6_PERIODIC,2025-11-25 06:53:31,2025-11-25 06:54:12,18.9624288,73.1641216,24443,1652,FixOK,A,OaG6CT0303,G130b15425,"X567+XG7, Borle Rd, Bherle, Maharashtra 410221, India",15236,5.09,IgnitionOn,1,11.44,94.94,51,-79
1bcc14e3-29ad-43ec-b325-93a85b50202c-6,EDC_BS6_PERIODIC,2025-11-25 06:53:37,2025-11-25 06:54:12,18.9624032,73.1642304,24444,1652,FixOK,A,OaG6CT0303,G130b15425,"X567+XG7, Borle Rd, Bherle, Maharashtra 410221, India",15236,6.73,IgnitionOn,1,12.956,114.37,50,-79
1bcc14e3-29ad-43ec-b325-93a85b50202c-5,EDC_BS6_PERIODIC,2025-11-25 06:53:42,2025-11-25 06:54:12,18.962216,73.1643776,24445,1652,FixOK,A,OaG6CT0303,G130b15425,"X567+XG7, Borle Rd, Bherle, Maharashtra 410221, India",15236.125,22.59,IgnitionOn,1,13.454,145.41,47,-79
1bcc14e3-29ad-43ec-b325-93a85b50202c-4,EDC_BS6_PERIODIC,2025-11-25 06:53:49,2025-11-25 06:54:12,18.961744,73.164736,24446,1652,FixOK,A,OaG6CT0303,G130b15425,"X567+XG7, Borle Rd, Bherle, Maharashtra 410221, India",15236.125,34.08,IgnitionOn,1,14.456,143.72,48,-79
1bcc14e3-29ad-43ec-b325-93a85b50202c-3,EDC_BS6_PERIODIC,2025-11-25 06:53:55,2025-11-25 06:54:12,18.9612352,73.1651328,24447,1652,FixOK,A,OaG6CT0303,G130b15425,"X567+XG7, Borle Rd, Bherle, Maharashtra 410221, India",15236.125,43.1,IgnitionOn,1,15.036,142.72,47,-79
1bcc14e3-29ad-43ec-b325-93a85b50202c-2,EDC_BS6_PERIODIC,2025-11-25 06:54:01,2025-11-25 06:54:12,18.9606176,73.1656192,24448,1652,FixOK,A,OaG6CT0303,G130b15425,"X567+XG7, Borle Rd, Bherle, Maharashtra 410221, India",15236.25,51.9,IgnitionOn,1,15.977,143.24,46,-79
1bcc14e3-29ad-43ec-b325-93a85b50202c-1,EDC_BS6_PERIODIC,2025-11-25 06:54:06,2025-11-25 06:54:12,18.960192,73.165952,24449,1652,FixOK,A,OaG6CT0303,G130b15425,"X567+XG7, Borle Rd, Bherle, Maharashtra 410221, India",15236.375,52.54,IgnitionOn,1,16.698,143.67,47,-79
26c9e808-487b-44de-8697-655311f193dd-13,EDC_BS6_PERIODIC,2025-11-25 06:54:13,2025-11-25 07:00:28,18.959424,73.1665408,24450,1652,FixOK,A,OaG6CT0303,G130b15425,"X553+4FJ, Kolkhe, Kon, Maharashtra 410221, India",15236.5,55.16,IgnitionOn,1,17.152,143.36,48,-79
e78fda9a-ec1b-4656-91e4-4d68c376bc86-10,EDC_BS6_PERIODIC,2025-11-25 06:54:19,2025-11-25 06:55:14,18.9588032,73.1670272,24451,1652,FixOK,A,OaG6CT0303,G130b15425,"X567+XG7, Borle Rd, Bherle, Maharashtra 410221, India",15236.5,50.42,IgnitionOn,1,18.236,143.55,48,-79
e78fda9a-ec1b-4656-91e4-4d68c376bc86-9,EDC_BS6_PERIODIC,2025-11-25 06:54:25,2025-11-25 06:55:14,18.9581952,73.1674944,24452,1652,FixOK,A,OaG6CT0303,G130b15425,"X567+XG7, Borle Rd, Bherle, Maharashtra 410221, India",15236.625,50.73,IgnitionOn,1,19.857,144.08,52,-79
e78fda9a-ec1b-4656-91e4-4d68c376bc86-8,EDC_BS6_PERIODIC,2025-11-25 06:54:31,2025-11-25 06:55:14,18.95756,73.1679616,24453,1652,FixOK,A,OaG6CT0303,G130b15425,"X567+XG7, Borle Rd, Bherle, Maharashtra 410221, India",15236.75,51.95,IgnitionOn,1,22.277,146.69,51,-79
e78fda9a-ec1b-4656-91e4-4d68c376bc86-7,EDC_BS6_PERIODIC,2025-11-25 06:54:37,2025-11-25 06:55:14,18.956896,73.1684224,24454,1652,FixOK,A,OaG6CT0303,G130b15425,"X567+XG7, Borle Rd, Bherle, Maharashtra 410221, India",15236.75,52.95,IgnitionOn,1,24.94,145.89,49,-79
e78fda9a-ec1b-4656-91e4-4d68c376bc86-6,EDC_BS6_PERIODIC,2025-11-25 06:54:43,2025-11-25 06:55:14,18.956232,73.1688896,24455,1652,FixOK,A,OaG6CT0303,G130b15425,"X567+XG7, Borle Rd, Bherle, Maharashtra 410221, India",15236.875,52.68,IgnitionOn,1,26.366,146.33,50,-79
e78fda9a-ec1b-4656-91e4-4d68c376bc86-5,EDC_BS6_PERIODIC,2025-11-25 06:54:49,2025-11-25 06:55:14,18.955576,73.1693568,24456,1652,FixOK,A,OaG6CT0303,G130b15425,"X567+XG7, Borle Rd, Bherle, Maharashtra 410221, India",15237,53.09,IgnitionOn,1,29.216,145.58,47,-79
e78fda9a-ec1b-4656-91e4-4d68c376bc86-4,EDC_BS6_PERIODIC,2025-11-25 06:54:55,2025-11-25 06:55:14,18.9549152,73.1698304,24457,1652,FixOK,A,OaG6CT0303,G130b15425,"X567+XG7, Borle Rd, Bherle, Maharashtra 410221, India",15237.125,52.68,IgnitionOn,1,31.37,145.42,46,-79
e78fda9a-ec1b-4656-91e4-4d68c376bc86-3,BRAKE_PRESSED,2025-11-25 06:54:58,2025-11-25 06:55:14,18.954512,73.1701184,37355,1652,FixOK,,OaG6CT0303,G130b15425,"X567+XG7, Borle Rd, Bherle, Maharashtra 410221, India",0,29.6,IgnitionOn,1,,,,
e78fda9a-ec1b-4656-91e4-4d68c376bc86-2,EDC_BS6_PERIODIC,2025-11-25 06:55:01,2025-11-25 06:55:14,18.95432,73.1702528,24458,1652,FixOK,A,OaG6CT0303,G130b15425,"X567+XG7, Borle Rd, Bherle, Maharashtra 410221, India",15237.125,46.08,IgnitionOn,1,32.488,145.69,44,-79
e78fda9a-ec1b-4656-91e4-4d68c376bc86-1,EDC_BS6_PERIODIC,2025-11-25 06:55:07,2025-11-25 06:55:14,18.9539232,73.170528,24459,1652,FixOK,A,OaG6CT0303,G130b15425,"X567+XG7, Borle Rd, Bherle, Maharashtra 410221, India",15237.25,23.68,IgnitionOn,1,32.652,147.5,47,-79
26c9e808-487b-44de-8697-655311f193dd-12,EDC_BS6_PERIODIC,2025-11-25 06:55:13,2025-11-25 07:00:28,18.9538368,73.1705984,24460,1652,FixOK,A,OaG6CT0303,G130b15425,"X553+4FJ, Kolkhe, Kon, Maharashtra 410221, India",15237.25,3.75,IgnitionOn,1,32.995,147.5,47,-79
48112f7f-74cf-4b77-82f3-c6a8bbb16ae0-10,EDC_BS6_PERIODIC,2025-11-25 06:55:19,2025-11-25 06:56:15,18.953744,73.1706368,24461,1652,FixOK,A,OaG6CT0303,G130b15425,"Panvel Bypass Rd, Ajivali, Maharashtra 410221, India",15237.25,5.91,IgnitionOn,1,33.03,161.13,49,-79
48112f7f-74cf-4b77-82f3-c6a8bbb16ae0-9,EDC_BS6_PERIODIC,2025-11-25 06:55:25,2025-11-25 06:56:15,18.9536576,73.17056,24462,1652,FixOK,A,OaG6CT0303,G130b15425,"Panvel Bypass Rd, Ajivali, Maharashtra 410221, India",15237.25,8.64,IgnitionOn,1,32.884,222.27,50,-79
48112f7f-74cf-4b77-82f3-c6a8bbb16ae0-8,EDC_BS6_PERIODIC,2025-11-25 06:55:31,2025-11-25 06:56:15,18.953824,73.1698432,24463,1652,FixOK,A,OaG6CT0303,G130b15425,"Panvel Bypass Rd, Ajivali, Maharashtra 410221, India",15237.25,24.11,IgnitionOn,1,30.621,285.14,44,-79
48112f7f-74cf-4b77-82f3-c6a8bbb16ae0-7,EDC_BS6_PERIODIC,2025-11-25 06:55:37,2025-11-25 06:56:15,18.95396,73.169312,24464,1652,FixOK,A,OaG6CT0303,G130b15425,"Panvel Bypass Rd, Ajivali, Maharashtra 410221, India",15237.375,34.84,IgnitionOn,1,28.27,285.8,46,-79
48112f7f-74cf-4b77-82f3-c6a8bbb16ae0-6,EDC_BS6_PERIODIC,2025-11-25 06:55:43,2025-11-25 06:56:15,18.9541632,73.1685504,24465,1652,FixOK,A,OaG6CT0303,G130b15425,"Panvel Bypass Rd, Ajivali, Maharashtra 410221, India",15237.375,46.78,IgnitionOn,1,26.429,286.39,46,-79
48112f7f-74cf-4b77-82f3-c6a8bbb16ae0-5,EDC_BS6_PERIODIC,2025-11-25 06:55:49,2025-11-25 06:56:15,18.9543744,73.1677824,24466,1652,FixOK,A,OaG6CT0303,G130b15425,"Panvel Bypass Rd, Ajivali, Maharashtra 410221, India",15237.5,50.61,IgnitionOn,1,26.482,286.07,46,-79
48112f7f-74cf-4b77-82f3-c6a8bbb16ae0-4,EDC_BS6_PERIODIC,2025-11-25 06:55:55,2025-11-25 06:56:15,18.9545728,73.1670144,24467,1652,FixOK,A,OaG6CT0303,G130b15425,"Panvel Bypass Rd, Ajivali, Maharashtra 410221, India",15237.625,49.52,IgnitionOn,1,26.206,285.01,48,-79
48112f7f-74cf-4b77-82f3-c6a8bbb16ae0-2,BRAKE_PRESSED,2025-11-25 06:56:00,2025-11-25 06:56:15,18.9547968,73.1661824,37356,1652,FixOK,,OaG6CT0303,G130b15425,"Panvel Bypass Rd, Ajivali, Maharashtra 410221, India",0,44.2,IgnitionOn,1,,,,
48112f7f-74cf-4b77-82f3-c6a8bbb16ae0-3,EDC_BS6_PERIODIC,2025-11-25 06:56:00,2025-11-25 06:56:15,18.9547616,73.1663232,24468,1652,FixOK,A,OaG6CT0303,G130b15425,"Panvel Bypass Rd, Ajivali, Maharashtra 410221, India",15237.75,53.9,IgnitionOn,1,25.153,285.98,48,-79
48112f7f-74cf-4b77-82f3-c6a8bbb16ae0-1,EDC_BS6_PERIODIC,2025-11-25 06:56:07,2025-11-25 06:56:15,18.954944,73.165632,24469,1652,FixOK,A,OaG6CT0303,G130b15425,"Panvel Bypass Rd, Ajivali, Maharashtra 410221, India",15237.75,48.39,IgnitionOn,1,24.648,281.79,47,-79
26c9e808-487b-44de-8697-655311f193dd-11,EDC_BS6_PERIODIC,2025-11-25 06:56:13,2025-11-25 07:00:28,18.955024,73.165344,24470,1652,FixOK,A,OaG6CT0303,G130b15425,"X553+4FJ, Kolkhe, Kon, Maharashtra 410221, India",15237.875,12.23,IgnitionOn,1,22.954,285.82,47,-79
26c9e808-487b-44de-8697-655311f193dd-10,BRAKE_PRESSED,2025-11-25 06:56:14,2025-11-25 07:00:28,18.955056,73.1652096,37357,1652,FixOK,,OaG6CT0303,G130b15425,"X553+4FJ, Kolkhe, Kon, Maharashtra 410221, India",0,16.71,IgnitionOn,1,,,,
29cdadaf-293e-47df-9ae5-c9e736371774-10,EDC_BS6_PERIODIC,2025-11-25 06:56:19,2025-11-25 06:57:16,18.9551072,73.165024,24471,1652,FixOK,A,OaG6CT0303,G130b15425,"X567+XG7, Borle Rd, Bherle, Maharashtra 410221, India",15237.875,25.8,IgnitionOn,1,22.278,286.23,47,-79
29cdadaf-293e-47df-9ae5-c9e736371774-9,EDC_BS6_PERIODIC,2025-11-25 06:56:25,2025-11-25 06:57:16,18.9552256,73.1645696,24472,1652,FixOK,A,OaG6CT0303,G130b15425,"X567+XG7, Borle Rd, Bherle, Maharashtra 410221, India",15237.875,22.34,IgnitionOn,1,21.673000000000002,285.25,47,-79
29cdadaf-293e-47df-9ae5-c9e736371774-8,EDC_BS6_PERIODIC,2025-11-25 06:56:31,2025-11-25 06:57:16,18.955384,73.163936,24473,1652,FixOK,A,OaG6CT0303,G130b15425,"X567+XG7, Borle Rd, Bherle, Maharashtra 410221, India",15238,37.36,IgnitionOn,1,21.488,285.95,47,-79
29cdadaf-293e-47df-9ae5-c9e736371774-7,EDC_BS6_PERIODIC,2025-11-25 06:56:37,2025-11-25 06:57:16,18.9555328,73.1632896,24474,1652,FixOK,A,OaG6CT0303,G130b15425,"X567+XG7, Borle Rd, Bherle, Maharashtra 410221, India",15238,41.59,IgnitionOn,1,21.017,285.39,48,-79
29cdadaf-293e-47df-9ae5-c9e736371774-6,EDC_BS6_PERIODIC,2025-11-25 06:56:43,2025-11-25 06:57:16,18.9557024,73.1626368,24475,1652,FixOK,A,OaG6CT0303,G130b15425,"X567+XG7, Borle Rd, Bherle, Maharashtra 410221, India",15238.125,43.47,IgnitionOn,1,21.565,285.48,48,-79
29cdadaf-293e-47df-9ae5-c9e736371774-5,BRAKE_PRESSED,2025-11-25 06:56:44,2025-11-25 06:57:16,18.9557568,73.162432,37358,1652,FixOK,,OaG6CT0303,G130b15425,"X567+XG7, Borle Rd, Bherle, Maharashtra 410221, India",0,35.87,IgnitionOn,1,,,,
29cdadaf-293e-47df-9ae5-c9e736371774-4,EDC_BS6_PERIODIC,2025-11-25 06:56:49,2025-11-25 06:57:16,18.9558432,73.1621184,24476,1652,FixOK,A,OaG6CT0303,G130b15425,"X567+XG7, Borle Rd, Bherle, Maharashtra 410221, India",15238.125,40.8,IgnitionOn,1,21.502,285.35,48,-79
29cdadaf-293e-47df-9ae5-c9e736371774-3,EDC_BS6_PERIODIC,2025-11-25 06:56:55,2025-11-25 06:57:16,18.9559264,73.1618304,24477,1652,FixOK,A,OaG6CT0303,G130b15425,"X567+XG7, Borle Rd, Bherle, Maharashtra 410221, India",15238.25,17.02,IgnitionOn,1,20.259,287.85,49,-79
29cdadaf-293e-47df-9ae5-c9e736371774-2,EDC_BS6_PERIODIC,2025-11-25 06:57:01,2025-11-25 06:57:16,18.956088,73.161248,24478,1652,FixOK,A,OaG6CT0303,G130b15425,"X567+XG7, Borle Rd, Bherle, Maharashtra 410221, India",15238.25,29.34,IgnitionOn,1,19.899,284.89,48,-79
29cdadaf-293e-47df-9ae5-c9e736371774-1,EDC_BS6_PERIODIC,2025-11-25 06:57:07,2025-11-25 06:57:16,18.956304,73.1604544,24479,1652,FixOK,A,OaG6CT0303,G130b15425,"X567+XG7, Borle Rd, Bherle, Maharashtra 410221, India",15238.375,47.34,IgnitionOn,1,18.414,286.98,48,-79
26c9e808-487b-44de-8697-655311f193dd-9,EDC_BS6_PERIODIC,2025-11-25 06:57:13,2025-11-25 07:00:28,18.9564928,73.1598016,24480,1652,FixOK,A,OaG6CT0303,G130b15425,"X553+4FJ, Kolkhe, Kon, Maharashtra 410221, India",15238.375,53.65,IgnitionOn,1,17.247,285.66,49,-79
eebe2022-3a5c-46f0-8c2b-d05126aeb21c-10,EDC_BS6_PERIODIC,2025-11-25 06:57:19,2025-11-25 06:58:17,18.9567264,73.1589696,24481,1652,FixOK,A,OaG6CT0303,G130b15425,"X539+JHF, MH SH 76, Ajivali, Maharashtra 410221, India",15238.5,51.46,IgnitionOn,1,16.677,286.57,48,-79
eebe2022-3a5c-46f0-8c2b-d05126aeb21c-9,EDC_BS6_PERIODIC,2025-11-25 06:57:25,2025-11-25 06:58:17,18.9570064,73.158048,24482,1652,FixOK,A,OaG6CT0303,G130b15425,"X539+JHF, MH SH 76, Ajivali, Maharashtra 410221, India",15238.625,63.09,IgnitionOn,1,19.662,287.22,48,-79
eebe2022-3a5c-46f0-8c2b-d05126aeb21c-8,EDC_BS6_PERIODIC,2025-11-25 06:57:31,2025-11-25 06:58:17,18.9572336,73.1571968,24483,1652,FixOK,A,OaG6CT0303,G130b15425,"X539+JHF, MH SH 76, Ajivali, Maharashtra 410221, India",15238.75,56.85,IgnitionOn,1,22.767,285.8,49,-79
eebe2022-3a5c-46f0-8c2b-d05126aeb21c-7,EDC_BS6_PERIODIC,2025-11-25 06:57:37,2025-11-25 06:58:17,18.9574576,73.1563392,24484,1652,FixOK,A,OaG6CT0303,G130b15425,"X539+JHF, MH SH 76, Ajivali, Maharashtra 410221, India",15238.875,55.27,IgnitionOn,1,23.027,285.38,48,-79
eebe2022-3a5c-46f0-8c2b-d05126aeb21c-6,EDC_BS6_PERIODIC,2025-11-25 06:57:43,2025-11-25 06:58:17,18.9576816,73.155392,24485,1652,FixOK,A,OaG6CT0303,G130b15425,"X539+JHF, MH SH 76, Ajivali, Maharashtra 410221, India",15238.875,60.7,IgnitionOn,1,21.426,284.1,49,-79
eebe2022-3a5c-46f0-8c2b-d05126aeb21c-5,BRAKE_PRESSED,2025-11-25 06:57:44,2025-11-25 06:58:17,18.957768,73.1550848,37359,1652,FixOK,,OaG6CT0303,G130b15425,"X539+JHF, MH SH 76, Ajivali, Maharashtra 410221, India",0,58.98,IgnitionOn,1,,,,
eebe2022-3a5c-46f0-8c2b-d05126aeb21c-4,EDC_BS6_PERIODIC,2025-11-25 06:57:49,2025-11-25 06:58:17,18.9579328,73.154464,24486,1652,FixOK,A,OaG6CT0303,G130b15425,"X539+JHF, MH SH 76, Ajivali, Maharashtra 410221, India",15239,62.05,IgnitionOn,1,16.674,285.67,48,-79
eebe2022-3a5c-46f0-8c2b-d05126aeb21c-3,EDC_BS6_PERIODIC,2025-11-25 06:57:55,2025-11-25 06:58:17,18.9581312,73.1537216,24487,1652,FixOK,A,OaG6CT0303,G130b15425,"X539+JHF, MH SH 76, Ajivali, Maharashtra 410221, India",15239.125,53.92,IgnitionOn,1,14.817,284.97,50,-79
eebe2022-3a5c-46f0-8c2b-d05126aeb21c-2,EDC_BS6_PERIODIC,2025-11-25 06:58:01,2025-11-25 06:58:17,18.9582,73.1534336,24488,1652,FixOK,A,OaG6CT0303,G130b15425,"X539+JHF, MH SH 76, Ajivali, Maharashtra 410221, India",15239.25,24.45,IgnitionOn,1,14.286,279.98,47,-79
eebe2022-3a5c-46f0-8c2b-d05126aeb21c-1,EDC_BS6_PERIODIC,2025-11-25 06:58:07,2025-11-25 06:58:17,18.9583072,73.153056,24489,1652,FixOK,A,OaG6CT0303,G130b15425,"X539+JHF, MH SH 76, Ajivali, Maharashtra 410221, India",15239.25,22.49,IgnitionOn,1,14.762,284.45,48,-63
26c9e808-487b-44de-8697-655311f193dd-8,EDC_BS6_PERIODIC,2025-11-25 06:58:13,2025-11-25 07:00:28,18.9584064,73.1525504,24490,1652,FixOK,A,OaG6CT0303,G130b15425,"X553+4FJ, Kolkhe, Kon, Maharashtra 410221, India",15239.25,31.3,IgnitionOn,1,15.824,281.2,48,-63
26c9e808-487b-44de-8697-655311f193dd-7,EDC_BS6_PERIODIC,2025-11-25 06:58:19,2025-11-25 07:00:28,18.9585888,73.151968,24491,1652,FixOK,A,OaG6CT0303,G130b15425,"X553+4FJ, Kolkhe, Kon, Maharashtra 410221, India",15239.375,37.59,IgnitionOn,1,16.454,289.2,48,-63
fd49bc24-e8c0-4da5-b3da-49f5405a2509-10,BRAKE_PRESSED,2025-11-25 06:58:20,2025-11-25 06:59:20,18.9586544,73.1517696,37360,1652,FixOK,,OaG6CT0303,G130b15425,"X546+HC6, Ariwali, Maharashtra 410221, India",0,33.82,IgnitionOn,1,,,,
fd49bc24-e8c0-4da5-b3da-49f5405a2509-9,EDC_BS6_PERIODIC,2025-11-25 06:58:25,2025-11-25 06:59:20,18.9587584,73.151424,24492,1652,FixOK,A,OaG6CT0303,G130b15425,"X546+HC6, Ariwali, Maharashtra 410221, India",15239.375,40.2,IgnitionOn,1,17.871,288.54,45,-63
fd49bc24-e8c0-4da5-b3da-49f5405a2509-8,BRAKE_PRESSED,2025-11-25 06:58:26,2025-11-25 06:59:20,18.95876,73.151296,37361,1652,FixOK,,OaG6CT0303,G130b15425,"X546+HC6, Ariwali, Maharashtra 410221, India",0,18.43,IgnitionOn,1,,,,
fd49bc24-e8c0-4da5-b3da-49f5405a2509-7,EDC_BS6_PERIODIC,2025-11-25 06:58:31,2025-11-25 06:59:20,18.9586384,73.151136,24493,1652,FixOK,A,OaG6CT0303,G130b15425,"X546+HC6, Ariwali, Maharashtra 410221, India",15239.5,23.11,IgnitionOn,1,17.566,261.45,46,-63
fd49bc24-e8c0-4da5-b3da-49f5405a2509-6,EDC_BS6_PERIODIC,2025-11-25 06:58:37,2025-11-25 06:59:20,18.958368,73.1512832,24494,1652,FixOK,A,OaG6CT0303,G130b15425,"X546+HC6, Ariwali, Maharashtra 410221, India",15239.5,15.92,IgnitionOn,1,18.649,146.24,47,-63
fd49bc24-e8c0-4da5-b3da-49f5405a2509-5,EDC_BS6_PERIODIC,2025-11-25 06:58:43,2025-11-25 06:59:20,18.957976,73.151552,24495,1652,FixOK,A,OaG6CT0303,G130b15425,"X546+HC6, Ariwali, Maharashtra 410221, India",15239.5,30.88,IgnitionOn,1,21.497,147.35,47,-63
fd49bc24-e8c0-4da5-b3da-49f5405a2509-4,EDC_BS6_PERIODIC,2025-11-25 06:58:49,2025-11-25 06:59:20,18.957616,73.151744,24496,1652,FixOK,A,OaG6CT0303,G130b15425,"X546+HC6, Ariwali, Maharashtra 410221, India",15239.625,31.38,IgnitionOn,1,22.784,157.24,47,-63
fd49bc24-e8c0-4da5-b3da-49f5405a2509-3,EDC_BS6_PERIODIC,2025-11-25 06:58:55,2025-11-25 06:59:20,18.9570816,73.1517824,24497,1652,FixOK,A,OaG6CT0303,G130b15425,"X546+HC6, Ariwali, Maharashtra 410221, India",15239.625,35.74,IgnitionOn,1,23.596,177.08,50,-63
fd49bc24-e8c0-4da5-b3da-49f5405a2509-2,EDC_BS6_PERIODIC,2025-11-25 06:59:01,2025-11-25 06:59:20,18.9565344,73.1517184,24498,1652,FixOK,A,OaG6CT0303,G130b15425,"X546+HC6, Ariwali, Maharashtra 410221, India",15239.75,37.91,IgnitionOn,1,26.495,187.41,50,-63
fd49bc24-e8c0-4da5-b3da-49f5405a2509-1,EDC_BS6_PERIODIC,2025-11-25 06:59:07,2025-11-25 06:59:20,18.9560416,73.15168,24499,1652,FixOK,A,OaG6CT0303,G130b15425,"X546+HC6, Ariwali, Maharashtra 410221, India",15239.75,32.38,IgnitionOn,1,27.556,179.19,49,-63
26c9e808-487b-44de-8697-655311f193dd-6,EDC_BS6_PERIODIC,2025-11-25 06:59:13,2025-11-25 07:00:28,18.955528,73.1517312,24500,1652,FixOK,A,OaG6CT0303,G130b15425,"X553+4FJ, Kolkhe, Kon, Maharashtra 410221, India",15239.875,35.23,IgnitionOn,1,25.652,175.02,51,-63
26c9e808-487b-44de-8697-655311f193dd-5,EDC_BS6_PERIODIC,2025-11-25 06:59:18,2025-11-25 07:00:28,18.9551392,73.1517696,24501,1652,FixOK,A,OaG6CT0303,G130b15425,"X553+4FJ, Kolkhe, Kon, Maharashtra 410221, India",15239.875,31.58,IgnitionOn,1,24.447,174.71,48,-63
26c9e808-487b-44de-8697-655311f193dd-4,EDC_BS6_PERIODIC,2025-11-25 06:59:24,2025-11-25 07:00:28,18.954624,73.1517312,24502,1652,FixOK,A,OaG6CT0303,G130b15425,"X553+4FJ, Kolkhe, Kon, Maharashtra 410221, India",15240,35.42,IgnitionOn,1,22.768,188.89,48,-63
26c9e808-487b-44de-8697-655311f193dd-3,BRAKE_PRESSED,2025-11-25 06:59:25,2025-11-25 07:00:28,18.9545312,73.151712,37362,1652,FixOK,,OaG6CT0303,G130b15425,"X553+4FJ, Kolkhe, Kon, Maharashtra 410221, India",0,35.81,IgnitionOn,1,,,,
26c9e808-487b-44de-8697-655311f193dd-2,BRAKE_PRESSED,2025-11-25 06:59:29,2025-11-25 07:00:28,18.9541568,73.1516416,37363,1652,FixOK,,OaG6CT0303,G130b15425,"X553+4FJ, Kolkhe, Kon, Maharashtra 410221, India",0,32.27,IgnitionOn,1,,,,
26c9e808-487b-44de-8697-655311f193dd-1,EDC_BS6_PERIODIC,2025-11-25 06:59:30,2025-11-25 07:00:28,18.9540672,73.1516224,24503,1652,FixOK,A,OaG6CT0303,G130b15425,"X553+4FJ, Kolkhe, Kon, Maharashtra 410221, India",15240,37.97,IgnitionOn,1,20.096,189.24,47,-63
7cb3bd01-8899-4645-b9fd-ded2b611c0c0-11,BRAKE_PRESSED,2025-11-25 06:59:33,2025-11-25 07:05:38,18.9538208,73.1515776,37364,1652,FixOK,,OaG6CT0303,G130b15425,"W4QW+CHW, Sawala Apta Rd, Maharashtra 410221, India",0,23.38,IgnitionOn,1,,,,
7cb3bd01-8899-4645-b9fd-ded2b611c0c0-10,EDC_BS6_PERIODIC,2025-11-25 06:59:36,2025-11-25 07:05:38,18.9535968,73.1515264,24504,1652,FixOK,A,OaG6CT0303,G130b15425,"W4QW+CHW, Sawala Apta Rd, Maharashtra 410221, India",15240.125,29.24,IgnitionOn,1,19.69,190.78,46,-63
4878c634-72f8-4eb5-8b6f-f558b6691a29-10,BRAKE_PRESSED,2025-11-25 06:59:40,2025-11-25 07:00:19,18.9533952,73.151488,37365,1652,FixOK,,OaG6CT0303,G130b15425,"X553+4FJ, Kolkhe, Kon, Maharashtra 410221, India",0,10.6,IgnitionOn,1,,,,
4878c634-72f8-4eb5-8b6f-f558b6691a29-9,EDC_BS6_PERIODIC,2025-11-25 06:59:42,2025-11-25 07:00:19,18.9533456,73.1514816,24505,1652,FixOK,A,OaG6CT0303,G130b15425,"X553+4FJ, Kolkhe, Kon, Maharashtra 410221, India",15240.125,11.88,IgnitionOn,1,19.459,194.72,48,-63
4878c634-72f8-4eb5-8b6f-f558b6691a29-8,GPS_MESSAGE,2025-11-25 06:59:45,2025-11-25 07:00:19,18.9532672,73.1514624,,1652,3DFix,,OaG6CT0303,G130b15425,"X553+4FJ, Kolkhe, Kon, Maharashtra 410221, India",0,,IgnitionOn,1,18,19,46,
4878c634-72f8-4eb5-8b6f-f558b6691a29-7,EDC_BS6_PERIODIC,2025-11-25 06:59:48,2025-11-25 07:00:19,18.95316,73.1514368,24506,1652,FixOK,A,OaG6CT0303,G130b15425,"X553+4FJ, Kolkhe, Kon, Maharashtra 410221, India",15240.125,12.38,IgnitionOn,1,19.156,194.05,47,-63
4878c634-72f8-4eb5-8b6f-f558b6691a29-6,BRAKE_PRESSED,2025-11-25 06:59:50,2025-11-25 07:00:19,18.9530592,73.151424,37366,1652,FixOK,,OaG6CT0303,G130b15425,"X553+4FJ, Kolkhe, Kon, Maharashtra 410221, India",0,12.87,IgnitionOn,1,,,,
4878c634-72f8-4eb5-8b6f-f558b6691a29-5,EDC_BS6_PERIODIC,2025-11-25 06:59:54,2025-11-25 07:00:19,18.9528704,73.1513856,24507,1652,FixOK,A,OaG6CT0303,G130b15425,"X553+4FJ, Kolkhe, Kon, Maharashtra 410221, India",15240.125,20.05,IgnitionOn,1,19.061,191.97,49,-63
4878c634-72f8-4eb5-8b6f-f558b6691a29-4,LOW_FUEL_CAN_STOP,2025-11-25 06:59:58,2025-11-25 07:00:19,18.952784,73.15136,37367,1652,FixOK,,OaG6CT0303,G130b15425,"X553+4FJ, Kolkhe, Kon, Maharashtra 410221, India",0,19.43,IgnitionOn,1,,,,
4878c634-72f8-4eb5-8b6f-f558b6691a29-3,EDC_BS6_PERIODIC,2025-11-25 07:00:00,2025-11-25 07:00:19,18.9527328,73.1513536,24508,1652,FixOK,A,OaG6CT0303,G130b15425,"X553+4FJ, Kolkhe, Kon, Maharashtra 410221, India",15240.25,10.33,IgnitionOn,1,18.538,192.05,48,-63
4878c634-72f8-4eb5-8b6f-f558b6691a29-2,EDC_BS6_PERIODIC,2025-11-25 07:00:06,2025-11-25 07:00:19,18.952424,73.1512704,24509,1652,FixOK,A,OaG6CT0303,G130b15425,"X553+4FJ, Kolkhe, Kon, Maharashtra 410221, India",15240.25,23.98,IgnitionOn,1,18.131,192.91,47,-63
4878c634-72f8-4eb5-8b6f-f558b6691a29-1,EDC_BS6_PERIODIC,2025-11-25 07:00:12,2025-11-25 07:00:19,18.9519184,73.1511616,24510,1652,FixOK,A,OaG6CT0303,G130b15425,"X553+4FJ, Kolkhe, Kon, Maharashtra 410221, India",15240.25,38.04,IgnitionOn,1,17.533,189.78,49,-63
7cb3bd01-8899-4645-b9fd-ded2b611c0c0-9,EDC_BS6_PERIODIC,2025-11-25 07:00:18,2025-11-25 07:05:38,18.9514048,73.15104,24511,1652,FixOK,A,OaG6CT0303,G130b15425,"W4QW+CHW, Sawala Apta Rd, Maharashtra 410221, India",15240.375,34.24,IgnitionOn,1,16.947,193,48,-63
7cb3bd01-8899-4645-b9fd-ded2b611c0c0-8,EDC_BS6_PERIODIC,2025-11-25 07:00:24,2025-11-25 07:05:38,18.9509728,73.15088,24512,1652,FixOK,A,OaG6CT0303,G130b15425,"W4QW+CHW, Sawala Apta Rd, Maharashtra 410221, India",15240.375,35.53,IgnitionOn,1,16.337,202.28,48,-63
d1bf1079-e2d7-4209-a39d-cdb3024fab9e-10,EDC_BS6_PERIODIC,2025-11-25 07:00:30,2025-11-25 07:01:21,18.9504448,73.1506432,24513,1652,FixOK,A,OaG6CT0303,G130b15425,"X553+4FJ, Kolkhe, Kon, Maharashtra 410221, India",15240.5,38.25,IgnitionOn,1,15.152,203.72,49,-63
d1bf1079-e2d7-4209-a39d-cdb3024fab9e-9,EDC_BS6_PERIODIC,2025-11-25 07:00:36,2025-11-25 07:01:21,18.94988,73.150432,24514,1652,FixOK,A,OaG6CT0303,G130b15425,"X553+4FJ, Kolkhe, Kon, Maharashtra 410221, India",15240.5,41.01,IgnitionOn,1,13.989,199.3,48,-63
d1bf1079-e2d7-4209-a39d-cdb3024fab9e-8,EDC_BS6_PERIODIC,2025-11-25 07:00:42,2025-11-25 07:01:21,18.949288,73.15024,24515,1652,FixOK,A,OaG6CT0303,G130b15425,"X553+4FJ, Kolkhe, Kon, Maharashtra 410221, India",15240.625,40.68,IgnitionOn,1,13.69,194.85,50,-63
d1bf1079-e2d7-4209-a39d-cdb3024fab9e-7,BRAKE_PRESSED,2025-11-25 07:00:47,2025-11-25 07:01:21,18.9488128,73.150112,37368,1652,FixOK,,OaG6CT0303,G130b15425,"X553+4FJ, Kolkhe, Kon, Maharashtra 410221, India",0,25.8,IgnitionOn,1,,,,
d1bf1079-e2d7-4209-a39d-cdb3024fab9e-6,EDC_BS6_PERIODIC,2025-11-25 07:00:48,2025-11-25 07:01:21,18.9487168,73.1500864,24516,1652,FixOK,A,OaG6CT0303,G130b15425,"X553+4FJ, Kolkhe, Kon, Maharashtra 410221, India",15240.625,38.8,IgnitionOn,1,13.958,195.16,50,-63
d1bf1079-e2d7-4209-a39d-cdb3024fab9e-5,EDC_BS6_PERIODIC,2025-11-25 07:00:54,2025-11-25 07:01:21,18.94828,73.150016,24517,1652,FixOK,A,OaG6CT0303,G130b15425,"X553+4FJ, Kolkhe, Kon, Maharashtra 410221, India",15240.75,22.52,IgnitionOn,1,14.095,190.02,53,-63
d1bf1079-e2d7-4209-a39d-cdb3024fab9e-4,EDC_BS6_PERIODIC,2025-11-25 07:01:00,2025-11-25 07:01:21,18.9481216,73.149984,24518,1652,FixOK,A,OaG6CT0303,G130b15425,"X553+4FJ, Kolkhe, Kon, Maharashtra 410221, India",15240.75,7.03,IgnitionOn,1,13.942,191.53,53,-63
d1bf1079-e2d7-4209-a39d-cdb3024fab9e-3,EDC_BS6_PERIODIC,2025-11-25 07:01:06,2025-11-25 07:01:21,18.9479968,73.1499584,24519,1652,FixOK,A,OaG6CT0303,G130b15425,"X553+4FJ, Kolkhe, Kon, Maharashtra 410221, India",15240.75,8.68,IgnitionOn,1,13.88,190.38,53,-63
d1bf1079-e2d7-4209-a39d-cdb3024fab9e-2,EDC_BS6_PERIODIC,2025-11-25 07:01:12,2025-11-25 07:01:21,18.9478,73.14992,24520,1652,FixOK,A,OaG6CT0303,G130b15425,"X553+4FJ, Kolkhe, Kon, Maharashtra 410221, India",15240.75,8.48,IgnitionOn,1,13.595,192,51,-63
d1bf1079-e2d7-4209-a39d-cdb3024fab9e-1,BRAKE_PRESSED,2025-11-25 07:01:14,2025-11-25 07:01:21,18.947768,73.14992,37369,1652,FixOK,,OaG6CT0303,G130b15425,"X553+4FJ, Kolkhe, Kon, Maharashtra 410221, India",0,6.64,IgnitionOn,1,,,,
7cb3bd01-8899-4645-b9fd-ded2b611c0c0-7,EDC_BS6_PERIODIC,2025-11-25 07:01:18,2025-11-25 07:05:38,18.9477088,73.1499008,24521,1652,FixOK,A,OaG6CT0303,G130b15425,"W4QW+CHW, Sawala Apta Rd, Maharashtra 410221, India",15240.75,6.7200003,IgnitionOn,1,13.583,194.25,51,-63
7cb3bd01-8899-4645-b9fd-ded2b611c0c0-6,EDC_BS6_PERIODIC,2025-11-25 07:01:24,2025-11-25 07:05:38,18.947616,73.1498752,24522,1652,FixOK,A,OaG6CT0303,G130b15425,"W4QW+CHW, Sawala Apta Rd, Maharashtra 410221, India",15240.75,6.07,IgnitionOn,1,13.663,194.49,51,-63
3cad842e-836c-4080-99fc-56b519048c93-10,EDC_BS6_PERIODIC,2025-11-25 07:01:30,2025-11-25 07:02:22,18.9475232,73.1498368,24523,1652,FixOK,A,OaG6CT0303,G130b15425,"X553+4FJ, Kolkhe, Kon, Maharashtra 410221, India",15240.75,5.74,IgnitionOn,1,13.89,196.91,52,-63
3cad842e-836c-4080-99fc-56b519048c93-9,EDC_BS6_PERIODIC,2025-11-25 07:01:36,2025-11-25 07:02:22,18.9474,73.149792,24524,1652,FixOK,A,OaG6CT0303,G130b15425,"X553+4FJ, Kolkhe, Kon, Maharashtra 410221, India",15240.875,6.3,IgnitionOn,1,13.651,207.39,52,-63
3cad842e-836c-4080-99fc-56b519048c93-8,EDC_BS6_PERIODIC,2025-11-25 07:01:42,2025-11-25 07:02:22,18.9470752,73.149696,24525,1652,FixOK,A,OaG6CT0303,G130b15425,"X553+4FJ, Kolkhe, Kon, Maharashtra 410221, India",15240.875,16.63,IgnitionOn,1,13.312,197.13,52,-63
3cad842e-836c-4080-99fc-56b519048c93-7,EDC_BS6_PERIODIC,2025-11-25 07:01:48,2025-11-25 07:02:22,18.946664,73.149568,24526,1652,FixOK,A,OaG6CT0303,G130b15425,"X553+4FJ, Kolkhe, Kon, Maharashtra 410221, India",15240.875,29.21,IgnitionOn,1,12.762,196.07,52,-63
3cad842e-836c-4080-99fc-56b519048c93-6,BRAKE_PRESSED,2025-11-25 07:01:52,2025-11-25 07:02:22,18.946424,73.1494976,37370,1652,FixOK,,OaG6CT0303,G130b15425,"X553+4FJ, Kolkhe, Kon, Maharashtra 410221, India",0,20.78,IgnitionOn,1,,,,
3cad842e-836c-4080-99fc-56b519048c93-5,EDC_BS6_PERIODIC,2025-11-25 07:01:54,2025-11-25 07:02:22,18.94632,73.1494656,24527,1652,FixOK,A,OaG6CT0303,G130b15425,"X553+4FJ, Kolkhe, Kon, Maharashtra 410221, India",15240.875,26.37,IgnitionOn,1,12.526,196,52,-63
3cad842e-836c-4080-99fc-56b519048c93-4,EDC_BS6_PERIODIC,2025-11-25 07:02:00,2025-11-25 07:02:22,18.9459712,73.1493632,24528,1652,FixOK,A,OaG6CT0303,G130b15425,"X553+4FJ, Kolkhe, Kon, Maharashtra 410221, India",15241,26.83,IgnitionOn,1,11.965,195.52,52,-63
3cad842e-836c-4080-99fc-56b519048c93-3,BRAKE_PRESSED,2025-11-25 07:02:02,2025-11-25 07:02:22,18.945832,73.149312,37371,1652,FixOK,,OaG6CT0303,G130b15425,"X553+4FJ, Kolkhe, Kon, Maharashtra 410221, India",0,17.16,IgnitionOn,1,,,,
3cad842e-836c-4080-99fc-56b519048c93-2,EDC_BS6_PERIODIC,2025-11-25 07:02:06,2025-11-25 07:02:22,18.94564,73.149248,24529,1652,FixOK,A,OaG6CT0303,G130b15425,"X553+4FJ, Kolkhe, Kon, Maharashtra 410221, India",15241,28.42,IgnitionOn,1,11.161,199,52,-63
3cad842e-836c-4080-99fc-56b519048c93-1,EDC_BS6_PERIODIC,2025-11-25 07:02:12,2025-11-25 07:02:22,18.945184,73.1491328,24530,1652,FixOK,A,OaG6CT0303,G130b15425,"X553+4FJ, Kolkhe, Kon, Maharashtra 410221, India",15241.125,28.86,IgnitionOn,1,11.588,186.16,52,-63
7cb3bd01-8899-4645-b9fd-ded2b611c0c0-5,EDC_BS6_PERIODIC,2025-11-25 07:02:18,2025-11-25 07:05:38,18.9445408,73.1490496,24531,1652,FixOK,A,OaG6CT0303,G130b15425,"W4QW+CHW, Sawala Apta Rd, Maharashtra 410221, India",15241.125,41.12,IgnitionOn,1,11.762,189.38,52,-63
7cb3bd01-8899-4645-b9fd-ded2b611c0c0-4,EDC_BS6_PERIODIC,2025-11-25 07:02:24,2025-11-25 07:05:38,18.943864,73.1489024,24532,1652,FixOK,A,OaG6CT0303,G130b15425,"W4QW+CHW, Sawala Apta Rd, Maharashtra 410221, India",15241.25,45.88,IgnitionOn,1,12.262,191.6,52,-63
d58499bc-8505-4afa-b336-c38ace278dd4-10,EDC_BS6_PERIODIC,2025-11-25 07:02:30,2025-11-25 07:03:23,18.9431984,73.1487616,24533,1652,FixOK,A,OaG6CT0303,G130b15425,"X553+4FJ, Kolkhe, Kon, Maharashtra 410221, India",15241.25,43.73,IgnitionOn,1,11.822,190.8,51,-63
d58499bc-8505-4afa-b336-c38ace278dd4-9,EDC_BS6_PERIODIC,2025-11-25 07:02:36,2025-11-25 07:03:23,18.9425632,73.1485312,24534,1652,FixOK,A,OaG6CT0303,G130b15425,"X553+4FJ, Kolkhe, Kon, Maharashtra 410221, India",15241.375,45.49,IgnitionOn,1,11.941,197.63,51,-63
d58499bc-8505-4afa-b336-c38ace278dd4-8,EDC_BS6_PERIODIC,2025-11-25 07:02:42,2025-11-25 07:03:23,18.941928,73.1481984,24535,1652,FixOK,A,OaG6CT0303,G130b15425,"X553+4FJ, Kolkhe, Kon, Maharashtra 410221, India",15241.5,45.85,IgnitionOn,1,11.906,206.6,50,-63
d58499bc-8505-4afa-b336-c38ace278dd4-7,BRAKE_PRESSED,2025-11-25 07:02:48,2025-11-25 07:03:23,18.9411808,73.1478272,37372,1652,FixOK,,OaG6CT0303,G130b15425,"X553+4FJ, Kolkhe, Kon, Maharashtra 410221, India",0,44.53,IgnitionOn,1,,,,
d58499bc-8505-4afa-b336-c38ace278dd4-6,EDC_BS6_PERIODIC,2025-11-25 07:02:48,2025-11-25 07:03:23,18.9411808,73.1478272,24536,1652,FixOK,A,OaG6CT0303,G130b15425,"X553+4FJ, Kolkhe, Kon, Maharashtra 410221, India",15241.5,54.52,IgnitionOn,1,13.39,205.36,52,-63
d58499bc-8505-4afa-b336-c38ace278dd4-5,EDC_BS6_PERIODIC,2025-11-25 07:02:54,2025-11-25 07:03:23,18.9406592,73.1475456,24537,1652,FixOK,A,OaG6CT0303,G130b15425,"X553+4FJ, Kolkhe, Kon, Maharashtra 410221, India",15241.625,43.87,IgnitionOn,1,14.954,206,53,-63
d58499bc-8505-4afa-b336-c38ace278dd4-4,EDC_BS6_PERIODIC,2025-11-25 07:03:00,2025-11-25 07:03:23,18.94048,73.147424,24538,1652,FixOK,A,OaG6CT0303,G130b15425,"X553+4FJ, Kolkhe, Kon, Maharashtra 410221, India",15241.625,10.64,IgnitionOn,1,16.61,209.46,52,-63
d58499bc-8505-4afa-b336-c38ace278dd4-3,BRAKE_PRESSED,2025-11-25 07:03:05,2025-11-25 07:03:23,18.9402,73.1472384,37373,1652,FixOK,,OaG6CT0303,G130b15425,"X553+4FJ, Kolkhe, Kon, Maharashtra 410221, India",0,12.45,IgnitionOn,1,,,,
d58499bc-8505-4afa-b336-c38ace278dd4-2,EDC_BS6_PERIODIC,2025-11-25 07:03:06,2025-11-25 07:03:23,18.9401568,73.1472128,24539,1652,FixOK,A,OaG6CT0303,G130b15425,"X553+4FJ, Kolkhe, Kon, Maharashtra 410221, India",15241.75,27.11,IgnitionOn,1,17.673000000000002,211.07,53,-63
d58499bc-8505-4afa-b336-c38ace278dd4-1,EDC_BS6_PERIODIC,2025-11-25 07:03:12,2025-11-25 07:03:23,18.9399072,73.147072,24540,1652,FixOK,A,OaG6CT0303,G130b15425,"X553+4FJ, Kolkhe, Kon, Maharashtra 410221, India",15241.75,13.59,IgnitionOn,1,18.608,209.25,52,-63
7cb3bd01-8899-4645-b9fd-ded2b611c0c0-3,EDC_BS6_PERIODIC,2025-11-25 07:03:18,2025-11-25 07:05:38,18.9394752,73.1468288,24541,1652,FixOK,A,OaG6CT0303,G130b15425,"W4QW+CHW, Sawala Apta Rd, Maharashtra 410221, India",15241.75,32.57,IgnitionOn,1,19.462,209.83,52,-63
7cb3bd01-8899-4645-b9fd-ded2b611c0c0-2,EDC_BS6_PERIODIC,2025-11-25 07:03:24,2025-11-25 07:05:38,18.938952,73.1465088,24542,1652,FixOK,A,OaG6CT0303,G130b15425,"W4QW+CHW, Sawala Apta Rd, Maharashtra 410221, India",15241.875,39.7,IgnitionOn,1,18.905,209.57,52,-63
c5774573-7642-4284-88b0-29ee97f22362-10,BRAKE_PRESSED,2025-11-25 07:03:27,2025-11-25 07:04:23,18.938648,73.1463808,37374,1652,FixOK,,OaG6CT0303,G130b15425,"X553+4FJ, Kolkhe, Kon, Maharashtra 410221, India",0,39.29,IgnitionOn,1,,,,
c5774573-7642-4284-88b0-29ee97f22362-9,EDC_BS6_PERIODIC,2025-11-25 07:03:30,2025-11-25 07:04:23,18.9383552,73.1462784,24543,1652,FixOK,A,OaG6CT0303,G130b15425,"X553+4FJ, Kolkhe, Kon, Maharashtra 410221, India",15241.875,43.95,IgnitionOn,1,16.854,199.77,52,-63
c5774573-7642-4284-88b0-29ee97f22362-8,EDC_BS6_PERIODIC,2025-11-25 07:03:36,2025-11-25 07:04:23,18.937984,73.1461696,24544,1652,FixOK,A,OaG6CT0303,G130b15425,"X553+4FJ, Kolkhe, Kon, Maharashtra 410221, India",15242,31.16,IgnitionOn,1,16.069,195.86,51,-63
c5774573-7642-4284-88b0-29ee97f22362-7,EDC_BS6_PERIODIC,2025-11-25 07:03:42,2025-11-25 07:04:23,18.9375456,73.14608,24545,1652,FixOK,A,OaG6CT0303,G130b15425,"X553+4FJ, Kolkhe, Kon, Maharashtra 410221, India",15242,30.36,IgnitionOn,1,15.75,187.05,51,-63
c5774573-7642-4284-88b0-29ee97f22362-6,EDC_BS6_PERIODIC,2025-11-25 07:03:48,2025-11-25 07:04:23,18.9369952,73.1460736,24546,1652,FixOK,A,OaG6CT0303,G130b15425,"X553+4FJ, Kolkhe, Kon, Maharashtra 410221, India",15242.125,36.7,IgnitionOn,1,15.659,178.05,53,-63
c5774573-7642-4284-88b0-29ee97f22362-5,EDC_BS6_PERIODIC,2025-11-25 07:03:54,2025-11-25 07:04:23,18.9363424,73.146112,24547,1652,FixOK,A,OaG6CT0303,G130b15425,"X553+4FJ, Kolkhe, Kon, Maharashtra 410221, India",15242.125,43.29,IgnitionOn,1,16.051,177.11,53,-63
c5774573-7642-4284-88b0-29ee97f22362-4,EDC_BS6_PERIODIC,2025-11-25 07:04:00,2025-11-25 07:04:23,18.9356496,73.14608,24548,1652,FixOK,A,OaG6CT0303,G130b15425,"X553+4FJ, Kolkhe, Kon, Maharashtra 410221, India",15242.25,46.34,IgnitionOn,1,16.426,183.27,53,-63
c5774573-7642-4284-88b0-29ee97f22362-3,EDC_BS6_PERIODIC,2025-11-25 07:04:06,2025-11-25 07:04:23,18.9349632,73.1460544,24549,1652,FixOK,A,OaG6CT0303,G130b15425,"X553+4FJ, Kolkhe, Kon, Maharashtra 410221, India",15242.375,44.99,IgnitionOn,1,17.149,183.36,53,-59
c5774573-7642-4284-88b0-29ee97f22362-2,EDC_BS6_PERIODIC,2025-11-25 07:04:12,2025-11-25 07:04:23,18.9343584,73.146176,24550,1652,FixOK,A,OaG6CT0303,G130b15425,"X553+4FJ, Kolkhe, Kon, Maharashtra 410221, India",15242.375,41.27,IgnitionOn,1,16.884,161.64,51,-59
c5774573-7642-4284-88b0-29ee97f22362-1,BRAKE_PRESSED,2025-11-25 07:04:17,2025-11-25 07:04:23,18.9338688,73.146272,37375,1652,FixOK,,OaG6CT0303,G130b15425,"X553+4FJ, Kolkhe, Kon, Maharashtra 410221, India",0,23.08,IgnitionOn,1,,,,
7cb3bd01-8899-4645-b9fd-ded2b611c0c0-1,EDC_BS6_PERIODIC,2025-11-25 07:04:18,2025-11-25 07:05:38,18.9337744,73.1462656,24551,1652,FixOK,A,OaG6CT0303,G130b15425,"W4QW+CHW, Sawala Apta Rd, Maharashtra 410221, India",15242.5,40.52,IgnitionOn,1,16.738,182.75,51,-59
7c273a85-f758-41f7-86c5-f3f04e62e670-11,EDC_BS6_PERIODIC,2025-11-25 07:04:24,2025-11-25 07:12:49,18.9334944,73.1462272,24552,1652,FixOK,A,OaG6CT0303,G130b15425,"Sawala Apta Rd, Rasayani, Maharashtra 410207, India",15242.5,14.39,IgnitionOn,1,16.576,190.16,51,-59
7c273a85-f758-41f7-86c5-f3f04e62e670-10,LOW_FUEL_CAN_START,2025-11-25 07:04:27,2025-11-25 07:12:49,18.9333888,73.1462016,37376,1652,FixOK,,OaG6CT0303,G130b15425,"Sawala Apta Rd, Rasayani, Maharashtra 410207, India",0,22.49,IgnitionOn,1,,,,
06ecf864-6d7f-41bc-8b40-52f9bba02730-10,BRAKE_PRESSED,2025-11-25 07:04:30,2025-11-25 07:05:25,18.9332288,73.146176,37377,1652,FixOK,,OaG6CT0303,G130b15425,"W4RW+8P7, Navi Mumbai, Maharashtra 410221, India",0,11.41,IgnitionOn,1,,,,
06ecf864-6d7f-41bc-8b40-52f9bba02730-9,EDC_BS6_PERIODIC,2025-11-25 07:04:30,2025-11-25 07:05:25,18.9332288,73.146176,24553,1652,FixOK,A,OaG6CT0303,G130b15425,"W4RW+8P7, Navi Mumbai, Maharashtra 410221, India",15242.5,19.17,IgnitionOn,1,16.628,187.33,50,-59
06ecf864-6d7f-41bc-8b40-52f9bba02730-8,EDC_BS6_PERIODIC,2025-11-25 07:04:36,2025-11-25 07:05:25,18.9329728,73.1461376,24554,1652,FixOK,A,OaG6CT0303,G130b15425,"W4RW+8P7, Navi Mumbai, Maharashtra 410221, India",15242.625,11.18,IgnitionOn,1,16.393,188.3,50,-59
06ecf864-6d7f-41bc-8b40-52f9bba02730-7,EDC_BS6_PERIODIC,2025-11-25 07:04:42,2025-11-25 07:05:25,18.932568,73.146144,24555,1652,FixOK,A,OaG6CT0303,G130b15425,"W4RW+8P7, Navi Mumbai, Maharashtra 410221, India",15242.625,26.98,IgnitionOn,1,16.243,171.97,51,-59
06ecf864-6d7f-41bc-8b40-52f9bba02730-6,EDC_BS6_PERIODIC,2025-11-25 07:04:48,2025-11-25 07:05:25,18.9320512,73.1462784,24556,1652,FixOK,A,OaG6CT0303,G130b15425,"W4RW+8P7, Navi Mumbai, Maharashtra 410221, India",15242.625,34.84,IgnitionOn,1,16.881,162.02,51,-59
2accedeb-bdd4-46b5-b10b-4d7f39224db6,HEARTBEAT_MESSAGE,2025-11-25 07:04:53,2025-11-25 07:04:53,0,0,,,,,OaG6CT0303,G130b15425,,,,,1,,,,
06ecf864-6d7f-41bc-8b40-52f9bba02730-5,EDC_BS6_PERIODIC,2025-11-25 07:04:54,2025-11-25 07:05:25,18.931544,73.1466368,24557,1652,FixOK,A,OaG6CT0303,G130b15425,"W4RW+8P7, Navi Mumbai, Maharashtra 410221, India",15242.75,42.15,IgnitionOn,1,17.452,140.61,51,-59
06ecf864-6d7f-41bc-8b40-52f9bba02730-4,EDC_BS6_PERIODIC,2025-11-25 07:05:00,2025-11-25 07:05:25,18.9310176,73.146976,24558,1652,FixOK,A,OaG6CT0303,G130b15425,"W4RW+8P7, Navi Mumbai, Maharashtra 410221, India",15242.75,42.66,IgnitionOn,1,17.179,147.71,52,-59
06ecf864-6d7f-41bc-8b40-52f9bba02730-3,EDC_BS6_PERIODIC,2025-11-25 07:05:06,2025-11-25 07:05:25,18.9303712,73.1470016,24559,1652,FixOK,A,OaG6CT0303,G130b15425,"W4RW+8P7, Navi Mumbai, Maharashtra 410221, India",15242.875,42.62,IgnitionOn,1,17.43,178.53,52,-59
06ecf864-6d7f-41bc-8b40-52f9bba02730-2,EDC_BS6_PERIODIC,2025-11-25 07:05:12,2025-11-25 07:05:25,18.9297312,73.147104,24560,1652,FixOK,A,OaG6CT0303,G130b15425,"W4RW+8P7, Navi Mumbai, Maharashtra 410221, India",15243,42.9,IgnitionOn,1,17.913,162.13,51,-59
06ecf864-6d7f-41bc-8b40-52f9bba02730-1,EDC_BS6_PERIODIC,2025-11-25 07:05:18,2025-11-25 07:05:25,18.9292352,73.1473344,24561,1652,FixOK,A,OaG6CT0303,G130b15425,"W4RW+8P7, Navi Mumbai, Maharashtra 410221, India",15243,41.07,IgnitionOn,1,18.222,151.57,51,-59
7c273a85-f758-41f7-86c5-f3f04e62e670-9,EDC_BS6_PERIODIC,2025-11-25 07:05:24,2025-11-25 07:12:49,18.928688,73.1477056,24562,1652,FixOK,A,OaG6CT0303,G130b15425,"Sawala Apta Rd, Rasayani, Maharashtra 410207, India",15243.125,44.35,IgnitionOn,1,17.705,147.24,51,-59
66043463-7120-4e2f-9d09-fd15051a22c4-10,EDC_BS6_PERIODIC,2025-11-25 07:05:30,2025-11-25 07:06:25,18.928056,73.1480192,24563,1652,FixOK,A,OaG6CT0303,G130b15425,"W4PW+6C Panvel, Navi Mumbai, Maharashtra, India",15243.125,46.91,IgnitionOn,1,18.152,154.24,51,-59
66043463-7120-4e2f-9d09-fd15051a22c4-9,EDC_BS6_PERIODIC,2025-11-25 07:05:36,2025-11-25 07:06:25,18.9274368,73.1482496,24564,1652,FixOK,A,OaG6CT0303,G130b15425,"W4PW+6C Panvel, Navi Mumbai, Maharashtra, India",15243.25,43.36,IgnitionOn,1,19.073,159.02,51,-59
66043463-7120-4e2f-9d09-fd15051a22c4-8,EDC_BS6_PERIODIC,2025-11-25 07:05:42,2025-11-25 07:06:25,18.9268128,73.1484544,24565,1652,FixOK,A,OaG6CT0303,G130b15425,"W4PW+6C Panvel, Navi Mumbai, Maharashtra, India",15243.375,43.16,IgnitionOn,1,20.42,170.3,52,-59
66043463-7120-4e2f-9d09-fd15051a22c4-7,EDC_BS6_PERIODIC,2025-11-25 07:05:48,2025-11-25 07:06:25,18.9261408,73.1485696,24566,1652,FixOK,A,OaG6CT0303,G130b15425,"W4PW+6C Panvel, Navi Mumbai, Maharashtra, India",15243.375,46.25,IgnitionOn,1,20.736,168.57,52,-59
66043463-7120-4e2f-9d09-fd15051a22c4-6,EDC_BS6_PERIODIC,2025-11-25 07:05:54,2025-11-25 07:06:25,18.9254208,73.148768,24567,1652,FixOK,A,OaG6CT0303,G130b15425,"W4PW+6C Panvel, Navi Mumbai, Maharashtra, India",15243.5,51.02,IgnitionOn,1,20.947,163.86,51,-59
66043463-7120-4e2f-9d09-fd15051a22c4-5,EDC_BS6_PERIODIC,2025-11-25 07:06:00,2025-11-25 07:06:25,18.924664,73.148992,24568,1652,FixOK,A,OaG6CT0303,G130b15425,"W4PW+6C Panvel, Navi Mumbai, Maharashtra, India",15243.625,51.77,IgnitionOn,1,21.358,164.47,50,-59
66043463-7120-4e2f-9d09-fd15051a22c4-4,BRAKE_PRESSED,2025-11-25 07:06:01,2025-11-25 07:06:25,18.9245376,73.1490304,37378,1652,FixOK,,OaG6CT0303,G130b15425,"W4PW+6C Panvel, Navi Mumbai, Maharashtra, India",0,44.49,IgnitionOn,1,,,,
66043463-7120-4e2f-9d09-fd15051a22c4-3,EDC_BS6_PERIODIC,2025-11-25 07:06:06,2025-11-25 07:06:25,18.9239696,73.1492544,24569,1652,FixOK,A,OaG6CT0303,G130b15425,"W4PW+6C Panvel, Navi Mumbai, Maharashtra, India",15243.625,46.98,IgnitionOn,1,21.923000000000002,161.97,51,-59
66043463-7120-4e2f-9d09-fd15051a22c4-2,EDC_BS6_PERIODIC,2025-11-25 07:06:12,2025-11-25 07:06:25,18.9234592,73.149632,24570,1652,FixOK,A,OaG6CT0303,G130b15425,"W4PW+6C Panvel, Navi Mumbai, Maharashtra, India",15243.75,40.82,IgnitionOn,1,22.334,127.98,52,-59
66043463-7120-4e2f-9d09-fd15051a22c4-1,EDC_BS6_PERIODIC,2025-11-25 07:06:18,2025-11-25 07:06:25,18.923056,73.150048,24571,1652,FixOK,A,OaG6CT0303,G130b15425,"W4PW+6C Panvel, Navi Mumbai, Maharashtra, India",15243.75,35.27,IgnitionOn,1,22.037,145.6,51,-59
7c273a85-f758-41f7-86c5-f3f04e62e670-8,EDC_BS6_PERIODIC,2025-11-25 07:06:24,2025-11-25 07:12:49,18.9225728,73.1502144,24572,1652,FixOK,A,OaG6CT0303,G130b15425,"Sawala Apta Rd, Rasayani, Maharashtra 410207, India",15243.875,32.91,IgnitionOn,1,22.423,164.5,51,-59
addaa85f-b5fd-4c91-9ed1-2fe04bb532d4-10,EDC_BS6_PERIODIC,2025-11-25 07:06:30,2025-11-25 07:07:27,18.9220784,73.1502848,24573,1652,FixOK,A,OaG6CT0303,G130b15425,"Kasalkhand Bus Stop, Sawala Apta Rd, Navi Mumbai, Maharashtra 410221, India",15243.875,34.01,IgnitionOn,1,22.736,171.85,51,-59
addaa85f-b5fd-4c91-9ed1-2fe04bb532d4-9,EDC_BS6_PERIODIC,2025-11-25 07:06:36,2025-11-25 07:07:27,18.921616,73.1504576,24574,1652,FixOK,A,OaG6CT0303,G130b15425,"Kasalkhand Bus Stop, Sawala Apta Rd, Navi Mumbai, Maharashtra 410221, India",15244,31.75,IgnitionOn,1,22.815,164.47,52,-59
addaa85f-b5fd-4c91-9ed1-2fe04bb532d4-8,EDC_BS6_PERIODIC,2025-11-25 07:06:42,2025-11-25 07:07:27,18.921296,73.1508608,24575,1652,FixOK,A,OaG6CT0303,G130b15425,"Kasalkhand Bus Stop, Sawala Apta Rd, Navi Mumbai, Maharashtra 410221, India",15244,35.62,IgnitionOn,1,22.746,121.15,52,-59
addaa85f-b5fd-4c91-9ed1-2fe04bb532d4-7,EDC_BS6_PERIODIC,2025-11-25 07:06:48,2025-11-25 07:07:27,18.921064,73.151232,24576,1652,FixOK,A,OaG6CT0303,G130b15425,"Kasalkhand Bus Stop, Sawala Apta Rd, Navi Mumbai, Maharashtra 410221, India",15244.125,33.05,IgnitionOn,1,23.243,124.29,52,-59
addaa85f-b5fd-4c91-9ed1-2fe04bb532d4-6,EDC_BS6_PERIODIC,2025-11-25 07:06:54,2025-11-25 07:07:27,18.9207232,73.1514816,24577,1652,FixOK,A,OaG6CT0303,G130b15425,"Kasalkhand Bus Stop, Sawala Apta Rd, Navi Mumbai, Maharashtra 410221, India",15244.125,26.17,IgnitionOn,1,26.068,152.58,51,-59
addaa85f-b5fd-4c91-9ed1-2fe04bb532d4-5,EDC_BS6_PERIODIC,2025-11-25 07:07:00,2025-11-25 07:07:27,18.920344,73.1515136,24578,1652,FixOK,A,OaG6CT0303,G130b15425,"Kasalkhand Bus Stop, Sawala Apta Rd, Navi Mumbai, Maharashtra 410221, India",15244.25,22.95,IgnitionOn,1,28.138,176.6,50,-59
addaa85f-b5fd-4c91-9ed1-2fe04bb532d4-4,BRAKE_PRESSED,2025-11-25 07:07:03,2025-11-25 07:07:27,18.9201824,73.15152,37379,1652,FixOK,,OaG6CT0303,G130b15425,"Kasalkhand Bus Stop, Sawala Apta Rd, Navi Mumbai, Maharashtra 410221, India",0,12.51,IgnitionOn,1,,,,
addaa85f-b5fd-4c91-9ed1-2fe04bb532d4-3,EDC_BS6_PERIODIC,2025-11-25 07:07:06,2025-11-25 07:07:27,18.9200352,73.1515264,24579,1652,FixOK,A,OaG6CT0303,G130b15425,"Kasalkhand Bus Stop, Sawala Apta Rd, Navi Mumbai, Maharashtra 410221, India",15244.25,19.3,IgnitionOn,1,29.604,175.27,50,-59
addaa85f-b5fd-4c91-9ed1-2fe04bb532d4-2,EDC_BS6_PERIODIC,2025-11-25 07:07:12,2025-11-25 07:07:27,18.9198368,73.1515008,24580,1652,FixOK,A,OaG6CT0303,G130b15425,"Kasalkhand Bus Stop, Sawala Apta Rd, Navi Mumbai, Maharashtra 410221, India",15244.25,13,IgnitionOn,1,30.413,196.8,50,-59
addaa85f-b5fd-4c91-9ed1-2fe04bb532d4-1,EDC_BS6_PERIODIC,2025-11-25 07:07:18,2025-11-25 07:07:27,18.919496,73.1513216,24581,1652,FixOK,A,OaG6CT0303,G130b15425,"Kasalkhand Bus Stop, Sawala Apta Rd, Navi Mumbai, Maharashtra 410221, India",15244.25,30.91,IgnitionOn,1,31.191,205.02,51,-59
7c273a85-f758-41f7-86c5-f3f04e62e670-7,EDC_BS6_PERIODIC,2025-11-25 07:07:24,2025-11-25 07:12:49,18.918952,73.1510912,24582,1652,FixOK,A,OaG6CT0303,G130b15425,"Sawala Apta Rd, Rasayani, Maharashtra 410207, India",15244.375,44.1,IgnitionOn,1,32.057,201.53,51,-59
b9ee564c-24f0-4ed2-9348-215e3acfdfd0-10,EDC_BS6_PERIODIC,2025-11-25 07:07:30,2025-11-25 07:08:28,18.9183296,73.1510016,24583,1652,FixOK,A,OaG6CT0303,G130b15425,"Sawala Apta Rd, Maharashtra 410221, India",15244.375,41.16,IgnitionOn,1,37.349,188.13,49,-59
b9ee564c-24f0-4ed2-9348-215e3acfdfd0-9,EDC_BS6_PERIODIC,2025-11-25 07:07:36,2025-11-25 07:08:28,18.9177408,73.1512,24584,1652,FixOK,A,OaG6CT0303,G130b15425,"Sawala Apta Rd, Maharashtra 410221, India",15244.5,42.27,IgnitionOn,1,39.487,167.36,47,-59
b9ee564c-24f0-4ed2-9348-215e3acfdfd0-8,EDC_BS6_PERIODIC,2025-11-25 07:07:42,2025-11-25 07:08:28,18.91716,73.151456,24585,1652,FixOK,A,OaG6CT0303,G130b15425,"Sawala Apta Rd, Maharashtra 410221, India",15244.625,40.62,IgnitionOn,1,39.131,157.5,48,-59
b9ee564c-24f0-4ed2-9348-215e3acfdfd0-7,BRAKE_PRESSED,2025-11-25 07:07:43,2025-11-25 07:08:28,18.9170688,73.1514944,37380,1652,FixOK,,OaG6CT0303,G130b15425,"Sawala Apta Rd, Maharashtra 410221, India",0,30.88,IgnitionOn,1,,,,
b9ee564c-24f0-4ed2-9348-215e3acfdfd0-6,EDC_BS6_PERIODIC,2025-11-25 07:07:48,2025-11-25 07:08:28,18.9164144,73.1518848,24586,1652,FixOK,A,OaG6CT0303,G130b15425,"Sawala Apta Rd, Maharashtra 410221, India",15244.625,33.3,IgnitionOn,1,37.29,142.44,50,-59
b9ee564c-24f0-4ed2-9348-215e3acfdfd0-5,EDC_BS6_PERIODIC,2025-11-25 07:07:54,2025-11-25 07:08:28,18.9160768,73.152256,24587,1652,FixOK,A,OaG6CT0303,G130b15425,"Sawala Apta Rd, Maharashtra 410221, India",15244.75,30.78,IgnitionOn,1,36.384,132.66,51,-59
b9ee564c-24f0-4ed2-9348-215e3acfdfd0-4,EDC_BS6_PERIODIC,2025-11-25 07:08:00,2025-11-25 07:08:28,18.9156896,73.1528064,24588,1652,FixOK,A,OaG6CT0303,G130b15425,"Sawala Apta Rd, Maharashtra 410221, India",15244.75,39.65,IgnitionOn,1,35.693,126.83,51,-59
b9ee564c-24f0-4ed2-9348-215e3acfdfd0-3,EDC_BS6_PERIODIC,2025-11-25 07:08:06,2025-11-25 07:08:28,18.9150432,73.1532288,24589,1652,FixOK,A,OaG6CT0303,G130b15425,"Sawala Apta Rd, Maharashtra 410221, India",15244.875,50.12,IgnitionOn,1,34.09,138.61,48,-59
b9ee564c-24f0-4ed2-9348-215e3acfdfd0-2,EDC_BS6_PERIODIC,2025-11-25 07:08:12,2025-11-25 07:08:28,18.914144,73.1534592,24590,1652,FixOK,A,OaG6CT0303,G130b15425,"Sawala Apta Rd, Maharashtra 410221, India",15244.875,58.34,IgnitionOn,1,33.448,165.71,49,-59
b9ee564c-24f0-4ed2-9348-215e3acfdfd0-1,EDC_BS6_PERIODIC,2025-11-25 07:08:18,2025-11-25 07:08:28,18.9132384,73.1536576,24591,1652,FixOK,A,OaG6CT0303,G130b15425,"Sawala Apta Rd, Maharashtra 410221, India",15245,62.56,IgnitionOn,1,33.212,170.82,49,-59
7c273a85-f758-41f7-86c5-f3f04e62e670-6,BRAKE_PRESSED,2025-11-25 07:08:24,2025-11-25 07:12:49,18.912488,73.153728,37381,1652,FixOK,,OaG6CT0303,G130b15425,"Sawala Apta Rd, Rasayani, Maharashtra 410207, India",0,52.62,IgnitionOn,1,,,,
7c273a85-f758-41f7-86c5-f3f04e62e670-5,EDC_BS6_PERIODIC,2025-11-25 07:08:24,2025-11-25 07:12:49,18.912488,73.153728,24592,1652,FixOK,A,OaG6CT0303,G130b15425,"Sawala Apta Rd, Rasayani, Maharashtra 410207, India",15245.125,59.2,IgnitionOn,1,30.382,175.97,49,-59
7c273a85-f758-41f7-86c5-f3f04e62e670-4,EDC_BS6_PERIODIC,2025-11-25 07:08:30,2025-11-25 07:12:49,18.9116832,73.15376,24593,1652,FixOK,A,OaG6CT0303,G130b15425,"Sawala Apta Rd, Rasayani, Maharashtra 410207, India",15245.25,52.52,IgnitionOn,1,27.406,178.3,51,-59
5c03db48-11c6-410f-ab29-ae83fccfc735-10,EDC_BS6_PERIODIC,2025-11-25 07:08:36,2025-11-25 07:09:29,18.910912,73.153792,24594,1652,FixOK,A,OaG6CT0303,G130b15425,"Sawala Apta Rd, Maharashtra 410221, India",15245.375,50.16,IgnitionOn,1,26.412,178.88,51,-59
5c03db48-11c6-410f-ab29-ae83fccfc735-9,EDC_BS6_PERIODIC,2025-11-25 07:08:42,2025-11-25 07:09:29,18.910136,73.1539584,24595,1652,FixOK,A,OaG6CT0303,G130b15425,"Sawala Apta Rd, Maharashtra 410221, India",15245.375,52.89,IgnitionOn,1,24.93,170.8,51,-59
5c03db48-11c6-410f-ab29-ae83fccfc735-8,EDC_BS6_PERIODIC,2025-11-25 07:08:48,2025-11-25 07:09:29,18.909376,73.1539904,24596,1652,FixOK,A,OaG6CT0303,G130b15425,"Sawala Apta Rd, Maharashtra 410221, India",15245.5,50.55,IgnitionOn,1,24.068,178.03,52,-59
5c03db48-11c6-410f-ab29-ae83fccfc735-7,EDC_BS6_PERIODIC,2025-11-25 07:08:54,2025-11-25 07:09:29,18.90868,73.154272,24597,1652,FixOK,A,OaG6CT0303,G130b15425,"Sawala Apta Rd, Maharashtra 410221, India",15245.625,49.06,IgnitionOn,1,22.301,153.91,51,-59
5c03db48-11c6-410f-ab29-ae83fccfc735-6,EDC_BS6_PERIODIC,2025-11-25 07:09:00,2025-11-25 07:09:29,18.9080496,73.1547264,24598,1652,FixOK,A,OaG6CT0303,G130b15425,"Sawala Apta Rd, Maharashtra 410221, India",15245.625,51.02,IgnitionOn,1,19.979,143.77,52,-59
5c03db48-11c6-410f-ab29-ae83fccfc735-5,EDC_BS6_PERIODIC,2025-11-25 07:09:06,2025-11-25 07:09:29,18.9073376,73.1547392,24599,1652,FixOK,A,OaG6CT0303,G130b15425,"Sawala Apta Rd, Maharashtra 410221, India",15245.75,48.89,IgnitionOn,1,19.091,174.83,52,-59
5c03db48-11c6-410f-ab29-ae83fccfc735-4,EDC_BS6_PERIODIC,2025-11-25 07:09:13,2025-11-25 07:09:29,18.9065952,73.1545536,24600,1652,FixOK,A,OaG6CT0303,G130b15425,"Sawala Apta Rd, Maharashtra 410221, India",15245.875,49.87,IgnitionOn,1,19.507,191.61,52,-59
5c03db48-11c6-410f-ab29-ae83fccfc735-3,BRAKE_PRESSED,2025-11-25 07:09:15,2025-11-25 07:09:29,18.9063392,73.1545088,37382,1652,FixOK,,OaG6CT0303,G130b15425,"Sawala Apta Rd, Maharashtra 410221, India",0,32.7,IgnitionOn,1,,,,
5c03db48-11c6-410f-ab29-ae83fccfc735-1,EDC_BS6_PERIODIC,2025-11-25 07:09:18,2025-11-25 07:09:29,18.9060224,73.154464,24601,1652,FixOK,A,OaG6CT0303,G130b15425,"Sawala Apta Rd, Maharashtra 410221, India",15246,50.02,IgnitionOn,1,20.406,183.55,53,-59
5c03db48-11c6-410f-ab29-ae83fccfc735-2-1,HARSH_BREAKING_END,2025-11-25 07:09:18,2025-11-25 07:09:29,18.9060224,73.154464,37383,1652,FixOK,,OaG6CT0303,G130b15425,"Sawala Apta Rd, Maharashtra 410221, India",0,9.59,IgnitionOn,1,,,,
5c03db48-11c6-410f-ab29-ae83fccfc735-2,HARSH_BREAKING_START,2025-11-25 07:09:18,2025-11-25 07:09:29,18.9060224,73.154464,37383,1652,FixOK,,OaG6CT0303,G130b15425,"Sawala Apta Rd, Maharashtra 410221, India",0,9.59,IgnitionOn,1,,,,
7c273a85-f758-41f7-86c5-f3f04e62e670-3,EDC_BS6_PERIODIC,2025-11-25 07:09:24,2025-11-25 07:12:49,18.9057728,73.1544832,24602,1652,FixOK,A,OaG6CT0303,G130b15425,"Sawala Apta Rd, Rasayani, Maharashtra 410207, India",15246,22.82,IgnitionOn,1,20.349,171.69,53,-59
7c273a85-f758-41f7-86c5-f3f04e62e670-2,EDC_BS6_PERIODIC,2025-11-25 07:09:30,2025-11-25 07:12:49,18.9054048,73.15472,24603,1652,FixOK,A,OaG6CT0303,G130b15425,"Sawala Apta Rd, Rasayani, Maharashtra 410207, India",15246,22.87,IgnitionOn,1,19.69,143.83,52,-59
7c273a85-f758-41f7-86c5-f3f04e62e670-1,EDC_BS6_PERIODIC,2025-11-25 07:09:36,2025-11-25 07:12:49,18.904968,73.155168,24604,1652,FixOK,A,OaG6CT0303,G130b15425,"Sawala Apta Rd, Rasayani, Maharashtra 410207, India",15246.125,36.05,IgnitionOn,1,19.701,135.69,53,-59
d8d51ec7-e5ff-4d24-bf8e-6750d23665ea-10,BRAKE_PRESSED,2025-11-25 07:09:42,2025-11-25 07:10:30,18.9044176,73.1556352,37384,1652,FixOK,,OaG6CT0303,G130b15425,"Sawala Apta Rd, Devloli, Maharashtra 410207, India",0,40.3,IgnitionOn,1,,,,
d8d51ec7-e5ff-4d24-bf8e-6750d23665ea-9,EDC_BS6_PERIODIC,2025-11-25 07:09:42,2025-11-25 07:10:30,18.9044176,73.1556352,24605,1652,FixOK,A,OaG6CT0303,G130b15425,"Sawala Apta Rd, Devloli, Maharashtra 410207, India",15246.125,46,IgnitionOn,1,19.968,142.33,52,-59
d8d51ec7-e5ff-4d24-bf8e-6750d23665ea-8,GPS_MESSAGE,2025-11-25 07:09:45,2025-11-25 07:10:30,18.90416,73.1558464,,1652,3DFix,,OaG6CT0303,G130b15425,"Sawala Apta Rd, Devloli, Maharashtra 410207, India",0,,IgnitionOn,1,19,14,52,
d8d51ec7-e5ff-4d24-bf8e-6750d23665ea-7,EDC_BS6_PERIODIC,2025-11-25 07:09:48,2025-11-25 07:10:30,18.9039648,73.1560256,24606,1652,FixOK,A,OaG6CT0303,G130b15425,"Sawala Apta Rd, Devloli, Maharashtra 410207, India",15246.25,44.98,IgnitionOn,1,19.586,140.88,53,-59
d8d51ec7-e5ff-4d24-bf8e-6750d23665ea-6,EDC_BS6_PERIODIC,2025-11-25 07:09:54,2025-11-25 07:10:30,18.903784,73.1561728,24607,1652,FixOK,A,OaG6CT0303,G130b15425,"Sawala Apta Rd, Devloli, Maharashtra 410207, India",15246.25,21.41,IgnitionOn,1,18.329,140.71,51,-59
d8d51ec7-e5ff-4d24-bf8e-6750d23665ea-5,EDC_BS6_PERIODIC,2025-11-25 07:10:00,2025-11-25 07:10:30,18.9034256,73.1564544,24608,1652,FixOK,A,OaG6CT0303,G130b15425,"Sawala Apta Rd, Devloli, Maharashtra 410207, India",15246.25,23.39,IgnitionOn,1,16.946,145.32,52,-59
d8d51ec7-e5ff-4d24-bf8e-6750d23665ea-4,EDC_BS6_PERIODIC,2025-11-25 07:10:06,2025-11-25 07:10:30,18.9030896,73.1567744,24609,1652,FixOK,A,OaG6CT0303,G130b15425,"Sawala Apta Rd, Devloli, Maharashtra 410207, India",15246.375,35.51,IgnitionOn,1,16.339,138.86,50,-55
d8d51ec7-e5ff-4d24-bf8e-6750d23665ea-3,EDC_BS6_PERIODIC,2025-11-25 07:10:12,2025-11-25 07:10:30,18.9029984,73.1574464,24610,1652,FixOK,A,OaG6CT0303,G130b15425,"Sawala Apta Rd, Devloli, Maharashtra 410207, India",15246.375,41.84,IgnitionOn,1,14.64,104.09,51,-55
d8d51ec7-e5ff-4d24-bf8e-6750d23665ea-2,EDC_BS6_PERIODIC,2025-11-25 07:10:18,2025-11-25 07:10:30,18.9030112,73.1581824,24611,1652,FixOK,A,OaG6CT0303,G130b15425,"Sawala Apta Rd, Devloli, Maharashtra 410207, India",15246.5,47.27,IgnitionOn,1,14.215,90.98,51,-55
d8d51ec7-e5ff-4d24-bf8e-6750d23665ea-1,EDC_BS6_PERIODIC,2025-11-25 07:10:24,2025-11-25 07:10:30,18.903016,73.1588992,24612,1652,FixOK,A,OaG6CT0303,G130b15425,"Sawala Apta Rd, Devloli, Maharashtra 410207, India",15246.625,44.93,IgnitionOn,1,13.22,89.8,50,-55
a7a15145-2607-43c5-8957-fa0cf5a3171a-12,EDC_BS6_PERIODIC,2025-11-25 07:10:30,2025-11-25 07:19:01,18.9030432,73.159552,24613,1652,FixOK,A,OaG6CT0303,G130b15425,"V5WJ+P5P, Rasayani, Maharashtra 410222, India",15246.625,41.09,IgnitionOn,1,13.833,87.26,51,-55
b6b080f4-3ab2-40bb-bdf8-940f1a55996c-10,EDC_BS6_PERIODIC,2025-11-25 07:10:36,2025-11-25 07:11:31,18.9029904,73.160192,24614,1652,FixOK,A,OaG6CT0303,G130b15425,"Sawala Apta Rd, Devloli, Maharashtra 410207, India",15246.75,41.25,IgnitionOn,1,14.065,94.83,53,-55
b6b080f4-3ab2-40bb-bdf8-940f1a55996c-9,EDC_BS6_PERIODIC,2025-11-25 07:10:42,2025-11-25 07:11:31,18.9026336,73.1606912,24615,1652,FixOK,A,OaG6CT0303,G130b15425,"Sawala Apta Rd, Devloli, Maharashtra 410207, India",15246.75,39.16,IgnitionOn,1,13.718,121.41,51,-55
b6b080f4-3ab2-40bb-bdf8-940f1a55996c-8,EDC_BS6_PERIODIC,2025-11-25 07:10:48,2025-11-25 07:11:31,18.9020512,73.1608832,24616,1652,FixOK,A,OaG6CT0303,G130b15425,"Sawala Apta Rd, Devloli, Maharashtra 410207, India",15246.875,42.53,IgnitionOn,1,13.512,173.11,50,-55
b6b080f4-3ab2-40bb-bdf8-940f1a55996c-7,BRAKE_PRESSED,2025-11-25 07:10:53,2025-11-25 07:11:31,18.9016,73.1609344,37385,1652,FixOK,,OaG6CT0303,G130b15425,"Sawala Apta Rd, Devloli, Maharashtra 410207, India",0,21.87,IgnitionOn,1,,,,
b6b080f4-3ab2-40bb-bdf8-940f1a55996c-6,EDC_BS6_PERIODIC,2025-11-25 07:10:54,2025-11-25 07:11:31,18.9015168,73.1609472,24617,1652,FixOK,A,OaG6CT0303,G130b15425,"Sawala Apta Rd, Devloli, Maharashtra 410207, India",15247,36.98,IgnitionOn,1,13.989,172.86,49,-55
b6b080f4-3ab2-40bb-bdf8-940f1a55996c-5,EDC_BS6_PERIODIC,2025-11-25 07:11:00,2025-11-25 07:11:31,18.9011856,73.1609536,24618,1652,FixOK,A,OaG6CT0303,G130b15425,"Sawala Apta Rd, Devloli, Maharashtra 410207, India",15247,27.37,IgnitionOn,1,14.612,179.58,49,-55
b6b080f4-3ab2-40bb-bdf8-940f1a55996c-4,EDC_BS6_PERIODIC,2025-11-25 07:11:06,2025-11-25 07:11:31,18.9010368,73.1609536,24619,1652,FixOK,A,OaG6CT0303,G130b15425,"Sawala Apta Rd, Devloli, Maharashtra 410207, India",15247,10.47,IgnitionOn,1,15.039,179.74,52,-55
b6b080f4-3ab2-40bb-bdf8-940f1a55996c-3,EDC_BS6_PERIODIC,2025-11-25 07:11:12,2025-11-25 07:11:31,18.9008576,73.1609472,24620,1652,FixOK,A,OaG6CT0303,G130b15425,"Sawala Apta Rd, Devloli, Maharashtra 410207, India",15247,8.61,IgnitionOn,1,15.126,182.24,52,-55
b6b080f4-3ab2-40bb-bdf8-940f1a55996c-2,EDC_BS6_PERIODIC,2025-11-25 07:11:18,2025-11-25 07:11:31,18.9004768,73.1609536,24621,1652,FixOK,A,OaG6CT0303,G130b15425,"Sawala Apta Rd, Devloli, Maharashtra 410207, India",15247.125,23.88,IgnitionOn,1,14.597,182.13,53,-55
b6b080f4-3ab2-40bb-bdf8-940f1a55996c-1,EDC_BS6_PERIODIC,2025-11-25 07:11:24,2025-11-25 07:11:31,18.899888,73.1609344,24622,1652,FixOK,A,OaG6CT0303,G130b15425,"Sawala Apta Rd, Devloli, Maharashtra 410207, India",15247.125,36.52,IgnitionOn,1,13.583,179.63,52,-55
a7a15145-2607-43c5-8957-fa0cf5a3171a-11,EDC_BS6_PERIODIC,2025-11-25 07:11:30,2025-11-25 07:19:01,18.899128,73.1609536,24623,1652,FixOK,A,OaG6CT0303,G130b15425,"V5WJ+P5P, Rasayani, Maharashtra 410222, India",15247.25,49.41,IgnitionOn,1,13.413,178.33,51,-55
155e7283-67b6-4b65-b432-e89de59f90e7-10,EDC_BS6_PERIODIC,2025-11-25 07:11:36,2025-11-25 07:12:32,18.8983168,73.1610176,24624,1652,FixOK,A,OaG6CT0303,G130b15425,"Sawala Apta Rd, Rasayani, Maharashtra 410207, India",15247.25,54.52,IgnitionOn,1,13.602,176.36,50,-55
155e7283-67b6-4b65-b432-e89de59f90e7-9,EDC_BS6_PERIODIC,2025-11-25 07:11:42,2025-11-25 07:12:32,18.8976768,73.161056,24625,1652,FixOK,A,OaG6CT0303,G130b15425,"Sawala Apta Rd, Rasayani, Maharashtra 410207, India",15247.375,50.82,IgnitionOn,1,14.015,174.97,51,-55
155e7283-67b6-4b65-b432-e89de59f90e7-8,EDC_BS6_PERIODIC,2025-11-25 07:11:48,2025-11-25 07:12:32,18.896896,73.161056,24626,1652,FixOK,A,OaG6CT0303,G130b15425,"Sawala Apta Rd, Rasayani, Maharashtra 410207, India",15247.5,51.32,IgnitionOn,1,13.901,178.69,50,-55
155e7283-67b6-4b65-b432-e89de59f90e7-7,EDC_BS6_PERIODIC,2025-11-25 07:11:54,2025-11-25 07:12:32,18.896056,73.1610816,24627,1652,FixOK,A,OaG6CT0303,G130b15425,"Sawala Apta Rd, Rasayani, Maharashtra 410207, India",15247.5,57.28,IgnitionOn,1,13.098,178.25,50,-55
155e7283-67b6-4b65-b432-e89de59f90e7-6,EDC_BS6_PERIODIC,2025-11-25 07:12:00,2025-11-25 07:12:32,18.895232,73.16112,24628,1652,FixOK,A,OaG6CT0303,G130b15425,"Sawala Apta Rd, Rasayani, Maharashtra 410207, India",15247.625,54.45,IgnitionOn,1,12.873,178.11,51,-55
155e7283-67b6-4b65-b432-e89de59f90e7-5,EDC_BS6_PERIODIC,2025-11-25 07:12:06,2025-11-25 07:12:32,18.8944512,73.1611392,24629,1652,FixOK,A,OaG6CT0303,G130b15425,"Sawala Apta Rd, Rasayani, Maharashtra 410207, India",15247.75,51.46,IgnitionOn,1,12.442,178.55,51,-55
155e7283-67b6-4b65-b432-e89de59f90e7-4,EDC_BS6_PERIODIC,2025-11-25 07:12:12,2025-11-25 07:12:32,18.8937152,73.1611584,24630,1652,FixOK,A,OaG6CT0303,G130b15425,"Sawala Apta Rd, Rasayani, Maharashtra 410207, India",15247.875,48.99,IgnitionOn,1,11.928,178.44,51,-55
155e7283-67b6-4b65-b432-e89de59f90e7-3,EDC_BS6_PERIODIC,2025-11-25 07:12:18,2025-11-25 07:12:32,18.8930208,73.161184,24631,1652,FixOK,A,OaG6CT0303,G130b15425,"Sawala Apta Rd, Rasayani, Maharashtra 410207, India",15247.875,46.13,IgnitionOn,1,11.185,178.19,52,-55
155e7283-67b6-4b65-b432-e89de59f90e7-2,BRAKE_PRESSED,2025-11-25 07:12:22,2025-11-25 07:12:32,18.8925728,73.1612032,37386,1652,FixOK,,OaG6CT0303,G130b15425,"Sawala Apta Rd, Rasayani, Maharashtra 410207, India",0,26.75,IgnitionOn,1,,,,
155e7283-67b6-4b65-b432-e89de59f90e7-1,EDC_BS6_PERIODIC,2025-11-25 07:12:24,2025-11-25 07:12:32,18.892352,73.1612096,24632,1652,FixOK,A,OaG6CT0303,G130b15425,"Sawala Apta Rd, Rasayani, Maharashtra 410207, India",15248,44.12,IgnitionOn,1,11.139,179.16,49,-55
a7a15145-2607-43c5-8957-fa0cf5a3171a-10,EDC_BS6_PERIODIC,2025-11-25 07:12:30,2025-11-25 07:19:01,18.891944,73.161216,24633,1652,FixOK,A,OaG6CT0303,G130b15425,"V5WJ+P5P, Rasayani, Maharashtra 410222, India",15248.125,27.14,IgnitionOn,1,11.418,178.82,49,-55
a7a15145-2607-43c5-8957-fa0cf5a3171a-9,EDC_BS6_PERIODIC,2025-11-25 07:12:36,2025-11-25 07:19:01,18.891792,73.1612224,24634,1652,FixOK,A,OaG6CT0303,G130b15425,"V5WJ+P5P, Rasayani, Maharashtra 410222, India",15248.125,9.36,IgnitionOn,1,11.765,177.8,50,-55
9ffed9ce-74b0-4f4e-b46a-03734446087e-10,EDC_BS6_PERIODIC,2025-11-25 07:12:42,2025-11-25 07:13:40,18.8916128,73.1612672,24635,1652,FixOK,A,OaG6CT0303,G130b15425,"Sawala Apta Rd, Rasayani, Maharashtra 410207, India",15248.125,11.1,IgnitionOn,1,11.505,175.22,49,-55
9ffed9ce-74b0-4f4e-b46a-03734446087e-9,EDC_BS6_PERIODIC,2025-11-25 07:12:48,2025-11-25 07:13:40,18.8915808,73.161664,24636,1652,FixOK,A,OaG6CT0303,G130b15425,"Sawala Apta Rd, Rasayani, Maharashtra 410207, India",15248.125,26.12,IgnitionOn,1,9.718,80.81,49,-55
9ffed9ce-74b0-4f4e-b46a-03734446087e-8,EDC_BS6_PERIODIC,2025-11-25 07:12:54,2025-11-25 07:13:40,18.8916544,73.16208,24637,1652,FixOK,A,OaG6CT0303,G130b15425,"Sawala Apta Rd, Rasayani, Maharashtra 410207, India",15248.25,26.13,IgnitionOn,1,10.626,80.38,50,-55
9ffed9ce-74b0-4f4e-b46a-03734446087e-7,BRAKE_PRESSED,2025-11-25 07:12:55,2025-11-25 07:13:40,18.891664,73.1621696,37387,1652,FixOK,,OaG6CT0303,G130b15425,"Sawala Apta Rd, Rasayani, Maharashtra 410207, India",0,25.77,IgnitionOn,1,,,,
9ffed9ce-74b0-4f4e-b46a-03734446087e-6,EDC_BS6_PERIODIC,2025-11-25 07:13:00,2025-11-25 07:13:40,18.891728,73.1625472,24638,1652,FixOK,A,OaG6CT0303,G130b15425,"Sawala Apta Rd, Rasayani, Maharashtra 410207, India",15248.25,30.37,IgnitionOn,1,10.489,80.87,52,-55
9ffed9ce-74b0-4f4e-b46a-03734446087e-5,EDC_BS6_PERIODIC,2025-11-25 07:13:06,2025-11-25 07:13:40,18.891776,73.1628224,24639,1652,FixOK,A,OaG6CT0303,G130b15425,"Sawala Apta Rd, Rasayani, Maharashtra 410207, India",15248.25,17.73,IgnitionOn,1,10.185,80.25,52,-55
9ffed9ce-74b0-4f4e-b46a-03734446087e-4,EDC_BS6_PERIODIC,2025-11-25 07:13:12,2025-11-25 07:13:40,18.8918112,73.1630464,24640,1652,FixOK,A,OaG6CT0303,G130b15425,"Sawala Apta Rd, Rasayani, Maharashtra 410207, India",15248.375,13.96,IgnitionOn,1,10.331,81.29,52,-55
9ffed9ce-74b0-4f4e-b46a-03734446087e-3,BRAKE_PRESSED,2025-11-25 07:13:13,2025-11-25 07:13:40,18.8918208,73.1630976,37388,1652,FixOK,,OaG6CT0303,G130b15425,"Sawala Apta Rd, Rasayani, Maharashtra 410207, India",0,12.44,IgnitionOn,1,,,,
9ffed9ce-74b0-4f4e-b46a-03734446087e-2,EDC_BS6_PERIODIC,2025-11-25 07:13:18,2025-11-25 07:13:40,18.891848,73.1632768,24641,1652,FixOK,A,OaG6CT0303,G130b15425,"Sawala Apta Rd, Rasayani, Maharashtra 410207, India",15248.375,18.95,IgnitionOn,1,10.84,82.5,51,-55
9ffed9ce-74b0-4f4e-b46a-03734446087e-1,EDC_BS6_PERIODIC,2025-11-25 07:13:24,2025-11-25 07:13:40,18.8918864,73.1635328,24642,1652,FixOK,A,OaG6CT0303,G130b15425,"Sawala Apta Rd, Rasayani, Maharashtra 410207, India",15248.375,17.52,IgnitionOn,1,11.715,80.76,48,-55
a7a15145-2607-43c5-8957-fa0cf5a3171a-8,EDC_BS6_PERIODIC,2025-11-25 07:13:30,2025-11-25 07:19:01,18.89192,73.1638336,24643,1652,FixOK,A,OaG6CT0303,G130b15425,"V5WJ+P5P, Rasayani, Maharashtra 410222, India",15248.375,20.26,IgnitionOn,1,12.18,83.86,50,-55
abd5f88e-f306-485d-8812-67d1fd3c3cef-10,EDC_BS6_PERIODIC,2025-11-25 07:13:36,2025-11-25 07:14:34,18.8919392,73.1641664,24644,1652,FixOK,A,OaG6CT0303,G130b15425,"Narpoli Bus Stop, Sawala Apta Rd, Maharashtra 410221, India",15248.5,22.36,IgnitionOn,1,12.48,86.59,49,-55
abd5f88e-f306-485d-8812-67d1fd3c3cef-9,EDC_BS6_PERIODIC,2025-11-25 07:13:42,2025-11-25 07:14:34,18.8919232,73.1646784,24645,1652,FixOK,A,OaG6CT0303,G130b15425,"Narpoli Bus Stop, Sawala Apta Rd, Maharashtra 410221, India",15248.5,19.91,IgnitionOn,1,13.22,92.66,53,-55
abd5f88e-f306-485d-8812-67d1fd3c3cef-8,BRAKE_PRESSED,2025-11-25 07:13:45,2025-11-25 07:14:34,18.8919104,73.1648256,37389,1652,FixOK,,OaG6CT0303,G130b15425,"Narpoli Bus Stop, Sawala Apta Rd, Maharashtra 410221, India",0,6.25,IgnitionOn,1,,,,
abd5f88e-f306-485d-8812-67d1fd3c3cef-7,EDC_BS6_PERIODIC,2025-11-25 07:13:48,2025-11-25 07:14:34,18.8919024,73.164896,24646,1652,FixOK,A,OaG6CT0303,G130b15425,"Narpoli Bus Stop, Sawala Apta Rd, Maharashtra 410221, India",15248.5,21.32,IgnitionOn,1,13.991,96.09,53,-55
abd5f88e-f306-485d-8812-67d1fd3c3cef-6,EDC_BS6_PERIODIC,2025-11-25 07:13:54,2025-11-25 07:14:34,18.8918816,73.1650816,24647,1652,FixOK,A,OaG6CT0303,G130b15425,"Narpoli Bus Stop, Sawala Apta Rd, Maharashtra 410221, India",15248.5,7.5,IgnitionOn,1,14.649000000000001,98.8,52,-55
abd5f88e-f306-485d-8812-67d1fd3c3cef-5,EDC_BS6_PERIODIC,2025-11-25 07:14:00,2025-11-25 07:14:34,18.8918656,73.16528,24648,1652,FixOK,A,OaG6CT0303,G130b15425,"Narpoli Bus Stop, Sawala Apta Rd, Maharashtra 410221, India",15248.5,9.26,IgnitionOn,1,14.517,95.09,52,-55
abd5f88e-f306-485d-8812-67d1fd3c3cef-4,EDC_BS6_PERIODIC,2025-11-25 07:14:06,2025-11-25 07:14:34,18.89184,73.1656576,24649,1652,FixOK,A,OaG6CT0303,G130b15425,"Narpoli Bus Stop, Sawala Apta Rd, Maharashtra 410221, India",15248.625,19.54,IgnitionOn,1,15.027,94.56,53,-55
abd5f88e-f306-485d-8812-67d1fd3c3cef-3,EDC_BS6_PERIODIC,2025-11-25 07:14:12,2025-11-25 07:14:34,18.8919056,73.1661952,24650,1652,FixOK,A,OaG6CT0303,G130b15425,"Narpoli Bus Stop, Sawala Apta Rd, Maharashtra 410221, India",15248.625,29.8,IgnitionOn,1,15.153,85.66,49,-55
abd5f88e-f306-485d-8812-67d1fd3c3cef-2,EDC_BS6_PERIODIC,2025-11-25 07:14:18,2025-11-25 07:14:34,18.8920992,73.1668224,24651,1652,FixOK,A,OaG6CT0303,G130b15425,"Narpoli Bus Stop, Sawala Apta Rd, Maharashtra 410221, India",15248.625,37.77,IgnitionOn,1,17.176,71.33,50,-55
abd5f88e-f306-485d-8812-67d1fd3c3cef-1,EDC_BS6_PERIODIC,2025-11-25 07:14:24,2025-11-25 07:14:34,18.892304,73.1674624,24652,1652,FixOK,A,OaG6CT0303,G130b15425,"Narpoli Bus Stop, Sawala Apta Rd, Maharashtra 410221, India",15248.75,41.8,IgnitionOn,1,17.85,71.63,49,-55
a7a15145-2607-43c5-8957-fa0cf5a3171a-7,EDC_BS6_PERIODIC,2025-11-25 07:14:30,2025-11-25 07:19:01,18.8925248,73.168096,24653,1652,FixOK,A,OaG6CT0303,G130b15425,"V5WJ+P5P, Rasayani, Maharashtra 410222, India",15248.875,43.06,IgnitionOn,1,16.365,70.75,52,-55
a7a15145-2607-43c5-8957-fa0cf5a3171a-6,BRAKE_PRESSED,2025-11-25 07:14:34,2025-11-25 07:19:01,18.8926688,73.1685376,37390,1652,FixOK,,OaG6CT0303,G130b15425,"V5WJ+P5P, Rasayani, Maharashtra 410222, India",0,40.44,IgnitionOn,1,,,,
031eec51-b1c7-4f76-946e-85e00d42819d-10,EDC_BS6_PERIODIC,2025-11-25 07:14:36,2025-11-25 07:15:35,18.8927376,73.1687424,24654,1652,FixOK,A,OaG6CT0303,G130b15425,"Dand Apta Road, Rasayani, Maharashtra 410207, India",15248.875,43.17,IgnitionOn,1,14.864,70.83,49,-55
031eec51-b1c7-4f76-946e-85e00d42819d-9,EDC_BS6_PERIODIC,2025-11-25 07:14:42,2025-11-25 07:15:35,18.8928624,73.1690752,24655,1652,FixOK,A,OaG6CT0303,G130b15425,"Dand Apta Road, Rasayani, Maharashtra 410207, India",15249,40.34,IgnitionOn,1,13.706,68.31,49,-55
031eec51-b1c7-4f76-946e-85e00d42819d-8,EDC_BS6_PERIODIC,2025-11-25 07:14:48,2025-11-25 07:15:35,18.892896,73.1692032,24656,1652,FixOK,A,OaG6CT0303,G130b15425,"Dand Apta Road, Rasayani, Maharashtra 410207, India",15249,9.12,IgnitionOn,1,13.382,74.41,49,-55
031eec51-b1c7-4f76-946e-85e00d42819d-7,EDC_BS6_PERIODIC,2025-11-25 07:14:54,2025-11-25 07:15:35,18.8929584,73.1694016,24657,1652,FixOK,A,OaG6CT0303,G130b15425,"Dand Apta Road, Rasayani, Maharashtra 410207, India",15249,10.09,IgnitionOn,1,12.595,70.83,48,-55
031eec51-b1c7-4f76-946e-85e00d42819d-6,EDC_BS6_PERIODIC,2025-11-25 07:15:00,2025-11-25 07:15:35,18.8930112,73.1696,24658,1652,FixOK,A,OaG6CT0303,G130b15425,"Dand Apta Road, Rasayani, Maharashtra 410207, India",15249,6.95,IgnitionOn,1,13.048,74.12,46,-55
031eec51-b1c7-4f76-946e-85e00d42819d-5,EDC_BS6_PERIODIC,2025-11-25 07:15:06,2025-11-25 07:15:35,18.8931552,73.1700352,24659,1652,FixOK,A,OaG6CT0303,G130b15425,"Dand Apta Road, Rasayani, Maharashtra 410207, India",15249.125,26.9,IgnitionOn,1,15.005,71.01,53,-55
031eec51-b1c7-4f76-946e-85e00d42819d-4,BRAKE_PRESSED,2025-11-25 07:15:10,2025-11-25 07:15:35,18.89324,73.1703168,37391,1652,FixOK,,OaG6CT0303,G130b15425,"Dand Apta Road, Rasayani, Maharashtra 410207, India",0,11.72,IgnitionOn,1,,,,
031eec51-b1c7-4f76-946e-85e00d42819d-3,EDC_BS6_PERIODIC,2025-11-25 07:15:12,2025-11-25 07:15:35,18.8932768,73.170432,24660,1652,FixOK,A,OaG6CT0303,G130b15425,"Dand Apta Road, Rasayani, Maharashtra 410207, India",15249.125,29.65,IgnitionOn,1,15.168,73.76,48,-55
031eec51-b1c7-4f76-946e-85e00d42819d-2,EDC_BS6_PERIODIC,2025-11-25 07:15:18,2025-11-25 07:15:35,18.8933408,73.1706176,24661,1652,FixOK,A,OaG6CT0303,G130b15425,"Dand Apta Road, Rasayani, Maharashtra 410207, India",15249.125,10.88,IgnitionOn,1,15.987,70.87,49,-55
031eec51-b1c7-4f76-946e-85e00d42819d-1,EDC_BS6_PERIODIC,2025-11-25 07:15:24,2025-11-25 07:15:35,18.893472,73.171008,24662,1652,FixOK,A,OaG6CT0303,G130b15425,"Dand Apta Road, Rasayani, Maharashtra 410207, India",15249.25,22.43,IgnitionOn,1,16.543,69.02,51,-55
a7a15145-2607-43c5-8957-fa0cf5a3171a-5,EDC_BS6_PERIODIC,2025-11-25 07:15:30,2025-11-25 07:19:01,18.8936336,73.1715072,24663,1652,FixOK,A,OaG6CT0303,G130b15425,"V5WJ+P5P, Rasayani, Maharashtra 410222, India",15249.25,33.35,IgnitionOn,1,18.819,70.72,50,-55
a7a15145-2607-43c5-8957-fa0cf5a3171a-4,EDC_BS6_PERIODIC,2025-11-25 07:15:36,2025-11-25 07:19:01,18.893824,73.1720896,24664,1652,FixOK,A,OaG6CT0303,G130b15425,"V5WJ+P5P, Rasayani, Maharashtra 410222, India",15249.375,37.86,IgnitionOn,1,20.305,71.62,49,-55
a7a15145-2607-43c5-8957-fa0cf5a3171a-3,EDC_BS6_PERIODIC,2025-11-25 07:15:42,2025-11-25 07:19:01,18.8940384,73.1726464,24665,1652,FixOK,A,OaG6CT0303,G130b15425,"V5WJ+P5P, Rasayani, Maharashtra 410222, India",15249.375,38.44,IgnitionOn,1,21.281,68.25,47,-55
a7a15145-2607-43c5-8957-fa0cf5a3171a-2,EDC_BS6_PERIODIC,2025-11-25 07:15:48,2025-11-25 07:19:01,18.8942848,73.1731904,24666,1652,FixOK,A,OaG6CT0303,G130b15425,"V5WJ+P5P, Rasayani, Maharashtra 410222, India",15249.5,37.98,IgnitionOn,1,20.836,60.81,46,-55
f2a20ce1-cbfe-4623-8666-273e3f81c2ea-10,BRAKE_PRESSED,2025-11-25 07:15:53,2025-11-25 07:16:40,18.894552,73.173664,37392,1652,FixOK,,OaG6CT0303,G130b15425,"V5R7+PXF, Dand Apta Road, Waveghar, Rasayani, Maharashtra 410207, India",0,41.27,IgnitionOn,1,,,,
f2a20ce1-cbfe-4623-8666-273e3f81c2ea-9,EDC_BS6_PERIODIC,2025-11-25 07:15:54,2025-11-25 07:16:40,18.8946096,73.17376,24667,1652,FixOK,A,OaG6CT0303,G130b15425,"V5R7+PXF, Dand Apta Road, Waveghar, Rasayani, Maharashtra 410207, India",15249.5,39.85,IgnitionOn,1,18.357,58.79,48,-55
f2a20ce1-cbfe-4623-8666-273e3f81c2ea-8,EDC_BS6_PERIODIC,2025-11-25 07:16:00,2025-11-25 07:16:40,18.8949376,73.174336,24668,1652,FixOK,A,OaG6CT0303,G130b15425,"V5R7+PXF, Dand Apta Road, Waveghar, Rasayani, Maharashtra 410207, India",15249.625,42.17,IgnitionOn,1,17.43,59.63,48,-55
f2a20ce1-cbfe-4623-8666-273e3f81c2ea-7,BRAKE_PRESSED,2025-11-25 07:16:01,2025-11-25 07:16:40,18.894992,73.1744384,37393,1652,FixOK,,OaG6CT0303,G130b15425,"V5R7+PXF, Dand Apta Road, Waveghar, Rasayani, Maharashtra 410207, India",0,37.62,IgnitionOn,1,,,,
f2a20ce1-cbfe-4623-8666-273e3f81c2ea-6,EDC_BS6_PERIODIC,2025-11-25 07:16:06,2025-11-25 07:16:40,18.8952192,73.1748864,24669,1652,FixOK,A,OaG6CT0303,G130b15425,"V5R7+PXF, Dand Apta Road, Waveghar, Rasayani, Maharashtra 410207, India",15249.625,42.48,IgnitionOn,1,15.178,60.65,48,-71
f2a20ce1-cbfe-4623-8666-273e3f81c2ea-5,EDC_BS6_PERIODIC,2025-11-25 07:16:12,2025-11-25 07:16:40,18.8954112,73.1753216,24670,1652,FixOK,A,OaG6CT0303,G130b15425,"V5R7+PXF, Dand Apta Road, Waveghar, Rasayani, Maharashtra 410207, India",15249.75,28.88,IgnitionOn,1,14.859,62.09,48,-71
f2a20ce1-cbfe-4623-8666-273e3f81c2ea-4,BRAKE_PRESSED,2025-11-25 07:16:15,2025-11-25 07:16:40,18.8954912,73.1755648,37394,1652,FixOK,,OaG6CT0303,G130b15425,"V5R7+PXF, Dand Apta Road, Waveghar, Rasayani, Maharashtra 410207, India",0,26.21,IgnitionOn,1,,,,
f2a20ce1-cbfe-4623-8666-273e3f81c2ea-3,EDC_BS6_PERIODIC,2025-11-25 07:16:18,2025-11-25 07:16:40,18.8955584,73.1758144,24671,1652,FixOK,A,OaG6CT0303,G130b15425,"V5R7+PXF, Dand Apta Road, Waveghar, Rasayani, Maharashtra 410207, India",15249.75,32.53,IgnitionOn,1,14.552,76.8,49,-71
f2a20ce1-cbfe-4623-8666-273e3f81c2ea-2,EDC_BS6_PERIODIC,2025-11-25 07:16:24,2025-11-25 07:16:40,18.89564,73.1760896,24672,1652,FixOK,A,OaG6CT0303,G130b15425,"V5R7+PXF, Dand Apta Road, Waveghar, Rasayani, Maharashtra 410207, India",15249.875,16.68,IgnitionOn,1,15.258,73.11,48,-71
f2a20ce1-cbfe-4623-8666-273e3f81c2ea-1,EDC_BS6_PERIODIC,2025-11-25 07:16:30,2025-11-25 07:16:40,18.8957616,73.176512,24673,1652,FixOK,A,OaG6CT0303,G130b15425,"V5R7+PXF, Dand Apta Road, Waveghar, Rasayani, Maharashtra 410207, India",15249.875,26.2,IgnitionOn,1,14.362,71.65,47,-71
a7a15145-2607-43c5-8957-fa0cf5a3171a-1,EDC_BS6_PERIODIC,2025-11-25 07:16:36,2025-11-25 07:19:01,18.8958752,73.176896,24674,1652,FixOK,A,OaG6CT0303,G130b15425,"V5WJ+P5P, Rasayani, Maharashtra 410222, India",15249.875,29.99,IgnitionOn,1,14.68,73.12,47,-71
cde46b98-57a0-4774-b1cf-041f082a6257-10,EDC_BS6_PERIODIC,2025-11-25 07:16:42,2025-11-25 07:17:37,18.8960256,73.1773824,24675,1652,FixOK,A,OaG6CT0303,G130b15425,"Dand Apta Road, Rasayani, Maharashtra 410207, India",15250,31.81,IgnitionOn,1,15.668,71.37,49,-71
cde46b98-57a0-4774-b1cf-041f082a6257-9,EDC_BS6_PERIODIC,2025-11-25 07:16:48,2025-11-25 07:17:37,18.8961792,73.1779264,24676,1652,FixOK,A,OaG6CT0303,G130b15425,"Dand Apta Road, Rasayani, Maharashtra 410207, India",15250,34.59,IgnitionOn,1,16.701999999999998,74.33,46,-71
cde46b98-57a0-4774-b1cf-041f082a6257-8,EDC_BS6_PERIODIC,2025-11-25 07:16:54,2025-11-25 07:17:37,18.89636,73.1785216,24677,1652,FixOK,A,OaG6CT0303,G130b15425,"Dand Apta Road, Rasayani, Maharashtra 410207, India",15250.125,39.27,IgnitionOn,1,17.833,72.15,47,-71
cde46b98-57a0-4774-b1cf-041f082a6257-7,BRAKE_PRESSED,2025-11-25 07:16:59,2025-11-25 07:17:37,18.89648,73.178976,37395,1652,FixOK,,OaG6CT0303,G130b15425,"Dand Apta Road, Rasayani, Maharashtra 410207, India",0,23.46,IgnitionOn,1,,,,
cde46b98-57a0-4774-b1cf-041f082a6257-6,EDC_BS6_PERIODIC,2025-11-25 07:17:00,2025-11-25 07:17:37,18.896504,73.1790592,24678,1652,FixOK,A,OaG6CT0303,G130b15425,"Dand Apta Road, Rasayani, Maharashtra 410207, India",15250.125,36.63,IgnitionOn,1,19.384,74.98,48,-71
cde46b98-57a0-4774-b1cf-041f082a6257-5,EDC_BS6_PERIODIC,2025-11-25 07:17:06,2025-11-25 07:17:37,18.8966,73.1793984,24679,1652,FixOK,A,OaG6CT0303,G130b15425,"Dand Apta Road, Rasayani, Maharashtra 410207, India",15250.25,29.45,IgnitionOn,1,20.474,75.61,47,-71
cde46b98-57a0-4774-b1cf-041f082a6257-4,EDC_BS6_PERIODIC,2025-11-25 07:17:12,2025-11-25 07:17:37,18.8966688,73.179616,24680,1652,FixOK,A,OaG6CT0303,G130b15425,"Dand Apta Road, Rasayani, Maharashtra 410207, India",15250.25,11.58,IgnitionOn,1,21.095,71.56,47,-71
cde46b98-57a0-4774-b1cf-041f082a6257-3,EDC_BS6_PERIODIC,2025-11-25 07:17:18,2025-11-25 07:17:37,18.8967552,73.1799168,24681,1652,FixOK,A,OaG6CT0303,G130b15425,"Dand Apta Road, Rasayani, Maharashtra 410207, India",15250.25,19.82,IgnitionOn,1,22.561,73.13,50,-71
cde46b98-57a0-4774-b1cf-041f082a6257-2,EDC_BS6_PERIODIC,2025-11-25 07:17:24,2025-11-25 07:17:37,18.8968624,73.18032,24682,1652,FixOK,A,OaG6CT0303,G130b15425,"Dand Apta Road, Rasayani, Maharashtra 410207, India",15250.25,25.12,IgnitionOn,1,22.224,73.12,50,-71
cde46b98-57a0-4774-b1cf-041f082a6257-1,EDC_BS6_PERIODIC,2025-11-25 07:17:30,2025-11-25 07:17:37,18.8969664,73.1806976,24683,1652,FixOK,A,OaG6CT0303,G130b15425,"Dand Apta Road, Rasayani, Maharashtra 410207, India",15250.375,24.83,IgnitionOn,1,22.882,74.83,42,-71
d6569c53-3156-4535-a390-1f6bff1e75a8-11,EDC_BS6_PERIODIC,2025-11-25 07:17:36,2025-11-25 07:22:09,18.8970592,73.1810496,24684,1652,FixOK,A,OaG6CT0303,G130b15425,"No.8, Dand Apta Road, Chambharli, Maharashtra 410222, India",15250.375,22.78,IgnitionOn,1,23.43,75.76,49,-71
d6569c53-3156-4535-a390-1f6bff1e75a8-10,EDC_BS6_PERIODIC,2025-11-25 07:17:42,2025-11-25 07:22:09,18.897128,73.181344,24685,1652,FixOK,A,OaG6CT0303,G130b15425,"No.8, Dand Apta Road, Chambharli, Maharashtra 410222, India",15250.375,16.74,IgnitionOn,1,23.618,74.8,51,-71
5b97ad1e-7790-4591-bcec-997913bc372a-10,EDC_BS6_PERIODIC,2025-11-25 07:17:48,2025-11-25 07:18:39,18.8971552,73.1817856,24686,1652,FixOK,A,OaG6CT0303,G130b15425,"Pillai College Char Phata, Mohpada Alias Wasambe, Maharashtra 410222, India",15250.5,27.15,IgnitionOn,1,23.767,89.68,51,-71
5b97ad1e-7790-4591-bcec-997913bc372a-9,EDC_BS6_PERIODIC,2025-11-25 07:17:54,2025-11-25 07:18:39,18.8971552,73.1822464,24687,1652,FixOK,A,OaG6CT0303,G130b15425,"Pillai College Char Phata, Mohpada Alias Wasambe, Maharashtra 410222, India",15250.5,30.71,IgnitionOn,1,24.82,89.51,50,-71
5b97ad1e-7790-4591-bcec-997913bc372a-7,BRAKE_PRESSED,2025-11-25 07:18:00,2025-11-25 07:18:39,18.89716,73.182752,37397,1652,FixOK,,OaG6CT0303,G130b15425,"Pillai College Char Phata, Mohpada Alias Wasambe, Maharashtra 410222, India",0,13.78,IgnitionOn,1,,,,
5b97ad1e-7790-4591-bcec-997913bc372a-6,EDC_BS6_PERIODIC,2025-11-25 07:18:00,2025-11-25 07:18:39,18.89716,73.182752,24688,1652,FixOK,A,OaG6CT0303,G130b15425,"Pillai College Char Phata, Mohpada Alias Wasambe, Maharashtra 410222, India",15250.5,32.27,IgnitionOn,1,25.045,90.04,49,-71
5b97ad1e-7790-4591-bcec-997913bc372a-8-1,HARSH_BREAKING_END,2025-11-25 07:18:00,2025-11-25 07:18:39,18.89716,73.182752,37396,1652,FixOK,,OaG6CT0303,G130b15425,"Pillai College Char Phata, Mohpada Alias Wasambe, Maharashtra 410222, India",0,13.78,IgnitionOn,1,,,,
5b97ad1e-7790-4591-bcec-997913bc372a-8,HARSH_BREAKING_START,2025-11-25 07:18:00,2025-11-25 07:18:39,18.89716,73.182752,37396,1652,FixOK,,OaG6CT0303,G130b15425,"Pillai College Char Phata, Mohpada Alias Wasambe, Maharashtra 410222, India",0,13.78,IgnitionOn,1,,,,
5b97ad1e-7790-4591-bcec-997913bc372a-5,EDC_BS6_PERIODIC,2025-11-25 07:18:06,2025-11-25 07:18:39,18.8971648,73.1830912,24689,1652,FixOK,A,OaG6CT0303,G130b15425,"Pillai College Char Phata, Mohpada Alias Wasambe, Maharashtra 410222, India",15250.625,27.38,IgnitionOn,1,25.972,90.55,49,-71
5b97ad1e-7790-4591-bcec-997913bc372a-4,EDC_BS6_PERIODIC,2025-11-25 07:18:12,2025-11-25 07:18:39,18.8971648,73.1833216,24690,1652,FixOK,A,OaG6CT0303,G130b15425,"Pillai College Char Phata, Mohpada Alias Wasambe, Maharashtra 410222, India",15250.625,15.11,IgnitionOn,1,26.18,89.26,49,-71
5b97ad1e-7790-4591-bcec-997913bc372a-3,EDC_BS6_PERIODIC,2025-11-25 07:18:18,2025-11-25 07:18:39,18.8971648,73.183776,24691,1652,FixOK,A,OaG6CT0303,G130b15425,"Pillai College Char Phata, Mohpada Alias Wasambe, Maharashtra 410222, India",15250.625,30.91,IgnitionOn,1,25.329,89.58,50,-71
5b97ad1e-7790-4591-bcec-997913bc372a-2,EDC_BS6_PERIODIC,2025-11-25 07:18:24,2025-11-25 07:18:39,18.8971552,73.1843712,24692,1652,FixOK,A,OaG6CT0303,G130b15425,"Pillai College Char Phata, Mohpada Alias Wasambe, Maharashtra 410222, India",15250.75,37.23,IgnitionOn,1,24.697,90.33,51,-71
5b97ad1e-7790-4591-bcec-997913bc372a-1,EDC_BS6_PERIODIC,2025-11-25 07:18:30,2025-11-25 07:18:39,18.897152,73.1850496,24693,1652,FixOK,A,OaG6CT0303,G130b15425,"Pillai College Char Phata, Mohpada Alias Wasambe, Maharashtra 410222, India",15250.875,43.16,IgnitionOn,1,22.79,89.86,52,-71
d6569c53-3156-4535-a390-1f6bff1e75a8-9,BRAKE_PRESSED,2025-11-25 07:18:34,2025-11-25 07:22:09,18.8971552,73.1854784,37398,1652,FixOK,,OaG6CT0303,G130b15425,"No.8, Dand Apta Road, Chambharli, Maharashtra 410222, India",0,25.74,IgnitionOn,1,,,,
d6569c53-3156-4535-a390-1f6bff1e75a8-8,EDC_BS6_PERIODIC,2025-11-25 07:18:36,2025-11-25 07:22:09,18.8971552,73.185696,24694,1652,FixOK,A,OaG6CT0303,G130b15425,"No.8, Dand Apta Road, Chambharli, Maharashtra 410222, India",15250.875,40.33,IgnitionOn,1,21.236,89.05,49,-71
4f5ce024-e4ac-4700-9d7c-21d34281b7e7-10,EDC_BS6_PERIODIC,2025-11-25 07:18:42,2025-11-25 07:19:40,18.8971488,73.1860992,24695,1652,FixOK,A,OaG6CT0303,G130b15425,"V5WG+FWV, Mohpada Alias Wasambe, Maharashtra 410222, India",15251,24.81,IgnitionOn,1,20.09,90.7,49,-71
4f5ce024-e4ac-4700-9d7c-21d34281b7e7-9,EDC_BS6_PERIODIC,2025-11-25 07:18:48,2025-11-25 07:19:40,18.897144,73.1862656,24696,1652,FixOK,A,OaG6CT0303,G130b15425,"V5WG+FWV, Mohpada Alias Wasambe, Maharashtra 410222, India",15251,9.59,IgnitionOn,1,20.294,94.19,50,-71
4f5ce024-e4ac-4700-9d7c-21d34281b7e7-8,EDC_BS6_PERIODIC,2025-11-25 07:18:54,2025-11-25 07:19:40,18.897136,73.1863744,24697,1652,FixOK,A,OaG6CT0303,G130b15425,"V5WG+FWV, Mohpada Alias Wasambe, Maharashtra 410222, India",15251,6.7,IgnitionOn,1,20.806,94.02,52,-71
4f5ce024-e4ac-4700-9d7c-21d34281b7e7-7,EDC_BS6_PERIODIC,2025-11-25 07:19:00,2025-11-25 07:19:40,18.897128,73.1866624,24698,1652,FixOK,A,OaG6CT0303,G130b15425,"V5WG+FWV, Mohpada Alias Wasambe, Maharashtra 410222, India",15251,18.26,IgnitionOn,1,20.331,89.69,52,-71
4f5ce024-e4ac-4700-9d7c-21d34281b7e7-6,EDC_BS6_PERIODIC,2025-11-25 07:19:06,2025-11-25 07:19:40,18.897136,73.1871744,24699,1652,FixOK,A,OaG6CT0303,G130b15425,"V5WG+FWV, Mohpada Alias Wasambe, Maharashtra 410222, India",15251,32.72,IgnitionOn,1,20.479,88.69,51,-71
4f5ce024-e4ac-4700-9d7c-21d34281b7e7-5,EDC_BS6_PERIODIC,2025-11-25 07:19:13,2025-11-25 07:19:40,18.897128,73.1878272,24700,1652,FixOK,A,OaG6CT0303,G130b15425,"V5WG+FWV, Mohpada Alias Wasambe, Maharashtra 410222, India",15251.125,41.67,IgnitionOn,1,21.436,89.95,50,-71
4f5ce024-e4ac-4700-9d7c-21d34281b7e7-4,EDC_BS6_PERIODIC,2025-11-25 07:19:18,2025-11-25 07:19:40,18.897128,73.1878272,24701,1652,FixOK,A,OaG6CT0303,G130b15425,"V5WG+FWV, Mohpada Alias Wasambe, Maharashtra 410222, India",15251.25,42.72,IgnitionOn,1,21.436,88.65,50,-71
4f5ce024-e4ac-4700-9d7c-21d34281b7e7-3,BRAKE_PRESSED,2025-11-25 07:19:23,2025-11-25 07:19:40,18.897128,73.1878272,37399,1652,FixOK,,OaG6CT0303,G130b15425,"V5WG+FWV, Mohpada Alias Wasambe, Maharashtra 410222, India",0,12.67,IgnitionOn,1,,,,
4f5ce024-e4ac-4700-9d7c-21d34281b7e7-2,EDC_BS6_PERIODIC,2025-11-25 07:19:24,2025-11-25 07:19:40,18.8971168,73.1891904,24702,1652,FixOK,A,OaG6CT0303,G130b15425,"V5WG+FWV, Mohpada Alias Wasambe, Maharashtra 410222, India",15251.25,32.51,IgnitionOn,1,28.829,92.52,47,-71
4f5ce024-e4ac-4700-9d7c-21d34281b7e7-1,EDC_BS6_PERIODIC,2025-11-25 07:19:30,2025-11-25 07:19:40,18.8971072,73.1893632,24703,1652,FixOK,A,OaG6CT0303,G130b15425,"V5WG+FWV, Mohpada Alias Wasambe, Maharashtra 410222, India",15251.25,12.59,IgnitionOn,1,29.089,90.44,43,-71
d6569c53-3156-4535-a390-1f6bff1e75a8-7,EDC_BS6_PERIODIC,2025-11-25 07:19:36,2025-11-25 07:22:09,18.8971072,73.1895296,24704,1652,FixOK,A,OaG6CT0303,G130b15425,"No.8, Dand Apta Road, Chambharli, Maharashtra 410222, India",15251.375,11.4,IgnitionOn,1,29.559,89.72,49,-71
d6569c53-3156-4535-a390-1f6bff1e75a8-6,EDC_BS6_PERIODIC,2025-11-25 07:19:42,2025-11-25 07:22:09,18.8971072,73.1898752,24705,1652,FixOK,A,OaG6CT0303,G130b15425,"No.8, Dand Apta Road, Chambharli, Maharashtra 410222, India",15251.375,13.19,IgnitionOn,1,29.425,90.3,49,-71
d6569c53-3156-4535-a390-1f6bff1e75a8-5,GPS_MESSAGE,2025-11-25 07:19:45,2025-11-25 07:22:09,18.8970976,73.1901376,,1652,3DFix,,OaG6CT0303,G130b15425,"No.8, Dand Apta Road, Chambharli, Maharashtra 410222, India",0,,IgnitionOn,1,27,9,52,
d6569c53-3156-4535-a390-1f6bff1e75a8-4,EDC_BS6_PERIODIC,2025-11-25 07:19:48,2025-11-25 07:22:09,18.8970912,73.1903104,24706,1652,FixOK,A,OaG6CT0303,G130b15425,"No.8, Dand Apta Road, Chambharli, Maharashtra 410222, India",15251.375,31.54,IgnitionOn,1,26.573,91.76,52,-71
d6569c53-3156-4535-a390-1f6bff1e75a8-3,BRAKE_PRESSED,2025-11-25 07:19:52,2025-11-25 07:22:09,18.8970912,73.1906816,37400,1652,FixOK,,OaG6CT0303,G130b15425,"No.8, Dand Apta Road, Chambharli, Maharashtra 410222, India",0,30.19,IgnitionOn,1,,,,
d6569c53-3156-4535-a390-1f6bff1e75a8-2,DEVICE_METRICS,2025-11-25 07:19:53,2025-11-25 07:22:09,18.8970912,73.1907712,,1652,FixOK,,OaG6CT0303,G130b15425,"No.8, Dand Apta Road, Chambharli, Maharashtra 410222, India",0,,IgnitionOn,1,,,,
50a916a7-f65e-44a4-bc84-045fa600574f-10,EDC_BS6_PERIODIC,2025-11-25 07:19:54,2025-11-25 07:20:41,18.8970912,73.190848,24707,1652,FixOK,A,OaG6CT0303,G130b15425,"V5WG+FWV, Mohpada Alias Wasambe, Maharashtra 410222, India",15251.5,33.97,IgnitionOn,1,25.377,89.31,52,-71
da524e80-f049-46cd-8bcb-8ec8426eee6b,HEARTBEAT_MESSAGE,2025-11-25 07:19:55,2025-11-25 07:19:55,0,0,,,,,OaG6CT0303,G130b15425,,,,,1,,,,
50a916a7-f65e-44a4-bc84-045fa600574f-9,EDC_BS6_PERIODIC,2025-11-25 07:20:00,2025-11-25 07:20:41,18.8970912,73.1913344,24708,1652,FixOK,A,OaG6CT0303,G130b15425,"V5WG+FWV, Mohpada Alias Wasambe, Maharashtra 410222, India",15251.5,30.9,IgnitionOn,1,25.367,89.37,48,-71
50a916a7-f65e-44a4-bc84-045fa600574f-8,BRAKE_PRESSED,2025-11-25 07:20:06,2025-11-25 07:20:41,18.8970784,73.191904,37401,1652,FixOK,,OaG6CT0303,G130b15425,"V5WG+FWV, Mohpada Alias Wasambe, Maharashtra 410222, India",0,40.88,IgnitionOn,1,,,,
50a916a7-f65e-44a4-bc84-045fa600574f-7,EDC_BS6_PERIODIC,2025-11-25 07:20:06,2025-11-25 07:20:41,18.8970784,73.191904,24709,1652,FixOK,A,OaG6CT0303,G130b15425,"V5WG+FWV, Mohpada Alias Wasambe, Maharashtra 410222, India",15251.5,31,IgnitionOn,1,22.965,91.94,50,-71
50a916a7-f65e-44a4-bc84-045fa600574f-6,EDC_BS6_PERIODIC,2025-11-25 07:20:12,2025-11-25 07:20:41,18.8970704,73.1925632,24710,1652,FixOK,A,OaG6CT0303,G130b15425,"V5WG+FWV, Mohpada Alias Wasambe, Maharashtra 410222, India",15251.625,43.71,IgnitionOn,1,19.656,91.26,51,-71
50a916a7-f65e-44a4-bc84-045fa600574f-5,EDC_BS6_PERIODIC,2025-11-25 07:20:18,2025-11-25 07:20:41,18.8970752,73.1932032,24711,1652,FixOK,A,OaG6CT0303,G130b15425,"V5WG+FWV, Mohpada Alias Wasambe, Maharashtra 410222, India",15251.75,37.4,IgnitionOn,1,19.175,89.73,48,-71
50a916a7-f65e-44a4-bc84-045fa600574f-4,BRAKE_PRESSED,2025-11-25 07:20:21,2025-11-25 07:20:41,18.897048,73.193504,37402,1652,FixOK,,OaG6CT0303,G130b15425,"V5WG+FWV, Mohpada Alias Wasambe, Maharashtra 410222, India",0,33.91,IgnitionOn,1,,,,
50a916a7-f65e-44a4-bc84-045fa600574f-3,EDC_BS6_PERIODIC,2025-11-25 07:20:24,2025-11-25 07:20:41,18.896984,73.193792,24712,1652,FixOK,A,OaG6CT0303,G130b15425,"V5WG+FWV, Mohpada Alias Wasambe, Maharashtra 410222, India",15251.75,39.77,IgnitionOn,1,17.995,114.5,49,-71
50a916a7-f65e-44a4-bc84-045fa600574f-2,BRAKE_PRESSED,2025-11-25 07:20:28,2025-11-25 07:20:41,18.896856,73.1940224,37403,1652,FixOK,,OaG6CT0303,G130b15425,"V5WG+FWV, Mohpada Alias Wasambe, Maharashtra 410222, India",0,16.84,IgnitionOn,1,,,,
50a916a7-f65e-44a4-bc84-045fa600574f-1,EDC_BS6_PERIODIC,2025-11-25 07:20:30,2025-11-25 07:20:41,18.8967872,73.194112,24713,1652,FixOK,A,OaG6CT0303,G130b15425,"V5WG+FWV, Mohpada Alias Wasambe, Maharashtra 410222, India",15251.875,27.27,IgnitionOn,1,17.226,134.72,50,-71
d6569c53-3156-4535-a390-1f6bff1e75a8-1,EDC_BS6_PERIODIC,2025-11-25 07:20:36,2025-11-25 07:22:09,18.8965312,73.1942912,24714,1652,FixOK,A,OaG6CT0303,G130b15425,"No.8, Dand Apta Road, Chambharli, Maharashtra 410222, India",15251.875,16.95,IgnitionOn,1,16.913,147.42,51,-71
9fc54f5f-d1f7-4f98-b742-c611fa87cb4e-13,BRAKE_PRESSED,2025-11-25 07:20:41,2025-11-25 07:32:24,18.8961408,73.1944064,37404,1652,FixOK,,OaG6CT0303,G130b15425,"Chowk City, Chouk Manivali, Maharashtra 410206, India",0,22.7,IgnitionOn,1,,,,
9fc54f5f-d1f7-4f98-b742-c611fa87cb4e-12,EDC_BS6_PERIODIC,2025-11-25 07:20:42,2025-11-25 07:32:24,18.8960608,73.1944256,24715,1652,FixOK,A,OaG6CT0303,G130b15425,"Chowk City, Chouk Manivali, Maharashtra 410206, India",15251.875,31.7,IgnitionOn,1,16.433,168.94,48,-71
3495aa03-8d1e-4a75-bd32-8ce1f608ef15-10,EDC_BS6_PERIODIC,2025-11-25 07:20:48,2025-11-25 07:21:42,18.8957904,73.1944832,24716,1652,FixOK,A,OaG6CT0303,G130b15425,"Sawala Apta Rd, Rasayani, Maharashtra 410207, India",15252,22.52,IgnitionOn,1,16.052,166.75,49,-71
3495aa03-8d1e-4a75-bd32-8ce1f608ef15-9,EDC_BS6_PERIODIC,2025-11-25 07:20:54,2025-11-25 07:21:42,18.8953888,73.194592,24717,1652,FixOK,A,OaG6CT0303,G130b15425,"Sawala Apta Rd, Rasayani, Maharashtra 410207, India",15252,22.81,IgnitionOn,1,16.014,168.11,50,-71
3495aa03-8d1e-4a75-bd32-8ce1f608ef15-8,EDC_BS6_PERIODIC,2025-11-25 07:21:00,2025-11-25 07:21:42,18.8948,73.1947264,24718,1652,FixOK,A,OaG6CT0303,G130b15425,"Sawala Apta Rd, Rasayani, Maharashtra 410207, India",15252,37.38,IgnitionOn,1,15.96,162.39,50,-71
3495aa03-8d1e-4a75-bd32-8ce1f608ef15-7,EDC_BS6_PERIODIC,2025-11-25 07:21:06,2025-11-25 07:21:42,18.8942432,73.195168,24719,1652,FixOK,A,OaG6CT0303,G130b15425,"Sawala Apta Rd, Rasayani, Maharashtra 410207, India",15252.125,44.73,IgnitionOn,1,16.166,130.5,51,-71
3495aa03-8d1e-4a75-bd32-8ce1f608ef15-6,EDC_BS6_PERIODIC,2025-11-25 07:21:12,2025-11-25 07:21:42,18.8938704,73.1958784,24720,1652,FixOK,A,OaG6CT0303,G130b15425,"Sawala Apta Rd, Rasayani, Maharashtra 410207, India",15252.25,52.56,IgnitionOn,1,16.541,117.93,51,-71
3495aa03-8d1e-4a75-bd32-8ce1f608ef15-5,BRAKE_PRESSED,2025-11-25 07:21:15,2025-11-25 07:21:42,18.8937472,73.1962496,37405,1652,FixOK,,OaG6CT0303,G130b15425,"Sawala Apta Rd, Rasayani, Maharashtra 410207, India",0,42.35,IgnitionOn,1,,,,
3495aa03-8d1e-4a75-bd32-8ce1f608ef15-4,EDC_BS6_PERIODIC,2025-11-25 07:21:18,2025-11-25 07:21:42,18.8936784,73.1966016,24721,1652,FixOK,A,OaG6CT0303,G130b15425,"Sawala Apta Rd, Rasayani, Maharashtra 410207, India",15252.25,49.05,IgnitionOn,1,16.42,105.09,50,-71
3495aa03-8d1e-4a75-bd32-8ce1f608ef15-3,EDC_BS6_PERIODIC,2025-11-25 07:21:24,2025-11-25 07:21:42,18.8936288,73.197024,24722,1652,FixOK,A,OaG6CT0303,G130b15425,"Sawala Apta Rd, Rasayani, Maharashtra 410207, India",15252.375,34.04,IgnitionOn,1,17.07,94.3,52,-71
3495aa03-8d1e-4a75-bd32-8ce1f608ef15-2,EDC_BS6_PERIODIC,2025-11-25 07:21:30,2025-11-25 07:21:42,18.893616,73.1973824,24723,1652,FixOK,A,OaG6CT0303,G130b15425,"Sawala Apta Rd, Rasayani, Maharashtra 410207, India",15252.375,23.09,IgnitionOn,1,17.315,90.87,48,-71
3495aa03-8d1e-4a75-bd32-8ce1f608ef15-1,EDC_BS6_PERIODIC,2025-11-25 07:21:36,2025-11-25 07:21:42,18.8936288,73.1977536,24724,1652,FixOK,A,OaG6CT0303,G130b15425,"Sawala Apta Rd, Rasayani, Maharashtra 410207, India",15252.5,23.02,IgnitionOn,1,18.934,83.55,49,-71
9fc54f5f-d1f7-4f98-b742-c611fa87cb4e-11,EDC_BS6_PERIODIC,2025-11-25 07:21:42,2025-11-25 07:32:24,18.8936896,73.19808,24725,1652,FixOK,A,OaG6CT0303,G130b15425,"Chowk City, Chouk Manivali, Maharashtra 410206, India",15252.5,20.17,IgnitionOn,1,19.614,74.37,46,-71
9fc54f5f-d1f7-4f98-b742-c611fa87cb4e-10,EDC_BS6_PERIODIC,2025-11-25 07:21:48,2025-11-25 07:32:24,18.8938864,73.198432,24726,1652,FixOK,A,OaG6CT0303,G130b15425,"Chowk City, Chouk Manivali, Maharashtra 410206, India",15252.5,27.08,IgnitionOn,1,19.903,57.84,49,-71
a90f9d6f-b6cd-496c-be75-06adccd502a9-10,BRAKE_PRESSED,2025-11-25 07:21:53,2025-11-25 07:22:43,18.8940928,73.1986304,37406,1652,FixOK,,OaG6CT0303,G130b15425,"No.8, Dand Apta Road, Chambharli, Maharashtra 410222, India",0,14.76,IgnitionOn,1,,,,
a90f9d6f-b6cd-496c-be75-06adccd502a9-9,EDC_BS6_PERIODIC,2025-11-25 07:21:54,2025-11-25 07:22:43,18.8941408,73.1986688,24727,1652,FixOK,A,OaG6CT0303,G130b15425,"No.8, Dand Apta Road, Chambharli, Maharashtra 410222, India",15252.625,21.51,IgnitionOn,1,19.681,34.88,48,-71
a90f9d6f-b6cd-496c-be75-06adccd502a9-8,EDC_BS6_PERIODIC,2025-11-25 07:22:00,2025-11-25 07:22:43,18.8943504,73.1988352,24728,1652,FixOK,A,OaG6CT0303,G130b15425,"No.8, Dand Apta Road, Chambharli, Maharashtra 410222, India",15252.625,14.56,IgnitionOn,1,19.225,34.4,47,-71
a90f9d6f-b6cd-496c-be75-06adccd502a9-7,EDC_BS6_PERIODIC,2025-11-25 07:22:06,2025-11-25 07:22:43,18.8946688,73.1990336,24729,1652,FixOK,A,OaG6CT0303,G130b15425,"No.8, Dand Apta Road, Chambharli, Maharashtra 410222, India",15252.625,23.23,IgnitionOn,1,18.98,28.22,48,-51
a90f9d6f-b6cd-496c-be75-06adccd502a9-6,BRAKE_PRESSED,2025-11-25 07:22:07,2025-11-25 07:22:43,18.8947344,73.1990784,37407,1652,FixOK,,OaG6CT0303,G130b15425,"No.8, Dand Apta Road, Chambharli, Maharashtra 410222, India",0,20.95,IgnitionOn,1,,,,
a90f9d6f-b6cd-496c-be75-06adccd502a9-5,EDC_BS6_PERIODIC,2025-11-25 07:22:12,2025-11-25 07:22:43,18.895,73.199264,24730,1652,FixOK,A,OaG6CT0303,G130b15425,"No.8, Dand Apta Road, Chambharli, Maharashtra 410222, India",15252.75,29.58,IgnitionOn,1,19.27,32.81,47,-51
a90f9d6f-b6cd-496c-be75-06adccd502a9-4,EDC_BS6_PERIODIC,2025-11-25 07:22:18,2025-11-25 07:22:43,18.8952608,73.199456,24731,1652,FixOK,A,OaG6CT0303,G130b15425,"No.8, Dand Apta Road, Chambharli, Maharashtra 410222, India",15252.75,19.48,IgnitionOn,1,20.59,37.99,47,-51
a90f9d6f-b6cd-496c-be75-06adccd502a9-3,EDC_BS6_PERIODIC,2025-11-25 07:22:24,2025-11-25 07:22:43,18.8954176,73.1995584,24732,1652,FixOK,A,OaG6CT0303,G130b15425,"No.8, Dand Apta Road, Chambharli, Maharashtra 410222, India",15252.75,13.04,IgnitionOn,1,20.999,34.65,49,-51
a90f9d6f-b6cd-496c-be75-06adccd502a9-2,EDC_BS6_PERIODIC,2025-11-25 07:22:30,2025-11-25 07:22:43,18.8955488,73.1996544,24733,1652,FixOK,A,OaG6CT0303,G130b15425,"No.8, Dand Apta Road, Chambharli, Maharashtra 410222, India",15252.75,11.41,IgnitionOn,1,20.922,33.33,47,-51
a90f9d6f-b6cd-496c-be75-06adccd502a9-1,EDC_BS6_PERIODIC,2025-11-25 07:22:36,2025-11-25 07:22:43,18.8958112,73.1998464,24734,1652,FixOK,A,OaG6CT0303,G130b15425,"No.8, Dand Apta Road, Chambharli, Maharashtra 410222, India",15252.75,21.83,IgnitionOn,1,21.749,35.77,49,-51
9fc54f5f-d1f7-4f98-b742-c611fa87cb4e-9,BRAKE_PRESSED,2025-11-25 07:22:42,2025-11-25 07:32:24,18.8961584,73.200096,37408,1652,FixOK,,OaG6CT0303,G130b15425,"Chowk City, Chouk Manivali, Maharashtra 410206, India",0,24.23,IgnitionOn,1,,,,
89994686-26e8-4989-aec5-91b6613148e9-10,EDC_BS6_PERIODIC,2025-11-25 07:22:42,2025-11-25 07:23:44,18.8961584,73.200096,24735,1652,FixOK,A,OaG6CT0303,G130b15425,"V5VW+R2Q, Dand Apta Road, Rasayani, Maharashtra 410222, India",15252.875,26.88,IgnitionOn,1,22.371,34.79,48,-51
89994686-26e8-4989-aec5-91b6613148e9-9,EDC_BS6_PERIODIC,2025-11-25 07:22:48,2025-11-25 07:23:44,18.89648,73.2003328,24736,1652,FixOK,A,OaG6CT0303,G130b15425,"V5VW+R2Q, Dand Apta Road, Rasayani, Maharashtra 410222, India",15252.875,26.82,IgnitionOn,1,23.895,35.63,50,-51
89994686-26e8-4989-aec5-91b6613148e9-8,EDC_BS6_PERIODIC,2025-11-25 07:22:54,2025-11-25 07:23:44,18.8968,73.2005504,24737,1652,FixOK,A,OaG6CT0303,G130b15425,"V5VW+R2Q, Dand Apta Road, Rasayani, Maharashtra 410222, India",15252.875,27.31,IgnitionOn,1,24.295,34.11,52,-51
89994686-26e8-4989-aec5-91b6613148e9-7,EDC_BS6_PERIODIC,2025-11-25 07:23:00,2025-11-25 07:23:44,18.897112,73.2007552,24738,1652,FixOK,A,OaG6CT0303,G130b15425,"V5VW+R2Q, Dand Apta Road, Rasayani, Maharashtra 410222, India",15253,29.83,IgnitionOn,1,24.614,31.4,48,-51
89994686-26e8-4989-aec5-91b6613148e9-6,EDC_BS6_PERIODIC,2025-11-25 07:23:06,2025-11-25 07:23:44,18.8975072,73.2009984,24739,1652,FixOK,A,OaG6CT0303,G130b15425,"V5VW+R2Q, Dand Apta Road, Rasayani, Maharashtra 410222, India",15253,30.1,IgnitionOn,1,26.458,28.93,50,-51
89994686-26e8-4989-aec5-91b6613148e9-5,EDC_BS6_PERIODIC,2025-11-25 07:23:12,2025-11-25 07:23:44,18.8979552,73.20128,24740,1652,FixOK,A,OaG6CT0303,G130b15425,"V5VW+R2Q, Dand Apta Road, Rasayani, Maharashtra 410222, India",15253.125,35.47,IgnitionOn,1,26.955,30.01,49,-51
89994686-26e8-4989-aec5-91b6613148e9-4,EDC_BS6_PERIODIC,2025-11-25 07:23:18,2025-11-25 07:23:44,18.898392,73.2015424,24741,1652,FixOK,A,OaG6CT0303,G130b15425,"V5VW+R2Q, Dand Apta Road, Rasayani, Maharashtra 410222, India",15253.125,34.72,IgnitionOn,1,27.792,27.79,48,-51
89994686-26e8-4989-aec5-91b6613148e9-3,EDC_BS6_PERIODIC,2025-11-25 07:23:24,2025-11-25 07:23:44,18.898808,73.2018048,24742,1652,FixOK,A,OaG6CT0303,G130b15425,"V5VW+R2Q, Dand Apta Road, Rasayani, Maharashtra 410222, India",15253.25,33.3,IgnitionOn,1,30.775,31.37,48,-51
89994686-26e8-4989-aec5-91b6613148e9-2,EDC_BS6_PERIODIC,2025-11-25 07:23:30,2025-11-25 07:23:44,18.899208,73.202048,24743,1652,FixOK,A,OaG6CT0303,G130b15425,"V5VW+R2Q, Dand Apta Road, Rasayani, Maharashtra 410222, India",15253.25,29.86,IgnitionOn,1,32.695,30.61,48,-51
89994686-26e8-4989-aec5-91b6613148e9-1,EDC_BS6_PERIODIC,2025-11-25 07:23:36,2025-11-25 07:23:44,18.8996192,73.2022976,24744,1652,FixOK,A,OaG6CT0303,G130b15425,"V5VW+R2Q, Dand Apta Road, Rasayani, Maharashtra 410222, India",15253.375,31.6,IgnitionOn,1,34.148,29.68,51,-51
1e71514e-9ddb-4e6f-8e43-62e8d3d5f830-10,EDC_BS6_PERIODIC,2025-11-25 07:23:42,2025-11-25 07:24:45,18.900072,73.2025856,24745,1652,FixOK,A,OaG6CT0303,G130b15425,"V5VW+R2Q, Dand Apta Road, Rasayani, Maharashtra 410222, India",15253.375,36.21,IgnitionOn,1,34.601,34.34,50,-51
1e71514e-9ddb-4e6f-8e43-62e8d3d5f830-9,EDC_BS6_PERIODIC,2025-11-25 07:23:48,2025-11-25 07:24:45,18.9005152,73.2028672,24746,1652,FixOK,A,OaG6CT0303,G130b15425,"V5VW+R2Q, Dand Apta Road, Rasayani, Maharashtra 410222, India",15253.5,33.7,IgnitionOn,1,33.986,29.38,46,-51
1e71514e-9ddb-4e6f-8e43-62e8d3d5f830-8,EDC_BS6_PERIODIC,2025-11-25 07:23:54,2025-11-25 07:24:45,18.9010112,73.2032128,24747,1652,FixOK,A,OaG6CT0303,G130b15425,"V5VW+R2Q, Dand Apta Road, Rasayani, Maharashtra 410222, India",15253.5,40.34,IgnitionOn,1,33.455,37.31,47,-51
1e71514e-9ddb-4e6f-8e43-62e8d3d5f830-7,EDC_BS6_PERIODIC,2025-11-25 07:24:00,2025-11-25 07:24:45,18.90156,73.2037632,24748,1652,FixOK,A,OaG6CT0303,G130b15425,"V5VW+R2Q, Dand Apta Road, Rasayani, Maharashtra 410222, India",15253.625,51.52,IgnitionOn,1,31.899,47.06,46,-51
1e71514e-9ddb-4e6f-8e43-62e8d3d5f830-6,EDC_BS6_PERIODIC,2025-11-25 07:24:06,2025-11-25 07:24:45,18.9021376,73.2044416,24749,1652,FixOK,A,OaG6CT0303,G130b15425,"V5VW+R2Q, Dand Apta Road, Rasayani, Maharashtra 410222, India",15253.75,58.16,IgnitionOn,1,33.303,49.93,47,-51
1e71514e-9ddb-4e6f-8e43-62e8d3d5f830-5,EDC_BS6_PERIODIC,2025-11-25 07:24:12,2025-11-25 07:24:45,18.9026528,73.2050624,24750,1652,FixOK,A,OaG6CT0303,G130b15425,"V5VW+R2Q, Dand Apta Road, Rasayani, Maharashtra 410222, India",15253.75,50.98,IgnitionOn,1,35.094,50.02,49,-51
1e71514e-9ddb-4e6f-8e43-62e8d3d5f830-4,EDC_BS6_PERIODIC,2025-11-25 07:24:18,2025-11-25 07:24:45,18.903144,73.2056576,24751,1652,FixOK,A,OaG6CT0303,G130b15425,"V5VW+R2Q, Dand Apta Road, Rasayani, Maharashtra 410222, India",15253.875,49.82,IgnitionOn,1,36.915,50.18,51,-51
1e71514e-9ddb-4e6f-8e43-62e8d3d5f830-3,EDC_BS6_PERIODIC,2025-11-25 07:24:24,2025-11-25 07:24:45,18.9036976,73.2062976,24752,1652,FixOK,A,OaG6CT0303,G130b15425,"V5VW+R2Q, Dand Apta Road, Rasayani, Maharashtra 410222, India",15254,55.92,IgnitionOn,1,37.908,47.93,51,-51
1e71514e-9ddb-4e6f-8e43-62e8d3d5f830-2,EDC_BS6_PERIODIC,2025-11-25 07:24:30,2025-11-25 07:24:45,18.9042272,73.2069248,24753,1652,FixOK,A,OaG6CT0303,G130b15425,"V5VW+R2Q, Dand Apta Road, Rasayani, Maharashtra 410222, India",15254,51.91,IgnitionOn,1,37.48,48.36,50,-51
1e71514e-9ddb-4e6f-8e43-62e8d3d5f830-1,EDC_BS6_PERIODIC,2025-11-25 07:24:36,2025-11-25 07:24:45,18.9046496,73.2074304,24754,1652,FixOK,A,OaG6CT0303,G130b15425,"V5VW+R2Q, Dand Apta Road, Rasayani, Maharashtra 410222, India",15254.125,49.88,IgnitionOn,1,37.625,49.47,48,-51
9fc54f5f-d1f7-4f98-b742-c611fa87cb4e-8,EDC_BS6_PERIODIC,2025-11-25 07:24:42,2025-11-25 07:32:24,18.9050688,73.207936,24755,1652,FixOK,A,OaG6CT0303,G130b15425,"Chowk City, Chouk Manivali, Maharashtra 410206, India",15254.25,39.71,IgnitionOn,1,39.756,49.38,51,-51
cb298f54-649d-44d9-8e64-55eda3e2bf11-10,EDC_BS6_PERIODIC,2025-11-25 07:24:48,2025-11-25 07:25:46,18.9054432,73.2083776,24756,1652,FixOK,A,OaG6CT0303,G130b15425,"V5VW+R2Q, Dand Apta Road, Rasayani, Maharashtra 410222, India",15254.25,36.24,IgnitionOn,1,40.777,48.04,50,-51
cb298f54-649d-44d9-8e64-55eda3e2bf11-9,BRAKE_PRESSED,2025-11-25 07:24:49,2025-11-25 07:25:46,18.9055008,73.2084416,37409,1652,FixOK,,OaG6CT0303,G130b15425,"V5VW+R2Q, Dand Apta Road, Rasayani, Maharashtra 410222, India",0,22.39,IgnitionOn,1,,,,
cb298f54-649d-44d9-8e64-55eda3e2bf11-8,EDC_BS6_PERIODIC,2025-11-25 07:24:54,2025-11-25 07:25:46,18.9057152,73.208704,24757,1652,FixOK,A,OaG6CT0303,G130b15425,"V5VW+R2Q, Dand Apta Road, Rasayani, Maharashtra 410222, India",15254.375,24.45,IgnitionOn,1,42.195,37,51,-51
cb298f54-649d-44d9-8e64-55eda3e2bf11-7,EDC_BS6_PERIODIC,2025-11-25 07:25:00,2025-11-25 07:25:46,18.9059168,73.2088384,24758,1652,FixOK,A,OaG6CT0303,G130b15425,"V5VW+R2Q, Dand Apta Road, Rasayani, Maharashtra 410222, India",15254.375,9.5,IgnitionOn,1,42.171,33.88,51,-51
cb298f54-649d-44d9-8e64-55eda3e2bf11-6,EDC_BS6_PERIODIC,2025-11-25 07:25:06,2025-11-25 07:25:46,18.9059808,73.208896,24759,1652,FixOK,A,OaG6CT0303,G130b15425,"V5VW+R2Q, Dand Apta Road, Rasayani, Maharashtra 410222, India",15254.375,6.21,IgnitionOn,1,42.14,42.63,51,-51
cb298f54-649d-44d9-8e64-55eda3e2bf11-5,EDC_BS6_PERIODIC,2025-11-25 07:25:12,2025-11-25 07:25:46,18.905984,73.208896,24760,1652,FixOK,A,OaG6CT0303,G130b15425,"V5VW+R2Q, Dand Apta Road, Rasayani, Maharashtra 410222, India",15254.375,0,IgnitionOn,1,42.066,42.63,48,-51
cb298f54-649d-44d9-8e64-55eda3e2bf11-4,EDC_BS6_PERIODIC,2025-11-25 07:25:18,2025-11-25 07:25:46,18.906032,73.2089344,24761,1652,FixOK,A,OaG6CT0303,G130b15425,"V5VW+R2Q, Dand Apta Road, Rasayani, Maharashtra 410222, India",15254.375,6.43,IgnitionOn,1,42.752,42.63,48,-51
cb298f54-649d-44d9-8e64-55eda3e2bf11-3,EDC_BS6_PERIODIC,2025-11-25 07:25:24,2025-11-25 07:25:46,18.9060928,73.2090304,24762,1652,FixOK,A,OaG6CT0303,G130b15425,"V5VW+R2Q, Dand Apta Road, Rasayani, Maharashtra 410222, India",15254.375,7.85,IgnitionOn,1,42.689,127.48,50,-51
cb298f54-649d-44d9-8e64-55eda3e2bf11-2,EDC_BS6_PERIODIC,2025-11-25 07:25:30,2025-11-25 07:25:46,18.9058592,73.209216,24763,1652,FixOK,A,OaG6CT0303,G130b15425,"V5VW+R2Q, Dand Apta Road, Rasayani, Maharashtra 410222, India",15254.375,23.61,IgnitionOn,1,41.776,146.63,50,-51
cb298f54-649d-44d9-8e64-55eda3e2bf11-1,EDC_BS6_PERIODIC,2025-11-25 07:25:36,2025-11-25 07:25:46,18.9054256,73.2096128,24764,1652,FixOK,A,OaG6CT0303,G130b15425,"V5VW+R2Q, Dand Apta Road, Rasayani, Maharashtra 410222, India",15254.5,42.45,IgnitionOn,1,39.358,134.33,51,-51
8ef977a0-e364-4a3f-84ab-9f45047b5797-10,EDC_BS6_PERIODIC,2025-11-25 07:25:42,2025-11-25 07:26:47,18.9049856,73.2103296,24765,1652,FixOK,A,OaG6CT0303,G130b15425,"Dand Apta Road, Rees, Maharashtra 410222, India",15254.625,58.19,IgnitionOn,1,36.833,120.94,51,-51
8ef977a0-e364-4a3f-84ab-9f45047b5797-9,EDC_BS6_PERIODIC,2025-11-25 07:25:48,2025-11-25 07:26:47,18.9045344,73.2112128,24766,1652,FixOK,A,OaG6CT0303,G130b15425,"Dand Apta Road, Rees, Maharashtra 410222, India",15254.625,63.13,IgnitionOn,1,33.826,117.9,51,-51
8ef977a0-e364-4a3f-84ab-9f45047b5797-8,EDC_BS6_PERIODIC,2025-11-25 07:25:54,2025-11-25 07:26:47,18.9040576,73.2119744,24767,1652,FixOK,A,OaG6CT0303,G130b15425,"Dand Apta Road, Rees, Maharashtra 410222, India",15254.75,56.08,IgnitionOn,1,34.066,136.74,51,-51
8ef977a0-e364-4a3f-84ab-9f45047b5797-7,EDC_BS6_PERIODIC,2025-11-25 07:26:00,2025-11-25 07:26:47,18.903464,73.2125696,24768,1652,FixOK,A,OaG6CT0303,G130b15425,"Dand Apta Road, Rees, Maharashtra 410222, India",15254.875,53.71,IgnitionOn,1,33.966,137.21,51,-51
8ef977a0-e364-4a3f-84ab-9f45047b5797-6,EDC_BS6_PERIODIC,2025-11-25 07:26:06,2025-11-25 07:26:47,18.9028624,73.2131456,24769,1652,FixOK,A,OaG6CT0303,G130b15425,"Dand Apta Road, Rees, Maharashtra 410222, India",15255,52.1,IgnitionOn,1,35.057,137.61,52,-51
8ef977a0-e364-4a3f-84ab-9f45047b5797-5,EDC_BS6_PERIODIC,2025-11-25 07:26:12,2025-11-25 07:26:47,18.9020144,73.2142464,24770,1652,FixOK,A,OaG6CT0303,G130b15425,"Dand Apta Road, Rees, Maharashtra 410222, India",15255,46.11,IgnitionOn,1,34.271,132.14,52,-51
8ef977a0-e364-4a3f-84ab-9f45047b5797-4,EDC_BS6_PERIODIC,2025-11-25 07:26:18,2025-11-25 07:26:47,18.9017408,73.2149888,24771,1652,FixOK,A,OaG6CT0303,G130b15425,"Dand Apta Road, Rees, Maharashtra 410222, India",15255.125,55.35,IgnitionOn,1,33.332,115.05,51,-51
8ef977a0-e364-4a3f-84ab-9f45047b5797-3,EDC_BS6_PERIODIC,2025-11-25 07:26:24,2025-11-25 07:26:47,18.9016896,73.2159104,24772,1652,FixOK,A,OaG6CT0303,G130b15425,"Dand Apta Road, Rees, Maharashtra 410222, India",15255.25,60,IgnitionOn,1,33.013,90.55,48,-51
8ef977a0-e364-4a3f-84ab-9f45047b5797-2,EDC_BS6_PERIODIC,2025-11-25 07:26:30,2025-11-25 07:26:47,18.9016672,73.2167552,24773,1652,FixOK,A,OaG6CT0303,G130b15425,"Dand Apta Road, Rees, Maharashtra 410222, India",15255.375,54.47,IgnitionOn,1,34.205,92.01,50,-51
8ef977a0-e364-4a3f-84ab-9f45047b5797-1,EDC_BS6_PERIODIC,2025-11-25 07:26:36,2025-11-25 07:26:47,18.9016544,73.2176128,24774,1652,FixOK,A,OaG6CT0303,G130b15425,"Dand Apta Road, Rees, Maharashtra 410222, India",15255.5,53.13,IgnitionOn,1,35.523,90.55,49,-51
9fc54f5f-d1f7-4f98-b742-c611fa87cb4e-7,EDC_BS6_PERIODIC,2025-11-25 07:26:42,2025-11-25 07:32:24,18.90164,73.2185088,24775,1652,FixOK,A,OaG6CT0303,G130b15425,"Chowk City, Chouk Manivali, Maharashtra 410206, India",15255.5,56.72,IgnitionOn,1,39.25,90.19,51,-51
485bbf9b-e46e-4c06-aa39-43c3ccde66ec-10,EDC_BS6_PERIODIC,2025-11-25 07:26:48,2025-11-25 07:27:48,18.9016192,73.2194304,24776,1652,FixOK,A,OaG6CT0303,G130b15425,"Dand Apta Road, Rees, Maharashtra 410222, India",15255.625,57.2,IgnitionOn,1,41.937,91.3,50,-51
485bbf9b-e46e-4c06-aa39-43c3ccde66ec-9,EDC_BS6_PERIODIC,2025-11-25 07:26:54,2025-11-25 07:27:48,18.90156,73.220384,24777,1652,FixOK,A,OaG6CT0303,G130b15425,"Dand Apta Road, Rees, Maharashtra 410222, India",15255.75,60.53,IgnitionOn,1,41.89,91.81,50,-51
485bbf9b-e46e-4c06-aa39-43c3ccde66ec-8,EDC_BS6_PERIODIC,2025-11-25 07:27:00,2025-11-25 07:27:48,18.9015376,73.2213376,24778,1652,FixOK,A,OaG6CT0303,G130b15425,"Dand Apta Road, Rees, Maharashtra 410222, India",15255.875,59.84,IgnitionOn,1,39.375,91.06,50,-51
485bbf9b-e46e-4c06-aa39-43c3ccde66ec-7,EDC_BS6_PERIODIC,2025-11-25 07:27:06,2025-11-25 07:27:48,18.90152,73.2222592,24779,1652,FixOK,A,OaG6CT0303,G130b15425,"Dand Apta Road, Rees, Maharashtra 410222, India",15256,59.33,IgnitionOn,1,38.137,91.23,50,-51
485bbf9b-e46e-4c06-aa39-43c3ccde66ec-6,EDC_BS6_PERIODIC,2025-11-25 07:27:12,2025-11-25 07:27:48,18.9015072,73.223168,24780,1652,FixOK,A,OaG6CT0303,G130b15425,"Dand Apta Road, Rees, Maharashtra 410222, India",15256,56.49,IgnitionOn,1,36.097,91.05,51,-51
485bbf9b-e46e-4c06-aa39-43c3ccde66ec-5,EDC_BS6_PERIODIC,2025-11-25 07:27:18,2025-11-25 07:27:48,18.9014912,73.2240576,24781,1652,FixOK,A,OaG6CT0303,G130b15425,"Dand Apta Road, Rees, Maharashtra 410222, India",15256.125,57.3,IgnitionOn,1,35.938,91.47,52,-51
485bbf9b-e46e-4c06-aa39-43c3ccde66ec-4,EDC_BS6_PERIODIC,2025-11-25 07:27:24,2025-11-25 07:27:48,18.9014752,73.2249216,24782,1652,FixOK,A,OaG6CT0303,G130b15425,"Dand Apta Road, Rees, Maharashtra 410222, India",15256.25,54.12,IgnitionOn,1,37.721,90.77,51,-51
485bbf9b-e46e-4c06-aa39-43c3ccde66ec-3,EDC_BS6_PERIODIC,2025-11-25 07:27:30,2025-11-25 07:27:48,18.9014624,73.2258304,24783,1652,FixOK,A,OaG6CT0303,G130b15425,"Dand Apta Road, Rees, Maharashtra 410222, India",15256.375,55.91,IgnitionOn,1,38.812,90.8,52,-51
485bbf9b-e46e-4c06-aa39-43c3ccde66ec-2,EDC_BS6_PERIODIC,2025-11-25 07:27:36,2025-11-25 07:27:48,18.9014544,73.226848,24784,1652,FixOK,A,OaG6CT0303,G130b15425,"Dand Apta Road, Rees, Maharashtra 410222, India",15256.375,60.59,IgnitionOn,1,37.375,90.68,52,-51
485bbf9b-e46e-4c06-aa39-43c3ccde66ec-1,EDC_BS6_PERIODIC,2025-11-25 07:27:42,2025-11-25 07:27:48,18.9014384,73.2280064,24785,1652,FixOK,A,OaG6CT0303,G130b15425,"Dand Apta Road, Rees, Maharashtra 410222, India",15256.5,71.88,IgnitionOn,1,35.875,91.62,49,-51
9fc54f5f-d1f7-4f98-b742-c611fa87cb4e-6,EDC_BS6_PERIODIC,2025-11-25 07:27:48,2025-11-25 07:32:24,18.901424,73.2291328,24786,1652,FixOK,A,OaG6CT0303,G130b15425,"Chowk City, Chouk Manivali, Maharashtra 410206, India",15256.625,72.61,IgnitionOn,1,35.924,90.66,50,-51
cb5302f3-f7bb-4d12-bd70-129c8bbf373a-10,EDC_BS6_PERIODIC,2025-11-25 07:27:54,2025-11-25 07:28:49,18.901416,73.2300032,24787,1652,FixOK,A,OaG6CT0303,G130b15425,"NH 48, Rees, Maharashtra 410102, India",15256.75,67.66,IgnitionOn,1,36.679,91.12,51,-51
cb5302f3-f7bb-4d12-bd70-129c8bbf373a-9,EDC_BS6_PERIODIC,2025-11-25 07:28:00,2025-11-25 07:28:49,18.9014,73.2310336,24788,1652,FixOK,A,OaG6CT0303,G130b15425,"NH 48, Rees, Maharashtra 410102, India",15256.875,64.88,IgnitionOn,1,38.676,90.26,51,-51
cb5302f3-f7bb-4d12-bd70-129c8bbf373a-8,EDC_BS6_PERIODIC,2025-11-25 07:28:06,2025-11-25 07:28:49,18.9014384,73.23216,24789,1652,FixOK,A,OaG6CT0303,G130b15425,"NH 48, Rees, Maharashtra 410102, India",15257,69.48,IgnitionOn,1,38.665,86.69,51,-55
cb5302f3-f7bb-4d12-bd70-129c8bbf373a-7,EDC_BS6_PERIODIC,2025-11-25 07:28:12,2025-11-25 07:28:49,18.901504,73.2333312,24790,1652,FixOK,A,OaG6CT0303,G130b15425,"NH 48, Rees, Maharashtra 410102, India",15257.125,73.96,IgnitionOn,1,38.884,85.01,50,-55
cb5302f3-f7bb-4d12-bd70-129c8bbf373a-6,BRAKE_PRESSED,2025-11-25 07:28:16,2025-11-25 07:28:49,18.901384,73.2340416,37410,1652,FixOK,,OaG6CT0303,G130b15425,"NH 48, Rees, Maharashtra 410102, India",0,57.98,IgnitionOn,1,,,,
cb5302f3-f7bb-4d12-bd70-129c8bbf373a-5,EDC_BS6_PERIODIC,2025-11-25 07:28:18,2025-11-25 07:28:49,18.901304,73.2343744,24791,1652,FixOK,A,OaG6CT0303,G130b15425,"NH 48, Rees, Maharashtra 410102, India",15257.25,69.31,IgnitionOn,1,37.605,100.83,51,-55
cb5302f3-f7bb-4d12-bd70-129c8bbf373a-4,EDC_BS6_PERIODIC,2025-11-25 07:28:24,2025-11-25 07:28:49,18.90116,73.2350976,24792,1652,FixOK,A,OaG6CT0303,G130b15425,"NH 48, Rees, Maharashtra 410102, India",15257.375,53.88,IgnitionOn,1,37.241,100.9,52,-55
cb5302f3-f7bb-4d12-bd70-129c8bbf373a-3,EDC_BS6_PERIODIC,2025-11-25 07:28:30,2025-11-25 07:28:49,18.901136,73.2353344,24793,1652,FixOK,A,OaG6CT0303,G130b15425,"NH 48, Rees, Maharashtra 410102, India",15257.5,13.09,IgnitionOn,1,38.736,96.98,51,-55
cb5302f3-f7bb-4d12-bd70-129c8bbf373a-2,EDC_BS6_PERIODIC,2025-11-25 07:28:36,2025-11-25 07:28:49,18.9011232,73.2357696,24794,1652,FixOK,A,OaG6CT0303,G130b15425,"NH 48, Rees, Maharashtra 410102, India",15257.5,24.32,IgnitionOn,1,39.259,91.19,52,-55
cb5302f3-f7bb-4d12-bd70-129c8bbf373a-1,EDC_BS6_PERIODIC,2025-11-25 07:28:42,2025-11-25 07:28:49,18.9011328,73.2363456,24795,1652,FixOK,A,OaG6CT0303,G130b15425,"NH 48, Rees, Maharashtra 410102, India",15257.5,34.45,IgnitionOn,1,39.489,89.36,52,-55
9fc54f5f-d1f7-4f98-b742-c611fa87cb4e-5,EDC_BS6_PERIODIC,2025-11-25 07:28:48,2025-11-25 07:32:24,18.90116,73.237056,24796,1652,FixOK,A,OaG6CT0303,G130b15425,"Chowk City, Chouk Manivali, Maharashtra 410206, India",15257.625,42.83,IgnitionOn,1,39.853,88.63,50,-55
9fc54f5f-d1f7-4f98-b742-c611fa87cb4e-4,EDC_BS6_PERIODIC,2025-11-25 07:28:54,2025-11-25 07:32:24,18.9011968,73.2378752,24797,1652,FixOK,A,OaG6CT0303,G130b15425,"Chowk City, Chouk Manivali, Maharashtra 410206, India",15257.625,51.55,IgnitionOn,1,40.02,87.83,51,-55
3e95e14b-4826-420a-b6f8-d4463f59bc6e-10,EDC_BS6_PERIODIC,2025-11-25 07:29:00,2025-11-25 07:29:51,18.901232,73.2387584,24798,1652,FixOK,A,OaG6CT0303,G130b15425,"W62H+8G, Nadhal, Maharashtra 410206, India",15257.75,55.08,IgnitionOn,1,40.078,87.23,50,-55
3e95e14b-4826-420a-b6f8-d4463f59bc6e-9,BRAKE_PRESSED,2025-11-25 07:29:05,2025-11-25 07:29:51,18.901264,73.2395456,37411,1652,FixOK,,OaG6CT0303,G130b15425,"W62H+8G, Nadhal, Maharashtra 410206, India",0,49.01,IgnitionOn,1,,,,
3e95e14b-4826-420a-b6f8-d4463f59bc6e-8,EDC_BS6_PERIODIC,2025-11-25 07:29:06,2025-11-25 07:29:51,18.901272,73.2396928,24799,1652,FixOK,A,OaG6CT0303,G130b15425,"W62H+8G, Nadhal, Maharashtra 410206, India",15257.875,59.79,IgnitionOn,1,40.264,87.2,51,-55
3e95e14b-4826-420a-b6f8-d4463f59bc6e-7,EDC_BS6_PERIODIC,2025-11-25 07:29:12,2025-11-25 07:29:51,18.9012976,73.240288,24800,1652,FixOK,A,OaG6CT0303,G130b15425,"W62H+8G, Nadhal, Maharashtra 410206, India",15258,48.89,IgnitionOn,1,40.937,87.72,51,-55
3e95e14b-4826-420a-b6f8-d4463f59bc6e-6,EDC_BS6_PERIODIC,2025-11-25 07:29:18,2025-11-25 07:29:51,18.9013024,73.2406272,24801,1652,FixOK,A,OaG6CT0303,G130b15425,"W62H+8G, Nadhal, Maharashtra 410206, India",15258,17.88,IgnitionOn,1,41.478,87.77,52,-55
3e95e14b-4826-420a-b6f8-d4463f59bc6e-5,EDC_BS6_PERIODIC,2025-11-25 07:29:24,2025-11-25 07:29:51,18.90128,73.241152,24802,1652,FixOK,A,OaG6CT0303,G130b15425,"W62H+8G, Nadhal, Maharashtra 410206, India",15258.125,32.63,IgnitionOn,1,42.504,94.58,52,-55
3e95e14b-4826-420a-b6f8-d4463f59bc6e-4,EDC_BS6_PERIODIC,2025-11-25 07:29:30,2025-11-25 07:29:51,18.9012096,73.2416768,24803,1652,FixOK,A,OaG6CT0303,G130b15425,"W62H+8G, Nadhal, Maharashtra 410206, India",15258.125,40.38,IgnitionOn,1,43.084,98.77,52,-55
3e95e14b-4826-420a-b6f8-d4463f59bc6e-3,EDC_BS6_PERIODIC,2025-11-25 07:29:36,2025-11-25 07:29:51,18.9010704,73.2424576,24804,1652,FixOK,A,OaG6CT0303,G130b15425,"W62H+8G, Nadhal, Maharashtra 410206, India",15258.25,50.12,IgnitionOn,1,43.099,100.44,52,-55
3e95e14b-4826-420a-b6f8-d4463f59bc6e-2,EDC_BS6_PERIODIC,2025-11-25 07:29:42,2025-11-25 07:29:51,18.900912,73.2433536,24805,1652,FixOK,A,OaG6CT0303,G130b15425,"W62H+8G, Nadhal, Maharashtra 410206, India",15258.25,57.59,IgnitionOn,1,43.465,101.25,51,-55
3e95e14b-4826-420a-b6f8-d4463f59bc6e-1,BRAKE_PRESSED,2025-11-25 07:29:43,2025-11-25 07:29:51,18.9008928,73.2435072,37412,1652,FixOK,,OaG6CT0303,G130b15425,"W62H+8G, Nadhal, Maharashtra 410206, India",0,53.46,IgnitionOn,1,,,,
9fc54f5f-d1f7-4f98-b742-c611fa87cb4e-3,GPS_MESSAGE,2025-11-25 07:29:45,2025-11-25 07:32:24,18.90084,73.243808,,1652,3DFix,,OaG6CT0303,G130b15425,"Chowk City, Chouk Manivali, Maharashtra 410206, India",0,,IgnitionOn,1,43,10,52,
9fc54f5f-d1f7-4f98-b742-c611fa87cb4e-2,EDC_BS6_PERIODIC,2025-11-25 07:29:48,2025-11-25 07:32:24,18.9007616,73.2442304,24806,1652,FixOK,A,OaG6CT0303,G130b15425,"Chowk City, Chouk Manivali, Maharashtra 410206, India",15258.375,55.97,IgnitionOn,1,44.23,100,53,-55
dc17e2f6-59f3-4585-91a0-e8dd7326183f-10,EDC_BS6_PERIODIC,2025-11-25 07:29:54,2025-11-25 07:30:52,18.900608,73.245088,24807,1652,FixOK,A,OaG6CT0303,G130b15425,"W62J+972, MH SH 76, Nadhal, Maharashtra 410102, India",15258.5,55.11,IgnitionOn,1,44.592,101.27,53,-55
dc17e2f6-59f3-4585-91a0-e8dd7326183f-9,EDC_BS6_PERIODIC,2025-11-25 07:30:00,2025-11-25 07:30:52,18.9004192,73.2460288,24808,1652,FixOK,A,OaG6CT0303,G130b15425,"W62J+972, MH SH 76, Nadhal, Maharashtra 410102, India",15258.625,62.2,IgnitionOn,1,45.194,101.58,53,-55
dc17e2f6-59f3-4585-91a0-e8dd7326183f-8,EDC_BS6_PERIODIC,2025-11-25 07:30:06,2025-11-25 07:30:52,18.9002416,73.246976,24809,1652,FixOK,A,OaG6CT0303,G130b15425,"W62J+972, MH SH 76, Nadhal, Maharashtra 410102, India",15258.75,59.8,IgnitionOn,1,45.335,101.43,51,-55
dc17e2f6-59f3-4585-91a0-e8dd7326183f-7,EDC_BS6_PERIODIC,2025-11-25 07:30:12,2025-11-25 07:30:52,18.90004,73.2478336,24810,1652,FixOK,A,OaG6CT0303,G130b15425,"W62J+972, MH SH 76, Nadhal, Maharashtra 410102, India",15258.75,55.21,IgnitionOn,1,44.799,102.87,51,-55
dc17e2f6-59f3-4585-91a0-e8dd7326183f-6,EDC_BS6_PERIODIC,2025-11-25 07:30:18,2025-11-25 07:30:52,18.8996672,73.2485888,24811,1652,FixOK,A,OaG6CT0303,G130b15425,"W62J+972, MH SH 76, Nadhal, Maharashtra 410102, India",15258.875,53.37,IgnitionOn,1,42.588,115.16,52,-55
dc17e2f6-59f3-4585-91a0-e8dd7326183f-5,EDC_BS6_PERIODIC,2025-11-25 07:30:24,2025-11-25 07:30:52,18.8991648,73.2492928,24812,1652,FixOK,A,OaG6CT0303,G130b15425,"W62J+972, MH SH 76, Nadhal, Maharashtra 410102, India",15259,56.47,IgnitionOn,1,41.667,126.87,53,-55
dc17e2f6-59f3-4585-91a0-e8dd7326183f-4,EDC_BS6_PERIODIC,2025-11-25 07:30:30,2025-11-25 07:30:52,18.8986112,73.2500736,24813,1652,FixOK,A,OaG6CT0303,G130b15425,"W62J+972, MH SH 76, Nadhal, Maharashtra 410102, India",15259.125,61.71,IgnitionOn,1,41.536,126.56,53,-55
dc17e2f6-59f3-4585-91a0-e8dd7326183f-3,BRAKE_PRESSED,2025-11-25 07:30:33,2025-11-25 07:30:52,18.8983232,73.2504704,37413,1652,FixOK,,OaG6CT0303,G130b15425,"W62J+972, MH SH 76, Nadhal, Maharashtra 410102, India",0,53.54,IgnitionOn,1,,,,
dc17e2f6-59f3-4585-91a0-e8dd7326183f-2,EDC_BS6_PERIODIC,2025-11-25 07:30:36,2025-11-25 07:30:52,18.898048,73.2508672,24814,1652,FixOK,A,OaG6CT0303,G130b15425,"W62J+972, MH SH 76, Nadhal, Maharashtra 410102, India",15259.25,62.43,IgnitionOn,1,41.685,126.73,50,-55
dc17e2f6-59f3-4585-91a0-e8dd7326183f-1,EDC_BS6_PERIODIC,2025-11-25 07:30:42,2025-11-25 07:30:52,18.8976944,73.2513536,24815,1652,FixOK,A,OaG6CT0303,G130b15425,"W62J+972, MH SH 76, Nadhal, Maharashtra 410102, India",15259.25,39.02,IgnitionOn,1,42.569,126.52,50,-55
9fc54f5f-d1f7-4f98-b742-c611fa87cb4e-1,EDC_BS6_PERIODIC,2025-11-25 07:30:48,2025-11-25 07:32:24,18.8975616,73.2515968,24816,1652,FixOK,A,OaG6CT0303,G130b15425,"Chowk City, Chouk Manivali, Maharashtra 410206, India",15259.375,20.35,IgnitionOn,1,43.859,128.35,51,-55
d33298c1-47f2-40cc-8703-c4ff23220fb6-13,BRAKE_PRESSED,2025-11-25 07:30:50,2025-11-25 07:41:39,18.8975376,73.2517696,37414,1652,FixOK,,OaG6CT0303,G130b15425,"Karjat - Chowk Rd, Wavarle, Maharashtra 410102, India",0,16.16,IgnitionOn,1,,,,
d33298c1-47f2-40cc-8703-c4ff23220fb6-12,EDC_BS6_PERIODIC,2025-11-25 07:30:54,2025-11-25 07:41:39,18.897544,73.2520704,24817,1652,FixOK,A,OaG6CT0303,G130b15425,"Karjat - Chowk Rd, Wavarle, Maharashtra 410102, India",15259.375,34.11,IgnitionOn,1,44.244,84.94,50,-55
f6cb333f-0985-4364-878c-3daab6bb42c5-10,EDC_BS6_PERIODIC,2025-11-25 07:31:00,2025-11-25 07:31:53,18.897608,73.25232,24818,1652,FixOK,A,OaG6CT0303,G130b15425,"W62R+6QX, Chouk, Maharashtra 410102, India",15259.375,13.49,IgnitionOn,1,45.874,71.83,50,-55
f6cb333f-0985-4364-878c-3daab6bb42c5-9,BRAKE_PRESSED,2025-11-25 07:31:05,2025-11-25 07:31:53,18.8976832,73.252576,37415,1652,FixOK,,OaG6CT0303,G130b15425,"W62R+6QX, Chouk, Maharashtra 410102, India",0,9.59,IgnitionOn,1,,,,
f6cb333f-0985-4364-878c-3daab6bb42c5-8,EDC_BS6_PERIODIC,2025-11-25 07:31:06,2025-11-25 07:31:53,18.897704,73.25264,24819,1652,FixOK,A,OaG6CT0303,G130b15425,"W62R+6QX, Chouk, Maharashtra 410102, India",15259.5,26.08,IgnitionOn,1,46.364,73.88,50,-55
f6cb333f-0985-4364-878c-3daab6bb42c5-7,EDC_BS6_PERIODIC,2025-11-25 07:31:12,2025-11-25 07:31:53,18.897784,73.2528768,24820,1652,FixOK,A,OaG6CT0303,G130b15425,"W62R+6QX, Chouk, Maharashtra 410102, India",15259.5,9.33,IgnitionOn,1,46.412,69.43,50,-55
f6cb333f-0985-4364-878c-3daab6bb42c5-6,BRAKE_PRESSED,2025-11-25 07:31:18,2025-11-25 07:31:53,18.8978688,73.2531072,37416,1652,FixOK,,OaG6CT0303,G130b15425,"W62R+6QX, Chouk, Maharashtra 410102, India",0,9.4,IgnitionOn,1,,,,
f6cb333f-0985-4364-878c-3daab6bb42c5-5,EDC_BS6_PERIODIC,2025-11-25 07:31:18,2025-11-25 07:31:53,18.8978688,73.2531072,24821,1652,FixOK,A,OaG6CT0303,G130b15425,"W62R+6QX, Chouk, Maharashtra 410102, India",15259.5,21.09,IgnitionOn,1,46.757,69.5,52,-55
f6cb333f-0985-4364-878c-3daab6bb42c5-4,EDC_BS6_PERIODIC,2025-11-25 07:31:24,2025-11-25 07:31:53,18.897952,73.2533696,24822,1652,FixOK,A,OaG6CT0303,G130b15425,"W62R+6QX, Chouk, Maharashtra 410102, India",15259.5,14.7,IgnitionOn,1,47.082,71.12,51,-55
f6cb333f-0985-4364-878c-3daab6bb42c5-3,EDC_BS6_PERIODIC,2025-11-25 07:31:30,2025-11-25 07:31:53,18.8980016,73.253536,24823,1652,FixOK,A,OaG6CT0303,G130b15425,"W62R+6QX, Chouk, Maharashtra 410102, India",15259.625,13.59,IgnitionOn,1,47.041,73.62,50,-55
f6cb333f-0985-4364-878c-3daab6bb42c5-2,EDC_BS6_PERIODIC,2025-11-25 07:31:36,2025-11-25 07:31:53,18.8980768,73.2540864,24824,1652,FixOK,A,OaG6CT0303,G130b15425,"W62R+6QX, Chouk, Maharashtra 410102, India",15259.625,22.95,IgnitionOn,1,46.932,82.75,52,-55
f6cb333f-0985-4364-878c-3daab6bb42c5-1,EDC_BS6_PERIODIC,2025-11-25 07:31:42,2025-11-25 07:31:53,18.897992,73.2545408,24825,1652,FixOK,A,OaG6CT0303,G130b15425,"W62R+6QX, Chouk, Maharashtra 410102, India",15259.625,22.17,IgnitionOn,1,46.85,99.95,51,-55
d33298c1-47f2-40cc-8703-c4ff23220fb6-11,EDC_BS6_PERIODIC,2025-11-25 07:31:48,2025-11-25 07:41:39,18.89796,73.2551744,24826,1652,FixOK,A,OaG6CT0303,G130b15425,"Karjat - Chowk Rd, Wavarle, Maharashtra 410102, India",15259.75,36.05,IgnitionOn,1,45.449,102.08,51,-55
08aba009-3152-4b5b-a60c-d9645e727642-10,EDC_BS6_PERIODIC,2025-11-25 07:31:54,2025-11-25 07:32:53,18.8981568,73.2559232,24827,1652,FixOK,A,OaG6CT0303,G130b15425,"street lace3, NH 48, Chouk, Maharashtra 410102, India",15259.75,46.02,IgnitionOn,1,44.159,69.06,50,-55
08aba009-3152-4b5b-a60c-d9645e727642-9,EDC_BS6_PERIODIC,2025-11-25 07:32:00,2025-11-25 07:32:53,18.8984768,73.2566528,24828,1652,FixOK,A,OaG6CT0303,G130b15425,"street lace3, NH 48, Chouk, Maharashtra 410102, India",15259.875,50.44,IgnitionOn,1,43.644,66.5,51,-55
08aba009-3152-4b5b-a60c-d9645e727642-8,EDC_BS6_PERIODIC,2025-11-25 07:32:06,2025-11-25 07:32:53,18.8987968,73.2573568,24829,1652,FixOK,A,OaG6CT0303,G130b15425,"street lace3, NH 48, Chouk, Maharashtra 410102, India",15259.875,49.27,IgnitionOn,1,46.137,63.91,51,-55
08aba009-3152-4b5b-a60c-d9645e727642-7,EDC_BS6_PERIODIC,2025-11-25 07:32:12,2025-11-25 07:32:53,18.8990368,73.2580224,24830,1652,FixOK,A,OaG6CT0303,G130b15425,"street lace3, NH 48, Chouk, Maharashtra 410102, India",15260,46.59,IgnitionOn,1,49.493,65.04,51,-55
08aba009-3152-4b5b-a60c-d9645e727642-6,BRAKE_PRESSED,2025-11-25 07:32:18,2025-11-25 07:32:53,18.898936,73.2586624,37417,1652,FixOK,,OaG6CT0303,G130b15425,"street lace3, NH 48, Chouk, Maharashtra 410102, India",0,39.05,IgnitionOn,1,,,,
08aba009-3152-4b5b-a60c-d9645e727642-5,EDC_BS6_PERIODIC,2025-11-25 07:32:18,2025-11-25 07:32:53,18.898936,73.2586624,24831,1652,FixOK,A,OaG6CT0303,G130b15425,"street lace3, NH 48, Chouk, Maharashtra 410102, India",15260.125,42.02,IgnitionOn,1,49.577,97.19,50,-55
08aba009-3152-4b5b-a60c-d9645e727642-4,EDC_BS6_PERIODIC,2025-11-25 07:32:24,2025-11-25 07:32:53,18.8991856,73.2592128,24832,1652,FixOK,A,OaG6CT0303,G130b15425,"street lace3, NH 48, Chouk, Maharashtra 410102, India",15260.125,39.22,IgnitionOn,1,46.466,48.59,51,-55
08aba009-3152-4b5b-a60c-d9645e727642-3,EDC_BS6_PERIODIC,2025-11-25 07:32:30,2025-11-25 07:32:53,18.8995008,73.259776,24833,1652,FixOK,A,OaG6CT0303,G130b15425,"street lace3, NH 48, Chouk, Maharashtra 410102, India",15260.25,40.92,IgnitionOn,1,46.967,69.98,50,-55
08aba009-3152-4b5b-a60c-d9645e727642-2,EDC_BS6_PERIODIC,2025-11-25 07:32:36,2025-11-25 07:32:53,18.899656,73.2604416,24834,1652,FixOK,A,OaG6CT0303,G130b15425,"street lace3, NH 48, Chouk, Maharashtra 410102, India",15260.25,42.77,IgnitionOn,1,47.187,78.01,51,-55
08aba009-3152-4b5b-a60c-d9645e727642-1,EDC_BS6_PERIODIC,2025-11-25 07:32:42,2025-11-25 07:32:53,18.899784,73.2609664,24835,1652,FixOK,A,OaG6CT0303,G130b15425,"street lace3, NH 48, Chouk, Maharashtra 410102, India",15260.375,41.92,IgnitionOn,1,48.979,74.93,51,-55
d33298c1-47f2-40cc-8703-c4ff23220fb6-10,EDC_BS6_PERIODIC,2025-11-25 07:32:48,2025-11-25 07:41:39,18.8999488,73.261568,24836,1652,FixOK,A,OaG6CT0303,G130b15425,"Karjat - Chowk Rd, Wavarle, Maharashtra 410102, India",15260.5,41.14,IgnitionOn,1,51.557,76.3,51,-55
8dfc50ff-84b3-483b-a99f-5f2e81820843-10,EDC_BS6_PERIODIC,2025-11-25 07:32:54,2025-11-25 07:33:54,18.900192,73.2621184,24837,1652,FixOK,A,OaG6CT0303,G130b15425,"Chowk City, Chouk Manivali, Maharashtra 410206, India",15260.5,38.62,IgnitionOn,1,53.222,57.11,52,-55
8dfc50ff-84b3-483b-a99f-5f2e81820843-9,EDC_BS6_PERIODIC,2025-11-25 07:33:00,2025-11-25 07:33:54,18.9005472,73.2625408,24838,1652,FixOK,A,OaG6CT0303,G130b15425,"Chowk City, Chouk Manivali, Maharashtra 410206, India",15260.625,36.75,IgnitionOn,1,55.608,43.36,52,-55
8dfc50ff-84b3-483b-a99f-5f2e81820843-8,EDC_BS6_PERIODIC,2025-11-25 07:33:06,2025-11-25 07:33:54,18.9009616,73.2628864,24839,1652,FixOK,A,OaG6CT0303,G130b15425,"Chowk City, Chouk Manivali, Maharashtra 410206, India",15260.625,35.73,IgnitionOn,1,57.081,38.29,52,-55
8dfc50ff-84b3-483b-a99f-5f2e81820843-7,EDC_BS6_PERIODIC,2025-11-25 07:33:12,2025-11-25 07:33:54,18.9013424,73.2632576,24840,1652,FixOK,A,OaG6CT0303,G130b15425,"Chowk City, Chouk Manivali, Maharashtra 410206, India",15260.75,34.48,IgnitionOn,1,58.7,41.06,52,-55
8dfc50ff-84b3-483b-a99f-5f2e81820843-6,EDC_BS6_PERIODIC,2025-11-25 07:33:18,2025-11-25 07:33:54,18.9015712,73.2637184,24841,1652,FixOK,A,OaG6CT0303,G130b15425,"Chowk City, Chouk Manivali, Maharashtra 410206, India",15260.75,32.08,IgnitionOn,1,59.666,60.79,52,-55
8dfc50ff-84b3-483b-a99f-5f2e81820843-5,EDC_BS6_PERIODIC,2025-11-25 07:33:24,2025-11-25 07:33:54,18.9018224,73.2643072,24842,1652,FixOK,A,OaG6CT0303,G130b15425,"Chowk City, Chouk Manivali, Maharashtra 410206, India",15260.875,36.9,IgnitionOn,1,59.416,67.15,51,-55
8dfc50ff-84b3-483b-a99f-5f2e81820843-4,EDC_BS6_PERIODIC,2025-11-25 07:33:30,2025-11-25 07:33:54,18.9020768,73.2650752,24843,1652,FixOK,A,OaG6CT0303,G130b15425,"Chowk City, Chouk Manivali, Maharashtra 410206, India",15260.875,49.01,IgnitionOn,1,59.893,70.87,51,-55
8dfc50ff-84b3-483b-a99f-5f2e81820843-3,EDC_BS6_PERIODIC,2025-11-25 07:33:36,2025-11-25 07:33:54,18.9023552,73.2659328,24844,1652,FixOK,A,OaG6CT0303,G130b15425,"Chowk City, Chouk Manivali, Maharashtra 410206, India",15261,56.23,IgnitionOn,1,59.423,70.94,50,-55
8dfc50ff-84b3-483b-a99f-5f2e81820843-2,EDC_BS6_PERIODIC,2025-11-25 07:33:42,2025-11-25 07:33:54,18.902736,73.2666752,24845,1652,FixOK,A,OaG6CT0303,G130b15425,"Chowk City, Chouk Manivali, Maharashtra 410206, India",15261.125,55.91,IgnitionOn,1,61.377,61.04,49,-55
8dfc50ff-84b3-483b-a99f-5f2e81820843-1,EDC_BS6_PERIODIC,2025-11-25 07:33:48,2025-11-25 07:33:54,18.9031328,73.267264,24846,1652,FixOK,A,OaG6CT0303,G130b15425,"Chowk City, Chouk Manivali, Maharashtra 410206, India",15261.125,47.54,IgnitionOn,1,62.58,57.83,50,-55
0e9f78d8-1be6-4178-8187-0b974d049820-10,EDC_BS6_PERIODIC,2025-11-25 07:33:54,2025-11-25 07:34:56,18.903672,73.267712,24847,1652,FixOK,A,OaG6CT0303,G130b15425,"NH 48, Lodhivali, Maharashtra 410102, India",15261.25,45.22,IgnitionOn,1,64.573,34.86,49,-55
0e9f78d8-1be6-4178-8187-0b974d049820-9,EDC_BS6_PERIODIC,2025-11-25 07:34:00,2025-11-25 07:34:56,18.9042688,73.2681728,24848,1652,FixOK,A,OaG6CT0303,G130b15425,"NH 48, Lodhivali, Maharashtra 410102, India",15261.375,48.05,IgnitionOn,1,65.776,36,51,-55
0e9f78d8-1be6-4178-8187-0b974d049820-8,EDC_BS6_PERIODIC,2025-11-25 07:34:06,2025-11-25 07:34:56,18.904896,73.268672,24849,1652,FixOK,A,OaG6CT0303,G130b15425,"NH 48, Lodhivali, Maharashtra 410102, India",15261.375,50.83,IgnitionOn,1,65.896,38.45,51,-53
0e9f78d8-1be6-4178-8187-0b974d049820-7,EDC_BS6_PERIODIC,2025-11-25 07:34:12,2025-11-25 07:34:56,18.905504,73.2690496,24850,1652,FixOK,A,OaG6CT0303,G130b15425,"NH 48, Lodhivali, Maharashtra 410102, India",15261.5,55.64,IgnitionOn,1,66.039,29.14,49,-53
0e9f78d8-1be6-4178-8187-0b974d049820-6,EDC_BS6_PERIODIC,2025-11-25 07:34:18,2025-11-25 07:34:56,18.9061728,73.2695168,24851,1652,FixOK,A,OaG6CT0303,G130b15425,"NH 48, Lodhivali, Maharashtra 410102, India",15261.625,54.73,IgnitionOn,1,65.225,26.31,45,-53
0e9f78d8-1be6-4178-8187-0b974d049820-5,EDC_BS6_PERIODIC,2025-11-25 07:34:24,2025-11-25 07:34:56,18.906696,73.2700928,24852,1652,FixOK,A,OaG6CT0303,G130b15425,"NH 48, Lodhivali, Maharashtra 410102, India",15261.75,50.47,IgnitionOn,1,66.128,46.31,51,-53
0e9f78d8-1be6-4178-8187-0b974d049820-4,EDC_BS6_PERIODIC,2025-11-25 07:34:30,2025-11-25 07:34:56,18.9072096,73.2706688,24853,1652,FixOK,A,OaG6CT0303,G130b15425,"NH 48, Lodhivali, Maharashtra 410102, India",15261.75,49.27,IgnitionOn,1,68.402,45.36,53,-53
0e9f78d8-1be6-4178-8187-0b974d049820-3,EDC_BS6_PERIODIC,2025-11-25 07:34:36,2025-11-25 07:34:56,18.9077408,73.2712064,24854,1652,FixOK,A,OaG6CT0303,G130b15425,"NH 48, Lodhivali, Maharashtra 410102, India",15261.875,49.12,IgnitionOn,1,69.16,43,54,-53
0e9f78d8-1be6-4178-8187-0b974d049820-2,EDC_BS6_PERIODIC,2025-11-25 07:34:42,2025-11-25 07:34:56,18.908248,73.2717824,24855,1652,FixOK,A,OaG6CT0303,G130b15425,"NH 48, Lodhivali, Maharashtra 410102, India",15262,49.34,IgnitionOn,1,69.617,47,51,-53
0e9f78d8-1be6-4178-8187-0b974d049820-1,EDC_BS6_PERIODIC,2025-11-25 07:34:48,2025-11-25 07:34:56,18.90868,73.272448,24856,1652,FixOK,A,OaG6CT0303,G130b15425,"NH 48, Lodhivali, Maharashtra 410102, India",15262,51.07,IgnitionOn,1,70.93,56.47,50,-53
d33298c1-47f2-40cc-8703-c4ff23220fb6-9,EDC_BS6_PERIODIC,2025-11-25 07:34:54,2025-11-25 07:41:39,18.90912,73.2730624,24857,1652,FixOK,A,OaG6CT0303,G130b15425,"Karjat - Chowk Rd, Wavarle, Maharashtra 410102, India",15262.125,48.92,IgnitionOn,1,72.623,52.34,49,-53
bfa29e0b-67e1-4604-a8b0-fae1281781d5-10,CLUTCH_RIDING_START,2025-11-25 07:34:56,2025-11-25 07:35:56,18.9092672,73.2732672,37418,1652,FixOK,,OaG6CT0303,G130b15425,"W727+F63, Karjat - Chowk Rd, Hatnoli, Maharashtra 410206, India",0,48.61,IgnitionOn,1,,,,
27386ac5-6c26-4109-8cc8-f0efc191626b,HEARTBEAT_MESSAGE,2025-11-25 07:34:57,2025-11-25 07:34:57,0,0,,,,,OaG6CT0303,G130b15425,,,,,1,,,,
bfa29e0b-67e1-4604-a8b0-fae1281781d5-9,EDC_BS6_PERIODIC,2025-11-25 07:35:00,2025-11-25 07:35:56,18.9095488,73.2736768,24858,1652,FixOK,A,OaG6CT0303,G130b15425,"W727+F63, Karjat - Chowk Rd, Hatnoli, Maharashtra 410206, India",15262.25,48.27,IgnitionOn,1,73.565,54.95,51,-53
bfa29e0b-67e1-4604-a8b0-fae1281781d5-8,EDC_BS6_PERIODIC,2025-11-25 07:35:06,2025-11-25 07:35:56,18.9099552,73.2743168,24859,1652,FixOK,A,OaG6CT0303,G130b15425,"W727+F63, Karjat - Chowk Rd, Hatnoli, Maharashtra 410206, India",15262.25,48.8,IgnitionOn,1,75.172,56.13,51,-53
bfa29e0b-67e1-4604-a8b0-fae1281781d5-7,EDC_BS6_PERIODIC,2025-11-25 07:35:12,2025-11-25 07:35:56,18.9103328,73.2749696,24860,1652,FixOK,A,OaG6CT0303,G130b15425,"W727+F63, Karjat - Chowk Rd, Hatnoli, Maharashtra 410206, India",15262.375,47.84,IgnitionOn,1,75.775,58.72,53,-53
bfa29e0b-67e1-4604-a8b0-fae1281781d5-6,EDC_BS6_PERIODIC,2025-11-25 07:35:18,2025-11-25 07:35:56,18.9107344,73.2756416,24861,1652,FixOK,A,OaG6CT0303,G130b15425,"W727+F63, Karjat - Chowk Rd, Hatnoli, Maharashtra 410206, India",15262.5,49.73,IgnitionOn,1,75.063,58.54,53,-53
bfa29e0b-67e1-4604-a8b0-fae1281781d5-5,EDC_BS6_PERIODIC,2025-11-25 07:35:24,2025-11-25 07:35:56,18.911168,73.2762944,24862,1652,FixOK,A,OaG6CT0303,G130b15425,"W727+F63, Karjat - Chowk Rd, Hatnoli, Maharashtra 410206, India",15262.625,50.15,IgnitionOn,1,74.789,54.83,54,-53
bfa29e0b-67e1-4604-a8b0-fae1281781d5-4,EDC_BS6_PERIODIC,2025-11-25 07:35:30,2025-11-25 07:35:56,18.911624,73.2769408,24863,1652,FixOK,A,OaG6CT0303,G130b15425,"W727+F63, Karjat - Chowk Rd, Hatnoli, Maharashtra 410206, India",15262.625,50.2,IgnitionOn,1,74.708,53.54,54,-53
bfa29e0b-67e1-4604-a8b0-fae1281781d5-3,EDC_BS6_PERIODIC,2025-11-25 07:35:36,2025-11-25 07:35:56,18.9120816,73.2776,24864,1652,FixOK,A,OaG6CT0303,G130b15425,"W727+F63, Karjat - Chowk Rd, Hatnoli, Maharashtra 410206, India",15262.75,52.09,IgnitionOn,1,75.99,53.93,54,-53
bfa29e0b-67e1-4604-a8b0-fae1281781d5-2,EDC_BS6_PERIODIC,2025-11-25 07:35:42,2025-11-25 07:35:56,18.912488,73.2782656,24865,1652,FixOK,A,OaG6CT0303,G130b15425,"W727+F63, Karjat - Chowk Rd, Hatnoli, Maharashtra 410206, India",15262.875,50.8,IgnitionOn,1,77.093,56.56,53,-53
bfa29e0b-67e1-4604-a8b0-fae1281781d5-1,EDC_BS6_PERIODIC,2025-11-25 07:35:48,2025-11-25 07:35:56,18.9127856,73.2788416,24866,1652,FixOK,A,OaG6CT0303,G130b15425,"W727+F63, Karjat - Chowk Rd, Hatnoli, Maharashtra 410206, India",15262.875,49.62,IgnitionOn,1,77.6,59.97,53,-53
d33298c1-47f2-40cc-8703-c4ff23220fb6-8,EDC_BS6_PERIODIC,2025-11-25 07:35:54,2025-11-25 07:41:39,18.9131072,73.2795904,24867,1652,FixOK,A,OaG6CT0303,G130b15425,"Karjat - Chowk Rd, Wavarle, Maharashtra 410102, India",15263,50.54,IgnitionOn,1,77.551,62.61,55,-53
60ab35f7-a15a-401f-aaa0-94cdd32144ec-10,EDC_BS6_PERIODIC,2025-11-25 07:36:00,2025-11-25 07:36:58,18.9135328,73.2802816,24868,1652,FixOK,A,OaG6CT0303,G130b15425,"W74C+RH, Bhilvale, Maharashtra 410206, India",15263.125,51.73,IgnitionOn,1,78.938,55.15,53,-53
60ab35f7-a15a-401f-aaa0-94cdd32144ec-9,EDC_BS6_PERIODIC,2025-11-25 07:36:06,2025-11-25 07:36:58,18.9139712,73.2809088,24869,1652,FixOK,A,OaG6CT0303,G130b15425,"W74C+RH, Bhilvale, Maharashtra 410206, India",15263.25,49.52,IgnitionOn,1,81.333,53.09,52,-53
60ab35f7-a15a-401f-aaa0-94cdd32144ec-8,EDC_BS6_PERIODIC,2025-11-25 07:36:12,2025-11-25 07:36:58,18.9143808,73.2815232,24870,1652,FixOK,A,OaG6CT0303,G130b15425,"W74C+RH, Bhilvale, Maharashtra 410206, India",15263.25,46.62,IgnitionOn,1,83.803,54.95,51,-53
60ab35f7-a15a-401f-aaa0-94cdd32144ec-7,EDC_BS6_PERIODIC,2025-11-25 07:36:18,2025-11-25 07:36:58,18.914704,73.2821632,24871,1652,FixOK,A,OaG6CT0303,G130b15425,"W74C+RH, Bhilvale, Maharashtra 410206, India",15263.375,46.14,IgnitionOn,1,84.234,60.5,52,-53
60ab35f7-a15a-401f-aaa0-94cdd32144ec-6,CLUTCH_RIDING_END,2025-11-25 07:36:21,2025-11-25 07:36:58,18.9148352,73.2825472,37419,1652,FixOK,,OaG6CT0303,G130b15425,"W74C+RH, Bhilvale, Maharashtra 410206, India",0,51.23,IgnitionOn,1,,,,
60ab35f7-a15a-401f-aaa0-94cdd32144ec-5,EDC_BS6_PERIODIC,2025-11-25 07:36:24,2025-11-25 07:36:58,18.9149632,73.2829376,24872,1652,FixOK,A,OaG6CT0303,G130b15425,"W74C+RH, Bhilvale, Maharashtra 410206, India",15263.5,52.74,IgnitionOn,1,82.872,71.94,49,-53
60ab35f7-a15a-401f-aaa0-94cdd32144ec-4,EDC_BS6_PERIODIC,2025-11-25 07:36:30,2025-11-25 07:36:58,18.9151808,73.2836864,24873,1652,FixOK,A,OaG6CT0303,G130b15425,"W74C+RH, Bhilvale, Maharashtra 410206, India",15263.5,49.41,IgnitionOn,1,82.943,73.34,50,-53
60ab35f7-a15a-401f-aaa0-94cdd32144ec-3,EDC_BS6_PERIODIC,2025-11-25 07:36:36,2025-11-25 07:36:58,18.9154048,73.2843776,24874,1652,FixOK,A,OaG6CT0303,G130b15425,"W74C+RH, Bhilvale, Maharashtra 410206, India",15263.625,46.44,IgnitionOn,1,85.008,70.3,50,-53
60ab35f7-a15a-401f-aaa0-94cdd32144ec-2,EDC_BS6_PERIODIC,2025-11-25 07:36:42,2025-11-25 07:36:58,18.9157184,73.2850816,24875,1652,FixOK,A,OaG6CT0303,G130b15425,"W74C+RH, Bhilvale, Maharashtra 410206, India",15263.75,49.49,IgnitionOn,1,85.505,64.41,49,-53
60ab35f7-a15a-401f-aaa0-94cdd32144ec-1,EDC_BS6_PERIODIC,2025-11-25 07:36:48,2025-11-25 07:36:58,18.9160288,73.2858752,24876,1652,FixOK,A,OaG6CT0303,G130b15425,"W74C+RH, Bhilvale, Maharashtra 410206, India",15263.75,54.05,IgnitionOn,1,84.366,62.74,53,-53
d33298c1-47f2-40cc-8703-c4ff23220fb6-7,EDC_BS6_PERIODIC,2025-11-25 07:36:54,2025-11-25 07:41:39,18.9159376,73.2866496,24877,1652,FixOK,A,OaG6CT0303,G130b15425,"Karjat - Chowk Rd, Wavarle, Maharashtra 410102, India",15263.875,49.09,IgnitionOn,1,84.561,97.87,56,-53
d33298c1-47f2-40cc-8703-c4ff23220fb6-6,EDC_BS6_PERIODIC,2025-11-25 07:37:00,2025-11-25 07:41:39,18.9158752,73.2873856,24878,1652,FixOK,A,OaG6CT0303,G130b15425,"Karjat - Chowk Rd, Wavarle, Maharashtra 410102, India",15264,46.79,IgnitionOn,1,84.649,93.66,54,-53
fe62d066-e460-49d8-8cc2-b33171caab04-10,EDC_BS6_PERIODIC,2025-11-25 07:37:06,2025-11-25 07:37:59,18.9158336,73.2881536,24879,1652,FixOK,A,OaG6CT0303,G130b15425,"W76F+4W, Morbe, Maharashtra 410206, India",15264,47.51,IgnitionOn,1,84.41,93,54,-53
fe62d066-e460-49d8-8cc2-b33171caab04-9,EDC_BS6_PERIODIC,2025-11-25 07:37:12,2025-11-25 07:37:59,18.9159872,73.2888448,24880,1652,FixOK,A,OaG6CT0303,G130b15425,"W76F+4W, Morbe, Maharashtra 410206, India",15264.125,45.29,IgnitionOn,1,86.183,75.43,55,-53
fe62d066-e460-49d8-8cc2-b33171caab04-8,EDC_BS6_PERIODIC,2025-11-25 07:37:18,2025-11-25 07:37:59,18.91616,73.2893952,24881,1652,FixOK,A,OaG6CT0303,G130b15425,"W76F+4W, Morbe, Maharashtra 410206, India",15264.25,43.75,IgnitionOn,1,87.767,68.09,55,-53
fe62d066-e460-49d8-8cc2-b33171caab04-7,EDC_BS6_PERIODIC,2025-11-25 07:37:24,2025-11-25 07:37:59,18.916136,73.290112,24882,1652,FixOK,A,OaG6CT0303,G130b15425,"W76F+4W, Morbe, Maharashtra 410206, India",15264.25,46.13,IgnitionOn,1,87.42,94.23,56,-53
fe62d066-e460-49d8-8cc2-b33171caab04-6,BRAKE_PRESSED,2025-11-25 07:37:29,2025-11-25 07:37:59,18.91612,73.2903552,37420,1652,FixOK,,OaG6CT0303,G130b15425,"W76F+4W, Morbe, Maharashtra 410206, India",0,34.3,IgnitionOn,1,,,,
fe62d066-e460-49d8-8cc2-b33171caab04-5,EDC_BS6_PERIODIC,2025-11-25 07:37:30,2025-11-25 07:37:59,18.91612,73.2903552,24883,1652,FixOK,A,OaG6CT0303,G130b15425,"W76F+4W, Morbe, Maharashtra 410206, India",15264.375,45,IgnitionOn,1,87.195,94.77,56,-53
fe62d066-e460-49d8-8cc2-b33171caab04-4,EDC_BS6_PERIODIC,2025-11-25 07:37:36,2025-11-25 07:37:59,18.9160704,73.29168,24884,1652,FixOK,A,OaG6CT0303,G130b15425,"W76F+4W, Morbe, Maharashtra 410206, India",15264.375,34.05,IgnitionOn,1,89.169,81.51,57,-53
fe62d066-e460-49d8-8cc2-b33171caab04-3,EDC_BS6_PERIODIC,2025-11-25 07:37:42,2025-11-25 07:37:59,18.916168,73.292064,24885,1652,FixOK,A,OaG6CT0303,G130b15425,"W76F+4W, Morbe, Maharashtra 410206, India",15264.5,20.41,IgnitionOn,1,88.617,76.51,52,-53
fe62d066-e460-49d8-8cc2-b33171caab04-2,BRAKE_PRESSED,2025-11-25 07:37:45,2025-11-25 07:37:59,18.916216,73.2922944,37421,1652,FixOK,,OaG6CT0303,G130b15425,"W76F+4W, Morbe, Maharashtra 410206, India",0,24.9,IgnitionOn,1,,,,
fe62d066-e460-49d8-8cc2-b33171caab04-1,EDC_BS6_PERIODIC,2025-11-25 07:37:48,2025-11-25 07:37:59,18.9162064,73.2924736,24886,1652,FixOK,A,OaG6CT0303,G130b15425,"W76F+4W, Morbe, Maharashtra 410206, India",15264.5,30.9,IgnitionOn,1,86.137,79.98,55,-53
1aaf3069-7fa2-4327-8680-8cf6d17234b0-10,EDC_BS6_PERIODIC,2025-11-25 07:37:54,2025-11-25 07:39:00,18.9160896,73.2927872,24887,1652,FixOK,A,OaG6CT0303,G130b15425,"Borgaon, Vadvihir, Maharashtra 410206, India",15264.5,16.66,IgnitionOn,1,83.689,117.62,53,-53
1aaf3069-7fa2-4327-8680-8cf6d17234b0-9,EDC_BS6_PERIODIC,2025-11-25 07:38:00,2025-11-25 07:39:00,18.915896,73.2933056,24888,1652,FixOK,A,OaG6CT0303,G130b15425,"Borgaon, Vadvihir, Maharashtra 410206, India",15264.625,30.25,IgnitionOn,1,80.986,105.18,53,-53
1aaf3069-7fa2-4327-8680-8cf6d17234b0-8,EDC_BS6_PERIODIC,2025-11-25 07:38:06,2025-11-25 07:39:00,18.91576,73.2939392,24889,1652,FixOK,A,OaG6CT0303,G130b15425,"Borgaon, Vadvihir, Maharashtra 410206, India",15264.625,39.62,IgnitionOn,1,79.486,101.98,53,-53
1aaf3069-7fa2-4327-8680-8cf6d17234b0-7,EDC_BS6_PERIODIC,2025-11-25 07:38:12,2025-11-25 07:39:00,18.915544,73.2945344,24890,1652,FixOK,A,OaG6CT0303,G130b15425,"Borgaon, Vadvihir, Maharashtra 410206, India",15264.75,40.12,IgnitionOn,1,79.555,110.47,54,-53
1aaf3069-7fa2-4327-8680-8cf6d17234b0-6,EDC_BS6_PERIODIC,2025-11-25 07:38:18,2025-11-25 07:39:00,18.9153344,73.2952,24891,1652,FixOK,A,OaG6CT0303,G130b15425,"Borgaon, Vadvihir, Maharashtra 410206, India",15264.75,40.26,IgnitionOn,1,79.032,115.02,51,-53
1aaf3069-7fa2-4327-8680-8cf6d17234b0-5,EDC_BS6_PERIODIC,2025-11-25 07:38:24,2025-11-25 07:39:00,18.9152768,73.295968,24892,1652,FixOK,A,OaG6CT0303,G130b15425,"Borgaon, Vadvihir, Maharashtra 410206, India",15264.875,47.57,IgnitionOn,1,76.342,95.72,53,-53
1aaf3069-7fa2-4327-8680-8cf6d17234b0-4,EDC_BS6_PERIODIC,2025-11-25 07:38:30,2025-11-25 07:39:00,18.915184,73.2967424,24893,1652,FixOK,A,OaG6CT0303,G130b15425,"Borgaon, Vadvihir, Maharashtra 410206, India",15265,49.33,IgnitionOn,1,74.611,97.87,50,-53
1aaf3069-7fa2-4327-8680-8cf6d17234b0-3,EDC_BS6_PERIODIC,2025-11-25 07:38:36,2025-11-25 07:39:00,18.9150752,73.2974848,24894,1652,FixOK,A,OaG6CT0303,G130b15425,"Borgaon, Vadvihir, Maharashtra 410206, India",15265,49.24,IgnitionOn,1,75.068,99.91,51,-53
1aaf3069-7fa2-4327-8680-8cf6d17234b0-2,EDC_BS6_PERIODIC,2025-11-25 07:38:42,2025-11-25 07:39:00,18.914944,73.2981376,24895,1652,FixOK,A,OaG6CT0303,G130b15425,"Borgaon, Vadvihir, Maharashtra 410206, India",15265.125,44.34,IgnitionOn,1,76.632,102.55,53,-53
1aaf3069-7fa2-4327-8680-8cf6d17234b0-1,EDC_BS6_PERIODIC,2025-11-25 07:38:48,2025-11-25 07:39:00,18.914808,73.2986944,24896,1652,FixOK,A,OaG6CT0303,G130b15425,"Borgaon, Vadvihir, Maharashtra 410206, India",15265.25,41.83,IgnitionOn,1,77.584,104.5,50,-53
d33298c1-47f2-40cc-8703-c4ff23220fb6-5,EDC_BS6_PERIODIC,2025-11-25 07:38:54,2025-11-25 07:41:39,18.91464,73.2994176,24897,1652,FixOK,A,OaG6CT0303,G130b15425,"Karjat - Chowk Rd, Wavarle, Maharashtra 410102, India",15265.25,46.59,IgnitionOn,1,78.736,101.41,51,-53
d33298c1-47f2-40cc-8703-c4ff23220fb6-4,EDC_BS6_PERIODIC,2025-11-25 07:39:00,2025-11-25 07:41:39,18.9146848,73.3001024,24898,1652,FixOK,A,OaG6CT0303,G130b15425,"Karjat - Chowk Rd, Wavarle, Maharashtra 410102, India",15265.375,45.78,IgnitionOn,1,83.418,72.73,46,-53
d33298c1-47f2-40cc-8703-c4ff23220fb6-3,EDC_BS6_PERIODIC,2025-11-25 07:39:06,2025-11-25 07:41:39,18.914864,73.3007232,24899,1652,FixOK,A,OaG6CT0303,G130b15425,"Karjat - Chowk Rd, Wavarle, Maharashtra 410102, India",15265.375,42.38,IgnitionOn,1,85.962,77.08,46,-53
d33298c1-47f2-40cc-8703-c4ff23220fb6-2,EDC_BS6_PERIODIC,2025-11-25 07:39:13,2025-11-25 07:41:39,18.9150912,73.301312,24900,1652,FixOK,A,OaG6CT0303,G130b15425,"Karjat - Chowk Rd, Wavarle, Maharashtra 410102, India",15265.5,40.42,IgnitionOn,1,87.494,67.16,41,-53
6ea184a6-72a6-466c-9cd4-72c27bb1b890-10,CLUTCH_RIDING_START,2025-11-25 07:39:15,2025-11-25 07:40:01,18.915184,73.3015104,37422,1652,FixOK,,OaG6CT0303,G130b15425,"Karjat - Chowk Rd, Wavarle, Maharashtra 410102, India",0,42.15,IgnitionOn,1,,,,
6ea184a6-72a6-466c-9cd4-72c27bb1b890-9,EDC_BS6_PERIODIC,2025-11-25 07:39:18,2025-11-25 07:40:01,18.9152256,73.3018496,24901,1652,FixOK,A,OaG6CT0303,G130b15425,"Karjat - Chowk Rd, Wavarle, Maharashtra 410102, India",15265.625,43.48,IgnitionOn,1,89.174,70.44,41,-53
6ea184a6-72a6-466c-9cd4-72c27bb1b890-8,EDC_BS6_PERIODIC,2025-11-25 07:39:24,2025-11-25 07:40:01,18.915208,73.3025024,24902,1652,FixOK,A,OaG6CT0303,G130b15425,"Karjat - Chowk Rd, Wavarle, Maharashtra 410102, India",15265.625,41.91,IgnitionOn,1,91.761,91.77,45,-53
6ea184a6-72a6-466c-9cd4-72c27bb1b890-7,EDC_BS6_PERIODIC,2025-11-25 07:39:30,2025-11-25 07:40:01,18.9150848,73.3031296,24903,1652,FixOK,A,OaG6CT0303,G130b15425,"Karjat - Chowk Rd, Wavarle, Maharashtra 410102, India",15265.75,39.97,IgnitionOn,1,93.596,108.87,48,-53
6ea184a6-72a6-466c-9cd4-72c27bb1b890-6,EDC_BS6_PERIODIC,2025-11-25 07:39:36,2025-11-25 07:40:01,18.9148944,73.3037504,24904,1652,FixOK,A,OaG6CT0303,G130b15425,"Karjat - Chowk Rd, Wavarle, Maharashtra 410102, India",15265.75,42.35,IgnitionOn,1,94.731,106.98,52,-53
6ea184a6-72a6-466c-9cd4-72c27bb1b890-5,CLUTCH_RIDING_END,2025-11-25 07:39:40,2025-11-25 07:40:01,18.9147008,73.3041664,37423,1652,FixOK,,OaG6CT0303,G130b15425,"Karjat - Chowk Rd, Wavarle, Maharashtra 410102, India",0,46.99,IgnitionOn,1,,,,
6ea184a6-72a6-466c-9cd4-72c27bb1b890-4,EDC_BS6_PERIODIC,2025-11-25 07:39:42,2025-11-25 07:40:01,18.9145296,73.3043328,24905,1652,FixOK,A,OaG6CT0303,G130b15425,"Karjat - Chowk Rd, Wavarle, Maharashtra 410102, India",15265.875,44.5,IgnitionOn,1,91.978,128.28,53,-53
6ea184a6-72a6-466c-9cd4-72c27bb1b890-3,GPS_MESSAGE,2025-11-25 07:39:45,2025-11-25 07:40:01,18.914256,73.3045824,,1652,3DFix,,OaG6CT0303,G130b15425,"Karjat - Chowk Rd, Wavarle, Maharashtra 410102, India",0,,IgnitionOn,1,89,13,54,
6ea184a6-72a6-466c-9cd4-72c27bb1b890-2,EDC_BS6_PERIODIC,2025-11-25 07:39:48,2025-11-25 07:40:01,18.914064,73.304928,24906,1652,FixOK,A,OaG6CT0303,G130b15425,"Karjat - Chowk Rd, Wavarle, Maharashtra 410102, India",15266,49.34,IgnitionOn,1,87.55,130.67,53,-53
6ea184a6-72a6-466c-9cd4-72c27bb1b890-1,EDC_BS6_PERIODIC,2025-11-25 07:39:54,2025-11-25 07:40:01,18.9138752,73.3057152,24907,1652,FixOK,A,OaG6CT0303,G130b15425,"Karjat - Chowk Rd, Wavarle, Maharashtra 410102, India",15266,50.81,IgnitionOn,1,86.651,106.02,53,-53
d33298c1-47f2-40cc-8703-c4ff23220fb6-1,EDC_BS6_PERIODIC,2025-11-25 07:40:00,2025-11-25 07:41:39,18.913808,73.306464,24908,1652,FixOK,A,OaG6CT0303,G130b15425,"Karjat - Chowk Rd, Wavarle, Maharashtra 410102, India",15266.125,47.8,IgnitionOn,1,87.361,91.4,56,-53
0e966bc0-cfab-4ea7-a61d-a1564a591283-1,EDC_BS6_PERIODIC,2025-11-25 07:40:06,2025-11-25 07:45:49,18.913712,73.3071104,24909,1652,FixOK,A,OaG6CT0303,G130b15425,"Karjat - Chowk Rd, Bhisegaon, Karjat, Maharashtra 410201, India",15266.25,42.06,IgnitionOn,1,88.851,103.33,48,-51
0e966bc0-cfab-4ea7-a61d-a1564a591283-2,EDC_BS6_PERIODIC,2025-11-25 07:40:12,2025-11-25 07:45:49,18.913384,73.3076416,24910,1652,FixOK,A,OaG6CT0303,G130b15425,"Karjat - Chowk Rd, Bhisegaon, Karjat, Maharashtra 410201, India",15266.25,41.55,IgnitionOn,1,89.99,131.22,50,-51
4cb15529-8ca8-4bfb-bba9-37779cbd40da-10,EDC_BS6_PERIODIC,2025-11-25 07:40:18,2025-11-25 07:41:02,18.9130176,73.3080832,24911,1652,FixOK,A,OaG6CT0303,G130b15425,"Karjat - Chowk Rd, Wavarle, Maharashtra 410102, India",15266.375,36.2,IgnitionOn,1,91.633,132.8,48,-51
4cb15529-8ca8-4bfb-bba9-37779cbd40da-9,EDC_BS6_PERIODIC,2025-11-25 07:40:24,2025-11-25 07:41:02,18.9128944,73.3085504,24912,1652,FixOK,A,OaG6CT0303,G130b15425,"Karjat - Chowk Rd, Wavarle, Maharashtra 410102, India",15266.375,37.19,IgnitionOn,1,90.573,109.33,49,-51
4cb15529-8ca8-4bfb-bba9-37779cbd40da-8,EDC_BS6_PERIODIC,2025-11-25 07:40:30,2025-11-25 07:41:02,18.912976,73.3091072,24913,1652,FixOK,A,OaG6CT0303,G130b15425,"Karjat - Chowk Rd, Wavarle, Maharashtra 410102, India",15266.5,33.86,IgnitionOn,1,89.259,70.72,50,-51
4cb15529-8ca8-4bfb-bba9-37779cbd40da-7,BRAKE_PRESSED,2025-11-25 07:40:36,2025-11-25 07:41:02,18.9133088,73.3095424,37424,1652,FixOK,,OaG6CT0303,G130b15425,"Karjat - Chowk Rd, Wavarle, Maharashtra 410102, India",0,37.23,IgnitionOn,1,,,,
4cb15529-8ca8-4bfb-bba9-37779cbd40da-6,EDC_BS6_PERIODIC,2025-11-25 07:40:36,2025-11-25 07:41:02,18.9133088,73.3095424,24914,1652,FixOK,A,OaG6CT0303,G130b15425,"Karjat - Chowk Rd, Wavarle, Maharashtra 410102, India",15266.5,36.84,IgnitionOn,1,86.056,41.7,51,-51
4cb15529-8ca8-4bfb-bba9-37779cbd40da-5,EDC_BS6_PERIODIC,2025-11-25 07:40:42,2025-11-25 07:41:02,18.9137056,73.3099776,24915,1652,FixOK,A,OaG6CT0303,G130b15425,"Karjat - Chowk Rd, Wavarle, Maharashtra 410102, India",15266.625,36.94,IgnitionOn,1,83.027,46.25,52,-51
4cb15529-8ca8-4bfb-bba9-37779cbd40da-4,BRAKE_PRESSED,2025-11-25 07:40:44,2025-11-25 07:41:02,18.9138144,73.3101056,37425,1652,FixOK,,OaG6CT0303,G130b15425,"Karjat - Chowk Rd, Wavarle, Maharashtra 410102, India",0,21.38,IgnitionOn,1,,,,
4cb15529-8ca8-4bfb-bba9-37779cbd40da-3,EDC_BS6_PERIODIC,2025-11-25 07:40:48,2025-11-25 07:41:02,18.9140032,73.3103296,24916,1652,FixOK,A,OaG6CT0303,G130b15425,"Karjat - Chowk Rd, Wavarle, Maharashtra 410102, India",15266.625,29.77,IgnitionOn,1,81.313,46.88,52,-51
4cb15529-8ca8-4bfb-bba9-37779cbd40da-2,EDC_BS6_PERIODIC,2025-11-25 07:40:54,2025-11-25 07:41:02,18.914144,73.3104896,24917,1652,FixOK,A,OaG6CT0303,G130b15425,"Karjat - Chowk Rd, Wavarle, Maharashtra 410102, India",15266.625,11.26,IgnitionOn,1,78.426,50.02,52,-51
4cb15529-8ca8-4bfb-bba9-37779cbd40da-1,BRAKE_PRESSED,2025-11-25 07:40:56,2025-11-25 07:41:02,18.9142112,73.3105792,37426,1652,FixOK,,OaG6CT0303,G130b15425,"Karjat - Chowk Rd, Wavarle, Maharashtra 410102, India",0,12.13,IgnitionOn,1,,,,
0e966bc0-cfab-4ea7-a61d-a1564a591283-3,EDC_BS6_PERIODIC,2025-11-25 07:41:00,2025-11-25 07:45:49,18.914344,73.3107264,24918,1652,FixOK,A,OaG6CT0303,G130b15425,"Karjat - Chowk Rd, Bhisegaon, Karjat, Maharashtra 410201, India",15266.75,20.19,IgnitionOn,1,77.198,51.5,51,-51
014c20f3-2636-4ce0-9bfd-4d3c8952295c-10,EDC_BS6_PERIODIC,2025-11-25 07:41:06,2025-11-25 07:42:03,18.914504,73.3109184,24919,1652,FixOK,A,OaG6CT0303,G130b15425,"Karjat - Chowk Rd, Wavarle, Maharashtra 410102, India",15266.75,18.81,IgnitionOn,1,76.19,49.18,52,-51
014c20f3-2636-4ce0-9bfd-4d3c8952295c-9,EDC_BS6_PERIODIC,2025-11-25 07:41:12,2025-11-25 07:42:03,18.9147984,73.3112832,24920,1652,FixOK,A,OaG6CT0303,G130b15425,"Karjat - Chowk Rd, Wavarle, Maharashtra 410102, India",15266.75,31.27,IgnitionOn,1,73.695,48.29,50,-51
014c20f3-2636-4ce0-9bfd-4d3c8952295c-8,EDC_BS6_PERIODIC,2025-11-25 07:41:18,2025-11-25 07:42:03,18.91504,73.31184,24921,1652,FixOK,A,OaG6CT0303,G130b15425,"Karjat - Chowk Rd, Wavarle, Maharashtra 410102, India",15266.875,39.7,IgnitionOn,1,70.581,67.22,47,-51
014c20f3-2636-4ce0-9bfd-4d3c8952295c-7,EDC_BS6_PERIODIC,2025-11-25 07:41:24,2025-11-25 07:42:03,18.9152512,73.3124992,24922,1652,FixOK,A,OaG6CT0303,G130b15425,"Karjat - Chowk Rd, Wavarle, Maharashtra 410102, India",15266.875,44.64,IgnitionOn,1,69.106,71.11,49,-51
014c20f3-2636-4ce0-9bfd-4d3c8952295c-6,EDC_BS6_PERIODIC,2025-11-25 07:41:30,2025-11-25 07:42:03,18.915496,73.3131776,24923,1652,FixOK,A,OaG6CT0303,G130b15425,"Karjat - Chowk Rd, Wavarle, Maharashtra 410102, India",15267,45.59,IgnitionOn,1,67.758,62.22,49,-51
014c20f3-2636-4ce0-9bfd-4d3c8952295c-5,EDC_BS6_PERIODIC,2025-11-25 07:41:36,2025-11-25 07:42:03,18.915896,73.313728,24924,1652,FixOK,A,OaG6CT0303,G130b15425,"Karjat - Chowk Rd, Wavarle, Maharashtra 410102, India",15267.125,43.15,IgnitionOn,1,67.54,44.79,50,-51
014c20f3-2636-4ce0-9bfd-4d3c8952295c-4,EDC_BS6_PERIODIC,2025-11-25 07:41:42,2025-11-25 07:42:03,18.916424,73.3140864,24925,1652,FixOK,A,OaG6CT0303,G130b15425,"Karjat - Chowk Rd, Wavarle, Maharashtra 410102, India",15267.125,40.92,IgnitionOn,1,66.495,29.61,50,-51
014c20f3-2636-4ce0-9bfd-4d3c8952295c-3,EDC_BS6_PERIODIC,2025-11-25 07:41:48,2025-11-25 07:42:03,18.9170208,73.31424,24926,1652,FixOK,A,OaG6CT0303,G130b15425,"Karjat - Chowk Rd, Wavarle, Maharashtra 410102, India",15267.25,41.55,IgnitionOn,1,64.433,13.94,50,-51
014c20f3-2636-4ce0-9bfd-4d3c8952295c-2,BRAKE_PRESSED,2025-11-25 07:41:49,2025-11-25 07:42:03,18.9171232,73.3142528,37427,1652,FixOK,,OaG6CT0303,G130b15425,"Karjat - Chowk Rd, Wavarle, Maharashtra 410102, India",0,36.92,IgnitionOn,1,,,,
014c20f3-2636-4ce0-9bfd-4d3c8952295c-1,EDC_BS6_PERIODIC,2025-11-25 07:41:54,2025-11-25 07:42:03,18.9176176,73.3143552,24927,1652,FixOK,A,OaG6CT0303,G130b15425,"Karjat - Chowk Rd, Wavarle, Maharashtra 410102, India",15267.25,40.08,IgnitionOn,1,62.34,5.46,48,-51
0e966bc0-cfab-4ea7-a61d-a1564a591283-4,EDC_BS6_PERIODIC,2025-11-25 07:42:00,2025-11-25 07:45:49,18.917984,73.3145664,24928,1652,FixOK,A,OaG6CT0303,G130b15425,"Karjat - Chowk Rd, Bhisegaon, Karjat, Maharashtra 410201, India",15267.375,33.15,IgnitionOn,1,61.618,39.31,48,-51
0e966bc0-cfab-4ea7-a61d-a1564a591283-5,EDC_BS6_PERIODIC,2025-11-25 07:42:06,2025-11-25 07:45:49,18.9183024,73.314976,24929,1652,FixOK,A,OaG6CT0303,G130b15425,"Karjat - Chowk Rd, Bhisegaon, Karjat, Maharashtra 410201, India",15267.375,33.48,IgnitionOn,1,59.073,57.47,49,-51
0e966bc0-cfab-4ea7-a61d-a1564a591283-6,BRAKE_PRESSED,2025-11-25 07:42:12,2025-11-25 07:45:49,18.91844,73.3154944,37428,1652,FixOK,,OaG6CT0303,G130b15425,"Karjat - Chowk Rd, Bhisegaon, Karjat, Maharashtra 410201, India",0,35.95,IgnitionOn,1,,,,
78de509c-6d48-4446-a6b7-fa5a97cc005f-10,EDC_BS6_PERIODIC,2025-11-25 07:42:12,2025-11-25 07:43:04,18.91844,73.3154944,24930,1652,FixOK,A,OaG6CT0303,G130b15425,"Karjat - Chowk Rd, Hatnoli, Maharashtra 410102, India",15267.5,35.13,IgnitionOn,1,57.077,77.91,49,-51
78de509c-6d48-4446-a6b7-fa5a97cc005f-9,EDC_BS6_PERIODIC,2025-11-25 07:42:18,2025-11-25 07:43:04,18.918488,73.3160704,24931,1652,FixOK,A,OaG6CT0303,G130b15425,"Karjat - Chowk Rd, Hatnoli, Maharashtra 410102, India",15267.5,36.14,IgnitionOn,1,56.057,85.87,47,-51
78de509c-6d48-4446-a6b7-fa5a97cc005f-8,EDC_BS6_PERIODIC,2025-11-25 07:42:24,2025-11-25 07:43:04,18.9185216,73.3165824,24932,1652,FixOK,A,OaG6CT0303,G130b15425,"Karjat - Chowk Rd, Hatnoli, Maharashtra 410102, India",15267.625,29.46,IgnitionOn,1,55.226,85.16,50,-51
78de509c-6d48-4446-a6b7-fa5a97cc005f-7,BRAKE_PRESSED,2025-11-25 07:42:30,2025-11-25 07:43:04,18.9185344,73.316928,37429,1652,FixOK,,OaG6CT0303,G130b15425,"Karjat - Chowk Rd, Hatnoli, Maharashtra 410102, India",0,8.64,IgnitionOn,1,,,,
78de509c-6d48-4446-a6b7-fa5a97cc005f-6,EDC_BS6_PERIODIC,2025-11-25 07:42:30,2025-11-25 07:43:04,18.9185344,73.316928,24933,1652,FixOK,A,OaG6CT0303,G130b15425,"Karjat - Chowk Rd, Hatnoli, Maharashtra 410102, India",15267.625,16.33,IgnitionOn,1,55.326,92.79,53,-51
78de509c-6d48-4446-a6b7-fa5a97cc005f-5,EDC_BS6_PERIODIC,2025-11-25 07:42:36,2025-11-25 07:43:04,18.918496,73.317088,24934,1652,FixOK,A,OaG6CT0303,G130b15425,"Karjat - Chowk Rd, Hatnoli, Maharashtra 410102, India",15267.625,8.62,IgnitionOn,1,55.457,98.34,50,-51
78de509c-6d48-4446-a6b7-fa5a97cc005f-4,EDC_BS6_PERIODIC,2025-11-25 07:42:42,2025-11-25 07:43:04,18.918488,73.3171776,24935,1652,FixOK,A,OaG6CT0303,G130b15425,"Karjat - Chowk Rd, Hatnoli, Maharashtra 410102, India",15267.625,5.5,IgnitionOn,1,55.387,91.9,50,-51
78de509c-6d48-4446-a6b7-fa5a97cc005f-3,EDC_BS6_PERIODIC,2025-11-25 07:42:48,2025-11-25 07:43:04,18.9184928,73.3172352,24936,1652,FixOK,A,OaG6CT0303,G130b15425,"Karjat - Chowk Rd, Hatnoli, Maharashtra 410102, India",15267.625,0,IgnitionOn,1,55.652,91.9,50,-51
78de509c-6d48-4446-a6b7-fa5a97cc005f-1,EDC_BS6_PERIODIC,2025-11-25 07:42:54,2025-11-25 07:43:04,18.9184928,73.3172352,24937,1652,FixOK,A,OaG6CT0303,G130b15425,"Karjat - Chowk Rd, Hatnoli, Maharashtra 410102, India",15267.625,0,IgnitionOn,0,55.522,91.9,48,-51
78de509c-6d48-4446-a6b7-fa5a97cc005f-2,IGNITION_OFF,2025-11-25 07:42:54,2025-11-25 07:43:04,18.9184928,73.3172352,37430,1652,FixOK,,OaG6CT0303,G130b15425,"Karjat - Chowk Rd, Hatnoli, Maharashtra 410102, India",0,,IgnitionOn,0,,,,
d0e2c4bb-ff1d-4152-85e5-e1b97d5313f4-10,EDC_BS6_PERIODIC,2025-11-25 07:43:00,2025-11-25 07:44:05,18.9184928,73.3172352,24938,1652,FixOK,A,OaG6CT0303,G130b15425,"V7W2+XRF, Hatnoli, Maharashtra 410206, India",15267.625,0,IgnitionOn,0,55.522,91.9,48,-51
d0e2c4bb-ff1d-4152-85e5-e1b97d5313f4-9,EDC_BS6_PERIODIC,2025-11-25 07:43:06,2025-11-25 07:44:05,18.9184928,73.3172352,24939,1652,FixOK,A,OaG6CT0303,G130b15425,"V7W2+XRF, Hatnoli, Maharashtra 410206, India",15267.625,0,IgnitionOn,0,55.522,91.9,48,-51
d0e2c4bb-ff1d-4152-85e5-e1b97d5313f4-8,EDC_BS6_PERIODIC,2025-11-25 07:43:12,2025-11-25 07:44:05,18.9184928,73.3172352,24940,1652,FixOK,A,OaG6CT0303,G130b15425,"V7W2+XRF, Hatnoli, Maharashtra 410206, India",15267.625,0,IgnitionOn,0,55.522,91.9,48,-51
d0e2c4bb-ff1d-4152-85e5-e1b97d5313f4-7,EDC_BS6_PERIODIC,2025-11-25 07:43:18,2025-11-25 07:44:05,18.9184928,73.3172352,24941,1652,FixOK,A,OaG6CT0303,G130b15425,"V7W2+XRF, Hatnoli, Maharashtra 410206, India",15267.625,0,IgnitionOn,0,55.522,91.9,48,-51
d0e2c4bb-ff1d-4152-85e5-e1b97d5313f4-6,EDC_BS6_PERIODIC,2025-11-25 07:43:24,2025-11-25 07:44:05,18.9184928,73.3172352,24942,1652,FixOK,A,OaG6CT0303,G130b15425,"V7W2+XRF, Hatnoli, Maharashtra 410206, India",15267.625,0,IgnitionOn,0,55.522,91.9,49,-51
d0e2c4bb-ff1d-4152-85e5-e1b97d5313f4-5,EDC_BS6_PERIODIC,2025-11-25 07:43:30,2025-11-25 07:44:05,18.9184928,73.3172352,24943,1652,FixOK,A,OaG6CT0303,G130b15425,"V7W2+XRF, Hatnoli, Maharashtra 410206, India",0,0,IgnitionOn,0,55.522,91.9,49,-51
d0e2c4bb-ff1d-4152-85e5-e1b97d5313f4-4,EDC_BS6_PERIODIC,2025-11-25 07:43:36,2025-11-25 07:44:05,18.9184928,73.3172352,24944,1652,FixOK,A,OaG6CT0303,G130b15425,"V7W2+XRF, Hatnoli, Maharashtra 410206, India",0,0,IgnitionOn,0,55.522,91.9,50,-51
d0e2c4bb-ff1d-4152-85e5-e1b97d5313f4-3,EDC_BS6_PERIODIC,2025-11-25 07:43:42,2025-11-25 07:44:05,18.9184928,73.3172352,24945,1652,FixOK,A,OaG6CT0303,G130b15425,"V7W2+XRF, Hatnoli, Maharashtra 410206, India",0,0,IgnitionOn,0,55.522,91.9,49,-51
d0e2c4bb-ff1d-4152-85e5-e1b97d5313f4-2,EDC_BS6_PERIODIC,2025-11-25 07:43:48,2025-11-25 07:44:05,18.9184928,73.3172352,24946,1652,FixOK,A,OaG6CT0303,G130b15425,"V7W2+XRF, Hatnoli, Maharashtra 410206, India",0,0,IgnitionOn,0,55.522,91.9,49,-51
d0e2c4bb-ff1d-4152-85e5-e1b97d5313f4-1,EDC_BS6_PERIODIC,2025-11-25 07:43:54,2025-11-25 07:44:05,18.9184928,73.3172352,24947,1652,FixOK,A,OaG6CT0303,G130b15425,"V7W2+XRF, Hatnoli, Maharashtra 410206, India",0,0,IgnitionOn,0,55.522,91.9,49,-51
f467167b-bbe3-4d4a-8b79-50dac7d47618-2,EDC_BS6_PERIODIC,2025-11-25 07:44:00,2025-11-25 07:45:09,18.9184928,73.3172352,24948,1652,FixOK,A,OaG6CT0303,G130b15425,"W897+3RW, near charphata, Bhisegaon, Karjat, Maharashtra 410201, India",0,0,IgnitionOn,0,55.522,91.9,49,-51
f467167b-bbe3-4d4a-8b79-50dac7d47618-1,EDC_BS6_PERIODIC,2025-11-25 07:44:06,2025-11-25 07:45:09,18.9184928,73.3172352,24949,1652,FixOK,A,OaG6CT0303,G130b15425,"W897+3RW, near charphata, Bhisegaon, Karjat, Maharashtra 410201, India",0,0,IgnitionOn,0,55.522,91.9,49,-51
2786c1fc-70b0-41ed-b62e-a0d074bdeaa9-10,EDC_BS6_PERIODIC,2025-11-25 07:44:12,2025-11-25 07:45:06,18.9184928,73.3172352,24950,1652,FixOK,A,OaG6CT0303,G130b15425,"W897+3RW, near charphata, Bhisegaon, Karjat, Maharashtra 410201, India",0,0,IgnitionOn,0,55.522,91.9,49,-51
2786c1fc-70b0-41ed-b62e-a0d074bdeaa9-9,EDC_BS6_PERIODIC,2025-11-25 07:44:18,2025-11-25 07:45:06,18.9184928,73.3172352,24951,1652,FixOK,A,OaG6CT0303,G130b15425,"W897+3RW, near charphata, Bhisegaon, Karjat, Maharashtra 410201, India",0,0,IgnitionOn,0,55.522,91.9,50,-51
2786c1fc-70b0-41ed-b62e-a0d074bdeaa9-8,EDC_BS6_PERIODIC,2025-11-25 07:44:24,2025-11-25 07:45:06,18.9184928,73.3172352,24952,1652,FixOK,A,OaG6CT0303,G130b15425,"W897+3RW, near charphata, Bhisegaon, Karjat, Maharashtra 410201, India",0,0,IgnitionOn,0,55.522,91.9,48,-51
2786c1fc-70b0-41ed-b62e-a0d074bdeaa9-7,EDC_BS6_PERIODIC,2025-11-25 07:44:30,2025-11-25 07:45:06,18.9184928,73.3172352,24953,1652,FixOK,A,OaG6CT0303,G130b15425,"W897+3RW, near charphata, Bhisegaon, Karjat, Maharashtra 410201, India",0,0,IgnitionOn,0,55.522,91.9,49,-51
2786c1fc-70b0-41ed-b62e-a0d074bdeaa9-6,EDC_BS6_PERIODIC,2025-11-25 07:44:36,2025-11-25 07:45:06,18.9184928,73.3172352,24954,1652,FixOK,A,OaG6CT0303,G130b15425,"W897+3RW, near charphata, Bhisegaon, Karjat, Maharashtra 410201, India",0,0,IgnitionOn,0,55.522,91.9,47,-51
2786c1fc-70b0-41ed-b62e-a0d074bdeaa9-5,EDC_BS6_PERIODIC,2025-11-25 07:44:42,2025-11-25 07:45:06,18.9184928,73.3172352,24955,1652,FixOK,A,OaG6CT0303,G130b15425,"W897+3RW, near charphata, Bhisegaon, Karjat, Maharashtra 410201, India",0,0,IgnitionOn,0,55.522,91.9,47,-51
2786c1fc-70b0-41ed-b62e-a0d074bdeaa9-4,EDC_BS6_PERIODIC,2025-11-25 07:44:48,2025-11-25 07:45:06,18.9184928,73.3172352,24956,1652,FixOK,A,OaG6CT0303,G130b15425,"W897+3RW, near charphata, Bhisegaon, Karjat, Maharashtra 410201, India",0,0,IgnitionOn,0,55.522,91.9,48,-51
2786c1fc-70b0-41ed-b62e-a0d074bdeaa9-1,DEVICE_METRICS,2025-11-25 07:44:53,2025-11-25 07:45:06,18.9184928,73.3172352,,1652,FixOK,,OaG6CT0303,G130b15425,"W897+3RW, near charphata, Bhisegaon, Karjat, Maharashtra 410201, India",0,,IgnitionOff,0,,,,
2786c1fc-70b0-41ed-b62e-a0d074bdeaa9-3,GPS_MESSAGE,2025-11-25 07:44:53,2025-11-25 07:45:06,18.9184928,73.3172352,,1652,3DFix,,OaG6CT0303,G130b15425,"W897+3RW, near charphata, Bhisegaon, Karjat, Maharashtra 410201, India",0,,IgnitionOff,0,55,8,49,
2786c1fc-70b0-41ed-b62e-a0d074bdeaa9-2,TRIP_END,2025-11-25 07:44:53,2025-11-25 07:45:06,18.9184928,73.3172352,,1652,FixOK,,OaG6CT0303,G130b15425,"W897+3RW, near charphata, Bhisegaon, Karjat, Maharashtra 410201, India",0,,IgnitionOff,0,,,,
99f0aceb-273f-461b-977b-2e31342c4c0e,HEARTBEAT_MESSAGE,2025-11-25 07:44:58,2025-11-25 07:44:58,0,0,,,,,OaG6CT0303,G130b15425,,,,,1,,,,
5f25b595-dcc9-4456-94bd-37bd6c6b3afd-14,TRIP_START,2025-11-25 09:31:40,2025-11-25 09:34:46,18.9184,73.3172992,,1653,StoredFix,,OaG6CT0303,G130b15425,"Karjat Chowk Road, Karjat Char Phata Rd, near Karjat Hotel, Halivali, Karjat, Maharashtra 410201, India",0,,IgnitionOn,1,,,,
5f25b595-dcc9-4456-94bd-37bd6c6b3afd-13,GPS_MESSAGE,2025-11-25 09:31:54,2025-11-25 09:34:46,18.9184,73.3172992,,1653,NoFix,,OaG6CT0303,G130b15425,"Karjat Chowk Road, Karjat Char Phata Rd, near Karjat Hotel, Halivali, Karjat, Maharashtra 410201, India",0,,IgnitionOn,1,0,0,0,
5f25b595-dcc9-4456-94bd-37bd6c6b3afd-12,VERSION_UPDATE,2025-11-25 09:31:54,2025-11-25 09:34:46,18.9184,73.3172992,,1653,StoredFix,,OaG6CT0303,G130b15425,"Karjat Chowk Road, Karjat Char Phata Rd, near Karjat Hotel, Halivali, Karjat, Maharashtra 410201, India",0,,IgnitionOn,1,,,,
5f25b595-dcc9-4456-94bd-37bd6c6b3afd-11,GPS_MESSAGE,2025-11-25 09:31:57,2025-11-25 09:34:46,18.9184608,73.3172352,,1653,3DFix,,OaG6CT0303,G130b15425,"Karjat Chowk Road, Karjat Char Phata Rd, near Karjat Hotel, Halivali, Karjat, Maharashtra 410201, India",0,,IgnitionOn,1,77,26,17,
5f25b595-dcc9-4456-94bd-37bd6c6b3afd-10,IGNITION_ON,2025-11-25 09:31:59,2025-11-25 09:34:46,18.9184544,73.3172352,37431,1653,FixOK,,OaG6CT0303,G130b15425,"Karjat Chowk Road, Karjat Char Phata Rd, near Karjat Hotel, Halivali, Karjat, Maharashtra 410201, India",0,,IgnitionOn,1,,,,
5f25b595-dcc9-4456-94bd-37bd6c6b3afd-7,ACU_SW_PART_NO,2025-11-25 09:32:00,2025-11-25 09:34:46,18.9184448,73.3172352,37434,1653,FixOK,,OaG6CT0303,G130b15425,"Karjat Chowk Road, Karjat Char Phata Rd, near Karjat Hotel, Halivali, Karjat, Maharashtra 410201, India",0,,IgnitionOn,1,,,,
5f25b595-dcc9-4456-94bd-37bd6c6b3afd-8,ECU_SW_PART_NO,2025-11-25 09:32:00,2025-11-25 09:34:46,18.9184448,73.3172352,37433,1653,FixOK,,OaG6CT0303,G130b15425,"Karjat Chowk Road, Karjat Char Phata Rd, near Karjat Hotel, Halivali, Karjat, Maharashtra 410201, India",0,,IgnitionOn,1,,,,
5f25b595-dcc9-4456-94bd-37bd6c6b3afd-9,ENGINE_CRANKING,2025-11-25 09:32:00,2025-11-25 09:34:46,18.9184544,73.3172352,37432,1653,FixOK,,OaG6CT0303,G130b15425,"Karjat Chowk Road, Karjat Char Phata Rd, near Karjat Hotel, Halivali, Karjat, Maharashtra 410201, India",0,,IgnitionOn,1,,,,
5f25b595-dcc9-4456-94bd-37bd6c6b3afd-6,EDC_BS6_PERIODIC,2025-11-25 09:32:01,2025-11-25 09:34:46,18.91844,73.3172352,24957,1653,FixOK,A,OaG6CT0303,G130b15425,"Karjat Chowk Road, Karjat Char Phata Rd, near Karjat Hotel, Halivali, Karjat, Maharashtra 410201, India",15267.625,0,IgnitionOn,1,61.195,91.9,18,-113
5f25b595-dcc9-4456-94bd-37bd6c6b3afd-5,EDC_BS6_PERIODIC,2025-11-25 09:32:07,2025-11-25 09:34:46,18.918456,73.3172096,24958,1653,FixOK,A,OaG6CT0303,G130b15425,"Karjat Chowk Road, Karjat Char Phata Rd, near Karjat Hotel, Halivali, Karjat, Maharashtra 410201, India",15267.625,0,IgnitionOn,1,63.398,91.9,18,-113
5f25b595-dcc9-4456-94bd-37bd6c6b3afd-4,EDC_BS6_PERIODIC,2025-11-25 09:32:13,2025-11-25 09:34:46,18.9184768,73.317184,24959,1653,FixOK,A,OaG6CT0303,G130b15425,"Karjat - Chowk Rd, Halivali, Karjat, Maharashtra 410201, India",15267.625,2.11,IgnitionOn,1,62.708,91.9,20,-113
5f25b595-dcc9-4456-94bd-37bd6c6b3afd-3,EDC_BS6_PERIODIC,2025-11-25 09:32:19,2025-11-25 09:34:46,18.918504,73.3171264,24960,1653,FixOK,A,OaG6CT0303,G130b15425,"Karjat - Chowk Rd, Halivali, Karjat, Maharashtra 410201, India",15267.625,3.51,IgnitionOn,1,62.943,91.9,21,-113
044c9f16-2c6f-4347-b528-3413b0f0d687-10,EDC_BS6_PERIODIC,2025-11-25 09:32:25,2025-11-25 09:33:23,18.9184992,73.3170688,24961,1653,FixOK,A,OaG6CT0303,G130b15425,,15267.75,3.98,IgnitionOn,1,62.821,275.72,22,-113
044c9f16-2c6f-4347-b528-3413b0f0d687-9,EDC_BS6_PERIODIC,2025-11-25 09:32:31,2025-11-25 09:33:23,18.918504,73.3170048,24962,1653,FixOK,A,OaG6CT0303,G130b15425,,15267.75,3.92,IgnitionOn,1,62.323,274.52,20,-113
044c9f16-2c6f-4347-b528-3413b0f0d687-8,EDC_BS6_PERIODIC,2025-11-25 09:32:37,2025-11-25 09:33:23,18.918504,73.316992,24963,1653,FixOK,A,OaG6CT0303,G130b15425,,15267.75,0,IgnitionOn,1,62.351,274.52,24,-113
044c9f16-2c6f-4347-b528-3413b0f0d687-7,EDC_BS6_PERIODIC,2025-11-25 09:32:43,2025-11-25 09:33:23,18.918384,73.3170176,24964,1653,FixOK,A,OaG6CT0303,G130b15425,,15267.75,8.08,IgnitionOn,1,62.249,184.44,25,-113
044c9f16-2c6f-4347-b528-3413b0f0d687-6,EDC_BS6_PERIODIC,2025-11-25 09:32:49,2025-11-25 09:33:23,18.918288,73.317024,24965,1653,FixOK,A,OaG6CT0303,G130b15425,,15267.75,6.8,IgnitionOn,1,61.368,165.83,27,-113
044c9f16-2c6f-4347-b528-3413b0f0d687-5,IGNITION_OFF,2025-11-25 09:32:54,2025-11-25 09:33:23,18.918272,73.3170176,37435,1653,FixOK,,OaG6CT0303,G130b15425,,0,,IgnitionOn,0,,,,
044c9f16-2c6f-4347-b528-3413b0f0d687-4,EDC_BS6_PERIODIC,2025-11-25 09:32:55,2025-11-25 09:33:23,18.918272,73.317024,24966,1653,FixOK,A,OaG6CT0303,G130b15425,,15267.75,0,IgnitionOn,0,60.981,165.83,26,-113
044c9f16-2c6f-4347-b528-3413b0f0d687-3,EDC_BS6_PERIODIC,2025-11-25 09:33:01,2025-11-25 09:33:23,18.9182688,73.317024,24967,1653,FixOK,A,OaG6CT0303,G130b15425,,15267.75,0,IgnitionOn,0,60.915,165.83,25,-113
044c9f16-2c6f-4347-b528-3413b0f0d687-2,EDC_BS6_PERIODIC,2025-11-25 09:33:07,2025-11-25 09:33:23,18.9182688,73.317024,24968,1653,FixOK,A,OaG6CT0303,G130b15425,,15267.75,0,IgnitionOn,0,61.069,165.83,26,-113
044c9f16-2c6f-4347-b528-3413b0f0d687-1,EDC_BS6_PERIODIC,2025-11-25 09:33:13,2025-11-25 09:33:23,18.9182688,73.317024,24969,1653,FixOK,A,OaG6CT0303,G130b15425,,15267.75,0,IgnitionOn,0,60.987,165.83,30,-113
5f25b595-dcc9-4456-94bd-37bd6c6b3afd-2,EDC_BS6_PERIODIC,2025-11-25 09:33:19,2025-11-25 09:34:46,18.9182688,73.317024,24970,1653,FixOK,A,OaG6CT0303,G130b15425,"Karjat - Chowk Rd, Halivali, Karjat, Maharashtra 410201, India",15267.75,0,IgnitionOn,0,60.785,165.83,33,-113
df0f808e-c52d-4784-b12d-51d29bb75477,HEARTBEAT_MESSAGE,2025-11-25 09:33:21,2025-11-25 09:33:21,0,0,,,,,OaG6CT0303,G130b15425,,,,,1,,,,
5f25b595-dcc9-4456-94bd-37bd6c6b3afd-1,EDC_BS6_PERIODIC,2025-11-25 09:33:25,2025-11-25 09:34:46,18.9182688,73.3170304,24971,1653,FixOK,A,OaG6CT0303,G130b15425,"Karjat - Chowk Rd, Halivali, Karjat, Maharashtra 410201, India",15267.75,0,IgnitionOn,0,60.769,165.83,32,-113
d1d4b031-ed1d-4ec5-8b25-3dd4442adaef-11,EDC_BS6_PERIODIC,2025-11-25 09:33:31,2025-11-25 09:41:59,18.918272,73.3170304,24972,1653,FixOK,A,OaG6CT0303,G130b15425,"Vatvruksh, Mudare, Gurunagar, Karjat, Maharashtra 410201, India",15267.75,0,IgnitionOn,0,60.738,165.83,34,-113
d1d4b031-ed1d-4ec5-8b25-3dd4442adaef-10,EDC_BS6_PERIODIC,2025-11-25 09:33:37,2025-11-25 09:41:59,18.91828,73.317024,24973,1653,FixOK,A,OaG6CT0303,G130b15425,"Vatvruksh, Mudare, Gurunagar, Karjat, Maharashtra 410201, India",0,0,IgnitionOn,0,60.643,165.83,35,-113
e11ff3db-70b7-4061-bdb0-cdea170312ea-10,IGNITION_ON,2025-11-25 09:33:40,2025-11-25 09:34:24,18.9182816,73.317024,37436,1653,FixOK,,OaG6CT0303,G130b15425,"Karjat - Chowk Rd, Halivali, Karjat, Maharashtra 410201, India",0,,IgnitionOn,1,,,,
e11ff3db-70b7-4061-bdb0-cdea170312ea-9,EDC_BS6_PERIODIC,2025-11-25 09:33:43,2025-11-25 09:34:24,18.9182848,73.317024,24974,1653,FixOK,A,OaG6CT0303,G130b15425,"Karjat - Chowk Rd, Halivali, Karjat, Maharashtra 410201, India",0,0,IgnitionOn,1,60.54,165.83,34,-113
e11ff3db-70b7-4061-bdb0-cdea170312ea-8,LOW_FUEL_CAN_START,2025-11-25 09:33:46,2025-11-25 09:34:24,18.9182848,73.317024,37437,1653,FixOK,,OaG6CT0303,G130b15425,"Karjat - Chowk Rd, Halivali, Karjat, Maharashtra 410201, India",0,0,IgnitionOn,1,,,,
e11ff3db-70b7-4061-bdb0-cdea170312ea-7,BATTERY_VOLTAGE_DIP,2025-11-25 09:33:47,2025-11-25 09:34:24,18.9182848,73.317024,37438,1653,FixOK,,OaG6CT0303,G130b15425,"Karjat - Chowk Rd, Halivali, Karjat, Maharashtra 410201, India",0,0,IgnitionOn,1,,,,
e11ff3db-70b7-4061-bdb0-cdea170312ea-6-1,BATTERY_VOLTAGE_DIP_AUX_DATA,2025-11-25 09:33:47,2025-11-25 09:34:24,18.9182848,73.317024,1,1653,FixOK,,OaG6CT0303,G130b15425,"Karjat - Chowk Rd, Halivali, Karjat, Maharashtra 410201, India",0,,IgnitionOn,1,,,,
e11ff3db-70b7-4061-bdb0-cdea170312ea-6-2,BATTERY_VOLTAGE_DIP_AUX_DATA,2025-11-25 09:33:47,2025-11-25 09:34:24,18.9182848,73.317024,2,1653,FixOK,,OaG6CT0303,G130b15425,"Karjat - Chowk Rd, Halivali, Karjat, Maharashtra 410201, India",0,,IgnitionOn,1,,,,
e11ff3db-70b7-4061-bdb0-cdea170312ea-6-3,BATTERY_VOLTAGE_DIP_AUX_DATA,2025-11-25 09:33:47,2025-11-25 09:34:24,18.9182848,73.317024,3,1653,FixOK,,OaG6CT0303,G130b15425,"Karjat - Chowk Rd, Halivali, Karjat, Maharashtra 410201, India",0,,IgnitionOn,1,,,,
e11ff3db-70b7-4061-bdb0-cdea170312ea-5,EDC_BS6_PERIODIC,2025-11-25 09:33:49,2025-11-25 09:34:24,18.9182848,73.317024,24975,1653,FixOK,A,OaG6CT0303,G130b15425,"Karjat - Chowk Rd, Halivali, Karjat, Maharashtra 410201, India",0,0,IgnitionOn,1,60.369,165.83,36,-113
e11ff3db-70b7-4061-bdb0-cdea170312ea-4,EDC_BS6_PERIODIC,2025-11-25 09:33:55,2025-11-25 09:34:24,18.9182912,73.317024,24976,1653,FixOK,A,OaG6CT0303,G130b15425,"Karjat - Chowk Rd, Halivali, Karjat, Maharashtra 410201, India",15267.75,0,IgnitionOn,1,60.062,165.83,37,-113
e11ff3db-70b7-4061-bdb0-cdea170312ea-3,EDC_BS6_PERIODIC,2025-11-25 09:34:01,2025-11-25 09:34:24,18.9183344,73.3170048,24977,1653,FixOK,A,OaG6CT0303,G130b15425,,15267.75,3.07,IgnitionOn,1,59.776,165.83,37,-113
e11ff3db-70b7-4061-bdb0-cdea170312ea-2,EDC_BS6_PERIODIC,2025-11-25 09:34:07,2025-11-25 09:34:24,18.918368,73.3169984,24978,1653,FixOK,A,OaG6CT0303,G130b15425,,15267.75,2.59,IgnitionOn,1,59.765,165.83,39,-113
e11ff3db-70b7-4061-bdb0-cdea170312ea-1,EDC_BS6_PERIODIC,2025-11-25 09:34:13,2025-11-25 09:34:24,18.9184016,73.3169984,24979,1653,FixOK,A,OaG6CT0303,G130b15425,,15267.75,1.71,IgnitionOn,1,59.924,165.83,38,-113
d1d4b031-ed1d-4ec5-8b25-3dd4442adaef-9,EDC_BS6_PERIODIC,2025-11-25 09:34:19,2025-11-25 09:41:59,18.918432,73.3170048,24980,1653,FixOK,A,OaG6CT0303,G130b15425,"Vatvruksh, Mudare, Gurunagar, Karjat, Maharashtra 410201, India",15267.75,1.99,IgnitionOn,1,59.972,165.83,38,-67
7491358c-dfd5-44f6-b559-7cb479357b57-10,EDC_BS6_PERIODIC,2025-11-25 09:34:25,2025-11-25 09:35:26,18.9184672,73.316992,24981,1653,FixOK,A,OaG6CT0303,G130b15425,"Karjat Chowk Road, Karjat Char Phata Rd, near Karjat Hotel, Halivali, Karjat, Maharashtra 410201, India",15267.75,1.79,IgnitionOn,1,60.048,165.83,39,-67
7491358c-dfd5-44f6-b559-7cb479357b57-9,EDC_BS6_PERIODIC,2025-11-25 09:34:31,2025-11-25 09:35:26,18.918472,73.3170048,24982,1653,FixOK,A,OaG6CT0303,G130b15425,"Karjat Chowk Road, Karjat Char Phata Rd, near Karjat Hotel, Halivali, Karjat, Maharashtra 410201, India",15267.75,0,IgnitionOn,1,60.154,165.83,38,-67
7491358c-dfd5-44f6-b559-7cb479357b57-8,EDC_BS6_PERIODIC,2025-11-25 09:34:37,2025-11-25 09:35:26,18.9184832,73.317056,24983,1653,FixOK,A,OaG6CT0303,G130b15425,"Karjat Chowk Road, Karjat Char Phata Rd, near Karjat Hotel, Halivali, Karjat, Maharashtra 410201, India",15267.75,0,IgnitionOn,1,60.047,65.22,38,-67
7491358c-dfd5-44f6-b559-7cb479357b57-7,EDC_BS6_PERIODIC,2025-11-25 09:34:43,2025-11-25 09:35:26,18.918504,73.3171136,24984,1653,FixOK,A,OaG6CT0303,G130b15425,"Karjat Chowk Road, Karjat Char Phata Rd, near Karjat Hotel, Halivali, Karjat, Maharashtra 410201, India",15267.75,3.48,IgnitionOn,1,59.936,83.58,38,-67
7491358c-dfd5-44f6-b559-7cb479357b57-6,EDC_BS6_PERIODIC,2025-11-25 09:34:49,2025-11-25 09:35:26,18.9185152,73.3171904,24985,1653,FixOK,A,OaG6CT0303,G130b15425,"Karjat Chowk Road, Karjat Char Phata Rd, near Karjat Hotel, Halivali, Karjat, Maharashtra 410201, India",15267.75,6.38,IgnitionOn,1,59.137,79.8,42,-67
7491358c-dfd5-44f6-b559-7cb479357b57-5,EDC_BS6_PERIODIC,2025-11-25 09:34:55,2025-11-25 09:35:26,18.91852,73.3171904,24986,1653,FixOK,A,OaG6CT0303,G130b15425,"Karjat Chowk Road, Karjat Char Phata Rd, near Karjat Hotel, Halivali, Karjat, Maharashtra 410201, India",15267.75,0,IgnitionOn,1,59.054,79.8,42,-67
7491358c-dfd5-44f6-b559-7cb479357b57-4,EDC_BS6_PERIODIC,2025-11-25 09:35:01,2025-11-25 09:35:26,18.91852,73.3171904,24987,1653,FixOK,A,OaG6CT0303,G130b15425,"Karjat Chowk Road, Karjat Char Phata Rd, near Karjat Hotel, Halivali, Karjat, Maharashtra 410201, India",15267.75,0,IgnitionOn,1,58.887,79.8,42,-67
7491358c-dfd5-44f6-b559-7cb479357b57-3,EDC_BS6_PERIODIC,2025-11-25 09:35:07,2025-11-25 09:35:26,18.9185184,73.3171904,24988,1653,FixOK,A,OaG6CT0303,G130b15425,"Karjat Chowk Road, Karjat Char Phata Rd, near Karjat Hotel, Halivali, Karjat, Maharashtra 410201, India",15267.75,0,IgnitionOn,1,58.736,79.8,43,-67
7491358c-dfd5-44f6-b559-7cb479357b57-2,EDC_BS6_PERIODIC,2025-11-25 09:35:13,2025-11-25 09:35:26,18.91852,73.3171968,24989,1653,FixOK,A,OaG6CT0303,G130b15425,"Karjat Chowk Road, Karjat Char Phata Rd, near Karjat Hotel, Halivali, Karjat, Maharashtra 410201, India",15267.75,0,IgnitionOn,1,58.931,79.8,42,-67
7491358c-dfd5-44f6-b559-7cb479357b57-1,EDC_BS6_PERIODIC,2025-11-25 09:35:19,2025-11-25 09:35:26,18.9185216,73.3171968,24990,1653,FixOK,A,OaG6CT0303,G130b15425,"Karjat Chowk Road, Karjat Char Phata Rd, near Karjat Hotel, Halivali, Karjat, Maharashtra 410201, India",15267.75,0,IgnitionOn,1,59.029,79.8,42,-67
68e7be15-d6b4-4d63-9db2-509f81c9d519-10,EDC_BS6_PERIODIC,2025-11-25 09:35:25,2025-11-25 09:36:28,18.9185216,73.3171968,24991,1653,FixOK,A,OaG6CT0303,G130b15425,"Karjat Chowk Road, Karjat Char Phata Rd, near Karjat Hotel, Halivali, Karjat, Maharashtra 410201, India",15267.75,0,IgnitionOn,1,59.463,79.8,42,-67
68e7be15-d6b4-4d63-9db2-509f81c9d519-9,EDC_BS6_PERIODIC,2025-11-25 09:35:31,2025-11-25 09:36:28,18.9185248,73.3171904,24992,1653,FixOK,A,OaG6CT0303,G130b15425,"Karjat Chowk Road, Karjat Char Phata Rd, near Karjat Hotel, Halivali, Karjat, Maharashtra 410201, India",15267.75,0,IgnitionOn,1,59.457,79.8,41,-67
68e7be15-d6b4-4d63-9db2-509f81c9d519-8,EDC_BS6_PERIODIC,2025-11-25 09:35:37,2025-11-25 09:36:28,18.9185248,73.3171904,24993,1653,FixOK,A,OaG6CT0303,G130b15425,"Karjat Chowk Road, Karjat Char Phata Rd, near Karjat Hotel, Halivali, Karjat, Maharashtra 410201, India",15267.75,0,IgnitionOn,1,59.722,79.8,41,-67
68e7be15-d6b4-4d63-9db2-509f81c9d519-7,EDC_BS6_PERIODIC,2025-11-25 09:35:43,2025-11-25 09:36:28,18.9185264,73.3171904,24994,1653,FixOK,A,OaG6CT0303,G130b15425,"Karjat Chowk Road, Karjat Char Phata Rd, near Karjat Hotel, Halivali, Karjat, Maharashtra 410201, India",15267.75,0,IgnitionOn,1,60.152,79.8,42,-67
68e7be15-d6b4-4d63-9db2-509f81c9d519-6,EDC_BS6_PERIODIC,2025-11-25 09:35:49,2025-11-25 09:36:28,18.918528,73.3171904,24995,1653,FixOK,A,OaG6CT0303,G130b15425,"Karjat Chowk Road, Karjat Char Phata Rd, near Karjat Hotel, Halivali, Karjat, Maharashtra 410201, India",15267.75,0,IgnitionOn,1,60.158,79.8,43,-67
68e7be15-d6b4-4d63-9db2-509f81c9d519-5,EDC_BS6_PERIODIC,2025-11-25 09:35:55,2025-11-25 09:36:28,18.9185264,73.3171904,24996,1653,FixOK,A,OaG6CT0303,G130b15425,"Karjat Chowk Road, Karjat Char Phata Rd, near Karjat Hotel, Halivali, Karjat, Maharashtra 410201, India",15267.75,0,IgnitionOn,1,60.015,79.8,43,-67
68e7be15-d6b4-4d63-9db2-509f81c9d519-4,EDC_BS6_PERIODIC,2025-11-25 09:36:01,2025-11-25 09:36:28,18.9185248,73.3171904,24997,1653,FixOK,A,OaG6CT0303,G130b15425,"Karjat Chowk Road, Karjat Char Phata Rd, near Karjat Hotel, Halivali, Karjat, Maharashtra 410201, India",15267.75,0,IgnitionOn,1,59.66,79.8,43,-67
68e7be15-d6b4-4d63-9db2-509f81c9d519-3,EDC_BS6_PERIODIC,2025-11-25 09:36:07,2025-11-25 09:36:28,18.9185216,73.3171904,24998,1653,FixOK,A,OaG6CT0303,G130b15425,"Karjat Chowk Road, Karjat Char Phata Rd, near Karjat Hotel, Halivali, Karjat, Maharashtra 410201, India",15267.75,0,IgnitionOn,1,59.359,79.8,43,-67
68e7be15-d6b4-4d63-9db2-509f81c9d519-2,EDC_BS6_PERIODIC,2025-11-25 09:36:13,2025-11-25 09:36:28,18.91852,73.3171968,24999,1653,FixOK,A,OaG6CT0303,G130b15425,"Karjat Chowk Road, Karjat Char Phata Rd, near Karjat Hotel, Halivali, Karjat, Maharashtra 410201, India",15267.75,0,IgnitionOn,1,59.146,79.8,43,-67
68e7be15-d6b4-4d63-9db2-509f81c9d519-1,EDC_BS6_PERIODIC,2025-11-25 09:36:20,2025-11-25 09:36:28,18.9185152,73.3171904,25000,1653,FixOK,A,OaG6CT0303,G130b15425,"Karjat Chowk Road, Karjat Char Phata Rd, near Karjat Hotel, Halivali, Karjat, Maharashtra 410201, India",15267.75,0,IgnitionOn,1,59.188,79.8,44,-67
d1d4b031-ed1d-4ec5-8b25-3dd4442adaef-8,EDC_BS6_PERIODIC,2025-11-25 09:36:25,2025-11-25 09:41:59,18.9185152,73.3171968,25001,1653,FixOK,A,OaG6CT0303,G130b15425,"Vatvruksh, Mudare, Gurunagar, Karjat, Maharashtra 410201, India",15267.75,0,IgnitionOn,1,59.167,79.8,44,-67
d1d4b031-ed1d-4ec5-8b25-3dd4442adaef-7,EDC_BS6_PERIODIC,2025-11-25 09:36:31,2025-11-25 09:41:59,18.9185424,73.3173376,25002,1653,FixOK,A,OaG6CT0303,G130b15425,"Vatvruksh, Mudare, Gurunagar, Karjat, Maharashtra 410201, India",15267.75,7.16,IgnitionOn,1,58.773,78.36,44,-67
ed5a9a17-21b1-4f16-912d-cc1affdccb2d-10,EDC_BS6_PERIODIC,2025-11-25 09:36:37,2025-11-25 09:37:29,18.9186048,73.3176576,25003,1653,FixOK,A,OaG6CT0303,G130b15425,"Karjat - Chowk Rd, Halivali, Karjat, Maharashtra 410201, India",15267.75,22.33,IgnitionOn,1,58.47,75.68,43,-67
ed5a9a17-21b1-4f16-912d-cc1affdccb2d-9,BRAKE_PRESSED,2025-11-25 09:36:40,2025-11-25 09:37:29,18.918624,73.3179136,37440,1653,FixOK,,OaG6CT0303,G130b15425,"Karjat - Chowk Rd, Halivali, Karjat, Maharashtra 410201, India",0,26.08,IgnitionOn,1,,,,
ed5a9a17-21b1-4f16-912d-cc1affdccb2d-8,EDC_BS6_PERIODIC,2025-11-25 09:36:43,2025-11-25 09:37:29,18.9186336,73.3181952,25004,1653,FixOK,A,OaG6CT0303,G130b15425,"Karjat - Chowk Rd, Halivali, Karjat, Maharashtra 410201, India",15267.875,37.51,IgnitionOn,1,57.632,90.97,44,-67
ed5a9a17-21b1-4f16-912d-cc1affdccb2d-7,EDC_BS6_PERIODIC,2025-11-25 09:36:49,2025-11-25 09:37:29,18.918624,73.3185344,25005,1653,FixOK,A,OaG6CT0303,G130b15425,"Karjat - Chowk Rd, Halivali, Karjat, Maharashtra 410201, India",15267.875,22.64,IgnitionOn,1,56.777,95.04,41,-67
ed5a9a17-21b1-4f16-912d-cc1affdccb2d-6,EDC_BS6_PERIODIC,2025-11-25 09:36:55,2025-11-25 09:37:29,18.9185888,73.3189184,25006,1653,FixOK,A,OaG6CT0303,G130b15425,"Karjat - Chowk Rd, Halivali, Karjat, Maharashtra 410201, India",15268,25.23,IgnitionOn,1,55.319,93.12,42,-67
ed5a9a17-21b1-4f16-912d-cc1affdccb2d-5,EDC_BS6_PERIODIC,2025-11-25 09:37:01,2025-11-25 09:37:29,18.9185728,73.3193088,25007,1653,FixOK,A,OaG6CT0303,G130b15425,"Karjat - Chowk Rd, Halivali, Karjat, Maharashtra 410201, India",15268,22.72,IgnitionOn,1,53.311,93.65,43,-67
ed5a9a17-21b1-4f16-912d-cc1affdccb2d-4,BRAKE_PRESSED,2025-11-25 09:37:02,2025-11-25 09:37:29,18.9185728,73.3193664,37441,1653,FixOK,,OaG6CT0303,G130b15425,"Karjat - Chowk Rd, Halivali, Karjat, Maharashtra 410201, India",0,11.18,IgnitionOn,1,,,,
ed5a9a17-21b1-4f16-912d-cc1affdccb2d-3,EDC_BS6_PERIODIC,2025-11-25 09:37:07,2025-11-25 09:37:29,18.9185584,73.319616,25008,1653,FixOK,A,OaG6CT0303,G130b15425,"Karjat - Chowk Rd, Halivali, Karjat, Maharashtra 410201, India",15268,18.05,IgnitionOn,1,52.207,92.58,44,-67
ed5a9a17-21b1-4f16-912d-cc1affdccb2d-2,EDC_BS6_PERIODIC,2025-11-25 09:37:13,2025-11-25 09:37:29,18.9185152,73.319808,25009,1653,FixOK,A,OaG6CT0303,G130b15425,"Karjat - Chowk Rd, Halivali, Karjat, Maharashtra 410201, India",15268,12.97,IgnitionOn,1,51.783,96.58,43,-67
ed5a9a17-21b1-4f16-912d-cc1affdccb2d-1,EDC_BS6_PERIODIC,2025-11-25 09:37:19,2025-11-25 09:37:29,18.9184992,73.3199488,25010,1653,FixOK,A,OaG6CT0303,G130b15425,"Karjat - Chowk Rd, Halivali, Karjat, Maharashtra 410201, India",15268.125,10.31,IgnitionOn,1,50.944,88.8,44,-67
d1d4b031-ed1d-4ec5-8b25-3dd4442adaef-6,EDC_BS6_PERIODIC,2025-11-25 09:37:25,2025-11-25 09:41:59,18.91848,73.3201984,25011,1653,FixOK,A,OaG6CT0303,G130b15425,"Vatvruksh, Mudare, Gurunagar, Karjat, Maharashtra 410201, India",15268.125,19.59,IgnitionOn,1,51.223,95.72,45,-67
6e4df5ec-27af-4ac5-8c70-55d9534fbbdf-10,EDC_BS6_PERIODIC,2025-11-25 09:37:31,2025-11-25 09:38:29,18.9184448,73.320544,25012,1653,FixOK,A,OaG6CT0303,G130b15425,"Karjat Chowk Road, Karjat Char Phata Rd, near Karjat Hotel, Halivali, Karjat, Maharashtra 410201, India",15268.125,23.83,IgnitionOn,1,53.942,94.76,44,-67
6e4df5ec-27af-4ac5-8c70-55d9534fbbdf-9,EDC_BS6_PERIODIC,2025-11-25 09:37:37,2025-11-25 09:38:29,18.9184064,73.3209088,25013,1653,FixOK,A,OaG6CT0303,G130b15425,"Karjat Chowk Road, Karjat Char Phata Rd, near Karjat Hotel, Halivali, Karjat, Maharashtra 410201, India",15268.125,23.64,IgnitionOn,1,56.972,96.01,44,-67
6e4df5ec-27af-4ac5-8c70-55d9534fbbdf-8,EDC_BS6_PERIODIC,2025-11-25 09:37:43,2025-11-25 09:38:29,18.91836,73.321312,25014,1653,FixOK,A,OaG6CT0303,G130b15425,"Karjat Chowk Road, Karjat Char Phata Rd, near Karjat Hotel, Halivali, Karjat, Maharashtra 410201, India",15268.25,27.39,IgnitionOn,1,59.194,95.23,43,-67
6e4df5ec-27af-4ac5-8c70-55d9534fbbdf-7,EDC_BS6_PERIODIC,2025-11-25 09:37:49,2025-11-25 09:38:29,18.91832,73.321728,25015,1653,FixOK,A,OaG6CT0303,G130b15425,"Karjat Chowk Road, Karjat Char Phata Rd, near Karjat Hotel, Halivali, Karjat, Maharashtra 410201, India",15268.25,26.9,IgnitionOn,1,59.349,96.69,44,-67
6e4df5ec-27af-4ac5-8c70-55d9534fbbdf-6,BRAKE_PRESSED,2025-11-25 09:37:54,2025-11-25 09:38:29,18.9182752,73.3221504,37442,1653,FixOK,,OaG6CT0303,G130b15425,"Karjat Chowk Road, Karjat Char Phata Rd, near Karjat Hotel, Halivali, Karjat, Maharashtra 410201, India",0,28.54,IgnitionOn,1,,,,
6e4df5ec-27af-4ac5-8c70-55d9534fbbdf-5,EDC_BS6_PERIODIC,2025-11-25 09:37:55,2025-11-25 09:38:29,18.9182752,73.3221504,25016,1653,FixOK,A,OaG6CT0303,G130b15425,"Karjat Chowk Road, Karjat Char Phata Rd, near Karjat Hotel, Halivali, Karjat, Maharashtra 410201, India",15268.375,34.27,IgnitionOn,1,58.078,96.63,46,-67
6e4df5ec-27af-4ac5-8c70-55d9534fbbdf-4,EDC_BS6_PERIODIC,2025-11-25 09:38:01,2025-11-25 09:38:29,18.9182752,73.3221504,25017,1653,FixOK,A,OaG6CT0303,G130b15425,"Karjat Chowk Road, Karjat Char Phata Rd, near Karjat Hotel, Halivali, Karjat, Maharashtra 410201, India",15268.375,28.54,IgnitionOn,1,58.078,96.81,46,-67
6e4df5ec-27af-4ac5-8c70-55d9534fbbdf-3,EDC_BS6_PERIODIC,2025-11-25 09:38:07,2025-11-25 09:38:29,18.918128,73.3235456,25018,1653,FixOK,A,OaG6CT0303,G130b15425,"Karjat Chowk Road, Karjat Char Phata Rd, near Karjat Hotel, Halivali, Karjat, Maharashtra 410201, India",15268.375,24.84,IgnitionOn,1,53.895,96.81,46,-67
6e4df5ec-27af-4ac5-8c70-55d9534fbbdf-2,EDC_BS6_PERIODIC,2025-11-25 09:38:13,2025-11-25 09:38:29,18.918072,73.3240576,25019,1653,FixOK,A,OaG6CT0303,G130b15425,"Karjat Chowk Road, Karjat Char Phata Rd, near Karjat Hotel, Halivali, Karjat, Maharashtra 410201, India",15268.5,32.88,IgnitionOn,1,52.418,96.44,45,-67
6e4df5ec-27af-4ac5-8c70-55d9534fbbdf-1,EDC_BS6_PERIODIC,2025-11-25 09:38:19,2025-11-25 09:38:29,18.9180288,73.3245056,25020,1653,FixOK,A,OaG6CT0303,G130b15425,"Karjat Chowk Road, Karjat Char Phata Rd, near Karjat Hotel, Halivali, Karjat, Maharashtra 410201, India",15268.5,31,IgnitionOn,1,51.662,95.94,45,-67
d1d4b031-ed1d-4ec5-8b25-3dd4442adaef-5,EDC_BS6_PERIODIC,2025-11-25 09:38:25,2025-11-25 09:41:59,18.917968,73.3248768,25021,1653,FixOK,A,OaG6CT0303,G130b15425,"Vatvruksh, Mudare, Gurunagar, Karjat, Maharashtra 410201, India",15268.625,28.37,IgnitionOn,1,51.064,99.8,46,-67
d1d4b031-ed1d-4ec5-8b25-3dd4442adaef-4,EDC_BS6_PERIODIC,2025-11-25 09:38:31,2025-11-25 09:41:59,18.9178528,73.32528,25022,1653,FixOK,A,OaG6CT0303,G130b15425,"Vatvruksh, Mudare, Gurunagar, Karjat, Maharashtra 410201, India",15268.625,27.73,IgnitionOn,1,49.257,106.61,46,-67
d9f8adc4-34a9-4d01-8701-8468d53157b9-10,EDC_BS6_PERIODIC,2025-11-25 09:38:37,2025-11-25 09:39:30,18.9176352,73.3256832,25023,1653,FixOK,A,OaG6CT0303,G130b15425,"W899+CWG, Bhisegaon, Karjat, Maharashtra 410201, India",15268.625,28.91,IgnitionOn,1,49.395,120.01,46,-67
d9f8adc4-34a9-4d01-8701-8468d53157b9-9,EDC_BS6_PERIODIC,2025-11-25 09:38:43,2025-11-25 09:39:30,18.917408,73.3260032,25024,1653,FixOK,A,OaG6CT0303,G130b15425,"W899+CWG, Bhisegaon, Karjat, Maharashtra 410201, India",15268.75,28.59,IgnitionOn,1,48.971,131.02,45,-67
d9f8adc4-34a9-4d01-8701-8468d53157b9-8,EDC_BS6_PERIODIC,2025-11-25 09:38:49,2025-11-25 09:39:30,18.917184,73.3262208,25025,1653,FixOK,A,OaG6CT0303,G130b15425,"W899+CWG, Bhisegaon, Karjat, Maharashtra 410201, India",15268.75,14.87,IgnitionOn,1,48.872,138.16,43,-67
d9f8adc4-34a9-4d01-8701-8468d53157b9-7,EDC_BS6_PERIODIC,2025-11-25 09:38:55,2025-11-25 09:39:30,18.916832,73.3265024,25026,1653,FixOK,A,OaG6CT0303,G130b15425,"W899+CWG, Bhisegaon, Karjat, Maharashtra 410201, India",15268.75,28.19,IgnitionOn,1,48.539,143.47,44,-67
d9f8adc4-34a9-4d01-8701-8468d53157b9-6,BRAKE_PRESSED,2025-11-25 09:38:57,2025-11-25 09:39:30,18.916712,73.3265856,37443,1653,FixOK,,OaG6CT0303,G130b15425,"W899+CWG, Bhisegaon, Karjat, Maharashtra 410201, India",0,14.67,IgnitionOn,1,,,,
d9f8adc4-34a9-4d01-8701-8468d53157b9-5,EDC_BS6_PERIODIC,2025-11-25 09:39:01,2025-11-25 09:39:30,18.9165888,73.326656,25027,1653,FixOK,A,OaG6CT0303,G130b15425,"W899+CWG, Bhisegaon, Karjat, Maharashtra 410201, India",15268.875,28.95,IgnitionOn,1,48.125,149.27,44,-67
d9f8adc4-34a9-4d01-8701-8468d53157b9-4,EDC_BS6_PERIODIC,2025-11-25 09:39:07,2025-11-25 09:39:30,18.9162944,73.326816,25028,1653,FixOK,A,OaG6CT0303,G130b15425,"W899+CWG, Bhisegaon, Karjat, Maharashtra 410201, India",15268.875,14.34,IgnitionOn,1,48.388,151.75,45,-67
d9f8adc4-34a9-4d01-8701-8468d53157b9-3,EDC_BS6_PERIODIC,2025-11-25 09:39:13,2025-11-25 09:39:30,18.915952,73.326976,25029,1653,FixOK,A,OaG6CT0303,G130b15425,"W899+CWG, Bhisegaon, Karjat, Maharashtra 410201, India",15268.875,26.98,IgnitionOn,1,48.383,157.89,44,-67
d9f8adc4-34a9-4d01-8701-8468d53157b9-2,BRAKE_PRESSED,2025-11-25 09:39:17,2025-11-25 09:39:30,18.9157728,73.3270464,37444,1653,FixOK,,OaG6CT0303,G130b15425,"W899+CWG, Bhisegaon, Karjat, Maharashtra 410201, India",0,12.21,IgnitionOn,1,,,,
d9f8adc4-34a9-4d01-8701-8468d53157b9-1,EDC_BS6_PERIODIC,2025-11-25 09:39:19,2025-11-25 09:39:30,18.9157056,73.3270784,25030,1653,FixOK,A,OaG6CT0303,G130b15425,"W899+CWG, Bhisegaon, Karjat, Maharashtra 410201, India",15269,21.28,IgnitionOn,1,48.596,159.61,45,-67
d1d4b031-ed1d-4ec5-8b25-3dd4442adaef-3,EDC_BS6_PERIODIC,2025-11-25 09:39:25,2025-11-25 09:41:59,18.9155552,73.3271552,25031,1653,FixOK,A,OaG6CT0303,G130b15425,"W87H+J2R, Chauk - Karjat - Murbad Rd, Mudre, Karjat, Maharashtra 410201, India",15269,7.61,IgnitionOn,1,48.674,154.36,44,-67
d1d4b031-ed1d-4ec5-8b25-3dd4442adaef-2,EDC_BS6_PERIODIC,2025-11-25 09:39:31,2025-11-25 09:41:59,18.9153344,73.3272576,25032,1653,FixOK,A,OaG6CT0303,G130b15425,"W87H+J2R, Chauk - Karjat - Murbad Rd, Mudre, Karjat, Maharashtra 410201, India",15269,16.19,IgnitionOn,1,47.902,156.63,46,-67
d1d4b031-ed1d-4ec5-8b25-3dd4442adaef-1,EXHAUST_BRAKE_ON_START,2025-11-25 09:39:33,2025-11-25 09:41:59,18.915288,73.3272832,37445,1653,FixOK,,OaG6CT0303,G130b15425,"W87H+J2R, Chauk - Karjat - Murbad Rd, Mudre, Karjat, Maharashtra 410201, India",0,20.7,IgnitionOn,1,,,,
e4d726a5-d5bd-461e-b1e9-f135c9f78b9a-1,EXHAUST_BRAKE_ON_END,2025-11-25 09:39:34,2025-11-25 09:53:29,18.9152384,73.3273024,37446,1653,FixOK,,OaG6CT0303,G130b15425,"Lakran Karjat, Shop No 1, Karjat, Maharashtra 410201, India",0,18.33,IgnitionOn,1,,,,
477d068c-e065-4023-b46f-8cbaa2ae3e46-10,EDC_BS6_PERIODIC,2025-11-25 09:39:37,2025-11-25 09:40:31,18.915064,73.3273856,25033,1653,FixOK,A,OaG6CT0303,G130b15425,"W89C+8PC Bridge, Chauk - Karjat - Murbad Rd, Halivali, Karjat, Maharashtra 410201, India",15269,19.89,IgnitionOn,1,47.465,155.66,45,-67
477d068c-e065-4023-b46f-8cbaa2ae3e46-9,EDC_BS6_PERIODIC,2025-11-25 09:39:43,2025-11-25 09:40:31,18.9149024,73.327456,25034,1653,FixOK,A,OaG6CT0303,G130b15425,"W89C+8PC Bridge, Chauk - Karjat - Murbad Rd, Halivali, Karjat, Maharashtra 410201, India",15269.125,13.18,IgnitionOn,1,46.437,152.27,46,-67
477d068c-e065-4023-b46f-8cbaa2ae3e46-8,EDC_BS6_PERIODIC,2025-11-25 09:39:49,2025-11-25 09:40:31,18.914752,73.3275264,25035,1653,FixOK,A,OaG6CT0303,G130b15425,"W89C+8PC Bridge, Chauk - Karjat - Murbad Rd, Halivali, Karjat, Maharashtra 410201, India",15269.125,15.55,IgnitionOn,1,45.446,158.5,46,-67
477d068c-e065-4023-b46f-8cbaa2ae3e46-7,EDC_BS6_PERIODIC,2025-11-25 09:39:55,2025-11-25 09:40:31,18.9144672,73.327648,25036,1653,FixOK,A,OaG6CT0303,G130b15425,"W89C+8PC Bridge, Chauk - Karjat - Murbad Rd, Halivali, Karjat, Maharashtra 410201, India",15269.125,15.34,IgnitionOn,1,46.027,156.97,46,-67
477d068c-e065-4023-b46f-8cbaa2ae3e46-6,EDC_BS6_PERIODIC,2025-11-25 09:40:01,2025-11-25 09:40:31,18.914152,73.3277952,25037,1653,FixOK,A,OaG6CT0303,G130b15425,"W89C+8PC Bridge, Chauk - Karjat - Murbad Rd, Halivali, Karjat, Maharashtra 410201, India",15269.125,26.53,IgnitionOn,1,45.965,157.08,46,-67
477d068c-e065-4023-b46f-8cbaa2ae3e46-5,EDC_BS6_PERIODIC,2025-11-25 09:40:07,2025-11-25 09:40:31,18.9137568,73.3278976,25038,1653,FixOK,A,OaG6CT0303,G130b15425,"W89C+8PC Bridge, Chauk - Karjat - Murbad Rd, Halivali, Karjat, Maharashtra 410201, India",15269.25,26.73,IgnitionOn,1,46.608,161.61,46,-67
477d068c-e065-4023-b46f-8cbaa2ae3e46-4,EDC_BS6_PERIODIC,2025-11-25 09:40:13,2025-11-25 09:40:31,18.913312,73.3278848,25039,1653,FixOK,A,OaG6CT0303,G130b15425,"W89C+8PC Bridge, Chauk - Karjat - Murbad Rd, Halivali, Karjat, Maharashtra 410201, India",15269.25,28.16,IgnitionOn,1,46.848,185.41,46,-67
477d068c-e065-4023-b46f-8cbaa2ae3e46-3,EDC_BS6_PERIODIC,2025-11-25 09:40:19,2025-11-25 09:40:31,18.912848,73.3278592,25040,1653,FixOK,A,OaG6CT0303,G130b15425,"W89C+8PC Bridge, Chauk - Karjat - Murbad Rd, Halivali, Karjat, Maharashtra 410201, India",15269.25,31.01,IgnitionOn,1,47.383,181.85,47,-55
477d068c-e065-4023-b46f-8cbaa2ae3e46-2,BRAKE_PRESSED,2025-11-25 09:40:20,2025-11-25 09:40:31,18.912776,73.3278592,37447,1653,FixOK,,OaG6CT0303,G130b15425,"W89C+8PC Bridge, Chauk - Karjat - Murbad Rd, Halivali, Karjat, Maharashtra 410201, India",0,17.45,IgnitionOn,1,,,,
477d068c-e065-4023-b46f-8cbaa2ae3e46-1,EDC_BS6_PERIODIC,2025-11-25 09:40:25,2025-11-25 09:40:31,18.9125408,73.3278464,25041,1653,FixOK,A,OaG6CT0303,G130b15425,"W89C+8PC Bridge, Chauk - Karjat - Murbad Rd, Halivali, Karjat, Maharashtra 410201, India",15269.375,25.77,IgnitionOn,1,47.456,180.77,46,-55
e4d726a5-d5bd-461e-b1e9-f135c9f78b9a-2,EDC_BS6_PERIODIC,2025-11-25 09:40:31,2025-11-25 09:53:29,18.912344,73.327872,25042,1653,FixOK,A,OaG6CT0303,G130b15425,"Lakran Karjat, Shop No 1, Karjat, Maharashtra 410201, India",15269.375,9.1,IgnitionOn,1,47.505,177.16,45,-55
709721ce-02f1-4c3d-bfa4-7be3581f8cb8-10,EDC_BS6_PERIODIC,2025-11-25 09:40:37,2025-11-25 09:41:32,18.912,73.327904,25043,1653,FixOK,A,OaG6CT0303,G130b15425,"W87H+J2R, Chauk - Karjat - Murbad Rd, Mudre, Karjat, Maharashtra 410201, India",15269.375,22.46,IgnitionOn,1,47.212,175.16,47,-55
709721ce-02f1-4c3d-bfa4-7be3581f8cb8-9,EDC_BS6_PERIODIC,2025-11-25 09:40:43,2025-11-25 09:41:32,18.9116512,73.3279488,25044,1653,FixOK,A,OaG6CT0303,G130b15425,"W87H+J2R, Chauk - Karjat - Murbad Rd, Mudre, Karjat, Maharashtra 410201, India",15269.5,23.48,IgnitionOn,1,47.755,171.86,46,-55
709721ce-02f1-4c3d-bfa4-7be3581f8cb8-8,BRAKE_PRESSED,2025-11-25 09:40:49,2025-11-25 09:41:32,18.9113664,73.328,37448,1653,FixOK,,OaG6CT0303,G130b15425,"W87H+J2R, Chauk - Karjat - Murbad Rd, Mudre, Karjat, Maharashtra 410201, India",0,11.4,IgnitionOn,1,,,,
709721ce-02f1-4c3d-bfa4-7be3581f8cb8-7,EDC_BS6_PERIODIC,2025-11-25 09:40:49,2025-11-25 09:41:32,18.9113664,73.328,25045,1653,FixOK,A,OaG6CT0303,G130b15425,"W87H+J2R, Chauk - Karjat - Murbad Rd, Mudre, Karjat, Maharashtra 410201, India",15269.5,20.33,IgnitionOn,1,48.182,168.38,45,-55
709721ce-02f1-4c3d-bfa4-7be3581f8cb8-6,EDC_BS6_PERIODIC,2025-11-25 09:40:55,2025-11-25 09:41:32,18.9112128,73.3280384,25046,1653,FixOK,A,OaG6CT0303,G130b15425,"W87H+J2R, Chauk - Karjat - Murbad Rd, Mudre, Karjat, Maharashtra 410201, India",15269.5,15.29,IgnitionOn,1,50.351,158.57,45,-55
709721ce-02f1-4c3d-bfa4-7be3581f8cb8-5,EDC_BS6_PERIODIC,2025-11-25 09:41:01,2025-11-25 09:41:32,18.9111104,73.328064,25047,1653,FixOK,A,OaG6CT0303,G130b15425,"W87H+J2R, Chauk - Karjat - Murbad Rd, Mudre, Karjat, Maharashtra 410201, India",15269.5,4.28,IgnitionOn,1,51.826,162.49,46,-55
709721ce-02f1-4c3d-bfa4-7be3581f8cb8-4,EDC_BS6_PERIODIC,2025-11-25 09:41:07,2025-11-25 09:41:32,18.9109904,73.328096,25048,1653,FixOK,A,OaG6CT0303,G130b15425,"W87H+J2R, Chauk - Karjat - Murbad Rd, Mudre, Karjat, Maharashtra 410201, India",15269.5,8.77,IgnitionOn,1,52.493,168,45,-55
709721ce-02f1-4c3d-bfa4-7be3581f8cb8-3,EDC_BS6_PERIODIC,2025-11-25 09:41:13,2025-11-25 09:41:32,18.9108624,73.3281152,25049,1653,FixOK,A,OaG6CT0303,G130b15425,"W87H+J2R, Chauk - Karjat - Murbad Rd, Mudre, Karjat, Maharashtra 410201, India",15269.5,9.07,IgnitionOn,1,52.145,173.53,46,-55
709721ce-02f1-4c3d-bfa4-7be3581f8cb8-2,EDC_BS6_PERIODIC,2025-11-25 09:41:19,2025-11-25 09:41:32,18.910712,73.3281408,25050,1653,FixOK,A,OaG6CT0303,G130b15425,"W87H+J2R, Chauk - Karjat - Murbad Rd, Mudre, Karjat, Maharashtra 410201, India",15269.625,8.38,IgnitionOn,1,52.271,174.05,47,-55
709721ce-02f1-4c3d-bfa4-7be3581f8cb8-1,EDC_BS6_PERIODIC,2025-11-25 09:41:25,2025-11-25 09:41:32,18.910544,73.3281792,25051,1653,FixOK,A,OaG6CT0303,G130b15425,"W87H+J2R, Chauk - Karjat - Murbad Rd, Mudre, Karjat, Maharashtra 410201, India",15269.625,13.7,IgnitionOn,1,52.485,168.92,47,-55
e4d726a5-d5bd-461e-b1e9-f135c9f78b9a-3,EDC_BS6_PERIODIC,2025-11-25 09:41:31,2025-11-25 09:53:29,18.9104928,73.328192,25052,1653,FixOK,A,OaG6CT0303,G130b15425,"Lakran Karjat, Shop No 1, Karjat, Maharashtra 410201, India",15269.625,4.71,IgnitionOn,1,53.006,167.71,47,-55
fa99b2d6-c190-4f91-ac79-91ba4d98fb8a-10,EDC_BS6_PERIODIC,2025-11-25 09:41:37,2025-11-25 09:42:33,18.910424,73.3282304,25053,1653,FixOK,A,OaG6CT0303,G130b15425,"Shop No, 1, Karjat - Chowk Rd, near by Royal Garden, Gurunagar, Karjat, Maharashtra 410201, India",15269.625,4.8,IgnitionOn,1,53.562,167.71,47,-55
fa99b2d6-c190-4f91-ac79-91ba4d98fb8a-9,EDC_BS6_PERIODIC,2025-11-25 09:41:43,2025-11-25 09:42:33,18.910336,73.3282944,25054,1653,FixOK,A,OaG6CT0303,G130b15425,"Shop No, 1, Karjat - Chowk Rd, near by Royal Garden, Gurunagar, Karjat, Maharashtra 410201, India",15269.625,6.5299997,IgnitionOn,1,54.236,134.22,47,-55
fa99b2d6-c190-4f91-ac79-91ba4d98fb8a-8,EDC_BS6_PERIODIC,2025-11-25 09:41:49,2025-11-25 09:42:33,18.9102912,73.3283584,25055,1653,FixOK,A,OaG6CT0303,G130b15425,"Shop No, 1, Karjat - Chowk Rd, near by Royal Garden, Gurunagar, Karjat, Maharashtra 410201, India",15269.625,6.85,IgnitionOn,1,54.361,134.22,47,-55
fa99b2d6-c190-4f91-ac79-91ba4d98fb8a-7,GPS_MESSAGE,2025-11-25 09:41:54,2025-11-25 09:42:33,18.9102896,73.3283712,,1653,3DFix,,OaG6CT0303,G130b15425,"Shop No, 1, Karjat - Chowk Rd, near by Royal Garden, Gurunagar, Karjat, Maharashtra 410201, India",0,,IgnitionOn,1,54,12,47,
fa99b2d6-c190-4f91-ac79-91ba4d98fb8a-6,EDC_BS6_PERIODIC,2025-11-25 09:41:55,2025-11-25 09:42:33,18.9102896,73.3283712,25056,1653,FixOK,A,OaG6CT0303,G130b15425,"Shop No, 1, Karjat - Chowk Rd, near by Royal Garden, Gurunagar, Karjat, Maharashtra 410201, India",15269.625,0,IgnitionOn,1,54.368,134.22,46,-55
fa99b2d6-c190-4f91-ac79-91ba4d98fb8a-5,EDC_BS6_PERIODIC,2025-11-25 09:42:01,2025-11-25 09:42:33,18.910248,73.3284544,25057,1653,FixOK,A,OaG6CT0303,G130b15425,"Shop No, 1, Karjat - Chowk Rd, near by Royal Garden, Gurunagar, Karjat, Maharashtra 410201, India",15269.625,6.26,IgnitionOn,1,54.3,134.22,47,-55
fa99b2d6-c190-4f91-ac79-91ba4d98fb8a-4,EDC_BS6_PERIODIC,2025-11-25 09:42:07,2025-11-25 09:42:33,18.9102528,73.3285056,25058,1653,FixOK,A,OaG6CT0303,G130b15425,"Shop No, 1, Karjat - Chowk Rd, near by Royal Garden, Gurunagar, Karjat, Maharashtra 410201, India",15269.625,2.53,IgnitionOn,1,54.349,134.22,49,-55
fa99b2d6-c190-4f91-ac79-91ba4d98fb8a-3,EDC_BS6_PERIODIC,2025-11-25 09:42:13,2025-11-25 09:42:33,18.9102784,73.3285888,25059,1653,FixOK,A,OaG6CT0303,G130b15425,"Shop No, 1, Karjat - Chowk Rd, near by Royal Garden, Gurunagar, Karjat, Maharashtra 410201, India",15269.625,5.71,IgnitionOn,1,54.481,134.22,47,-55
fa99b2d6-c190-4f91-ac79-91ba4d98fb8a-2,EDC_BS6_PERIODIC,2025-11-25 09:42:19,2025-11-25 09:42:33,18.9102976,73.3286272,25060,1653,FixOK,A,OaG6CT0303,G130b15425,"Shop No, 1, Karjat - Chowk Rd, near by Royal Garden, Gurunagar, Karjat, Maharashtra 410201, India",15269.625,4.2,IgnitionOn,1,54.61,134.22,47,-55
fa99b2d6-c190-4f91-ac79-91ba4d98fb8a-1,EDC_BS6_PERIODIC,2025-11-25 09:42:25,2025-11-25 09:42:33,18.9102976,73.3286272,25061,1653,FixOK,A,OaG6CT0303,G130b15425,"Shop No, 1, Karjat - Chowk Rd, near by Royal Garden, Gurunagar, Karjat, Maharashtra 410201, India",15269.625,0,IgnitionOn,1,54.61,134.22,47,-55
e4d726a5-d5bd-461e-b1e9-f135c9f78b9a-4,EDC_BS6_PERIODIC,2025-11-25 09:42:31,2025-11-25 09:53:29,18.910344,73.3287168,25062,1653,FixOK,A,OaG6CT0303,G130b15425,"Lakran Karjat, Shop No 1, Karjat, Maharashtra 410201, India",15269.625,5.82,IgnitionOn,1,54.108,66.63,47,-55
e4d726a5-d5bd-461e-b1e9-f135c9f78b9a-5,BRAKE_PRESSED,2025-11-25 09:42:32,2025-11-25 09:53:29,18.910352,73.3287424,37449,1653,FixOK,,OaG6CT0303,G130b15425,"Lakran Karjat, Shop No 1, Karjat, Maharashtra 410201, India",0,4.28,IgnitionOn,1,,,,
576d32fe-16f3-4ac6-9ba7-1d105ece395b-10,EDC_BS6_PERIODIC,2025-11-25 09:42:37,2025-11-25 09:43:34,18.9103776,73.3288192,25063,1653,FixOK,A,OaG6CT0303,G130b15425,"Shop No, 1, Karjat - Chowk Rd, near by Royal Garden, Gurunagar, Karjat, Maharashtra 410201, India",15269.625,7.96,IgnitionOn,1,54.293,66.63,47,-55
576d32fe-16f3-4ac6-9ba7-1d105ece395b-9,EDC_BS6_PERIODIC,2025-11-25 09:42:43,2025-11-25 09:43:34,18.9104096,73.328896,25064,1653,FixOK,A,OaG6CT0303,G130b15425,"Shop No, 1, Karjat - Chowk Rd, near by Royal Garden, Gurunagar, Karjat, Maharashtra 410201, India",15269.75,6.41,IgnitionOn,1,53.842,62.22,48,-55
576d32fe-16f3-4ac6-9ba7-1d105ece395b-8,EDC_BS6_PERIODIC,2025-11-25 09:42:49,2025-11-25 09:43:34,18.910448,73.3289856,25065,1653,FixOK,A,OaG6CT0303,G130b15425,"Shop No, 1, Karjat - Chowk Rd, near by Royal Garden, Gurunagar, Karjat, Maharashtra 410201, India",15269.75,6.04,IgnitionOn,1,53.49,64.97,46,-55
576d32fe-16f3-4ac6-9ba7-1d105ece395b-7,EDC_BS6_PERIODIC,2025-11-25 09:42:55,2025-11-25 09:43:34,18.9105024,73.3291392,25066,1653,FixOK,A,OaG6CT0303,G130b15425,"Shop No, 1, Karjat - Chowk Rd, near by Royal Garden, Gurunagar, Karjat, Maharashtra 410201, India",15269.75,9.33,IgnitionOn,1,53.463,67.02,48,-55
576d32fe-16f3-4ac6-9ba7-1d105ece395b-6,EDC_BS6_PERIODIC,2025-11-25 09:43:01,2025-11-25 09:43:34,18.910552,73.3292672,25067,1653,FixOK,A,OaG6CT0303,G130b15425,"Shop No, 1, Karjat - Chowk Rd, near by Royal Garden, Gurunagar, Karjat, Maharashtra 410201, India",15269.75,11.57,IgnitionOn,1,53.45,69.59,48,-55
576d32fe-16f3-4ac6-9ba7-1d105ece395b-5,EDC_BS6_PERIODIC,2025-11-25 09:43:07,2025-11-25 09:43:34,18.9106048,73.3294016,25068,1653,FixOK,A,OaG6CT0303,G130b15425,"Shop No, 1, Karjat - Chowk Rd, near by Royal Garden, Gurunagar, Karjat, Maharashtra 410201, India",15269.75,8.92,IgnitionOn,1,53.201,66.73,46,-55
576d32fe-16f3-4ac6-9ba7-1d105ece395b-4,EDC_BS6_PERIODIC,2025-11-25 09:43:13,2025-11-25 09:43:34,18.9106656,73.3295616,25069,1653,FixOK,A,OaG6CT0303,G130b15425,"Shop No, 1, Karjat - Chowk Rd, near by Royal Garden, Gurunagar, Karjat, Maharashtra 410201, India",15269.75,10.11,IgnitionOn,1,53.184,68.58,47,-55
576d32fe-16f3-4ac6-9ba7-1d105ece395b-3,EDC_BS6_PERIODIC,2025-11-25 09:43:19,2025-11-25 09:43:34,18.9107168,73.3296896,25070,1653,FixOK,A,OaG6CT0303,G130b15425,"Shop No, 1, Karjat - Chowk Rd, near by Royal Garden, Gurunagar, Karjat, Maharashtra 410201, India",15269.75,7.7,IgnitionOn,1,52.386,64.58,47,-55
576d32fe-16f3-4ac6-9ba7-1d105ece395b-2,EDC_BS6_PERIODIC,2025-11-25 09:43:25,2025-11-25 09:43:34,18.9107696,73.3298048,25071,1653,FixOK,A,OaG6CT0303,G130b15425,"Shop No, 1, Karjat - Chowk Rd, near by Royal Garden, Gurunagar, Karjat, Maharashtra 410201, India",15269.75,7.02,IgnitionOn,1,51.151,60.38,48,-55
576d32fe-16f3-4ac6-9ba7-1d105ece395b-1,BRAKE_PRESSED,2025-11-25 09:43:27,2025-11-25 09:43:34,18.9108,73.3298816,37450,1653,FixOK,,OaG6CT0303,G130b15425,"Shop No, 1, Karjat - Chowk Rd, near by Royal Garden, Gurunagar, Karjat, Maharashtra 410201, India",0,10.15,IgnitionOn,1,,,,
e4d726a5-d5bd-461e-b1e9-f135c9f78b9a-6,EDC_BS6_PERIODIC,2025-11-25 09:43:31,2025-11-25 09:53:29,18.9108496,73.3300416,25072,1653,FixOK,A,OaG6CT0303,G130b15425,"Lakran Karjat, Shop No 1, Karjat, Maharashtra 410201, India",15269.875,15.67,IgnitionOn,1,50.486,69.56,49,-55
e4d726a5-d5bd-461e-b1e9-f135c9f78b9a-7,EDC_BS6_PERIODIC,2025-11-25 09:43:37,2025-11-25 09:53:29,18.91088,73.330208,25073,1653,FixOK,A,OaG6CT0303,G130b15425,"Lakran Karjat, Shop No 1, Karjat, Maharashtra 410201, India",15269.875,10.6,IgnitionOn,1,49.805,79.44,49,-55
66b5ec47-50ac-4f74-a8fd-decab694c3bd-10,EDC_BS6_PERIODIC,2025-11-25 09:43:43,2025-11-25 09:44:35,18.9109312,73.3305024,25074,1653,FixOK,A,OaG6CT0303,G130b15425,"1, Mudre Budruk Rd, opp. Relaince Petrolpump, Mudre, Karjat, Maharashtra 410201, India",15269.875,19.81,IgnitionOn,1,50.258,79.44,48,-55
66b5ec47-50ac-4f74-a8fd-decab694c3bd-9,EDC_BS6_PERIODIC,2025-11-25 09:43:49,2025-11-25 09:44:35,18.911032,73.3308032,25075,1653,FixOK,A,OaG6CT0303,G130b15425,"1, Mudre Budruk Rd, opp. Relaince Petrolpump, Mudre, Karjat, Maharashtra 410201, India",15269.875,19.81,IgnitionOn,1,50.06,60.36,47,-55
66b5ec47-50ac-4f74-a8fd-decab694c3bd-8,EDC_BS6_PERIODIC,2025-11-25 09:43:55,2025-11-25 09:44:35,18.9113696,73.3310848,25076,1653,FixOK,A,OaG6CT0303,G130b15425,"1, Mudre Budruk Rd, opp. Relaince Petrolpump, Mudre, Karjat, Maharashtra 410201, India",15270,30.16,IgnitionOn,1,51.681,34.68,45,-55
66b5ec47-50ac-4f74-a8fd-decab694c3bd-7,BRAKE_PRESSED,2025-11-25 09:43:59,2025-11-25 09:44:35,18.9115936,73.3312576,37451,1653,FixOK,,OaG6CT0303,G130b15425,"1, Mudre Budruk Rd, opp. Relaince Petrolpump, Mudre, Karjat, Maharashtra 410201, India",0,22.51,IgnitionOn,1,,,,
66b5ec47-50ac-4f74-a8fd-decab694c3bd-6,EDC_BS6_PERIODIC,2025-11-25 09:44:01,2025-11-25 09:44:35,18.9117152,73.3313344,25077,1653,FixOK,A,OaG6CT0303,G130b15425,"1, Mudre Budruk Rd, opp. Relaince Petrolpump, Mudre, Karjat, Maharashtra 410201, India",15270,28.13,IgnitionOn,1,51.861,38.15,47,-55
66b5ec47-50ac-4f74-a8fd-decab694c3bd-5,EDC_BS6_PERIODIC,2025-11-25 09:44:07,2025-11-25 09:44:35,18.911984,73.3315328,25078,1653,FixOK,A,OaG6CT0303,G130b15425,"1, Mudre Budruk Rd, opp. Relaince Petrolpump, Mudre, Karjat, Maharashtra 410201, India",15270,19.22,IgnitionOn,1,51.727,35.63,49,-55
66b5ec47-50ac-4f74-a8fd-decab694c3bd-4,EDC_BS6_PERIODIC,2025-11-25 09:44:13,2025-11-25 09:44:35,18.9121888,73.3317056,25079,1653,FixOK,A,OaG6CT0303,G130b15425,"1, Mudre Budruk Rd, opp. Relaince Petrolpump, Mudre, Karjat, Maharashtra 410201, India",15270.125,16.33,IgnitionOn,1,50.384,36.09,48,-55
66b5ec47-50ac-4f74-a8fd-decab694c3bd-3,EDC_BS6_PERIODIC,2025-11-25 09:44:19,2025-11-25 09:44:35,18.9124192,73.331872,25080,1653,FixOK,A,OaG6CT0303,G130b15425,"1, Mudre Budruk Rd, opp. Relaince Petrolpump, Mudre, Karjat, Maharashtra 410201, India",15270.125,18.95,IgnitionOn,1,49.693,31.12,48,-55
66b5ec47-50ac-4f74-a8fd-decab694c3bd-2,BRAKE_PRESSED,2025-11-25 09:44:23,2025-11-25 09:44:35,18.9126656,73.3320832,37452,1653,FixOK,,OaG6CT0303,G130b15425,"1, Mudre Budruk Rd, opp. Relaince Petrolpump, Mudre, Karjat, Maharashtra 410201, India",0,23.34,IgnitionOn,1,,,,
66b5ec47-50ac-4f74-a8fd-decab694c3bd-1,EDC_BS6_PERIODIC,2025-11-25 09:44:25,2025-11-25 09:44:35,18.912784,73.332192,25081,1653,FixOK,A,OaG6CT0303,G130b15425,"1, Mudre Budruk Rd, opp. Relaince Petrolpump, Mudre, Karjat, Maharashtra 410201, India",15270.125,32.84,IgnitionOn,1,49.161,41.49,47,-55
e4d726a5-d5bd-461e-b1e9-f135c9f78b9a-8,EDC_BS6_PERIODIC,2025-11-25 09:44:31,2025-11-25 09:53:29,18.9129936,73.332416,25082,1653,FixOK,A,OaG6CT0303,G130b15425,"Lakran Karjat, Shop No 1, Karjat, Maharashtra 410201, India",15270.25,20.75,IgnitionOn,1,48.082,46.38,49,-55
6388b6e3-96b9-4b5a-9b34-39f05beed397-10,EDC_BS6_PERIODIC,2025-11-25 09:44:37,2025-11-25 09:45:36,18.9131136,73.332544,25083,1653,FixOK,A,OaG6CT0303,G130b15425,"W86H+5QR Shreerampool Bridge, Chauk - Karjat - Murbad Rd, Aamrai, Karjat, Maharashtra 410201, India",15270.25,10.76,IgnitionOn,1,48.217,43.66,47,-55
6388b6e3-96b9-4b5a-9b34-39f05beed397-9,EDC_BS6_PERIODIC,2025-11-25 09:44:43,2025-11-25 09:45:36,18.913264,73.3327104,25084,1653,FixOK,A,OaG6CT0303,G130b15425,"W86H+5QR Shreerampool Bridge, Chauk - Karjat - Murbad Rd, Aamrai, Karjat, Maharashtra 410201, India",15270.25,16.59,IgnitionOn,1,47.91,46.81,48,-55
6388b6e3-96b9-4b5a-9b34-39f05beed397-8,EDC_BS6_PERIODIC,2025-11-25 09:44:49,2025-11-25 09:45:36,18.9134048,73.3328704,25085,1653,FixOK,A,OaG6CT0303,G130b15425,"W86H+5QR Shreerampool Bridge, Chauk - Karjat - Murbad Rd, Aamrai, Karjat, Maharashtra 410201, India",15270.25,10.76,IgnitionOn,1,48.439,44.77,48,-55
6388b6e3-96b9-4b5a-9b34-39f05beed397-7,EDC_BS6_PERIODIC,2025-11-25 09:44:55,2025-11-25 09:45:36,18.9135328,73.3329792,25086,1653,FixOK,A,OaG6CT0303,G130b15425,"W86H+5QR Shreerampool Bridge, Chauk - Karjat - Murbad Rd, Aamrai, Karjat, Maharashtra 410201, India",15270.25,11.68,IgnitionOn,1,48.459,35.79,47,-55
6388b6e3-96b9-4b5a-9b34-39f05beed397-6,EDC_BS6_PERIODIC,2025-11-25 09:45:01,2025-11-25 09:45:36,18.9136896,73.3330496,25087,1653,FixOK,A,OaG6CT0303,G130b15425,"W86H+5QR Shreerampool Bridge, Chauk - Karjat - Murbad Rd, Aamrai, Karjat, Maharashtra 410201, India",15270.25,12.43,IgnitionOn,1,48.275,26.06,48,-55
6388b6e3-96b9-4b5a-9b34-39f05beed397-5,EDC_BS6_PERIODIC,2025-11-25 09:45:07,2025-11-25 09:45:36,18.9140032,73.33312,25088,1653,FixOK,A,OaG6CT0303,G130b15425,"W86H+5QR Shreerampool Bridge, Chauk - Karjat - Murbad Rd, Aamrai, Karjat, Maharashtra 410201, India",15270.375,25.23,IgnitionOn,1,47.486,13.28,47,-55
6388b6e3-96b9-4b5a-9b34-39f05beed397-4,EDC_BS6_PERIODIC,2025-11-25 09:45:13,2025-11-25 09:45:36,18.9144352,73.3332352,25089,1653,FixOK,A,OaG6CT0303,G130b15425,"W86H+5QR Shreerampool Bridge, Chauk - Karjat - Murbad Rd, Aamrai, Karjat, Maharashtra 410201, India",15270.375,31.79,IgnitionOn,1,48.45,11.05,48,-55
6388b6e3-96b9-4b5a-9b34-39f05beed397-3,BRAKE_PRESSED,2025-11-25 09:45:15,2025-11-25 09:45:36,18.9146112,73.3332608,37453,1653,FixOK,,OaG6CT0303,G130b15425,"W86H+5QR Shreerampool Bridge, Chauk - Karjat - Murbad Rd, Aamrai, Karjat, Maharashtra 410201, India",0,20.5,IgnitionOn,1,,,,
6388b6e3-96b9-4b5a-9b34-39f05beed397-2,EDC_BS6_PERIODIC,2025-11-25 09:45:19,2025-11-25 09:45:36,18.91492,73.3333184,25090,1653,FixOK,A,OaG6CT0303,G130b15425,"W86H+5QR Shreerampool Bridge, Chauk - Karjat - Murbad Rd, Aamrai, Karjat, Maharashtra 410201, India",15270.5,29.84,IgnitionOn,1,50.415,10.43,49,-55
6388b6e3-96b9-4b5a-9b34-39f05beed397-1,EDC_BS6_PERIODIC,2025-11-25 09:45:25,2025-11-25 09:45:36,18.9151552,73.3333632,25091,1653,FixOK,A,OaG6CT0303,G130b15425,"W86H+5QR Shreerampool Bridge, Chauk - Karjat - Murbad Rd, Aamrai, Karjat, Maharashtra 410201, India",15270.5,9.02,IgnitionOn,1,50.576,12.6,48,-55
e4d726a5-d5bd-461e-b1e9-f135c9f78b9a-9,EDC_BS6_PERIODIC,2025-11-25 09:45:31,2025-11-25 09:53:29,18.915432,73.3334144,25092,1653,FixOK,A,OaG6CT0303,G130b15425,"Lakran Karjat, Shop No 1, Karjat, Maharashtra 410201, India",15270.5,22.64,IgnitionOn,1,50.188,11.05,48,-55
e4d726a5-d5bd-461e-b1e9-f135c9f78b9a-10,EDC_BS6_PERIODIC,2025-11-25 09:45:37,2025-11-25 09:53:29,18.915752,73.3334784,25093,1653,FixOK,A,OaG6CT0303,G130b15425,"Lakran Karjat, Shop No 1, Karjat, Maharashtra 410201, India",15270.625,37.18,IgnitionOn,1,49.502,12.3,48,-55
e4d726a5-d5bd-461e-b1e9-f135c9f78b9a-11,BRAKE_PRESSED,2025-11-25 09:45:39,2025-11-25 09:53:29,18.915752,73.3334784,37454,1653,FixOK,,OaG6CT0303,G130b15425,"Lakran Karjat, Shop No 1, Karjat, Maharashtra 410201, India",0,40.34,IgnitionOn,1,,,,
e4d726a5-d5bd-461e-b1e9-f135c9f78b9a-12,EDC_BS6_PERIODIC,2025-11-25 09:45:43,2025-11-25 09:53:29,18.91696,73.3338368,25094,1653,FixOK,A,OaG6CT0303,G130b15425,"Lakran Karjat, Shop No 1, Karjat, Maharashtra 410201, India",15270.625,44.02,IgnitionOn,1,49.326,22.44,47,-55
1b63c9cf-37c6-48d0-9837-169ed241d868-10,BRAKE_PRESSED,2025-11-25 09:45:48,2025-11-25 09:46:38,18.9173728,73.3340096,37455,1653,FixOK,,OaG6CT0303,G130b15425,"Shop No 1 Sevalal Nagar, Murbad Rd, ladiwali Village, Karjat, Maharashtra 410201, India",0,17.12,IgnitionOn,1,,,,
1b63c9cf-37c6-48d0-9837-169ed241d868-9,EDC_BS6_PERIODIC,2025-11-25 09:45:49,2025-11-25 09:46:38,18.917432,73.3340288,25095,1653,FixOK,A,OaG6CT0303,G130b15425,"Shop No 1 Sevalal Nagar, Murbad Rd, ladiwali Village, Karjat, Maharashtra 410201, India",15270.75,36.55,IgnitionOn,1,48.96,19.45,45,-55
1b63c9cf-37c6-48d0-9837-169ed241d868-8,EDC_BS6_PERIODIC,2025-11-25 09:45:55,2025-11-25 09:46:38,18.9176672,73.3341312,25096,1653,FixOK,A,OaG6CT0303,G130b15425,"Shop No 1 Sevalal Nagar, Murbad Rd, ladiwali Village, Karjat, Maharashtra 410201, India",15270.75,17.12,IgnitionOn,1,50.29,21.64,48,-55
1b63c9cf-37c6-48d0-9837-169ed241d868-7,EDC_BS6_PERIODIC,2025-11-25 09:46:01,2025-11-25 09:46:38,18.9180656,73.3342976,25097,1653,FixOK,A,OaG6CT0303,G130b15425,"Shop No 1 Sevalal Nagar, Murbad Rd, ladiwali Village, Karjat, Maharashtra 410201, India",15270.75,22.95,IgnitionOn,1,50.478,21.95,49,-55
1b63c9cf-37c6-48d0-9837-169ed241d868-6,EDC_BS6_PERIODIC,2025-11-25 09:46:07,2025-11-25 09:46:38,18.918616,73.3345408,25098,1653,FixOK,A,OaG6CT0303,G130b15425,"Shop No 1 Sevalal Nagar, Murbad Rd, ladiwali Village, Karjat, Maharashtra 410201, India",15270.875,35.27,IgnitionOn,1,49.138,23.92,47,-55
1b63c9cf-37c6-48d0-9837-169ed241d868-5,BRAKE_PRESSED,2025-11-25 09:46:08,2025-11-25 09:46:38,18.918616,73.3345408,37456,1653,FixOK,,OaG6CT0303,G130b15425,"Shop No 1 Sevalal Nagar, Murbad Rd, ladiwali Village, Karjat, Maharashtra 410201, India",0,22.3,IgnitionOn,1,,,,
1b63c9cf-37c6-48d0-9837-169ed241d868-4,EDC_BS6_PERIODIC,2025-11-25 09:46:13,2025-11-25 09:46:38,18.918904,73.3346688,25099,1653,FixOK,A,OaG6CT0303,G130b15425,"Shop No 1 Sevalal Nagar, Murbad Rd, ladiwali Village, Karjat, Maharashtra 410201, India",15270.875,41.45,IgnitionOn,1,48.196,20.95,47,-55
1b63c9cf-37c6-48d0-9837-169ed241d868-3,EDC_BS6_PERIODIC,2025-11-25 09:46:20,2025-11-25 09:46:38,18.9190064,73.33472,25100,1653,FixOK,A,OaG6CT0303,G130b15425,"Shop No 1 Sevalal Nagar, Murbad Rd, ladiwali Village, Karjat, Maharashtra 410201, India",15271,9.62,IgnitionOn,1,48.81,20.95,47,-65
1b63c9cf-37c6-48d0-9837-169ed241d868-2,EDC_BS6_PERIODIC,2025-11-25 09:46:25,2025-11-25 09:46:38,18.9190304,73.3347328,25101,1653,FixOK,A,OaG6CT0303,G130b15425,"Shop No 1 Sevalal Nagar, Murbad Rd, ladiwali Village, Karjat, Maharashtra 410201, India",15271,3.06,IgnitionOn,1,49.317,20.95,48,-65
1b63c9cf-37c6-48d0-9837-169ed241d868-1,EDC_BS6_PERIODIC,2025-11-25 09:46:31,2025-11-25 09:46:38,18.919032,73.3347328,25102,1653,FixOK,A,OaG6CT0303,G130b15425,"Shop No 1 Sevalal Nagar, Murbad Rd, ladiwali Village, Karjat, Maharashtra 410201, India",15271,0,IgnitionOn,1,49.561,20.95,48,-65
b7e04648-8b89-4f54-b9f1-d26b2dd45cf7-10,EDC_BS6_PERIODIC,2025-11-25 09:46:37,2025-11-25 09:47:39,18.919032,73.3347328,25103,1653,FixOK,A,OaG6CT0303,G130b15425,"HP PETROL PUMP GAGAN GIRI SERVICE CENTER, Dahivali, Karjat, Maharashtra 410201, India",15271,0,IgnitionOn,1,49.561,20.95,49,-65
b7e04648-8b89-4f54-b9f1-d26b2dd45cf7-9,EDC_BS6_PERIODIC,2025-11-25 09:46:43,2025-11-25 09:47:39,18.919032,73.3347328,25104,1653,FixOK,A,OaG6CT0303,G130b15425,"HP PETROL PUMP GAGAN GIRI SERVICE CENTER, Dahivali, Karjat, Maharashtra 410201, India",15271,0,IgnitionOn,1,49.561,20.95,48,-65
b7e04648-8b89-4f54-b9f1-d26b2dd45cf7-8,EDC_BS6_PERIODIC,2025-11-25 09:46:49,2025-11-25 09:47:39,18.919032,73.3347328,25105,1653,FixOK,A,OaG6CT0303,G130b15425,"HP PETROL PUMP GAGAN GIRI SERVICE CENTER, Dahivali, Karjat, Maharashtra 410201, India",15271,0,IgnitionOn,1,49.561,20.95,49,-65
b7e04648-8b89-4f54-b9f1-d26b2dd45cf7-7,EDC_BS6_PERIODIC,2025-11-25 09:46:55,2025-11-25 09:47:39,18.919032,73.3347328,25106,1653,FixOK,A,OaG6CT0303,G130b15425,"HP PETROL PUMP GAGAN GIRI SERVICE CENTER, Dahivali, Karjat, Maharashtra 410201, India",15271,0,IgnitionOn,1,49.561,20.95,48,-65
b7e04648-8b89-4f54-b9f1-d26b2dd45cf7-6,EDC_BS6_PERIODIC,2025-11-25 09:47:01,2025-11-25 09:47:39,18.919032,73.3347328,25107,1653,FixOK,A,OaG6CT0303,G130b15425,"HP PETROL PUMP GAGAN GIRI SERVICE CENTER, Dahivali, Karjat, Maharashtra 410201, India",15271,0,IgnitionOn,1,49.561,20.95,48,-65
ce69ff92-2e99-4932-b825-d79221d1d7bf,HEARTBEAT_MESSAGE,2025-11-25 09:47:02,2025-11-25 09:47:02,0,0,,,,,OaG6CT0303,G130b15425,,,,,1,,,,
b7e04648-8b89-4f54-b9f1-d26b2dd45cf7-5,EDC_BS6_PERIODIC,2025-11-25 09:47:07,2025-11-25 09:47:39,18.919032,73.3347328,25108,1653,FixOK,A,OaG6CT0303,G130b15425,"HP PETROL PUMP GAGAN GIRI SERVICE CENTER, Dahivali, Karjat, Maharashtra 410201, India",15271,0,IgnitionOn,1,49.561,20.95,48,-65
b7e04648-8b89-4f54-b9f1-d26b2dd45cf7-4,EDC_BS6_PERIODIC,2025-11-25 09:47:13,2025-11-25 09:47:39,18.919032,73.3347328,25109,1653,FixOK,A,OaG6CT0303,G130b15425,"HP PETROL PUMP GAGAN GIRI SERVICE CENTER, Dahivali, Karjat, Maharashtra 410201, India",15271,0,IgnitionOn,1,49.561,20.95,48,-65
b7e04648-8b89-4f54-b9f1-d26b2dd45cf7-3,EDC_BS6_PERIODIC,2025-11-25 09:47:19,2025-11-25 09:47:39,18.919032,73.3347328,25110,1653,FixOK,A,OaG6CT0303,G130b15425,"HP PETROL PUMP GAGAN GIRI SERVICE CENTER, Dahivali, Karjat, Maharashtra 410201, India",15271,0,IgnitionOn,1,49.561,20.95,49,-65
b7e04648-8b89-4f54-b9f1-d26b2dd45cf7-2,EDC_BS6_PERIODIC,2025-11-25 09:47:25,2025-11-25 09:47:39,18.919032,73.3347328,25111,1653,FixOK,A,OaG6CT0303,G130b15425,"HP PETROL PUMP GAGAN GIRI SERVICE CENTER, Dahivali, Karjat, Maharashtra 410201, India",15271,0,IgnitionOn,1,49.561,20.95,49,-65
b7e04648-8b89-4f54-b9f1-d26b2dd45cf7-1,EDC_BS6_PERIODIC,2025-11-25 09:47:31,2025-11-25 09:47:39,18.919032,73.3347328,25112,1653,FixOK,A,OaG6CT0303,G130b15425,"HP PETROL PUMP GAGAN GIRI SERVICE CENTER, Dahivali, Karjat, Maharashtra 410201, India",15271,0,IgnitionOn,1,49.561,20.95,51,-65
3ce5b78d-76d4-44a2-ae2f-2236657ad49a-10,EDC_BS6_PERIODIC,2025-11-25 09:47:37,2025-11-25 09:48:40,18.919032,73.3347328,25113,1653,FixOK,A,OaG6CT0303,G130b15425,"Lakran Karjat, Shop No 1, Karjat, Maharashtra 410201, India",15271,0,IgnitionOn,1,49.561,20.95,50,-65
3ce5b78d-76d4-44a2-ae2f-2236657ad49a-9,EDC_BS6_PERIODIC,2025-11-25 09:47:43,2025-11-25 09:48:40,18.91908,73.3348224,25114,1653,FixOK,A,OaG6CT0303,G130b15425,"Lakran Karjat, Shop No 1, Karjat, Maharashtra 410201, India",15271,3.8899999,IgnitionOn,1,52.168,20.95,50,-65
3ce5b78d-76d4-44a2-ae2f-2236657ad49a-8,EDC_BS6_PERIODIC,2025-11-25 09:47:49,2025-11-25 09:48:40,18.91908,73.3348224,25115,1653,FixOK,A,OaG6CT0303,G130b15425,"Lakran Karjat, Shop No 1, Karjat, Maharashtra 410201, India",15271,0,IgnitionOn,1,52.161,20.95,51,-65
3ce5b78d-76d4-44a2-ae2f-2236657ad49a-7,EDC_BS6_PERIODIC,2025-11-25 09:47:55,2025-11-25 09:48:40,18.9190912,73.3348416,25116,1653,FixOK,A,OaG6CT0303,G130b15425,"Lakran Karjat, Shop No 1, Karjat, Maharashtra 410201, India",15271,0,IgnitionOn,1,52.409,20.95,49,-65
3ce5b78d-76d4-44a2-ae2f-2236657ad49a-6,EDC_BS6_PERIODIC,2025-11-25 09:48:01,2025-11-25 09:48:40,18.9191136,73.3348736,25117,1653,FixOK,A,OaG6CT0303,G130b15425,"Lakran Karjat, Shop No 1, Karjat, Maharashtra 410201, India",15271,2.59,IgnitionOn,1,52.636,20.95,49,-65
3ce5b78d-76d4-44a2-ae2f-2236657ad49a-5,EDC_BS6_PERIODIC,2025-11-25 09:48:07,2025-11-25 09:48:40,18.91912,73.3348736,25118,1653,FixOK,A,OaG6CT0303,G130b15425,"Lakran Karjat, Shop No 1, Karjat, Maharashtra 410201, India",15271,0,IgnitionOn,1,52.587,20.95,51,-65
3ce5b78d-76d4-44a2-ae2f-2236657ad49a-4,EDC_BS6_PERIODIC,2025-11-25 09:48:13,2025-11-25 09:48:40,18.9191392,73.3348864,25119,1653,FixOK,A,OaG6CT0303,G130b15425,"Lakran Karjat, Shop No 1, Karjat, Maharashtra 410201, India",15271,1.5699999,IgnitionOn,1,51.792,20.95,50,-65
3ce5b78d-76d4-44a2-ae2f-2236657ad49a-3,EDC_BS6_PERIODIC,2025-11-25 09:48:19,2025-11-25 09:48:40,18.9191424,73.33488,25120,1653,FixOK,A,OaG6CT0303,G130b15425,"Lakran Karjat, Shop No 1, Karjat, Maharashtra 410201, India",15271,1.8399999,IgnitionOn,1,51.236,20.95,50,-65
3ce5b78d-76d4-44a2-ae2f-2236657ad49a-2,EDC_BS6_PERIODIC,2025-11-25 09:48:25,2025-11-25 09:48:40,18.9191136,73.3348544,25121,1653,FixOK,A,OaG6CT0303,G130b15425,"Lakran Karjat, Shop No 1, Karjat, Maharashtra 410201, India",15271,2.91,IgnitionOn,1,52.127,20.95,50,-65
3ce5b78d-76d4-44a2-ae2f-2236657ad49a-1,EDC_BS6_PERIODIC,2025-11-25 09:48:31,2025-11-25 09:48:40,18.9191008,73.3348224,25122,1653,FixOK,A,OaG6CT0303,G130b15425,"Datta Nivas, House No. 646, Ladiwali Near HP Petrol Pump, Karjat-Murbad Road ladiwali, Karjat, Maharashtra 410201, India",15271,2.27,IgnitionOn,1,52.472,20.95,50,-65
ae2609c7-d078-457d-84cf-db7474e25979-10,EDC_BS6_PERIODIC,2025-11-25 09:48:37,2025-11-25 09:49:41,18.9190752,73.3348096,25123,1653,FixOK,A,OaG6CT0303,G130b15425,"Lakran Karjat, Shop No 1, Karjat, Maharashtra 410201, India",15271,1.95,IgnitionOn,1,52.398,20.95,50,-65
ae2609c7-d078-457d-84cf-db7474e25979-9,EDC_BS6_PERIODIC,2025-11-25 09:48:43,2025-11-25 09:49:41,18.9190752,73.3347968,25124,1653,FixOK,A,OaG6CT0303,G130b15425,"Lakran Karjat, Shop No 1, Karjat, Maharashtra 410201, India",15271,0,IgnitionOn,1,52.4,20.95,50,-65
ae2609c7-d078-457d-84cf-db7474e25979-8,EDC_BS6_PERIODIC,2025-11-25 09:48:49,2025-11-25 09:49:41,18.9190912,73.3347712,25125,1653,FixOK,A,OaG6CT0303,G130b15425,"Lakran Karjat, Shop No 1, Karjat, Maharashtra 410201, India",15271,0,IgnitionOn,1,53.351,20.95,49,-65
ae2609c7-d078-457d-84cf-db7474e25979-7,EDC_BS6_PERIODIC,2025-11-25 09:48:55,2025-11-25 09:49:41,18.9190688,73.3347584,25126,1653,FixOK,A,OaG6CT0303,G130b15425,"Lakran Karjat, Shop No 1, Karjat, Maharashtra 410201, India",15271,2.27,IgnitionOn,1,53.45,20.95,49,-65
ae2609c7-d078-457d-84cf-db7474e25979-6,EDC_BS6_PERIODIC,2025-11-25 09:49:01,2025-11-25 09:49:41,18.919048,73.3347584,25127,1653,FixOK,A,OaG6CT0303,G130b15425,"Lakran Karjat, Shop No 1, Karjat, Maharashtra 410201, India",15271,1.8,IgnitionOn,1,53.521,20.95,51,-65
ae2609c7-d078-457d-84cf-db7474e25979-5,EDC_BS6_PERIODIC,2025-11-25 09:49:07,2025-11-25 09:49:41,18.919048,73.3347584,25128,1653,FixOK,A,OaG6CT0303,G130b15425,"Lakran Karjat, Shop No 1, Karjat, Maharashtra 410201, India",15271,1.6600001,IgnitionOn,1,53.521,20.95,48,-65
ae2609c7-d078-457d-84cf-db7474e25979-4,EDC_BS6_PERIODIC,2025-11-25 09:49:13,2025-11-25 09:49:41,18.919048,73.3347584,25129,1653,FixOK,A,OaG6CT0303,G130b15425,"Lakran Karjat, Shop No 1, Karjat, Maharashtra 410201, India",15271,0,IgnitionOn,1,53.521,20.95,50,-65
ae2609c7-d078-457d-84cf-db7474e25979-3,EDC_BS6_PERIODIC,2025-11-25 09:49:19,2025-11-25 09:49:41,18.9190176,73.3347776,25130,1653,FixOK,A,OaG6CT0303,G130b15425,"Lakran Karjat, Shop No 1, Karjat, Maharashtra 410201, India",15271,0,IgnitionOn,1,53.392,20.95,50,-65
ae2609c7-d078-457d-84cf-db7474e25979-2,EDC_BS6_PERIODIC,2025-11-25 09:49:25,2025-11-25 09:49:41,18.9190096,73.3347904,25131,1653,FixOK,A,OaG6CT0303,G130b15425,"Lakran Karjat, Shop No 1, Karjat, Maharashtra 410201, India",15271,1.69,IgnitionOn,1,53.571,20.95,50,-65
ae2609c7-d078-457d-84cf-db7474e25979-1,EDC_BS6_PERIODIC,2025-11-25 09:49:31,2025-11-25 09:49:41,18.9190064,73.3347968,25132,1653,FixOK,A,OaG6CT0303,G130b15425,"Lakran Karjat, Shop No 1, Karjat, Maharashtra 410201, India",15271,0,IgnitionOn,1,53.544,20.95,48,-65
e4d726a5-d5bd-461e-b1e9-f135c9f78b9a-13,EDC_BS6_PERIODIC,2025-11-25 09:49:37,2025-11-25 09:53:29,18.9190064,73.3347968,25133,1653,FixOK,A,OaG6CT0303,G130b15425,"Lakran Karjat, Shop No 1, Karjat, Maharashtra 410201, India",15271,0,IgnitionOn,1,53.544,20.95,48,-65
9a5d3d9a-1029-437c-a4b8-1e44a4424afd-10,EDC_BS6_PERIODIC,2025-11-25 09:49:43,2025-11-25 09:50:42,18.9190064,73.3347968,25134,1653,FixOK,A,OaG6CT0303,G130b15425,"Lakran Karjat, Shop No 1, Karjat, Maharashtra 410201, India",15271,0,IgnitionOn,1,53.544,20.95,50,-65
9a5d3d9a-1029-437c-a4b8-1e44a4424afd-9,EDC_BS6_PERIODIC,2025-11-25 09:49:49,2025-11-25 09:50:42,18.9190064,73.3347968,25135,1653,FixOK,A,OaG6CT0303,G130b15425,"Lakran Karjat, Shop No 1, Karjat, Maharashtra 410201, India",15271,0,IgnitionOn,1,53.544,20.95,49,-65
9a5d3d9a-1029-437c-a4b8-1e44a4424afd-8,EDC_BS6_PERIODIC,2025-11-25 09:49:55,2025-11-25 09:50:42,18.9190064,73.3347968,25136,1653,FixOK,A,OaG6CT0303,G130b15425,"Lakran Karjat, Shop No 1, Karjat, Maharashtra 410201, India",15271,0,IgnitionOn,1,53.544,20.95,48,-65
9a5d3d9a-1029-437c-a4b8-1e44a4424afd-7,EDC_BS6_PERIODIC,2025-11-25 09:50:01,2025-11-25 09:50:42,18.9190064,73.3347968,25137,1653,FixOK,A,OaG6CT0303,G130b15425,"Lakran Karjat, Shop No 1, Karjat, Maharashtra 410201, India",15271,0,IgnitionOn,1,53.544,20.95,47,-65
9a5d3d9a-1029-437c-a4b8-1e44a4424afd-6,EDC_BS6_PERIODIC,2025-11-25 09:50:07,2025-11-25 09:50:42,18.9190064,73.3347968,25138,1653,FixOK,A,OaG6CT0303,G130b15425,"Lakran Karjat, Shop No 1, Karjat, Maharashtra 410201, India",15271,0,IgnitionOn,1,53.544,20.95,48,-65
9a5d3d9a-1029-437c-a4b8-1e44a4424afd-5,EDC_BS6_PERIODIC,2025-11-25 09:50:13,2025-11-25 09:50:42,18.9190064,73.3347968,25139,1653,FixOK,A,OaG6CT0303,G130b15425,"Lakran Karjat, Shop No 1, Karjat, Maharashtra 410201, India",15271,0,IgnitionOn,1,53.544,20.95,49,-65
9a5d3d9a-1029-437c-a4b8-1e44a4424afd-4,EDC_BS6_PERIODIC,2025-11-25 09:50:19,2025-11-25 09:50:42,18.9190064,73.3347968,25140,1653,FixOK,A,OaG6CT0303,G130b15425,"Lakran Karjat, Shop No 1, Karjat, Maharashtra 410201, India",15271,0,IgnitionOn,1,53.544,20.95,49,-65
9a5d3d9a-1029-437c-a4b8-1e44a4424afd-3,EDC_BS6_PERIODIC,2025-11-25 09:50:25,2025-11-25 09:50:42,18.9190064,73.3347968,25141,1653,FixOK,A,OaG6CT0303,G130b15425,"Lakran Karjat, Shop No 1, Karjat, Maharashtra 410201, India",15271,0,IgnitionOn,0,53.544,20.95,50,-65
9a5d3d9a-1029-437c-a4b8-1e44a4424afd-2,IGNITION_OFF,2025-11-25 09:50:26,2025-11-25 09:50:42,18.9190064,73.3347968,37457,1653,FixOK,,OaG6CT0303,G130b15425,"Lakran Karjat, Shop No 1, Karjat, Maharashtra 410201, India",0,,IgnitionOn,0,,,,
9a5d3d9a-1029-437c-a4b8-1e44a4424afd-1,EDC_BS6_PERIODIC,2025-11-25 09:50:31,2025-11-25 09:50:42,18.9190064,73.3347968,25142,1653,FixOK,A,OaG6CT0303,G130b15425,"Lakran Karjat, Shop No 1, Karjat, Maharashtra 410201, India",15271,0,IgnitionOn,0,53.544,20.95,50,-65
e4d726a5-d5bd-461e-b1e9-f135c9f78b9a-14,EDC_BS6_PERIODIC,2025-11-25 09:50:37,2025-11-25 09:53:29,18.9190064,73.3347968,25143,1653,FixOK,A,OaG6CT0303,G130b15425,"Lakran Karjat, Shop No 1, Karjat, Maharashtra 410201, India",15271,0,IgnitionOn,0,53.544,20.95,48,-65
f9784e10-53c9-42f5-9efa-bf747fcde06e-10,EDC_BS6_PERIODIC,2025-11-25 09:50:43,2025-11-25 09:51:43,18.9190064,73.3347968,25144,1653,FixOK,A,OaG6CT0303,G130b15425,"Lakran Karjat, Shop No 1, Karjat, Maharashtra 410201, India",15271,0,IgnitionOn,0,53.544,20.95,49,-65
f9784e10-53c9-42f5-9efa-bf747fcde06e-9,EDC_BS6_PERIODIC,2025-11-25 09:50:49,2025-11-25 09:51:43,18.9190064,73.3347968,25145,1653,FixOK,A,OaG6CT0303,G130b15425,"Lakran Karjat, Shop No 1, Karjat, Maharashtra 410201, India",15271,0,IgnitionOn,0,53.544,20.95,50,-65
f9784e10-53c9-42f5-9efa-bf747fcde06e-8,EDC_BS6_PERIODIC,2025-11-25 09:50:55,2025-11-25 09:51:43,18.918992,73.3348224,25146,1653,FixOK,A,OaG6CT0303,G130b15425,"Lakran Karjat, Shop No 1, Karjat, Maharashtra 410201, India",15271,0,IgnitionOn,0,56.353,20.95,46,-65
f9784e10-53c9-42f5-9efa-bf747fcde06e-7,EDC_BS6_PERIODIC,2025-11-25 09:51:01,2025-11-25 09:51:43,18.918992,73.3348224,25147,1653,FixOK,A,OaG6CT0303,G130b15425,"Lakran Karjat, Shop No 1, Karjat, Maharashtra 410201, India",0,0,IgnitionOn,0,56.353,20.95,46,-65
f9784e10-53c9-42f5-9efa-bf747fcde06e-6,EDC_BS6_PERIODIC,2025-11-25 09:51:07,2025-11-25 09:51:43,18.918992,73.3348224,25148,1653,FixOK,A,OaG6CT0303,G130b15425,"Lakran Karjat, Shop No 1, Karjat, Maharashtra 410201, India",0,0,IgnitionOn,0,56.353,20.95,46,-65
f9784e10-53c9-42f5-9efa-bf747fcde06e-5,EDC_BS6_PERIODIC,2025-11-25 09:51:13,2025-11-25 09:51:43,18.918992,73.3348224,25149,1653,FixOK,A,OaG6CT0303,G130b15425,"Lakran Karjat, Shop No 1, Karjat, Maharashtra 410201, India",0,0,IgnitionOn,0,56.353,20.95,47,-65
f9784e10-53c9-42f5-9efa-bf747fcde06e-4,EDC_BS6_PERIODIC,2025-11-25 09:51:19,2025-11-25 09:51:43,18.918992,73.3348224,25150,1653,FixOK,A,OaG6CT0303,G130b15425,"Lakran Karjat, Shop No 1, Karjat, Maharashtra 410201, India",0,0,IgnitionOn,0,56.353,20.95,48,-65
f9784e10-53c9-42f5-9efa-bf747fcde06e-3,EDC_BS6_PERIODIC,2025-11-25 09:51:25,2025-11-25 09:51:43,18.918992,73.3348224,25151,1653,FixOK,A,OaG6CT0303,G130b15425,"Lakran Karjat, Shop No 1, Karjat, Maharashtra 410201, India",0,0,IgnitionOn,0,56.353,20.95,50,-65
f9784e10-53c9-42f5-9efa-bf747fcde06e-2,EDC_BS6_PERIODIC,2025-11-25 09:51:31,2025-11-25 09:51:43,18.918992,73.3348224,25152,1653,FixOK,A,OaG6CT0303,G130b15425,"Lakran Karjat, Shop No 1, Karjat, Maharashtra 410201, India",0,0,IgnitionOn,0,56.353,20.95,49,-65
f9784e10-53c9-42f5-9efa-bf747fcde06e-1,EDC_BS6_PERIODIC,2025-11-25 09:51:37,2025-11-25 09:51:43,18.918992,73.3348224,25153,1653,FixOK,A,OaG6CT0303,G130b15425,"Lakran Karjat, Shop No 1, Karjat, Maharashtra 410201, India",0,0,IgnitionOn,0,56.353,20.95,50,-65
ed0d4f61-2f2a-4f83-90c3-0dc0948468c7-2,EDC_BS6_PERIODIC,2025-11-25 09:51:43,2025-11-25 09:52:46,18.918992,73.3348224,25154,1653,FixOK,A,OaG6CT0303,G130b15425,"Lakran Karjat, Shop No 1, Karjat, Maharashtra 410201, India",0,0,IgnitionOn,0,56.353,20.95,50,-65
ed0d4f61-2f2a-4f83-90c3-0dc0948468c7-1,EDC_BS6_PERIODIC,2025-11-25 09:51:49,2025-11-25 09:52:46,18.918992,73.3348224,25155,1653,FixOK,A,OaG6CT0303,G130b15425,"Lakran Karjat, Shop No 1, Karjat, Maharashtra 410201, India",0,0,IgnitionOn,0,56.353,20.95,49,-65
a59a5951-cfe1-48de-a131-df00c7962933-10,GPS_MESSAGE,2025-11-25 09:51:54,2025-11-25 09:52:44,18.918992,73.3348224,,1653,3DFix,,OaG6CT0303,G130b15425,"Lakran Karjat, Shop No 1, Karjat, Maharashtra 410201, India",0,,IgnitionOn,1,56,6,49,
a59a5951-cfe1-48de-a131-df00c7962933-9,EDC_BS6_PERIODIC,2025-11-25 09:51:55,2025-11-25 09:52:44,18.918992,73.3348224,25156,1653,FixOK,A,OaG6CT0303,G130b15425,"Lakran Karjat, Shop No 1, Karjat, Maharashtra 410201, India",0,0,IgnitionOn,0,56.353,20.95,50,-65
a59a5951-cfe1-48de-a131-df00c7962933-8,EDC_BS6_PERIODIC,2025-11-25 09:52:01,2025-11-25 09:52:44,18.918992,73.3348224,25157,1653,FixOK,A,OaG6CT0303,G130b15425,"Lakran Karjat, Shop No 1, Karjat, Maharashtra 410201, India",0,0,IgnitionOn,0,56.353,20.95,49,-65
a59a5951-cfe1-48de-a131-df00c7962933-7,EDC_BS6_PERIODIC,2025-11-25 09:52:07,2025-11-25 09:52:44,18.918992,73.3348224,25158,1653,FixOK,A,OaG6CT0303,G130b15425,"Lakran Karjat, Shop No 1, Karjat, Maharashtra 410201, India",0,0,IgnitionOn,0,56.353,20.95,48,-65
a59a5951-cfe1-48de-a131-df00c7962933-6,EDC_BS6_PERIODIC,2025-11-25 09:52:13,2025-11-25 09:52:44,18.918992,73.3348224,25159,1653,FixOK,A,OaG6CT0303,G130b15425,"Lakran Karjat, Shop No 1, Karjat, Maharashtra 410201, India",0,0,IgnitionOn,0,56.353,20.95,49,-65
a59a5951-cfe1-48de-a131-df00c7962933-5,EDC_BS6_PERIODIC,2025-11-25 09:52:19,2025-11-25 09:52:44,18.918992,73.3348224,25160,1653,FixOK,A,OaG6CT0303,G130b15425,"Lakran Karjat, Shop No 1, Karjat, Maharashtra 410201, India",0,0,IgnitionOn,0,56.353,20.95,48,-51
a59a5951-cfe1-48de-a131-df00c7962933-1,DEVICE_METRICS,2025-11-25 09:52:25,2025-11-25 09:52:44,18.918992,73.3348224,,1653,FixOK,,OaG6CT0303,G130b15425,"Lakran Karjat, Shop No 1, Karjat, Maharashtra 410201, India",0,,IgnitionOff,0,,,,
a59a5951-cfe1-48de-a131-df00c7962933-4,EDC_BS6_PERIODIC,2025-11-25 09:52:25,2025-11-25 09:52:44,18.918992,73.3348224,25161,1653,FixOK,A,OaG6CT0303,G130b15425,"Lakran Karjat, Shop No 1, Karjat, Maharashtra 410201, India",0,0,IgnitionOn,0,56.353,20.95,49,-51
a59a5951-cfe1-48de-a131-df00c7962933-3,GPS_MESSAGE,2025-11-25 09:52:25,2025-11-25 09:52:44,18.918992,73.3348224,,1653,3DFix,,OaG6CT0303,G130b15425,"Lakran Karjat, Shop No 1, Karjat, Maharashtra 410201, India",0,,IgnitionOff,0,56,6,49,
a59a5951-cfe1-48de-a131-df00c7962933-2,TRIP_END,2025-11-25 09:52:25,2025-11-25 09:52:44,18.918992,73.3348224,,1653,FixOK,,OaG6CT0303,G130b15425,"Lakran Karjat, Shop No 1, Karjat, Maharashtra 410201, India",0,,IgnitionOff,0,,,,
4c710ef4-60b3-41a1-b2c7-7aab915a444f,HEARTBEAT_MESSAGE,2025-11-25 09:52:29,2025-11-25 09:52:29,0,0,,,,,OaG6CT0303,G130b15425,,,,,1,,,,
d518a6e9-b73c-4275-8ba6-4f7da19c503f-1-1,BS6_IGNITION_OFF_HB_MESSAGE,2025-11-25 13:55:15,2025-11-25 13:56:14,18.9190592,73.3348224,,1653,3DFix,A,OaG6CT0303,G130b15425,"Lakran Karjat, Shop No 1, Karjat, Maharashtra 410201, India",0,,IgnitionOff,0,49,10,19,
d518a6e9-b73c-4275-8ba6-4f7da19c503f-1,GPS_MESSAGE,2025-11-25 13:55:15,2025-11-25 13:56:14,18.9190592,73.3348224,,1653,3DFix,,OaG6CT0303,G130b15425,,0,,IgnitionOff,0,49,10,19,
c9bf37e2-6a0b-4ef4-97a7-e8dacdead50d,HEARTBEAT_MESSAGE,2025-11-25 13:56:12,2025-11-25 13:56:12,0,0,,,,,OaG6CT0303,G130b15425,,,,,0,,,,
d195ea5a-881f-4ce9-b836-f2203d93d7f1,OTA_UPDATE,2025-11-25 13:56:13,2025-11-25 13:56:13,0,0,,,,,OaG6CT0303,G130b15425,,,,,1,,,,
e28f4db8-140f-491b-8ee6-77a6acec75cb,OTA_UPDATE,2025-11-25 13:56:44,2025-11-25 13:56:44,0,0,,,,,OaG6CT0303,G130b15425,,,,,1,,,,
ee65cf6f-3630-44ee-9bdb-c0c3e1799413-1,FW_UPDATE,2025-11-25 14:15:22,2025-11-25 14:16:01,18.918992,73.3348224,,1653,StoredFix,,OaG5CU,G133fg5425,,0,,IgnitionOff,0,,,,
52df0919-5ef1-4579-90d8-f014eac37480,OTA_UPDATE,2025-11-25 14:16:00,2025-11-25 14:16:00,0,0,,,,,OaG5CU0303,G133fg5425,,,,,1,,,,
cf456716-406b-4958-b316-1708f481aa59-1-1,BS6_IGNITION_OFF_HB_MESSAGE,2025-11-25 18:17:55,2025-11-25 18:18:05,18.9190272,73.334912,,1653,3DFix,A,OaG5CU0303,G133fg5425,"Lakran Karjat, Shop No 1, Karjat, Maharashtra 410201, India",0,,IgnitionOff,0,102,7,18,
cf456716-406b-4958-b316-1708f481aa59-1,GPS_MESSAGE,2025-11-25 18:17:55,2025-11-25 18:18:05,18.9190272,73.334912,,1653,3DFix,,OaG5CU0303,G133fg5425,,0,,IgnitionOff,0,102,7,18,
518da152-bff1-4c7e-9bf6-3bb63f7af579,HEARTBEAT_MESSAGE,2025-11-25 18:18:03,2025-11-25 18:18:03,0,0,,,,,OaG5CU0303,G133fg5425,,,,,0,,,,
7196b7a6-4a9d-4bfb-8e18-8d670abdc7c9-18,TRIP_START,2025-11-25 19:50:08,2025-11-25 19:51:50,18.919056,73.3347712,,1654,StoredFix,,OaG5CU0303,G133fg5425,,0,,IgnitionOn,1,,,,
7196b7a6-4a9d-4bfb-8e18-8d670abdc7c9-17,GPS_MESSAGE,2025-11-25 19:50:22,2025-11-25 19:51:50,18.919056,73.3347712,,1654,NoFix,,OaG5CU0303,G133fg5425,,0,,IgnitionOn,1,0,0,0,
7196b7a6-4a9d-4bfb-8e18-8d670abdc7c9-16,VERSION_UPDATE,2025-11-25 19:50:22,2025-11-25 19:51:50,18.919056,73.3347712,,1654,StoredFix,,OaG5CU0303,G133fg5425,,0,,IgnitionOn,1,,,,
7196b7a6-4a9d-4bfb-8e18-8d670abdc7c9-15,GPS_MESSAGE,2025-11-25 19:50:26,2025-11-25 19:51:50,18.919048,73.3347712,,1654,3DFix,,OaG5CU0303,G133fg5425,,0,,IgnitionOn,1,60,21,18,
7196b7a6-4a9d-4bfb-8e18-8d670abdc7c9-14,IGNITION_ON,2025-11-25 19:50:27,2025-11-25 19:51:50,18.919048,73.3347712,37458,1654,FixOK,,OaG5CU0303,G133fg5425,,0,,IgnitionOn,1,,,,
7196b7a6-4a9d-4bfb-8e18-8d670abdc7c9-11,ACU_SW_PART_NO,2025-11-25 19:50:28,2025-11-25 19:51:50,18.919048,73.3347712,37461,1654,FixOK,,OaG5CU0303,G133fg5425,,0,,IgnitionOn,1,,,,
7196b7a6-4a9d-4bfb-8e18-8d670abdc7c9-12,ECU_SW_PART_NO,2025-11-25 19:50:28,2025-11-25 19:51:50,18.919048,73.3347712,37460,1654,FixOK,,OaG5CU0303,G133fg5425,,0,,IgnitionOn,1,,,,
7196b7a6-4a9d-4bfb-8e18-8d670abdc7c9-13,ENGINE_CRANKING,2025-11-25 19:50:28,2025-11-25 19:51:50,18.919048,73.3347712,37459,1654,FixOK,,OaG5CU0303,G133fg5425,,0,,IgnitionOn,1,,,,
7196b7a6-4a9d-4bfb-8e18-8d670abdc7c9-10,EDC_BS6_PERIODIC,2025-11-25 19:50:29,2025-11-25 19:51:50,18.9190528,73.3347712,25162,1654,FixOK,A,OaG5CU0303,G133fg5425,,15271,0,IgnitionOn,1,59.424,20.95,18,-113
7196b7a6-4a9d-4bfb-8e18-8d670abdc7c9-9,VIN_NO_CAN,2025-11-25 19:50:33,2025-11-25 19:51:50,18.9190528,73.3347712,37462,1654,FixOK,,OaG5CU0303,G133fg5425,,0,,IgnitionOn,1,,,,
7196b7a6-4a9d-4bfb-8e18-8d670abdc7c9-8,EDC_BS6_PERIODIC,2025-11-25 19:50:35,2025-11-25 19:51:50,18.9190528,73.3347712,25163,1654,FixOK,A,OaG5CU0303,G133fg5425,,15271,0,IgnitionOn,1,58.594,20.95,18,-113
7196b7a6-4a9d-4bfb-8e18-8d670abdc7c9-7,EDC_BS6_PERIODIC,2025-11-25 19:50:41,2025-11-25 19:51:50,18.9190528,73.3347904,25164,1654,FixOK,A,OaG5CU0303,G133fg5425,,15271,0,IgnitionOn,1,58.191,20.95,23,-113
4c4af044-e26d-4448-861a-cbc182f7d747-1,IUPR_BOOST_PRESSURE_CONTROL_SYSTEM,2025-11-25 19:50:42,2025-11-25 19:58:38,18.9190528,73.3347904,37469,1654,FixOK,,OaG5CU0303,G133fg5425,"Lakran Karjat, Shop No 1, Karjat, Maharashtra 410201, India",0,,IgnitionOn,1,,,,
ad9ec501-f68f-4f71-995e-b615ef57c043-1,IUPR_BOOST_PRESSURE_CONTROL_SYSTEM,2025-11-25 19:50:42,2025-11-25 20:06:26,18.9190528,73.3347904,37469,1654,FixOK,,OaG5CU0303,G133fg5425,"Lakran Karjat, Shop No 1, Karjat, Maharashtra 410201, India",0,,IgnitionOn,1,,,,
7196b7a6-4a9d-4bfb-8e18-8d670abdc7c9-1,IUPR_DPF_SYSTEM,2025-11-25 19:50:42,2025-11-25 19:51:50,18.9190528,73.3347904,37468,1654,FixOK,,OaG5CU0303,G133fg5425,,0,,IgnitionOn,1,,,,
7196b7a6-4a9d-4bfb-8e18-8d670abdc7c9-2,IUPR_EGR_SYSTEM,2025-11-25 19:50:42,2025-11-25 19:51:50,18.9190528,73.3347904,37467,1654,FixOK,,OaG5CU0303,G133fg5425,,0,,IgnitionOn,1,,,,
7196b7a6-4a9d-4bfb-8e18-8d670abdc7c9-3,IUPR_EXHAUST_GAS_AND_OXYGEN_SENSORS,2025-11-25 19:50:42,2025-11-25 19:51:50,18.9190528,73.3347904,37466,1654,FixOK,,OaG5CU0303,G133fg5425,,0,,IgnitionOn,1,,,,
7196b7a6-4a9d-4bfb-8e18-8d670abdc7c9-6,IUPR_GENERAL,2025-11-25 19:50:42,2025-11-25 19:51:50,18.9190528,73.3347904,37463,1654,FixOK,,OaG5CU0303,G133fg5425,,0,,IgnitionOn,1,,,,
7196b7a6-4a9d-4bfb-8e18-8d670abdc7c9-5,IUPR_OXIDATION,2025-11-25 19:50:42,2025-11-25 19:51:50,18.9190528,73.3347904,37464,1654,FixOK,,OaG5CU0303,G133fg5425,,0,,IgnitionOn,1,,,,
7196b7a6-4a9d-4bfb-8e18-8d670abdc7c9-4,IUPR_SCR_SYSTEM,2025-11-25 19:50:42,2025-11-25 19:51:50,18.9190528,73.3347904,37465,1654,FixOK,,OaG5CU0303,G133fg5425,,0,,IgnitionOn,1,,,,
4c4af044-e26d-4448-861a-cbc182f7d747-2,EDC_BS6_PERIODIC,2025-11-25 19:50:47,2025-11-25 19:58:38,18.919048,73.3348096,25165,1654,FixOK,A,OaG5CU0303,G133fg5425,"Lakran Karjat, Shop No 1, Karjat, Maharashtra 410201, India",15271,0,IgnitionOn,1,56.492,20.95,23,-113
ad9ec501-f68f-4f71-995e-b615ef57c043-2,EDC_BS6_PERIODIC,2025-11-25 19:50:47,2025-11-25 20:06:26,18.919048,73.3348096,25165,1654,FixOK,A,OaG5CU0303,G133fg5425,"Lakran Karjat, Shop No 1, Karjat, Maharashtra 410201, India",15271,0,IgnitionOn,1,56.492,20.95,23,-113
acd999fe-58e6-4ecf-a967-1d8b522fff31-10,EDC_BS6_PERIODIC,2025-11-25 19:50:53,2025-11-25 19:51:46,18.919032,73.3348224,25166,1654,FixOK,A,OaG5CU0303,G133fg5425,,15271,0,IgnitionOn,1,54.759,20.95,24,-113
acd999fe-58e6-4ecf-a967-1d8b522fff31-9,EDC_BS6_PERIODIC,2025-11-25 19:50:59,2025-11-25 19:51:46,18.9190208,73.3348416,25167,1654,FixOK,A,OaG5CU0303,G133fg5425,,15271,0,IgnitionOn,1,53.756,20.95,25,-113
acd999fe-58e6-4ecf-a967-1d8b522fff31-8,EDC_BS6_PERIODIC,2025-11-25 19:51:05,2025-11-25 19:51:46,18.9190064,73.3348544,25168,1654,FixOK,A,OaG5CU0303,G133fg5425,,15271,0,IgnitionOn,1,56.56,20.95,33,-113
acd999fe-58e6-4ecf-a967-1d8b522fff31-7,EDC_BS6_PERIODIC,2025-11-25 19:51:11,2025-11-25 19:51:46,18.9190048,73.3348544,25169,1654,FixOK,A,OaG5CU0303,G133fg5425,,15271,0,IgnitionOn,1,54.409,20.95,33,-113
acd999fe-58e6-4ecf-a967-1d8b522fff31-6,EDC_BS6_PERIODIC,2025-11-25 19:51:17,2025-11-25 19:51:46,18.9190064,73.334848,25170,1654,FixOK,A,OaG5CU0303,G133fg5425,,15271,0,IgnitionOn,1,54.22,20.95,33,-113
acd999fe-58e6-4ecf-a967-1d8b522fff31-5,EDC_BS6_PERIODIC,2025-11-25 19:51:23,2025-11-25 19:51:46,18.9190144,73.3348352,25171,1654,FixOK,A,OaG5CU0303,G133fg5425,,15271,0,IgnitionOn,1,54.074,20.95,32,-113
acd999fe-58e6-4ecf-a967-1d8b522fff31-4,LOW_FUEL_CAN_START,2025-11-25 19:51:27,2025-11-25 19:51:46,18.9190208,73.3348224,37470,1654,FixOK,,OaG5CU0303,G133fg5425,,0,0,IgnitionOn,1,,,,
acd999fe-58e6-4ecf-a967-1d8b522fff31-3,EDC_BS6_PERIODIC,2025-11-25 19:51:29,2025-11-25 19:51:46,18.9190224,73.334816,25172,1654,FixOK,A,OaG5CU0303,G133fg5425,,15271,0,IgnitionOn,1,53.766,20.95,33,-113
acd999fe-58e6-4ecf-a967-1d8b522fff31-2,EDC_BS6_PERIODIC,2025-11-25 19:51:35,2025-11-25 19:51:46,18.9190304,73.3348096,25173,1654,FixOK,A,OaG5CU0303,G133fg5425,,15271,0,IgnitionOn,1,53.397,20.95,33,-113
acd999fe-58e6-4ecf-a967-1d8b522fff31-1,EDC_BS6_PERIODIC,2025-11-25 19:51:41,2025-11-25 19:51:46,18.9190384,73.3347968,25174,1654,FixOK,A,OaG5CU0303,G133fg5425,,15271,0,IgnitionOn,1,52.963,20.95,34,-113
b47980fe-f508-40c3-8151-a7bf35890a75,HEARTBEAT_MESSAGE,2025-11-25 19:51:44,2025-11-25 19:51:44,0,0,,,,,OaG5CU0303,G133fg5425,,,,,1,,,,
92a0ab82-8e55-4df1-a379-27359144449d-10,EDC_BS6_PERIODIC,2025-11-25 19:51:47,2025-11-25 19:52:47,18.9190416,73.3347968,25175,1654,FixOK,A,OaG5CU0303,G133fg5425,,15271,0,IgnitionOn,1,52.798,20.95,35,-113
92a0ab82-8e55-4df1-a379-27359144449d-9,EDC_BS6_PERIODIC,2025-11-25 19:51:53,2025-11-25 19:52:47,18.9190416,73.3348096,25176,1654,FixOK,A,OaG5CU0303,G133fg5425,,15271,0,IgnitionOn,1,52.137,20.95,35,-113
92a0ab82-8e55-4df1-a379-27359144449d-8,EDC_BS6_PERIODIC,2025-11-25 19:51:59,2025-11-25 19:52:47,18.9190416,73.3348096,25177,1654,FixOK,A,OaG5CU0303,G133fg5425,,15271,0,IgnitionOn,1,51.659,20.95,34,-113
92a0ab82-8e55-4df1-a379-27359144449d-7,EDC_BS6_PERIODIC,2025-11-25 19:52:05,2025-11-25 19:52:47,18.9190432,73.334816,25178,1654,FixOK,A,OaG5CU0303,G133fg5425,,15271,0,IgnitionOn,1,51.348,20.95,36,-113
92a0ab82-8e55-4df1-a379-27359144449d-6,EDC_BS6_PERIODIC,2025-11-25 19:52:11,2025-11-25 19:52:47,18.9190528,73.3348096,25179,1654,FixOK,A,OaG5CU0303,G133fg5425,,15271,0,IgnitionOn,1,51.453,20.95,36,-113
92a0ab82-8e55-4df1-a379-27359144449d-5,EDC_BS6_PERIODIC,2025-11-25 19:52:17,2025-11-25 19:52:47,18.919056,73.3347904,25180,1654,FixOK,A,OaG5CU0303,G133fg5425,,15271,0,IgnitionOn,1,51.662,20.95,41,-113
92a0ab82-8e55-4df1-a379-27359144449d-4,EDC_BS6_PERIODIC,2025-11-25 19:52:23,2025-11-25 19:52:47,18.9190528,73.3347904,25181,1654,FixOK,A,OaG5CU0303,G133fg5425,,15271,0,IgnitionOn,1,51.516,20.95,42,-113
92a0ab82-8e55-4df1-a379-27359144449d-3,EDC_BS6_PERIODIC,2025-11-25 19:52:29,2025-11-25 19:52:47,18.919048,73.3347904,25182,1654,FixOK,A,OaG5CU0303,G133fg5425,,15271,0,IgnitionOn,1,50.194,20.95,42,-113
92a0ab82-8e55-4df1-a379-27359144449d-2,EDC_BS6_PERIODIC,2025-11-25 19:52:35,2025-11-25 19:52:47,18.919048,73.3347904,25183,1654,FixOK,A,OaG5CU0303,G133fg5425,,15271,0,IgnitionOn,1,49.25,20.95,42,-113
92a0ab82-8e55-4df1-a379-27359144449d-1,EDC_BS6_PERIODIC,2025-11-25 19:52:41,2025-11-25 19:52:47,18.919048,73.3347904,25184,1654,FixOK,A,OaG5CU0303,G133fg5425,,15271,0,IgnitionOn,1,48.499,20.95,42,-113
bafd9814-c463-4c72-8205-df2b314078a5-10,EDC_BS6_PERIODIC,2025-11-25 19:52:47,2025-11-25 19:53:48,18.919048,73.3347968,25185,1654,FixOK,A,OaG5CU0303,G133fg5425,,15271,0,IgnitionOn,1,48.048,20.95,43,-53
bafd9814-c463-4c72-8205-df2b314078a5-9,EDC_BS6_PERIODIC,2025-11-25 19:52:53,2025-11-25 19:53:48,18.9190432,73.3348096,25186,1654,FixOK,A,OaG5CU0303,G133fg5425,,15271,0,IgnitionOn,1,47.888,20.95,42,-53
bafd9814-c463-4c72-8205-df2b314078a5-8,EDC_BS6_PERIODIC,2025-11-25 19:52:59,2025-11-25 19:53:48,18.919048,73.3348096,25187,1654,FixOK,A,OaG5CU0303,G133fg5425,,15271,0,IgnitionOn,1,47.84,20.95,42,-53
bafd9814-c463-4c72-8205-df2b314078a5-7,EDC_BS6_PERIODIC,2025-11-25 19:53:05,2025-11-25 19:53:48,18.9190528,73.3348096,25188,1654,FixOK,A,OaG5CU0303,G133fg5425,,15271,0,IgnitionOn,1,47.972,20.95,43,-53
bafd9814-c463-4c72-8205-df2b314078a5-6,EDC_BS6_PERIODIC,2025-11-25 19:53:11,2025-11-25 19:53:48,18.9190528,73.3348096,25189,1654,FixOK,A,OaG5CU0303,G133fg5425,,15271,0,IgnitionOn,1,47.904,20.95,43,-53
bafd9814-c463-4c72-8205-df2b314078a5-5,EDC_BS6_PERIODIC,2025-11-25 19:53:17,2025-11-25 19:53:48,18.9190528,73.3348096,25190,1654,FixOK,A,OaG5CU0303,G133fg5425,,15271,0,IgnitionOn,1,47.72,20.95,42,-53
bafd9814-c463-4c72-8205-df2b314078a5-4,EDC_BS6_PERIODIC,2025-11-25 19:53:23,2025-11-25 19:53:48,18.9190528,73.3347968,25191,1654,FixOK,A,OaG5CU0303,G133fg5425,,15271,0,IgnitionOn,1,47.859,20.95,44,-53
bafd9814-c463-4c72-8205-df2b314078a5-3,EDC_BS6_PERIODIC,2025-11-25 19:53:29,2025-11-25 19:53:48,18.919048,73.3347968,25192,1654,FixOK,A,OaG5CU0303,G133fg5425,,15271,0,IgnitionOn,1,48.055,20.95,44,-53
bafd9814-c463-4c72-8205-df2b314078a5-2,EDC_BS6_PERIODIC,2025-11-25 19:53:35,2025-11-25 19:53:48,18.9190432,73.3347968,25193,1654,FixOK,A,OaG5CU0303,G133fg5425,,15271,0,IgnitionOn,1,47.91,20.95,44,-53
bafd9814-c463-4c72-8205-df2b314078a5-1,EDC_BS6_PERIODIC,2025-11-25 19:53:41,2025-11-25 19:53:48,18.9190416,73.3347968,25194,1654,FixOK,A,OaG5CU0303,G133fg5425,,15271,0,IgnitionOn,1,47.193,20.95,43,-53
1438d2b3-ffc7-4799-8305-b4ed20b9ea9c-10,EDC_BS6_PERIODIC,2025-11-25 19:53:47,2025-11-25 19:54:50,18.91904,73.3348096,25195,1654,FixOK,A,OaG5CU0303,G133fg5425,,15271,0,IgnitionOn,1,46.368,20.95,43,-53
1438d2b3-ffc7-4799-8305-b4ed20b9ea9c-9,EDC_BS6_PERIODIC,2025-11-25 19:53:53,2025-11-25 19:54:50,18.9190432,73.3348096,25196,1654,FixOK,A,OaG5CU0303,G133fg5425,,15271,0,IgnitionOn,1,45.833,20.95,44,-53
1438d2b3-ffc7-4799-8305-b4ed20b9ea9c-8,EDC_BS6_PERIODIC,2025-11-25 19:53:59,2025-11-25 19:54:50,18.9190528,73.3347904,25197,1654,FixOK,A,OaG5CU0303,G133fg5425,,15271,0,IgnitionOn,1,45.264,20.95,45,-53
1438d2b3-ffc7-4799-8305-b4ed20b9ea9c-7,EDC_BS6_PERIODIC,2025-11-25 19:54:05,2025-11-25 19:54:50,18.919056,73.3347776,25198,1654,FixOK,A,OaG5CU0303,G133fg5425,,15271,1.3,IgnitionOn,1,44.949,20.95,45,-53
1438d2b3-ffc7-4799-8305-b4ed20b9ea9c-6,EDC_BS6_PERIODIC,2025-11-25 19:54:11,2025-11-25 19:54:50,18.9190256,73.3347072,25199,1654,FixOK,A,OaG5CU0303,G133fg5425,,15271,3.31,IgnitionOn,1,44.773,216.88,46,-53
1438d2b3-ffc7-4799-8305-b4ed20b9ea9c-5,EDC_BS6_PERIODIC,2025-11-25 19:54:17,2025-11-25 19:54:50,18.918984,73.3346688,25200,1654,FixOK,A,OaG5CU0303,G133fg5425,,15271,3.41,IgnitionOn,1,43.625,216.88,45,-53
1438d2b3-ffc7-4799-8305-b4ed20b9ea9c-4,EDC_BS6_PERIODIC,2025-11-25 19:54:23,2025-11-25 19:54:50,18.918968,73.3346688,25201,1654,FixOK,A,OaG5CU0303,G133fg5425,,15271,1.61,IgnitionOn,1,43.166,216.88,46,-53
1438d2b3-ffc7-4799-8305-b4ed20b9ea9c-3,EDC_BS6_PERIODIC,2025-11-25 19:54:29,2025-11-25 19:54:50,18.91896,73.3346688,25202,1654,FixOK,A,OaG5CU0303,G133fg5425,,15271,0,IgnitionOn,1,43.412,216.88,45,-53
1438d2b3-ffc7-4799-8305-b4ed20b9ea9c-2,EDC_BS6_PERIODIC,2025-11-25 19:54:35,2025-11-25 19:54:50,18.9189728,73.334688,25203,1654,FixOK,A,OaG5CU0303,G133fg5425,,15271,2.26,IgnitionOn,1,43.709,216.88,46,-53
1438d2b3-ffc7-4799-8305-b4ed20b9ea9c-1,EDC_BS6_PERIODIC,2025-11-25 19:54:41,2025-11-25 19:54:50,18.9189936,73.33472,25204,1654,FixOK,A,OaG5CU0303,G133fg5425,,15271,3.11,IgnitionOn,1,43.791,216.88,46,-53
96dc89bc-fcf4-4b8a-a176-6e9cfcd23b13-2,EDC_BS6_PERIODIC,2025-11-25 19:54:47,2025-11-25 19:57:56,18.9189888,73.33472,25205,1654,FixOK,A,OaG5CU0303,G133fg5425,"Lakran Karjat, Shop No 1, Karjat, Maharashtra 410201, India",15271,0,IgnitionOn,1,43.82,216.88,46,-53
66ffea99-349c-43d5-be32-96dffeb39331-10,EDC_BS6_PERIODIC,2025-11-25 19:54:53,2025-11-25 19:55:51,18.918984,73.33472,25206,1654,FixOK,A,OaG5CU0303,G133fg5425,"Lakran Karjat, Shop No 1, Karjat, Maharashtra 410201, India",15271,0,IgnitionOn,1,43.724,216.88,46,-53
66ffea99-349c-43d5-be32-96dffeb39331-9,EDC_BS6_PERIODIC,2025-11-25 19:54:59,2025-11-25 19:55:51,18.9189792,73.33472,25207,1654,FixOK,A,OaG5CU0303,G133fg5425,"Lakran Karjat, Shop No 1, Karjat, Maharashtra 410201, India",15271,0,IgnitionOn,1,43.986,216.88,46,-53
66ffea99-349c-43d5-be32-96dffeb39331-8,EDC_BS6_PERIODIC,2025-11-25 19:55:05,2025-11-25 19:55:51,18.918944,73.33472,25208,1654,FixOK,A,OaG5CU0303,G133fg5425,"Lakran Karjat, Shop No 1, Karjat, Maharashtra 410201, India",15271,2.15,IgnitionOn,1,43.955,216.88,46,-53
66ffea99-349c-43d5-be32-96dffeb39331-7,EDC_BS6_PERIODIC,2025-11-25 19:55:11,2025-11-25 19:55:51,18.9188944,73.3347712,25209,1654,FixOK,A,OaG5CU0303,G133fg5425,"Lakran Karjat, Shop No 1, Karjat, Maharashtra 410201, India",15271,3.58,IgnitionOn,1,43.722,107.04,44,-53
66ffea99-349c-43d5-be32-96dffeb39331-6,EDC_BS6_PERIODIC,2025-11-25 19:55:17,2025-11-25 19:55:51,18.9188784,73.334816,25210,1654,FixOK,A,OaG5CU0303,G133fg5425,"Lakran Karjat, Shop No 1, Karjat, Maharashtra 410201, India",15271,3.13,IgnitionOn,1,42.497,107.04,45,-53
66ffea99-349c-43d5-be32-96dffeb39331-5,EDC_BS6_PERIODIC,2025-11-25 19:55:23,2025-11-25 19:55:51,18.9188672,73.334848,25211,1654,FixOK,A,OaG5CU0303,G133fg5425,"Lakran Karjat, Shop No 1, Karjat, Maharashtra 410201, India",15271,2.41,IgnitionOn,1,41.846,107.04,46,-53
66ffea99-349c-43d5-be32-96dffeb39331-4,EDC_BS6_PERIODIC,2025-11-25 19:55:29,2025-11-25 19:55:51,18.9188608,73.3348736,25212,1654,FixOK,A,OaG5CU0303,G133fg5425,"Lakran Karjat, Shop No 1, Karjat, Maharashtra 410201, India",15271,2.37,IgnitionOn,1,40.513,107.04,45,-53
66ffea99-349c-43d5-be32-96dffeb39331-3,IGNITION_OFF,2025-11-25 19:55:34,2025-11-25 19:55:51,18.918864,73.3348736,37471,1654,FixOK,,OaG5CU0303,G133fg5425,"Lakran Karjat, Shop No 1, Karjat, Maharashtra 410201, India",0,,IgnitionOn,0,,,,
66ffea99-349c-43d5-be32-96dffeb39331-2,EDC_BS6_PERIODIC,2025-11-25 19:55:35,2025-11-25 19:55:51,18.918864,73.3348736,25213,1654,FixOK,A,OaG5CU0303,G133fg5425,"Lakran Karjat, Shop No 1, Karjat, Maharashtra 410201, India",15271,0,IgnitionOn,0,40.222,107.04,45,-53
66ffea99-349c-43d5-be32-96dffeb39331-1,EDC_BS6_PERIODIC,2025-11-25 19:55:41,2025-11-25 19:55:51,18.918864,73.3348736,25214,1654,FixOK,A,OaG5CU0303,G133fg5425,"Lakran Karjat, Shop No 1, Karjat, Maharashtra 410201, India",15271,0,IgnitionOn,0,39.888,107.04,46,-53
96dc89bc-fcf4-4b8a-a176-6e9cfcd23b13-1,EDC_BS6_PERIODIC,2025-11-25 19:55:47,2025-11-25 19:57:56,18.918864,73.3348736,25215,1654,FixOK,A,OaG5CU0303,G133fg5425,"Lakran Karjat, Shop No 1, Karjat, Maharashtra 410201, India",15271,0,IgnitionOn,0,39.951,107.04,47,-53
0e5c82d4-d9ab-456d-8a7a-d9f5a66a7e97-10,EDC_BS6_PERIODIC,2025-11-25 19:55:53,2025-11-25 19:56:52,18.918864,73.3348736,25216,1654,FixOK,A,OaG5CU0303,G133fg5425,"Lakran Karjat, Shop No 1, Karjat, Maharashtra 410201, India",15271,0,IgnitionOn,0,39.505,107.04,49,-53
0e5c82d4-d9ab-456d-8a7a-d9f5a66a7e97-9,EDC_BS6_PERIODIC,2025-11-25 19:55:59,2025-11-25 19:56:52,18.9188672,73.3348736,25217,1654,FixOK,A,OaG5CU0303,G133fg5425,"Lakran Karjat, Shop No 1, Karjat, Maharashtra 410201, India",15271,0,IgnitionOn,0,39.286,107.04,49,-53
0e5c82d4-d9ab-456d-8a7a-d9f5a66a7e97-8,EDC_BS6_PERIODIC,2025-11-25 19:56:05,2025-11-25 19:56:52,18.9188704,73.3348608,25218,1654,FixOK,A,OaG5CU0303,G133fg5425,"Lakran Karjat, Shop No 1, Karjat, Maharashtra 410201, India",15271,0,IgnitionOn,0,38.731,107.04,50,-53
0e5c82d4-d9ab-456d-8a7a-d9f5a66a7e97-7,EDC_BS6_PERIODIC,2025-11-25 19:56:11,2025-11-25 19:56:52,18.9188672,73.3348608,25219,1654,FixOK,A,OaG5CU0303,G133fg5425,"Lakran Karjat, Shop No 1, Karjat, Maharashtra 410201, India",0,0,IgnitionOn,0,38.428,107.04,49,-53
0e5c82d4-d9ab-456d-8a7a-d9f5a66a7e97-6,EDC_BS6_PERIODIC,2025-11-25 19:56:17,2025-11-25 19:56:52,18.9188704,73.3348608,25220,1654,FixOK,A,OaG5CU0303,G133fg5425,"Lakran Karjat, Shop No 1, Karjat, Maharashtra 410201, India",0,0,IgnitionOn,0,38.004,107.04,52,-53
0e5c82d4-d9ab-456d-8a7a-d9f5a66a7e97-5,EDC_BS6_PERIODIC,2025-11-25 19:56:23,2025-11-25 19:56:52,18.9188704,73.3348608,25221,1654,FixOK,A,OaG5CU0303,G133fg5425,"Lakran Karjat, Shop No 1, Karjat, Maharashtra 410201, India",0,0,IgnitionOn,0,37.563,107.04,50,-53
0e5c82d4-d9ab-456d-8a7a-d9f5a66a7e97-4,EDC_BS6_PERIODIC,2025-11-25 19:56:29,2025-11-25 19:56:52,18.9188672,73.3348608,25222,1654,FixOK,A,OaG5CU0303,G133fg5425,"Lakran Karjat, Shop No 1, Karjat, Maharashtra 410201, India",0,0,IgnitionOn,0,37.36,107.04,50,-53
0e5c82d4-d9ab-456d-8a7a-d9f5a66a7e97-3,EDC_BS6_PERIODIC,2025-11-25 19:56:35,2025-11-25 19:56:52,18.918864,73.3348608,25223,1654,FixOK,A,OaG5CU0303,G133fg5425,"Lakran Karjat, Shop No 1, Karjat, Maharashtra 410201, India",0,0,IgnitionOn,0,37.377,107.04,50,-53
0e5c82d4-d9ab-456d-8a7a-d9f5a66a7e97-2,EDC_BS6_PERIODIC,2025-11-25 19:56:41,2025-11-25 19:56:52,18.918864,73.3348608,25224,1654,FixOK,A,OaG5CU0303,G133fg5425,"Lakran Karjat, Shop No 1, Karjat, Maharashtra 410201, India",0,0,IgnitionOn,0,37.432,107.04,51,-53
0e5c82d4-d9ab-456d-8a7a-d9f5a66a7e97-1,EDC_BS6_PERIODIC,2025-11-25 19:56:47,2025-11-25 19:56:52,18.918864,73.3348544,25225,1654,FixOK,A,OaG5CU0303,G133fg5425,"Lakran Karjat, Shop No 1, Karjat, Maharashtra 410201, India",0,0,IgnitionOn,0,37.367,107.04,52,-53
ca4f444f-5cee-4330-82f9-ebfcac9412d3-10,EDC_BS6_PERIODIC,2025-11-25 19:56:53,2025-11-25 19:57:53,18.9188672,73.3348608,25226,1654,FixOK,A,OaG5CU0303,G133fg5425,"Lakran Karjat, Shop No 1, Karjat, Maharashtra 410201, India",0,0,IgnitionOn,0,37.035,107.04,50,-53
ca4f444f-5cee-4330-82f9-ebfcac9412d3-9,EDC_BS6_PERIODIC,2025-11-25 19:56:59,2025-11-25 19:57:53,18.918872,73.3348608,25227,1654,FixOK,A,OaG5CU0303,G133fg5425,"Lakran Karjat, Shop No 1, Karjat, Maharashtra 410201, India",0,0,IgnitionOn,0,36.525,107.04,52,-53
ca4f444f-5cee-4330-82f9-ebfcac9412d3-8,EDC_BS6_PERIODIC,2025-11-25 19:57:05,2025-11-25 19:57:53,18.9188736,73.3348608,25228,1654,FixOK,A,OaG5CU0303,G133fg5425,"Lakran Karjat, Shop No 1, Karjat, Maharashtra 410201, India",0,0,IgnitionOn,0,36.28,107.04,52,-53
ca4f444f-5cee-4330-82f9-ebfcac9412d3-7,EDC_BS6_PERIODIC,2025-11-25 19:57:11,2025-11-25 19:57:53,18.9188736,73.3348608,25229,1654,FixOK,A,OaG5CU0303,G133fg5425,"Lakran Karjat, Shop No 1, Karjat, Maharashtra 410201, India",0,0,IgnitionOn,0,36.28,107.04,52,-53
ca4f444f-5cee-4330-82f9-ebfcac9412d3-6,EDC_BS6_PERIODIC,2025-11-25 19:57:17,2025-11-25 19:57:53,18.918872,73.3348736,25230,1654,FixOK,A,OaG5CU0303,G133fg5425,"Lakran Karjat, Shop No 1, Karjat, Maharashtra 410201, India",0,0,IgnitionOn,0,36.71,107.04,53,-53
ca4f444f-5cee-4330-82f9-ebfcac9412d3-5,EDC_BS6_PERIODIC,2025-11-25 19:57:23,2025-11-25 19:57:53,18.9188736,73.3348736,25231,1654,FixOK,A,OaG5CU0303,G133fg5425,"Lakran Karjat, Shop No 1, Karjat, Maharashtra 410201, India",0,0,IgnitionOn,0,36.854,107.04,52,-53
ca4f444f-5cee-4330-82f9-ebfcac9412d3-4,EDC_BS6_PERIODIC,2025-11-25 19:57:29,2025-11-25 19:57:53,18.918872,73.3348736,25232,1654,FixOK,A,OaG5CU0303,G133fg5425,"Lakran Karjat, Shop No 1, Karjat, Maharashtra 410201, India",0,0,IgnitionOn,0,36.901,107.04,52,-53
ca4f444f-5cee-4330-82f9-ebfcac9412d3-3,GPS_MESSAGE,2025-11-25 19:57:33,2025-11-25 19:57:53,18.918872,73.3348736,,1654,3DFix,,OaG5CU0303,G133fg5425,"Lakran Karjat, Shop No 1, Karjat, Maharashtra 410201, India",0,,IgnitionOff,0,37,10,52,
ca4f444f-5cee-4330-82f9-ebfcac9412d3-1,DEVICE_METRICS,2025-11-25 19:57:34,2025-11-25 19:57:53,18.918872,73.3348736,,1654,FixOK,,OaG5CU0303,G133fg5425,"Lakran Karjat, Shop No 1, Karjat, Maharashtra 410201, India",0,,IgnitionOff,0,,,,
ca4f444f-5cee-4330-82f9-ebfcac9412d3-2,TRIP_END,2025-11-25 19:57:34,2025-11-25 19:57:53,18.918872,73.3348736,,1654,FixOK,,OaG5CU0303,G133fg5425,"Lakran Karjat, Shop No 1, Karjat, Maharashtra 410201, India",0,,IgnitionOff,0,,,,
ad41889f-512f-4e92-a458-7534b1161602,HEARTBEAT_MESSAGE,2025-11-25 19:57:36,2025-11-25 19:57:36,0,0,,,,,OaG5CU0303,G133fg5425,,,,,1,,,,
ad9ec501-f68f-4f71-995e-b615ef57c043-4,IGNITION_ON,2025-11-25 19:58:55,2025-11-25 20:06:26,18.918872,73.3348864,37474,1654,FixOK,,OaG5CU0303,G133fg5425,"Lakran Karjat, Shop No 1, Karjat, Maharashtra 410201, India",0,,IgnitionOff,1,,,,
ad9ec501-f68f-4f71-995e-b615ef57c043-3,IGNITION_ON,2025-11-25 19:58:56,2025-11-25 20:06:26,18.918872,73.33488,37474,1654,FixOK,,OaG5CU0303,G133fg5425,"Lakran Karjat, Shop No 1, Karjat, Maharashtra 410201, India",0,,IgnitionOff,1,,,,
ad9ec501-f68f-4f71-995e-b615ef57c043-5,TRIP_START,2025-11-25 20:02:27,2025-11-25 20:06:26,18.9188816,73.3348416,,1655,StoredFix,,OaG5CU0303,G133fg5425,"Lakran Karjat, Shop No 1, Karjat, Maharashtra 410201, India",0,,IgnitionOn,1,,,,
ad9ec501-f68f-4f71-995e-b615ef57c043-6,GPS_MESSAGE,2025-11-25 20:02:41,2025-11-25 20:06:26,18.9188816,73.3348416,,1655,NoFix,,OaG5CU0303,G133fg5425,"Lakran Karjat, Shop No 1, Karjat, Maharashtra 410201, India",0,,IgnitionOn,1,0,0,0,
ad9ec501-f68f-4f71-995e-b615ef57c043-7,VERSION_UPDATE,2025-11-25 20:02:41,2025-11-25 20:06:26,18.9188816,73.3348416,,1655,StoredFix,,OaG5CU0303,G133fg5425,"Lakran Karjat, Shop No 1, Karjat, Maharashtra 410201, India",0,,IgnitionOn,1,,,,
ad9ec501-f68f-4f71-995e-b615ef57c043-8,GPS_MESSAGE,2025-11-25 20:02:45,2025-11-25 20:06:26,18.9188816,73.334848,,1655,3DFix,,OaG5CU0303,G133fg5425,"Lakran Karjat, Shop No 1, Karjat, Maharashtra 410201, India",0,,IgnitionOn,1,37,29,37,
ad9ec501-f68f-4f71-995e-b615ef57c043-11,ACU_SW_PART_NO,2025-11-25 20:02:47,2025-11-25 20:06:26,18.91888,73.3348416,37477,1655,FixOK,,OaG5CU0303,G133fg5425,"Lakran Karjat, Shop No 1, Karjat, Maharashtra 410201, India",0,,IgnitionOn,1,,,,
ad9ec501-f68f-4f71-995e-b615ef57c043-10,ECU_SW_PART_NO,2025-11-25 20:02:47,2025-11-25 20:06:26,18.91888,73.3348416,37476,1655,FixOK,,OaG5CU0303,G133fg5425,"Lakran Karjat, Shop No 1, Karjat, Maharashtra 410201, India",0,,IgnitionOn,1,,,,
ad9ec501-f68f-4f71-995e-b615ef57c043-9,ENGINE_CRANKING,2025-11-25 20:02:47,2025-11-25 20:06:26,18.91888,73.334848,37475,1655,FixOK,,OaG5CU0303,G133fg5425,"Lakran Karjat, Shop No 1, Karjat, Maharashtra 410201, India",0,,IgnitionOn,1,,,,
ad9ec501-f68f-4f71-995e-b615ef57c043-12,EDC_BS6_PERIODIC,2025-11-25 20:02:48,2025-11-25 20:06:26,18.9188784,73.334848,25233,1655,FixOK,A,OaG5CU0303,G133fg5425,"Lakran Karjat, Shop No 1, Karjat, Maharashtra 410201, India",15271,0,IgnitionOn,1,37.636,107.04,48,-113
ad9ec501-f68f-4f71-995e-b615ef57c043-13,EDC_BS6_PERIODIC,2025-11-25 20:02:54,2025-11-25 20:06:26,18.9188816,73.3348352,25234,1655,FixOK,A,OaG5CU0303,G133fg5425,"Lakran Karjat, Shop No 1, Karjat, Maharashtra 410201, India",15271,1.52,IgnitionOn,1,37.789,107.04,47,-113
ad9ec501-f68f-4f71-995e-b615ef57c043-14,EDC_BS6_PERIODIC,2025-11-25 20:03:00,2025-11-25 20:06:26,18.9188864,73.3348352,25235,1655,FixOK,A,OaG5CU0303,G133fg5425,"Lakran Karjat, Shop No 1, Karjat, Maharashtra 410201, India",15271,0,IgnitionOn,1,37.863,107.04,48,-113
ad9ec501-f68f-4f71-995e-b615ef57c043-15,EDC_BS6_PERIODIC,2025-11-25 20:03:06,2025-11-25 20:06:26,18.9188864,73.3348352,25236,1655,FixOK,A,OaG5CU0303,G133fg5425,"Lakran Karjat, Shop No 1, Karjat, Maharashtra 410201, India",15271,0,IgnitionOn,1,37.933,107.04,52,-113
ad9ec501-f68f-4f71-995e-b615ef57c043-16,EDC_BS6_PERIODIC,2025-11-25 20:03:12,2025-11-25 20:06:26,18.9188864,73.3348352,25237,1655,FixOK,A,OaG5CU0303,G133fg5425,"Lakran Karjat, Shop No 1, Karjat, Maharashtra 410201, India",15271,0,IgnitionOn,1,37.84,107.04,50,-113
ad9ec501-f68f-4f71-995e-b615ef57c043-17,EDC_BS6_PERIODIC,2025-11-25 20:03:18,2025-11-25 20:06:26,18.9188896,73.3348224,25238,1655,FixOK,A,OaG5CU0303,G133fg5425,"Lakran Karjat, Shop No 1, Karjat, Maharashtra 410201, India",15271,0,IgnitionOn,1,37.733,107.04,54,-113
ad9ec501-f68f-4f71-995e-b615ef57c043-18,IGNITION_OFF,2025-11-25 20:03:23,2025-11-25 20:06:26,18.9188928,73.3348224,37478,1655,FixOK,,OaG5CU0303,G133fg5425,"Lakran Karjat, Shop No 1, Karjat, Maharashtra 410201, India",0,,IgnitionOn,0,,,,
ad9ec501-f68f-4f71-995e-b615ef57c043-19,EDC_BS6_PERIODIC,2025-11-25 20:03:24,2025-11-25 20:06:26,18.9188928,73.3348224,25239,1655,FixOK,A,OaG5CU0303,G133fg5425,"Lakran Karjat, Shop No 1, Karjat, Maharashtra 410201, India",15271,0,IgnitionOn,0,37.662,107.04,54,-113
abc39b7e-ae3e-4564-b2ea-d501268bf5d9-2,EDC_BS6_PERIODIC,2025-11-25 20:03:30,2025-11-25 20:05:43,18.9188928,73.3348352,25240,1655,FixOK,A,OaG5CU0303,G133fg5425,"Lakran Karjat, Shop No 1, Karjat, Maharashtra 410201, India",15271,0,IgnitionOn,0,37.75,107.04,55,-113
83892ad3-78b0-46cc-95dc-6ee650e5d6ec-10,EDC_BS6_PERIODIC,2025-11-25 20:03:36,2025-11-25 20:04:40,18.9188896,73.3348352,25241,1655,FixOK,A,OaG5CU0303,G133fg5425,"Lakran Karjat, Shop No 1, Karjat, Maharashtra 410201, India",15271,0,IgnitionOn,0,37.734,107.04,55,-113
83892ad3-78b0-46cc-95dc-6ee650e5d6ec-9,EDC_BS6_PERIODIC,2025-11-25 20:03:42,2025-11-25 20:04:40,18.9188896,73.3348352,25242,1655,FixOK,A,OaG5CU0303,G133fg5425,"Lakran Karjat, Shop No 1, Karjat, Maharashtra 410201, India",15271,0,IgnitionOn,0,37.418,107.04,55,-113
83892ad3-78b0-46cc-95dc-6ee650e5d6ec-8,EDC_BS6_PERIODIC,2025-11-25 20:03:48,2025-11-25 20:04:40,18.9188896,73.3348224,25243,1655,FixOK,A,OaG5CU0303,G133fg5425,"Lakran Karjat, Shop No 1, Karjat, Maharashtra 410201, India",15271,0,IgnitionOn,0,37.205,107.04,54,-113
83892ad3-78b0-46cc-95dc-6ee650e5d6ec-7,EDC_BS6_PERIODIC,2025-11-25 20:03:54,2025-11-25 20:04:40,18.9188928,73.3348224,25244,1655,FixOK,A,OaG5CU0303,G133fg5425,"Lakran Karjat, Shop No 1, Karjat, Maharashtra 410201, India",15271,0,IgnitionOn,0,36.901,107.04,57,-113
83892ad3-78b0-46cc-95dc-6ee650e5d6ec-6,EDC_BS6_PERIODIC,2025-11-25 20:04:00,2025-11-25 20:04:40,18.9188928,73.3348224,25245,1655,FixOK,A,OaG5CU0303,G133fg5425,"Lakran Karjat, Shop No 1, Karjat, Maharashtra 410201, India",0,0,IgnitionOn,0,36.495,107.04,54,-113
83892ad3-78b0-46cc-95dc-6ee650e5d6ec-5,EDC_BS6_PERIODIC,2025-11-25 20:04:06,2025-11-25 20:04:40,18.9188928,73.3348224,25246,1655,FixOK,A,OaG5CU0303,G133fg5425,"Lakran Karjat, Shop No 1, Karjat, Maharashtra 410201, India",0,0,IgnitionOn,0,36.074,107.04,54,-113
83892ad3-78b0-46cc-95dc-6ee650e5d6ec-4,EDC_BS6_PERIODIC,2025-11-25 20:04:12,2025-11-25 20:04:40,18.9188896,73.3348224,25247,1655,FixOK,A,OaG5CU0303,G133fg5425,"Lakran Karjat, Shop No 1, Karjat, Maharashtra 410201, India",0,0,IgnitionOn,0,35.716,107.04,55,-113
83892ad3-78b0-46cc-95dc-6ee650e5d6ec-3,EDC_BS6_PERIODIC,2025-11-25 20:04:18,2025-11-25 20:04:40,18.9188928,73.3348224,25248,1655,FixOK,A,OaG5CU0303,G133fg5425,"Lakran Karjat, Shop No 1, Karjat, Maharashtra 410201, India",0,0,IgnitionOn,0,35.296,107.04,53,-113
83892ad3-78b0-46cc-95dc-6ee650e5d6ec-2,EDC_BS6_PERIODIC,2025-11-25 20:04:24,2025-11-25 20:04:40,18.9188896,73.334816,25249,1655,FixOK,A,OaG5CU0303,G133fg5425,"Lakran Karjat, Shop No 1, Karjat, Maharashtra 410201, India",0,0,IgnitionOn,0,35.09,107.04,55,-113
83892ad3-78b0-46cc-95dc-6ee650e5d6ec-1,EDC_BS6_PERIODIC,2025-11-25 20:04:30,2025-11-25 20:04:40,18.918888,73.334816,25250,1655,FixOK,A,OaG5CU0303,G133fg5425,"Lakran Karjat, Shop No 1, Karjat, Maharashtra 410201, India",0,0,IgnitionOn,0,35.085,107.04,55,-113
abc39b7e-ae3e-4564-b2ea-d501268bf5d9-1,EDC_BS6_PERIODIC,2025-11-25 20:04:36,2025-11-25 20:05:43,18.918888,73.334816,25251,1655,FixOK,A,OaG5CU0303,G133fg5425,"Lakran Karjat, Shop No 1, Karjat, Maharashtra 410201, India",0,0,IgnitionOn,0,35.138,107.04,53,-113
c4cf878b-d574-49aa-a503-85400d4314b6,HEARTBEAT_MESSAGE,2025-11-25 20:04:38,2025-11-25 20:04:38,0,0,,,,,OaG5CU0303,G133fg5425,,,,,1,,,,
615acffc-a078-4231-9220-d8b2689ae6fb-10,EDC_BS6_PERIODIC,2025-11-25 20:04:42,2025-11-25 20:05:40,18.918888,73.334816,25252,1655,FixOK,A,OaG5CU0303,G133fg5425,"Lakran Karjat, Shop No 1, Karjat, Maharashtra 410201, India",0,0,IgnitionOn,0,35.089,107.04,55,-113
615acffc-a078-4231-9220-d8b2689ae6fb-9,EDC_BS6_PERIODIC,2025-11-25 20:04:48,2025-11-25 20:05:40,18.918888,73.334816,25253,1655,FixOK,A,OaG5CU0303,G133fg5425,"Lakran Karjat, Shop No 1, Karjat, Maharashtra 410201, India",0,0,IgnitionOn,0,34.923,107.04,55,-113
615acffc-a078-4231-9220-d8b2689ae6fb-8,EDC_BS6_PERIODIC,2025-11-25 20:04:54,2025-11-25 20:05:40,18.9188832,73.3348096,25254,1655,FixOK,A,OaG5CU0303,G133fg5425,"Lakran Karjat, Shop No 1, Karjat, Maharashtra 410201, India",0,0,IgnitionOn,0,34.889,107.04,56,-113
615acffc-a078-4231-9220-d8b2689ae6fb-7,EDC_BS6_PERIODIC,2025-11-25 20:05:00,2025-11-25 20:05:40,18.9188832,73.3348096,25255,1655,FixOK,A,OaG5CU0303,G133fg5425,"Lakran Karjat, Shop No 1, Karjat, Maharashtra 410201, India",0,0,IgnitionOn,0,34.824,107.04,57,-113
615acffc-a078-4231-9220-d8b2689ae6fb-6,EDC_BS6_PERIODIC,2025-11-25 20:05:06,2025-11-25 20:05:40,18.9188816,73.3347968,25256,1655,FixOK,A,OaG5CU0303,G133fg5425,"Lakran Karjat, Shop No 1, Karjat, Maharashtra 410201, India",0,0,IgnitionOn,0,34.706,107.04,53,-113
615acffc-a078-4231-9220-d8b2689ae6fb-5,EDC_BS6_PERIODIC,2025-11-25 20:05:12,2025-11-25 20:05:40,18.91888,73.3347968,25257,1655,FixOK,A,OaG5CU0303,G133fg5425,"Lakran Karjat, Shop No 1, Karjat, Maharashtra 410201, India",0,0,IgnitionOn,0,34.131,107.04,52,-113
615acffc-a078-4231-9220-d8b2689ae6fb-4,EDC_BS6_PERIODIC,2025-11-25 20:05:18,2025-11-25 20:05:40,18.91888,73.3347968,25258,1655,FixOK,A,OaG5CU0303,G133fg5425,"Lakran Karjat, Shop No 1, Karjat, Maharashtra 410201, India",0,0,IgnitionOn,0,33.775,107.04,54,-113
615acffc-a078-4231-9220-d8b2689ae6fb-1,DEVICE_METRICS,2025-11-25 20:05:24,2025-11-25 20:05:40,18.9188816,73.3347968,,1655,FixOK,,OaG5CU0303,G133fg5425,"Lakran Karjat, Shop No 1, Karjat, Maharashtra 410201, India",0,,IgnitionOff,0,,,,
615acffc-a078-4231-9220-d8b2689ae6fb-3,GPS_MESSAGE,2025-11-25 20:05:24,2025-11-25 20:05:40,18.9188816,73.3347968,,1655,3DFix,,OaG5CU0303,G133fg5425,"Lakran Karjat, Shop No 1, Karjat, Maharashtra 410201, India",0,,IgnitionOff,0,33,29,54,
615acffc-a078-4231-9220-d8b2689ae6fb-2,TRIP_END,2025-11-25 20:05:24,2025-11-25 20:05:40,18.9188816,73.3347968,,1655,FixOK,,OaG5CU0303,G133fg5425,"Lakran Karjat, Shop No 1, Karjat, Maharashtra 410201, India",0,,IgnitionOff,0,,,,
338fec95-812c-4d25-8ee0-c08940d6db76,HEARTBEAT_MESSAGE,2025-11-25 20:05:28,2025-11-25 20:05:28,0,0,,,,,OaG5CU0303,G133fg5425,,,,,1,,,,
edabaaa5-3a9f-460a-8f90-5866097cb90f-1,TRIP_START,2025-11-25 20:08:03,2025-11-25 20:12:31,18.91888,73.3348416,,1656,StoredFix,,OaG5CU0303,G133fg5425,"Lakran Karjat, Shop No 1, Karjat, Maharashtra 410201, India",0,,IgnitionOn,1,,,,
edabaaa5-3a9f-460a-8f90-5866097cb90f-2,GPS_MESSAGE,2025-11-25 20:08:17,2025-11-25 20:12:31,18.91888,73.3348416,,1656,NoFix,,OaG5CU0303,G133fg5425,"Lakran Karjat, Shop No 1, Karjat, Maharashtra 410201, India",0,,IgnitionOn,1,0,0,0,
edabaaa5-3a9f-460a-8f90-5866097cb90f-3,VERSION_UPDATE,2025-11-25 20:08:17,2025-11-25 20:12:31,18.91888,73.3348416,,1656,StoredFix,,OaG5CU0303,G133fg5425,"Lakran Karjat, Shop No 1, Karjat, Maharashtra 410201, India",0,,IgnitionOn,1,,,,
edabaaa5-3a9f-460a-8f90-5866097cb90f-4,GPS_MESSAGE,2025-11-25 20:08:21,2025-11-25 20:12:31,18.9188816,73.334848,,1656,3DFix,,OaG5CU0303,G133fg5425,"Lakran Karjat, Shop No 1, Karjat, Maharashtra 410201, India",0,,IgnitionOn,1,37,11,51,
edabaaa5-3a9f-460a-8f90-5866097cb90f-5,IGNITION_ON,2025-11-25 20:08:21,2025-11-25 20:12:31,18.9188816,73.334848,37479,1656,FixOK,,OaG5CU0303,G133fg5425,"Lakran Karjat, Shop No 1, Karjat, Maharashtra 410201, India",0,,IgnitionOn,1,,,,
edabaaa5-3a9f-460a-8f90-5866097cb90f-7,ACU_SW_PART_NO,2025-11-25 20:08:22,2025-11-25 20:12:31,18.9188816,73.334848,37481,1656,FixOK,,OaG5CU0303,G133fg5425,"Lakran Karjat, Shop No 1, Karjat, Maharashtra 410201, India",0,,IgnitionOn,1,,,,
edabaaa5-3a9f-460a-8f90-5866097cb90f-6,ECU_SW_PART_NO,2025-11-25 20:08:22,2025-11-25 20:12:31,18.9188816,73.334848,37480,1656,FixOK,,OaG5CU0303,G133fg5425,"Lakran Karjat, Shop No 1, Karjat, Maharashtra 410201, India",0,,IgnitionOn,1,,,,
edabaaa5-3a9f-460a-8f90-5866097cb90f-8,ENGINE_CRANKING,2025-11-25 20:08:23,2025-11-25 20:12:31,18.9188816,73.334848,37482,1656,FixOK,,OaG5CU0303,G133fg5425,"Lakran Karjat, Shop No 1, Karjat, Maharashtra 410201, India",0,,IgnitionOn,1,,,,
edabaaa5-3a9f-460a-8f90-5866097cb90f-9,EDC_BS6_PERIODIC,2025-11-25 20:08:24,2025-11-25 20:12:31,18.91888,73.334848,25259,1656,FixOK,A,OaG5CU0303,G133fg5425,"Lakran Karjat, Shop No 1, Karjat, Maharashtra 410201, India",15271,0,IgnitionOn,1,37.046,107.04,51,-113
edabaaa5-3a9f-460a-8f90-5866097cb90f-10,EDC_BS6_PERIODIC,2025-11-25 20:08:30,2025-11-25 20:12:31,18.9188784,73.3348416,25260,1656,FixOK,A,OaG5CU0303,G133fg5425,"Lakran Karjat, Shop No 1, Karjat, Maharashtra 410201, India",15271,0,IgnitionOn,1,36.919,107.04,53,-113
8a34a75f-b78c-4c3f-9b3b-ad895e08cba2-2,EDC_BS6_PERIODIC,2025-11-25 20:08:36,2025-11-25 20:11:48,18.91888,73.3348352,25261,1656,FixOK,A,OaG5CU0303,G133fg5425,"Lakran Karjat, Shop No 1, Karjat, Maharashtra 410201, India",15271,2.04,IgnitionOn,1,36.827,107.04,53,-113
8a34a75f-b78c-4c3f-9b3b-ad895e08cba2-1,EDC_BS6_PERIODIC,2025-11-25 20:08:42,2025-11-25 20:11:48,18.9188816,73.3348352,25262,1656,FixOK,A,OaG5CU0303,G133fg5425,"Lakran Karjat, Shop No 1, Karjat, Maharashtra 410201, India",15271,0,IgnitionOn,1,36.689,107.04,55,-113
9aa744fd-12e7-461f-8e46-efb96a5ea299-10,EDC_BS6_PERIODIC,2025-11-25 20:08:48,2025-11-25 20:09:43,18.9188832,73.3348224,25263,1656,FixOK,A,OaG5CU0303,G133fg5425,"Lakran Karjat, Shop No 1, Karjat, Maharashtra 410201, India",15271,0,IgnitionOn,1,36.661,107.04,56,-113
9aa744fd-12e7-461f-8e46-efb96a5ea299-9,EDC_BS6_PERIODIC,2025-11-25 20:08:54,2025-11-25 20:09:43,18.9188832,73.3348224,25264,1656,FixOK,A,OaG5CU0303,G133fg5425,"Lakran Karjat, Shop No 1, Karjat, Maharashtra 410201, India",15271,0,IgnitionOn,1,36.562,107.04,56,-113
9aa744fd-12e7-461f-8e46-efb96a5ea299-8,EDC_BS6_PERIODIC,2025-11-25 20:09:00,2025-11-25 20:09:43,18.9188832,73.3348352,25265,1656,FixOK,A,OaG5CU0303,G133fg5425,"Lakran Karjat, Shop No 1, Karjat, Maharashtra 410201, India",15271,0,IgnitionOn,1,36.455,107.04,54,-113
9aa744fd-12e7-461f-8e46-efb96a5ea299-7,EDC_BS6_PERIODIC,2025-11-25 20:09:06,2025-11-25 20:09:43,18.918856,73.3348544,25266,1656,FixOK,A,OaG5CU0303,G133fg5425,"Lakran Karjat, Shop No 1, Karjat, Maharashtra 410201, India",15271,3.68,IgnitionOn,1,36.484,107.04,57,-113
9aa744fd-12e7-461f-8e46-efb96a5ea299-6,EDC_BS6_PERIODIC,2025-11-25 20:09:12,2025-11-25 20:09:43,18.918856,73.3348736,25267,1656,FixOK,A,OaG5CU0303,G133fg5425,"Lakran Karjat, Shop No 1, Karjat, Maharashtra 410201, India",15271,1.7,IgnitionOn,1,36.941,107.04,56,-113
9aa744fd-12e7-461f-8e46-efb96a5ea299-5,EDC_BS6_PERIODIC,2025-11-25 20:09:18,2025-11-25 20:09:43,18.9188512,73.3348864,25268,1656,FixOK,A,OaG5CU0303,G133fg5425,"Lakran Karjat, Shop No 1, Karjat, Maharashtra 410201, India",15271,0,IgnitionOn,0,38.694,107.04,55,-113
9aa744fd-12e7-461f-8e46-efb96a5ea299-3,IGNITION_OFF,2025-11-25 20:09:19,2025-11-25 20:09:43,18.9188512,73.3348864,37483,1656,FixOK,,OaG5CU0303,G133fg5425,"Lakran Karjat, Shop No 1, Karjat, Maharashtra 410201, India",0,,IgnitionOn,0,,,,
9aa744fd-12e7-461f-8e46-efb96a5ea299-2,EDC_BS6_PERIODIC,2025-11-25 20:09:24,2025-11-25 20:09:43,18.9188512,73.3348992,25269,1656,FixOK,A,OaG5CU0303,G133fg5425,"Lakran Karjat, Shop No 1, Karjat, Maharashtra 410201, India",15271,0,IgnitionOn,0,39.742,107.04,56,-113
9aa744fd-12e7-461f-8e46-efb96a5ea299-1,EDC_BS6_PERIODIC,2025-11-25 20:09:31,2025-11-25 20:09:43,18.918856,73.3349056,25270,1656,FixOK,A,OaG5CU0303,G133fg5425,"Lakran Karjat, Shop No 1, Karjat, Maharashtra 410201, India",15271,0,IgnitionOn,0,40.479,107.04,56,-113
9aa744fd-12e7-461f-8e46-efb96a5ea299-4,EDC_BS6_PERIODIC,2025-11-25 20:09:37,2025-11-25 20:09:43,18.9188512,73.3348992,25271,1656,FixOK,A,OaG5CU0303,G133fg5425,"Lakran Karjat, Shop No 1, Karjat, Maharashtra 410201, India",15271,0,IgnitionOn,0,41.278,107.04,56,-113
ea604b49-e180-4400-8323-1765e8b804ff,HEARTBEAT_MESSAGE,2025-11-25 20:09:41,2025-11-25 20:09:41,0,0,,,,,OaG5CU0303,G133fg5425,,,,,1,,,,
f17ff0e0-543a-4ae0-b33b-4df09e056a15-10,EDC_BS6_PERIODIC,2025-11-25 20:09:43,2025-11-25 20:10:44,18.9188512,73.3348992,25272,1656,FixOK,A,OaG5CU0303,G133fg5425,"Lakran Karjat, Shop No 1, Karjat, Maharashtra 410201, India",15271,0,IgnitionOn,0,41.652,107.04,56,-113
f17ff0e0-543a-4ae0-b33b-4df09e056a15-9,EDC_BS6_PERIODIC,2025-11-25 20:09:48,2025-11-25 20:10:44,18.918848,73.3348992,25273,1656,FixOK,A,OaG5CU0303,G133fg5425,"Lakran Karjat, Shop No 1, Karjat, Maharashtra 410201, India",15271,0,IgnitionOn,0,41.949,107.04,56,-113
f17ff0e0-543a-4ae0-b33b-4df09e056a15-8,EDC_BS6_PERIODIC,2025-11-25 20:09:54,2025-11-25 20:10:44,18.9188448,73.3348992,25274,1656,FixOK,A,OaG5CU0303,G133fg5425,"Lakran Karjat, Shop No 1, Karjat, Maharashtra 410201, India",15271,0,IgnitionOn,0,42.425,107.04,56,-113
f17ff0e0-543a-4ae0-b33b-4df09e056a15-7,EDC_BS6_PERIODIC,2025-11-25 20:10:00,2025-11-25 20:10:44,18.9188448,73.3348992,25275,1656,FixOK,A,OaG5CU0303,G133fg5425,"Lakran Karjat, Shop No 1, Karjat, Maharashtra 410201, India",0,0,IgnitionOn,0,42.921,107.04,56,-113
f17ff0e0-543a-4ae0-b33b-4df09e056a15-6,EDC_BS6_PERIODIC,2025-11-25 20:10:06,2025-11-25 20:10:44,18.9188448,73.3348992,25276,1656,FixOK,A,OaG5CU0303,G133fg5425,"Lakran Karjat, Shop No 1, Karjat, Maharashtra 410201, India",0,0,IgnitionOn,0,43.039,107.04,56,-113
f17ff0e0-543a-4ae0-b33b-4df09e056a15-5,EDC_BS6_PERIODIC,2025-11-25 20:10:12,2025-11-25 20:10:44,18.9188448,73.3348992,25277,1656,FixOK,A,OaG5CU0303,G133fg5425,"Lakran Karjat, Shop No 1, Karjat, Maharashtra 410201, India",0,0,IgnitionOn,0,43.263,107.04,56,-113
f17ff0e0-543a-4ae0-b33b-4df09e056a15-4,EDC_BS6_PERIODIC,2025-11-25 20:10:18,2025-11-25 20:10:44,18.9188448,73.3348992,25278,1656,FixOK,A,OaG5CU0303,G133fg5425,"Lakran Karjat, Shop No 1, Karjat, Maharashtra 410201, India",0,0,IgnitionOn,0,43.453,107.04,56,-113
f17ff0e0-543a-4ae0-b33b-4df09e056a15-3,EDC_BS6_PERIODIC,2025-11-25 20:10:24,2025-11-25 20:10:44,18.9188448,73.3348992,25279,1656,FixOK,A,OaG5CU0303,G133fg5425,"Lakran Karjat, Shop No 1, Karjat, Maharashtra 410201, India",0,0,IgnitionOn,0,43.535,107.04,54,-113
f17ff0e0-543a-4ae0-b33b-4df09e056a15-2,EDC_BS6_PERIODIC,2025-11-25 20:10:31,2025-11-25 20:10:44,18.9188448,73.3348992,25280,1656,FixOK,A,OaG5CU0303,G133fg5425,"Lakran Karjat, Shop No 1, Karjat, Maharashtra 410201, India",0,0,IgnitionOn,0,43.422,107.04,54,-113
f17ff0e0-543a-4ae0-b33b-4df09e056a15-1,EDC_BS6_PERIODIC,2025-11-25 20:10:36,2025-11-25 20:10:44,18.9188448,73.3348992,25281,1656,FixOK,A,OaG5CU0303,G133fg5425,"Lakran Karjat, Shop No 1, Karjat, Maharashtra 410201, India",0,0,IgnitionOn,0,43.206,107.04,54,-59
f2c3e9fd-0124-4eff-b663-2fac2fb530df-10,EDC_BS6_PERIODIC,2025-11-25 20:10:42,2025-11-25 20:11:45,18.9188448,73.3348992,25282,1656,FixOK,A,OaG5CU0303,G133fg5425,"Lakran Karjat, Shop No 1, Karjat, Maharashtra 410201, India",0,0,IgnitionOn,0,43.02,107.04,55,-59
f2c3e9fd-0124-4eff-b663-2fac2fb530df-9,EDC_BS6_PERIODIC,2025-11-25 20:10:48,2025-11-25 20:11:45,18.9188448,73.3348992,25283,1656,FixOK,A,OaG5CU0303,G133fg5425,"Lakran Karjat, Shop No 1, Karjat, Maharashtra 410201, India",0,0,IgnitionOn,0,42.707,107.04,55,-59
f2c3e9fd-0124-4eff-b663-2fac2fb530df-8,EDC_BS6_PERIODIC,2025-11-25 20:10:54,2025-11-25 20:11:45,18.918848,73.3349056,25284,1656,FixOK,A,OaG5CU0303,G133fg5425,"Lakran Karjat, Shop No 1, Karjat, Maharashtra 410201, India",0,0,IgnitionOn,0,42.965,107.04,56,-59
f2c3e9fd-0124-4eff-b663-2fac2fb530df-7,EDC_BS6_PERIODIC,2025-11-25 20:11:00,2025-11-25 20:11:45,18.918848,73.3349056,25285,1656,FixOK,A,OaG5CU0303,G133fg5425,"Lakran Karjat, Shop No 1, Karjat, Maharashtra 410201, India",0,0,IgnitionOn,0,42.855,107.04,56,-59
f2c3e9fd-0124-4eff-b663-2fac2fb530df-6,EDC_BS6_PERIODIC,2025-11-25 20:11:06,2025-11-25 20:11:45,18.918848,73.3349056,25286,1656,FixOK,A,OaG5CU0303,G133fg5425,"Lakran Karjat, Shop No 1, Karjat, Maharashtra 410201, India",0,0,IgnitionOn,0,42.598,107.04,55,-59
f2c3e9fd-0124-4eff-b663-2fac2fb530df-5,EDC_BS6_PERIODIC,2025-11-25 20:11:12,2025-11-25 20:11:45,18.918848,73.3349056,25287,1656,FixOK,A,OaG5CU0303,G133fg5425,"Lakran Karjat, Shop No 1, Karjat, Maharashtra 410201, India",0,0,IgnitionOn,0,42.604,107.04,55,-59
f2c3e9fd-0124-4eff-b663-2fac2fb530df-4,EDC_BS6_PERIODIC,2025-11-25 20:11:18,2025-11-25 20:11:45,18.918848,73.3349056,25288,1656,FixOK,A,OaG5CU0303,G133fg5425,"Lakran Karjat, Shop No 1, Karjat, Maharashtra 410201, India",0,0,IgnitionOn,0,42.683,107.04,55,-59
f2c3e9fd-0124-4eff-b663-2fac2fb530df-1,DEVICE_METRICS,2025-11-25 20:11:20,2025-11-25 20:11:45,18.918848,73.3349056,,1656,FixOK,,OaG5CU0303,G133fg5425,"Lakran Karjat, Shop No 1, Karjat, Maharashtra 410201, India",0,,IgnitionOff,0,,,,
f2c3e9fd-0124-4eff-b663-2fac2fb530df-3,GPS_MESSAGE,2025-11-25 20:11:20,2025-11-25 20:11:45,18.918848,73.3349056,,1656,3DFix,,OaG5CU0303,G133fg5425,"Lakran Karjat, Shop No 1, Karjat, Maharashtra 410201, India",0,,IgnitionOff,0,42,10,55,
f2c3e9fd-0124-4eff-b663-2fac2fb530df-2,TRIP_END,2025-11-25 20:11:20,2025-11-25 20:11:45,18.918848,73.3349056,,1656,FixOK,,OaG5CU0303,G133fg5425,"Lakran Karjat, Shop No 1, Karjat, Maharashtra 410201, India",0,,IgnitionOff,0,,,,
381c895d-d96d-40a7-8cd6-08016b9d085c,HEARTBEAT_MESSAGE,2025-11-25 20:11:25,2025-11-25 20:11:25,0,0,,,,,OaG5CU0303,G133fg5425,,,,,1,,,,
0a4ec52a-c7b6-4a46-a20f-36dfd8045882-11,TRIP_START,2025-11-25 20:38:07,2025-11-25 20:39:52,18.918872,73.3349184,,1657,StoredFix,,OaG5CU0303,G133fg5425,,0,,IgnitionOn,1,,,,
0a4ec52a-c7b6-4a46-a20f-36dfd8045882-10,GPS_MESSAGE,2025-11-25 20:38:21,2025-11-25 20:39:52,18.918872,73.3349184,,1657,NoFix,,OaG5CU0303,G133fg5425,,0,,IgnitionOn,1,0,0,0,
0a4ec52a-c7b6-4a46-a20f-36dfd8045882-9,VERSION_UPDATE,2025-11-25 20:38:21,2025-11-25 20:39:52,18.918872,73.3349184,,1657,StoredFix,,OaG5CU0303,G133fg5425,,0,,IgnitionOn,1,,,,
0a4ec52a-c7b6-4a46-a20f-36dfd8045882-8,GPS_MESSAGE,2025-11-25 20:38:25,2025-11-25 20:39:52,18.9188704,73.3349184,,1657,3DFix,,OaG5CU0303,G133fg5425,,0,,IgnitionOn,1,45,26,49,
0a4ec52a-c7b6-4a46-a20f-36dfd8045882-7,IGNITION_ON,2025-11-25 20:38:26,2025-11-25 20:39:52,18.9188704,73.3349184,37484,1657,FixOK,,OaG5CU0303,G133fg5425,,0,,IgnitionOn,1,,,,
0a4ec52a-c7b6-4a46-a20f-36dfd8045882-4,ACU_SW_PART_NO,2025-11-25 20:38:27,2025-11-25 20:39:52,18.918872,73.3349184,37487,1657,FixOK,,OaG5CU0303,G133fg5425,,0,,IgnitionOn,1,,,,
0a4ec52a-c7b6-4a46-a20f-36dfd8045882-5,ECU_SW_PART_NO,2025-11-25 20:38:27,2025-11-25 20:39:52,18.918872,73.3349184,37486,1657,FixOK,,OaG5CU0303,G133fg5425,,0,,IgnitionOn,1,,,,
0a4ec52a-c7b6-4a46-a20f-36dfd8045882-6,ENGINE_CRANKING,2025-11-25 20:38:27,2025-11-25 20:39:52,18.9188704,73.3349184,37485,1657,FixOK,,OaG5CU0303,G133fg5425,,0,,IgnitionOn,1,,,,
0a4ec52a-c7b6-4a46-a20f-36dfd8045882-3,EDC_BS6_PERIODIC,2025-11-25 20:38:28,2025-11-25 20:39:52,18.918872,73.334912,25289,1657,FixOK,A,OaG5CU0303,G133fg5425,,15271.125,1.94,IgnitionOn,1,44.918,107.04,49,-113
0a4ec52a-c7b6-4a46-a20f-36dfd8045882-2,EDC_BS6_PERIODIC,2025-11-25 20:38:34,2025-11-25 20:39:52,18.9188816,73.3348864,25290,1657,FixOK,A,OaG5CU0303,G133fg5425,,15271.125,1.69,IgnitionOn,1,44.215,107.04,50,-113
0a4ec52a-c7b6-4a46-a20f-36dfd8045882-1,EDC_BS6_PERIODIC,2025-11-25 20:38:40,2025-11-25 20:39:52,18.9188896,73.3348608,25291,1657,FixOK,A,OaG5CU0303,G133fg5425,,15271.125,1.81,IgnitionOn,1,44.139,107.04,49,-113
3d8297d9-3a95-456c-ad6e-c15ee27663a3-11,EDC_BS6_PERIODIC,2025-11-25 20:38:46,2025-11-25 20:44:00,18.9188992,73.3348224,25292,1657,FixOK,A,OaG5CU0303,G133fg5425,"At post koshane, W87M+G47, Dahivali, Karjat, Maharashtra 410201, India",15271.125,2.78,IgnitionOn,1,44.002,107.04,48,-113
3d8297d9-3a95-456c-ad6e-c15ee27663a3-10,EDC_BS6_PERIODIC,2025-11-25 20:38:52,2025-11-25 20:44:00,18.9189312,73.3347712,25293,1657,FixOK,A,OaG5CU0303,G133fg5425,"At post koshane, W87M+G47, Dahivali, Karjat, Maharashtra 410201, India",15271.125,4.48,IgnitionOn,1,43.476,300.92,50,-113
9b1749c0-0545-4515-be12-ddc0f3a46540-10,EDC_BS6_PERIODIC,2025-11-25 20:38:58,2025-11-25 20:39:48,18.918936,73.3347584,25294,1657,FixOK,A,OaG5CU0303,G133fg5425,,15271.125,0,IgnitionOn,1,44.04,300.92,53,-113
9b1749c0-0545-4515-be12-ddc0f3a46540-9,EDC_BS6_PERIODIC,2025-11-25 20:39:04,2025-11-25 20:39:48,18.918912,73.3347456,25295,1657,FixOK,A,OaG5CU0303,G133fg5425,,15271.125,1.48,IgnitionOn,1,44.263,300.92,53,-113
9b1749c0-0545-4515-be12-ddc0f3a46540-8,EDC_BS6_PERIODIC,2025-11-25 20:39:10,2025-11-25 20:39:48,18.918904,73.3347328,25296,1657,FixOK,A,OaG5CU0303,G133fg5425,,15271.125,0,IgnitionOn,1,44.518,300.92,54,-113
9b1749c0-0545-4515-be12-ddc0f3a46540-7,EDC_BS6_PERIODIC,2025-11-25 20:39:16,2025-11-25 20:39:48,18.918824,73.334688,25297,1657,FixOK,A,OaG5CU0303,G133fg5425,,15271.125,10.12,IgnitionOn,1,44.548,300.92,54,-113
9b1749c0-0545-4515-be12-ddc0f3a46540-6,EDC_BS6_PERIODIC,2025-11-25 20:39:22,2025-11-25 20:39:48,18.9186,73.3345792,25298,1657,FixOK,A,OaG5CU0303,G133fg5425,,15271.125,18.47,IgnitionOn,1,44.426,201.41,49,-113
9b1749c0-0545-4515-be12-ddc0f3a46540-5,LOW_FUEL_CAN_START,2025-11-25 20:39:26,2025-11-25 20:39:48,18.9184176,73.334496,37488,1657,FixOK,,OaG5CU0303,G133fg5425,,0,23.27,IgnitionOn,1,,,,
9b1749c0-0545-4515-be12-ddc0f3a46540-4,EDC_BS6_PERIODIC,2025-11-25 20:39:28,2025-11-25 20:39:48,18.9183232,73.3344512,25299,1657,FixOK,A,OaG5CU0303,G133fg5425,,15271.125,20.99,IgnitionOn,1,44.657,206.33,53,-113
9b1749c0-0545-4515-be12-ddc0f3a46540-3,EDC_BS6_PERIODIC,2025-11-25 20:39:35,2025-11-25 20:39:48,18.9177264,73.334208,25300,1657,FixOK,A,OaG5CU0303,G133fg5425,,15271.25,25.87,IgnitionOn,1,43.624,200.66,48,-113
9b1749c0-0545-4515-be12-ddc0f3a46540-2,BRAKE_PRESSED,2025-11-25 20:39:38,2025-11-25 20:39:48,18.9175968,73.3341504,37489,1657,FixOK,,OaG5CU0303,G133fg5425,,0,12.96,IgnitionOn,1,,,,
9b1749c0-0545-4515-be12-ddc0f3a46540-1,EDC_BS6_PERIODIC,2025-11-25 20:39:40,2025-11-25 20:39:48,18.9175008,73.334112,25301,1657,FixOK,A,OaG5CU0303,G133fg5425,,15271.25,28.2,IgnitionOn,1,43.49,198.66,51,-113
3d8297d9-3a95-456c-ad6e-c15ee27663a3-9,EDC_BS6_PERIODIC,2025-11-25 20:39:46,2025-11-25 20:44:00,18.9173776,73.3340736,25302,1657,FixOK,A,OaG5CU0303,G133fg5425,"At post koshane, W87M+G47, Dahivali, Karjat, Maharashtra 410201, India",15271.25,7.65,IgnitionOn,1,43.151,194.91,51,-113
9f49d6a1-55c9-4fbe-a85f-2599ada13a8b,HEARTBEAT_MESSAGE,2025-11-25 20:39:46,2025-11-25 20:39:46,0,0,,,,,OaG5CU0303,G133fg5425,,,,,1,,,,
3d8297d9-3a95-456c-ad6e-c15ee27663a3-8,EDC_BS6_PERIODIC,2025-11-25 20:39:52,2025-11-25 20:44:00,18.9171968,73.3339776,25303,1657,FixOK,A,OaG5CU0303,G133fg5425,"At post koshane, W87M+G47, Dahivali, Karjat, Maharashtra 410201, India",15271.25,10.81,IgnitionOn,1,43.155,205.5,50,-113
7cdad0f5-6348-4ea6-9d28-91ddb6bcc182-10,EDC_BS6_PERIODIC,2025-11-25 20:39:58,2025-11-25 20:40:49,18.91696,73.3338816,25304,1657,FixOK,A,OaG5CU0303,G133fg5425,,15271.25,19.31,IgnitionOn,1,43.317,200.91,50,-113
7cdad0f5-6348-4ea6-9d28-91ddb6bcc182-9,EDC_BS6_PERIODIC,2025-11-25 20:40:04,2025-11-25 20:40:49,18.916616,73.3337472,25305,1657,FixOK,A,OaG5CU0303,G133fg5425,,15271.375,23.73,IgnitionOn,1,43.64,199.3,50,-113
7cdad0f5-6348-4ea6-9d28-91ddb6bcc182-8,EDC_BS6_PERIODIC,2025-11-25 20:40:10,2025-11-25 20:40:49,18.916208,73.3336192,25306,1657,FixOK,A,OaG5CU0303,G133fg5425,,15271.375,28.23,IgnitionOn,1,43.083,194.33,49,-113
7cdad0f5-6348-4ea6-9d28-91ddb6bcc182-7,EDC_BS6_PERIODIC,2025-11-25 20:40:16,2025-11-25 20:40:49,18.915728,73.3335104,25307,1657,FixOK,A,OaG5CU0303,G133fg5425,,15271.5,32.91,IgnitionOn,1,43.108,191.05,51,-113
7cdad0f5-6348-4ea6-9d28-91ddb6bcc182-6,BRAKE_PRESSED,2025-11-25 20:40:19,2025-11-25 20:40:49,18.915488,73.3334656,37490,1657,FixOK,,OaG5CU0303,G133fg5425,,0,26.04,IgnitionOn,1,,,,
7cdad0f5-6348-4ea6-9d28-91ddb6bcc182-5,EDC_BS6_PERIODIC,2025-11-25 20:40:22,2025-11-25 20:40:49,18.9152624,73.3334144,25308,1657,FixOK,A,OaG5CU0303,G133fg5425,,15271.5,32.41,IgnitionOn,1,43.458,191.25,50,-113
7cdad0f5-6348-4ea6-9d28-91ddb6bcc182-4,EDC_BS6_PERIODIC,2025-11-25 20:40:28,2025-11-25 20:40:49,18.91504,73.333376,25309,1657,FixOK,A,OaG5CU0303,G133fg5425,,15271.5,15.95,IgnitionOn,1,43.228,189.08,53,-113
7cdad0f5-6348-4ea6-9d28-91ddb6bcc182-3,EDC_BS6_PERIODIC,2025-11-25 20:40:34,2025-11-25 20:40:49,18.914816,73.3333376,25310,1657,FixOK,A,OaG5CU0303,G133fg5425,,15271.625,13.45,IgnitionOn,1,43.173,189.75,53,-113
7cdad0f5-6348-4ea6-9d28-91ddb6bcc182-2,BRAKE_PRESSED,2025-11-25 20:40:38,2025-11-25 20:40:49,18.9145728,73.33328,37491,1657,FixOK,,OaG5CU0303,G133fg5425,,0,24.52,IgnitionOn,1,,,,
7cdad0f5-6348-4ea6-9d28-91ddb6bcc182-1,EDC_BS6_PERIODIC,2025-11-25 20:40:40,2025-11-25 20:40:49,18.914424,73.333248,25311,1657,FixOK,A,OaG5CU0303,G133fg5425,,15271.625,25.64,IgnitionOn,1,41.611,192.05,52,-113
3d8297d9-3a95-456c-ad6e-c15ee27663a3-7,BRAKE_PRESSED,2025-11-25 20:40:45,2025-11-25 20:44:00,18.9141088,73.3331776,37492,1657,FixOK,,OaG5CU0303,G133fg5425,"At post koshane, W87M+G47, Dahivali, Karjat, Maharashtra 410201, India",0,28.23,IgnitionOn,1,,,,
3d8297d9-3a95-456c-ad6e-c15ee27663a3-6,EDC_BS6_PERIODIC,2025-11-25 20:40:46,2025-11-25 20:44:00,18.9140336,73.3331584,25312,1657,FixOK,A,OaG5CU0303,G133fg5425,"At post koshane, W87M+G47, Dahivali, Karjat, Maharashtra 410201, India",15271.625,24.57,IgnitionOn,1,39.511,191.38,49,-63
3d8297d9-3a95-456c-ad6e-c15ee27663a3-5,EDC_BS6_PERIODIC,2025-11-25 20:40:52,2025-11-25 20:44:00,18.9136608,73.3330624,25313,1657,FixOK,A,OaG5CU0303,G133fg5425,"At post koshane, W87M+G47, Dahivali, Karjat, Maharashtra 410201, India",15271.75,28.23,IgnitionOn,1,38.218,193.02,50,-63
f5447153-f7e3-4a25-a9b6-e55579b8a30c-10,EDC_BS6_PERIODIC,2025-11-25 20:40:58,2025-11-25 20:41:50,18.9134528,73.3329216,25314,1657,FixOK,A,OaG5CU0303,G133fg5425,,15271.75,16.08,IgnitionOn,1,38.377,218.77,50,-63
f5447153-f7e3-4a25-a9b6-e55579b8a30c-9,EDC_BS6_PERIODIC,2025-11-25 20:41:04,2025-11-25 20:41:50,18.9131808,73.3326336,25315,1657,FixOK,A,OaG5CU0303,G133fg5425,,15271.75,26.27,IgnitionOn,1,38.733,224.61,48,-63
f5447153-f7e3-4a25-a9b6-e55579b8a30c-8,EDC_BS6_PERIODIC,2025-11-25 20:41:10,2025-11-25 20:41:50,18.9128656,73.3322752,25316,1657,FixOK,A,OaG5CU0303,G133fg5425,,15271.875,30.55,IgnitionOn,1,38.845,228.24,49,-63
f5447153-f7e3-4a25-a9b6-e55579b8a30c-7,BRAKE_PRESSED,2025-11-25 20:41:15,2025-11-25 20:41:50,18.9125424,73.3319744,37493,1657,FixOK,,OaG5CU0303,G133fg5425,,0,26.71,IgnitionOn,1,,,,
f5447153-f7e3-4a25-a9b6-e55579b8a30c-6,EDC_BS6_PERIODIC,2025-11-25 20:41:16,2025-11-25 20:41:50,18.912472,73.3319296,25317,1657,FixOK,A,OaG5CU0303,G133fg5425,,15271.875,34.95,IgnitionOn,1,40.334,216.46,50,-63
f5447153-f7e3-4a25-a9b6-e55579b8a30c-5-1,HARSH_BREAKING_END,2025-11-25 20:41:18,2025-11-25 20:41:50,18.9123392,73.3318272,37494,1657,FixOK,,OaG5CU0303,G133fg5425,,0,10.16,IgnitionOn,1,,,,
f5447153-f7e3-4a25-a9b6-e55579b8a30c-5,HARSH_BREAKING_START,2025-11-25 20:41:18,2025-11-25 20:41:50,18.9123392,73.3318272,37494,1657,FixOK,,OaG5CU0303,G133fg5425,,0,10.16,IgnitionOn,1,,,,
f5447153-f7e3-4a25-a9b6-e55579b8a30c-4,EDC_BS6_PERIODIC,2025-11-25 20:41:22,2025-11-25 20:41:50,18.9122,73.3317248,25318,1657,FixOK,A,OaG5CU0303,G133fg5425,,15272,26.37,IgnitionOn,1,42.214,213.05,49,-63
f5447153-f7e3-4a25-a9b6-e55579b8a30c-3,EDC_BS6_PERIODIC,2025-11-25 20:41:28,2025-11-25 20:41:50,18.9120816,73.3316416,25319,1657,FixOK,A,OaG5CU0303,G133fg5425,,15272,8.04,IgnitionOn,1,43.122,214.96,49,-63
f5447153-f7e3-4a25-a9b6-e55579b8a30c-2,EDC_BS6_PERIODIC,2025-11-25 20:41:34,2025-11-25 20:41:50,18.9118752,73.331488,25320,1657,FixOK,A,OaG5CU0303,G133fg5425,,15272,17.2,IgnitionOn,1,45.226,213.72,50,-63
f5447153-f7e3-4a25-a9b6-e55579b8a30c-1,EDC_BS6_PERIODIC,2025-11-25 20:41:40,2025-11-25 20:41:50,18.911664,73.331328,25321,1657,FixOK,A,OaG5CU0303,G133fg5425,,15272,20.12,IgnitionOn,1,45.876,214.61,50,-63
3d8297d9-3a95-456c-ad6e-c15ee27663a3-4,BRAKE_PRESSED,2025-11-25 20:41:45,2025-11-25 20:44:00,18.911416,73.3311616,37495,1657,FixOK,,OaG5CU0303,G133fg5425,"At post koshane, W87M+G47, Dahivali, Karjat, Maharashtra 410201, India",0,17.91,IgnitionOn,1,,,,
3d8297d9-3a95-456c-ad6e-c15ee27663a3-3,EDC_BS6_PERIODIC,2025-11-25 20:41:46,2025-11-25 20:44:00,18.911368,73.3311232,25322,1657,FixOK,A,OaG5CU0303,G133fg5425,"At post koshane, W87M+G47, Dahivali, Karjat, Maharashtra 410201, India",15272,23.22,IgnitionOn,1,44.826,215.72,49,-63
3d8297d9-3a95-456c-ad6e-c15ee27663a3-2,BRAKE_PRESSED,2025-11-25 20:41:52,2025-11-25 20:44:00,18.9111104,73.3309312,37496,1657,FixOK,,OaG5CU0303,G133fg5425,"At post koshane, W87M+G47, Dahivali, Karjat, Maharashtra 410201, India",0,17.52,IgnitionOn,1,,,,
82657318-ee07-487c-bfc3-0d550ae7ccdc-10,EDC_BS6_PERIODIC,2025-11-25 20:41:52,2025-11-25 20:42:51,18.9111104,73.3309312,25323,1657,FixOK,A,OaG5CU0303,G133fg5425,"At post koshane, W87M+G47, Dahivali, Karjat, Maharashtra 410201, India",15272.125,17.88,IgnitionOn,1,42.58,211.77,48,-63
82657318-ee07-487c-bfc3-0d550ae7ccdc-9,EDC_BS6_PERIODIC,2025-11-25 20:41:58,2025-11-25 20:42:51,18.910952,73.3306816,25324,1657,FixOK,A,OaG5CU0303,G133fg5425,"At post koshane, W87M+G47, Dahivali, Karjat, Maharashtra 410201, India",15272.125,19.21,IgnitionOn,1,42.076,235.03,50,-63
82657318-ee07-487c-bfc3-0d550ae7ccdc-8,EDC_BS6_PERIODIC,2025-11-25 20:42:04,2025-11-25 20:42:51,18.910912,73.330432,25325,1657,FixOK,A,OaG5CU0303,G133fg5425,"At post koshane, W87M+G47, Dahivali, Karjat, Maharashtra 410201, India",15272.125,15.83,IgnitionOn,1,42.151,262.35,49,-63
82657318-ee07-487c-bfc3-0d550ae7ccdc-7,EDC_BS6_PERIODIC,2025-11-25 20:42:10,2025-11-25 20:42:51,18.9108784,73.330208,25326,1657,FixOK,A,OaG5CU0303,G133fg5425,"At post koshane, W87M+G47, Dahivali, Karjat, Maharashtra 410201, India",15272.125,13.52,IgnitionOn,1,43.025,261.63,48,-63
82657318-ee07-487c-bfc3-0d550ae7ccdc-6,EDC_BS6_PERIODIC,2025-11-25 20:42:16,2025-11-25 20:42:51,18.9108512,73.3300736,25327,1657,FixOK,A,OaG5CU0303,G133fg5425,"At post koshane, W87M+G47, Dahivali, Karjat, Maharashtra 410201, India",15272.25,8.34,IgnitionOn,1,44.074,256.94,48,-63
82657318-ee07-487c-bfc3-0d550ae7ccdc-5,EDC_BS6_PERIODIC,2025-11-25 20:42:22,2025-11-25 20:42:51,18.910816,73.3299328,25328,1657,FixOK,A,OaG5CU0303,G133fg5425,"At post koshane, W87M+G47, Dahivali, Karjat, Maharashtra 410201, India",15272.25,7.58,IgnitionOn,1,45.286,253.03,52,-63
82657318-ee07-487c-bfc3-0d550ae7ccdc-4,EDC_BS6_PERIODIC,2025-11-25 20:42:28,2025-11-25 20:42:51,18.9107392,73.329728,25329,1657,FixOK,A,OaG5CU0303,G133fg5425,"At post koshane, W87M+G47, Dahivali, Karjat, Maharashtra 410201, India",15272.25,15.3,IgnitionOn,1,45.803,248.38,49,-63
82657318-ee07-487c-bfc3-0d550ae7ccdc-3,EDC_BS6_PERIODIC,2025-11-25 20:42:34,2025-11-25 20:42:51,18.910672,73.3295488,25330,1657,FixOK,A,OaG5CU0303,G133fg5425,"At post koshane, W87M+G47, Dahivali, Karjat, Maharashtra 410201, India",15272.25,12.65,IgnitionOn,1,45.741,249.19,49,-63
82657318-ee07-487c-bfc3-0d550ae7ccdc-2,EDC_BS6_PERIODIC,2025-11-25 20:42:40,2025-11-25 20:42:51,18.9105632,73.3292736,25331,1657,FixOK,A,OaG5CU0303,G133fg5425,"At post koshane, W87M+G47, Dahivali, Karjat, Maharashtra 410201, India",15272.25,19.94,IgnitionOn,1,45.719,250.58,48,-63
82657318-ee07-487c-bfc3-0d550ae7ccdc-1,BRAKE_PRESSED,2025-11-25 20:42:41,2025-11-25 20:42:51,18.9105456,73.3292224,37497,1657,FixOK,,OaG5CU0303,G133fg5425,"At post koshane, W87M+G47, Dahivali, Karjat, Maharashtra 410201, India",0,12.73,IgnitionOn,1,,,,
3d8297d9-3a95-456c-ad6e-c15ee27663a3-1,EDC_BS6_PERIODIC,2025-11-25 20:42:46,2025-11-25 20:44:00,18.9104672,73.3290368,25332,1657,FixOK,A,OaG5CU0303,G133fg5425,"At post koshane, W87M+G47, Dahivali, Karjat, Maharashtra 410201, India",15272.375,16.78,IgnitionOn,1,46.256,246.99,52,-63
0a8477c5-e463-47d3-a61f-b8d58dbd4370-11,EDC_BS6_PERIODIC,2025-11-25 20:42:52,2025-11-25 20:49:51,18.9103856,73.3288384,25333,1657,FixOK,A,OaG5CU0303,G133fg5425,"W899+9MJ, Bhisegaon, Karjat, Maharashtra 410201, India",15272.375,14.87,IgnitionOn,1,47,247.19,51,-63
0a8477c5-e463-47d3-a61f-b8d58dbd4370-10,EDC_BS6_PERIODIC,2025-11-25 20:42:58,2025-11-25 20:49:51,18.9102912,73.3286016,25334,1657,FixOK,A,OaG5CU0303,G133fg5425,"W899+9MJ, Bhisegaon, Karjat, Maharashtra 410201, India",15272.375,17.45,IgnitionOn,1,47.264,246.61,51,-63
91e777fd-5861-4c1f-8132-c271af2d1461-10,BRAKE_PRESSED,2025-11-25 20:42:59,2025-11-25 20:43:52,18.9102752,73.328544,37498,1657,FixOK,,OaG5CU0303,G133fg5425,"At post koshane, W87M+G47, Dahivali, Karjat, Maharashtra 410201, India",0,12.94,IgnitionOn,1,,,,
91e777fd-5861-4c1f-8132-c271af2d1461-9,EDC_BS6_PERIODIC,2025-11-25 20:43:04,2025-11-25 20:43:52,18.9103072,73.328352,25335,1657,FixOK,A,OaG5CU0303,G133fg5425,"At post koshane, W87M+G47, Dahivali, Karjat, Maharashtra 410201, India",15272.375,16.59,IgnitionOn,1,46.053,258.41,51,-63
91e777fd-5861-4c1f-8132-c271af2d1461-8,EDC_BS6_PERIODIC,2025-11-25 20:43:10,2025-11-25 20:43:52,18.910464,73.3281984,25336,1657,FixOK,A,OaG5CU0303,G133fg5425,"At post koshane, W87M+G47, Dahivali, Karjat, Maharashtra 410201, India",15272.375,14.88,IgnitionOn,1,45.346,329.57,52,-63
91e777fd-5861-4c1f-8132-c271af2d1461-7,EDC_BS6_PERIODIC,2025-11-25 20:43:16,2025-11-25 20:43:52,18.910744,73.3281152,25337,1657,FixOK,A,OaG5CU0303,G133fg5425,"At post koshane, W87M+G47, Dahivali, Karjat, Maharashtra 410201, India",15272.5,20.08,IgnitionOn,1,45.163,349.54,49,-63
91e777fd-5861-4c1f-8132-c271af2d1461-6,BRAKE_PRESSED,2025-11-25 20:43:17,2025-11-25 20:43:52,18.9108032,73.3281152,37499,1657,FixOK,,OaG5CU0303,G133fg5425,"At post koshane, W87M+G47, Dahivali, Karjat, Maharashtra 410201, India",0,16.73,IgnitionOn,1,,,,
91e777fd-5861-4c1f-8132-c271af2d1461-5,EDC_BS6_PERIODIC,2025-11-25 20:43:22,2025-11-25 20:43:52,18.9111808,73.3280128,25338,1657,FixOK,A,OaG5CU0303,G133fg5425,"At post koshane, W87M+G47, Dahivali, Karjat, Maharashtra 410201, India",15272.5,23.97,IgnitionOn,1,44.335,349.08,51,-63
91e777fd-5861-4c1f-8132-c271af2d1461-4,EDC_BS6_PERIODIC,2025-11-25 20:43:28,2025-11-25 20:43:52,18.9113568,73.3279872,25339,1657,FixOK,A,OaG5CU0303,G133fg5425,"At post koshane, W87M+G47, Dahivali, Karjat, Maharashtra 410201, India",15272.5,10.74,IgnitionOn,1,43.877,348.89,49,-63
91e777fd-5861-4c1f-8132-c271af2d1461-3,EDC_BS6_PERIODIC,2025-11-25 20:43:34,2025-11-25 20:43:52,18.9117216,73.3279296,25340,1657,FixOK,A,OaG5CU0303,G133fg5425,"At post koshane, W87M+G47, Dahivali, Karjat, Maharashtra 410201, India",15272.5,20.32,IgnitionOn,1,42.838,352.13,45,-63
91e777fd-5861-4c1f-8132-c271af2d1461-2,BRAKE_PRESSED,2025-11-25 20:43:39,2025-11-25 20:43:52,18.9120784,73.3278784,37500,1657,FixOK,,OaG5CU0303,G133fg5425,"At post koshane, W87M+G47, Dahivali, Karjat, Maharashtra 410201, India",0,25.06,IgnitionOn,1,,,,
91e777fd-5861-4c1f-8132-c271af2d1461-1,EDC_BS6_PERIODIC,2025-11-25 20:43:40,2025-11-25 20:43:52,18.912144,73.327872,25341,1657,FixOK,A,OaG5CU0303,G133fg5425,"At post koshane, W87M+G47, Dahivali, Karjat, Maharashtra 410201, India",15272.625,27.89,IgnitionOn,1,43.369,352.29,45,-63
0a8477c5-e463-47d3-a61f-b8d58dbd4370-9,EDC_BS6_PERIODIC,2025-11-25 20:43:46,2025-11-25 20:49:51,18.9124384,73.3278464,25342,1657,FixOK,A,OaG5CU0303,G133fg5425,"W899+9MJ, Bhisegaon, Karjat, Maharashtra 410201, India",15272.625,24.86,IgnitionOn,1,43.965,353.95,47,-63
0a8477c5-e463-47d3-a61f-b8d58dbd4370-8,EDC_BS6_PERIODIC,2025-11-25 20:43:52,2025-11-25 20:49:51,18.9127808,73.32784,25343,1657,FixOK,A,OaG5CU0303,G133fg5425,"W899+9MJ, Bhisegaon, Karjat, Maharashtra 410201, India",15272.625,19.2,IgnitionOn,1,44.025,357.04,47,-63
bded86a2-5de9-4fd1-9aaf-4572fea5db2e-10,EDC_BS6_PERIODIC,2025-11-25 20:43:58,2025-11-25 20:44:53,18.9131552,73.3278656,25344,1657,FixOK,A,OaG5CU0303,G133fg5425,"HP PETROL PUMP GAGAN GIRI SERVICE CENTER, Dahivali, Karjat, Maharashtra 410201, India",15272.75,25.89,IgnitionOn,1,44.286,3.92,49,-63
bded86a2-5de9-4fd1-9aaf-4572fea5db2e-9,EDC_BS6_PERIODIC,2025-11-25 20:44:04,2025-11-25 20:44:53,18.9135392,73.3278976,25345,1657,FixOK,A,OaG5CU0303,G133fg5425,"HP PETROL PUMP GAGAN GIRI SERVICE CENTER, Dahivali, Karjat, Maharashtra 410201, India",15272.75,23.89,IgnitionOn,1,43.881,5.01,49,-63
bded86a2-5de9-4fd1-9aaf-4572fea5db2e-8,EDC_BS6_PERIODIC,2025-11-25 20:44:10,2025-11-25 20:44:53,18.913936,73.3278656,25346,1657,FixOK,A,OaG5CU0303,G133fg5425,"HP PETROL PUMP GAGAN GIRI SERVICE CENTER, Dahivali, Karjat, Maharashtra 410201, India",15272.75,27.41,IgnitionOn,1,42.937,352.41,48,-63
bded86a2-5de9-4fd1-9aaf-4572fea5db2e-7,EDC_BS6_PERIODIC,2025-11-25 20:44:16,2025-11-25 20:44:53,18.9143104,73.3277376,25347,1657,FixOK,A,OaG5CU0303,G133fg5425,"HP PETROL PUMP GAGAN GIRI SERVICE CENTER, Dahivali, Karjat, Maharashtra 410201, India",15272.875,26.63,IgnitionOn,1,42.541,340.04,45,-63
bded86a2-5de9-4fd1-9aaf-4572fea5db2e-6,BRAKE_PRESSED,2025-11-25 20:44:18,2025-11-25 20:44:53,18.9144224,73.3276864,37501,1657,FixOK,,OaG5CU0303,G133fg5425,"HP PETROL PUMP GAGAN GIRI SERVICE CENTER, Dahivali, Karjat, Maharashtra 410201, India",0,19.13,IgnitionOn,1,,,,
bded86a2-5de9-4fd1-9aaf-4572fea5db2e-5,EDC_BS6_PERIODIC,2025-11-25 20:44:22,2025-11-25 20:44:53,18.9145728,73.327616,25348,1657,FixOK,A,OaG5CU0303,G133fg5425,"HP PETROL PUMP GAGAN GIRI SERVICE CENTER, Dahivali, Karjat, Maharashtra 410201, India",15272.875,25.59,IgnitionOn,1,43.472,336.95,47,-63
bded86a2-5de9-4fd1-9aaf-4572fea5db2e-4,EDC_BS6_PERIODIC,2025-11-25 20:44:28,2025-11-25 20:44:53,18.9147984,73.3275008,25349,1657,FixOK,A,OaG5CU0303,G133fg5425,"HP PETROL PUMP GAGAN GIRI SERVICE CENTER, Dahivali, Karjat, Maharashtra 410201, India",15272.875,10.78,IgnitionOn,1,43.798,336.47,48,-63
bded86a2-5de9-4fd1-9aaf-4572fea5db2e-3,EDC_BS6_PERIODIC,2025-11-25 20:44:34,2025-11-25 20:44:53,18.9151232,73.32736,25350,1657,FixOK,A,OaG5CU0303,G133fg5425,"HP PETROL PUMP GAGAN GIRI SERVICE CENTER, Dahivali, Karjat, Maharashtra 410201, India",15273,21.77,IgnitionOn,1,44.41,337.01,43,-63
bded86a2-5de9-4fd1-9aaf-4572fea5db2e-2,EDC_BS6_PERIODIC,2025-11-25 20:44:40,2025-11-25 20:44:53,18.9155008,73.3271936,25351,1657,FixOK,A,OaG5CU0303,G133fg5425,"HP PETROL PUMP GAGAN GIRI SERVICE CENTER, Dahivali, Karjat, Maharashtra 410201, India",15273,25.83,IgnitionOn,1,44.123,336.51,44,-63
bded86a2-5de9-4fd1-9aaf-4572fea5db2e-1,EDC_BS6_PERIODIC,2025-11-25 20:44:46,2025-11-25 20:44:53,18.9159008,73.3270016,25352,1657,FixOK,A,OaG5CU0303,G133fg5425,"HP PETROL PUMP GAGAN GIRI SERVICE CENTER, Dahivali, Karjat, Maharashtra 410201, India",15273,28.52,IgnitionOn,1,44.548,336.79,43,-63
0a8477c5-e463-47d3-a61f-b8d58dbd4370-7,BRAKE_PRESSED,2025-11-25 20:44:49,2025-11-25 20:49:51,18.9160992,73.326912,37502,1657,FixOK,,OaG5CU0303,G133fg5425,"W899+9MJ, Bhisegaon, Karjat, Maharashtra 410201, India",0,25.54,IgnitionOn,1,,,,
56f904bf-4414-4113-8299-d24f33f863db-10,EDC_BS6_PERIODIC,2025-11-25 20:44:52,2025-11-25 20:45:55,18.9162688,73.3268416,25353,1657,FixOK,A,OaG5CU0303,G133fg5425,"W86H+J69, Aamrai, Karjat, Maharashtra 410201, India",15273.125,28.44,IgnitionOn,1,44.657,335.82,48,-63
56f904bf-4414-4113-8299-d24f33f863db-9,EDC_BS6_PERIODIC,2025-11-25 20:44:58,2025-11-25 20:45:55,18.916416,73.3267712,25354,1657,FixOK,A,OaG5CU0303,G133fg5425,"W86H+J69, Aamrai, Karjat, Maharashtra 410201, India",15273.125,18.57,IgnitionOn,1,44.897,335.92,47,-63
56f904bf-4414-4113-8299-d24f33f863db-8,EDC_BS6_PERIODIC,2025-11-25 20:45:04,2025-11-25 20:45:55,18.9165584,73.326688,25355,1657,FixOK,A,OaG5CU0303,G133fg5425,"W86H+J69, Aamrai, Karjat, Maharashtra 410201, India",15273.125,12.12,IgnitionOn,1,44.761,328.91,49,-63
56f904bf-4414-4113-8299-d24f33f863db-7,EDC_BS6_PERIODIC,2025-11-25 20:45:10,2025-11-25 20:45:55,18.9167904,73.3265536,25356,1657,FixOK,A,OaG5CU0303,G133fg5425,"W86H+J69, Aamrai, Karjat, Maharashtra 410201, India",15273.25,15.71,IgnitionOn,1,44.035,331.67,46,-63
56f904bf-4414-4113-8299-d24f33f863db-6,EDC_BS6_PERIODIC,2025-11-25 20:45:16,2025-11-25 20:45:55,18.9171056,73.3263232,25357,1657,FixOK,A,OaG5CU0303,G133fg5425,"W86H+J69, Aamrai, Karjat, Maharashtra 410201, India",15273.25,24.88,IgnitionOn,1,43.254,324.8,44,-63
56f904bf-4414-4113-8299-d24f33f863db-5,EDC_BS6_PERIODIC,2025-11-25 20:45:22,2025-11-25 20:45:55,18.917448,73.325984,25358,1657,FixOK,A,OaG5CU0303,G133fg5425,"W86H+J69, Aamrai, Karjat, Maharashtra 410201, India",15273.25,30.23,IgnitionOn,1,44.636,317.88,46,-63
56f904bf-4414-4113-8299-d24f33f863db-4,EDC_BS6_PERIODIC,2025-11-25 20:45:28,2025-11-25 20:45:55,18.917728,73.3255616,25359,1657,FixOK,A,OaG5CU0303,G133fg5425,"W86H+J69, Aamrai, Karjat, Maharashtra 410201, India",15273.375,32.66,IgnitionOn,1,44.831,296.54,47,-63
56f904bf-4414-4113-8299-d24f33f863db-3,EDC_BS6_PERIODIC,2025-11-25 20:45:34,2025-11-25 20:45:55,18.917928,73.3250816,25360,1657,FixOK,A,OaG5CU0303,G133fg5425,"W86H+J69, Aamrai, Karjat, Maharashtra 410201, India",15273.375,34.23,IgnitionOn,1,43.418,295.54,47,-63
56f904bf-4414-4113-8299-d24f33f863db-2,EDC_BS6_PERIODIC,2025-11-25 20:45:40,2025-11-25 20:45:55,18.91804,73.324608,25361,1657,FixOK,A,OaG5CU0303,G133fg5425,"W86H+J69, Aamrai, Karjat, Maharashtra 410201, India",15273.5,33.02,IgnitionOn,1,43.861,279.82,47,-63
56f904bf-4414-4113-8299-d24f33f863db-1,EDC_BS6_PERIODIC,2025-11-25 20:45:46,2025-11-25 20:45:55,18.9180832,73.3241728,25362,1657,FixOK,A,OaG5CU0303,G133fg5425,"W86H+J69, Aamrai, Karjat, Maharashtra 410201, India",15273.5,29.02,IgnitionOn,1,45.075,275.76,45,-63
0a8477c5-e463-47d3-a61f-b8d58dbd4370-6,EDC_BS6_PERIODIC,2025-11-25 20:45:52,2025-11-25 20:49:51,18.9181312,73.323744,25363,1657,FixOK,A,OaG5CU0303,G133fg5425,"W899+9MJ, Bhisegaon, Karjat, Maharashtra 410201, India",15273.5,27.67,IgnitionOn,1,46.984,275.92,48,-63
0a8477c5-e463-47d3-a61f-b8d58dbd4370-5,EDC_BS6_PERIODIC,2025-11-25 20:45:58,2025-11-25 20:49:51,18.9181728,73.3233344,25364,1657,FixOK,A,OaG5CU0303,G133fg5425,"W899+9MJ, Bhisegaon, Karjat, Maharashtra 410201, India",15273.625,26.75,IgnitionOn,1,48.32,278.35,48,-63
0a8477c5-e463-47d3-a61f-b8d58dbd4370-4,EDC_BS6_PERIODIC,2025-11-25 20:46:04,2025-11-25 20:49:51,18.918224,73.322944,25365,1657,FixOK,A,OaG5CU0303,G133fg5425,"W899+9MJ, Bhisegaon, Karjat, Maharashtra 410201, India",15273.625,26.1,IgnitionOn,1,49.546,277.01,47,-63
0a8477c5-e463-47d3-a61f-b8d58dbd4370-3,EDC_BS6_PERIODIC,2025-11-25 20:46:10,2025-11-25 20:49:51,18.9182688,73.322528,25366,1657,FixOK,A,OaG5CU0303,G133fg5425,"W899+9MJ, Bhisegaon, Karjat, Maharashtra 410201, India",15273.625,26.37,IgnitionOn,1,52.782,276.27,48,-63
0a8477c5-e463-47d3-a61f-b8d58dbd4370-2,EDC_BS6_PERIODIC,2025-11-25 20:46:16,2025-11-25 20:49:51,18.9183104,73.3221056,25367,1657,FixOK,A,OaG5CU0303,G133fg5425,"W899+9MJ, Bhisegaon, Karjat, Maharashtra 410201, India",15273.75,26.61,IgnitionOn,1,53.705,274.42,47,-63
735d38a4-a737-4222-ac60-690b3ffe834b-10,CLUTCH_RIDING_START,2025-11-25 20:46:18,2025-11-25 20:46:55,18.9183216,73.3219712,37503,1657,FixOK,,OaG5CU0303,G133fg5425,"Shop No. 2 Near Nana Nani Park Opp. Karjat Fire Station, Mudre Khurd, Chauk - Karjat - Murbad Rd, Gurunagar, Karjat, Maharashtra 410201, India",0,23.38,IgnitionOn,1,,,,
735d38a4-a737-4222-ac60-690b3ffe834b-8,BRAKE_PRESSED,2025-11-25 20:46:20,2025-11-25 20:46:55,18.918336,73.321824,37505,1657,FixOK,,OaG5CU0303,G133fg5425,"Shop No. 2 Near Nana Nani Park Opp. Karjat Fire Station, Mudre Khurd, Chauk - Karjat - Murbad Rd, Gurunagar, Karjat, Maharashtra 410201, India",0,14.14,IgnitionOn,1,,,,
735d38a4-a737-4222-ac60-690b3ffe834b-9,CLUTCH_RIDING_END,2025-11-25 20:46:20,2025-11-25 20:46:55,18.918336,73.321824,37504,1657,FixOK,,OaG5CU0303,G133fg5425,"Shop No. 2 Near Nana Nani Park Opp. Karjat Fire Station, Mudre Khurd, Chauk - Karjat - Murbad Rd, Gurunagar, Karjat, Maharashtra 410201, India",0,14.14,IgnitionOn,1,,,,
735d38a4-a737-4222-ac60-690b3ffe834b-7,EDC_BS6_PERIODIC,2025-11-25 20:46:22,2025-11-25 20:46:55,18.9183488,73.321728,25368,1657,FixOK,A,OaG5CU0303,G133fg5425,"Shop No. 2 Near Nana Nani Park Opp. Karjat Fire Station, Mudre Khurd, Chauk - Karjat - Murbad Rd, Gurunagar, Karjat, Maharashtra 410201, India",15273.75,27.68,IgnitionOn,1,54.099,275.72,48,-63
735d38a4-a737-4222-ac60-690b3ffe834b-6,EDC_BS6_PERIODIC,2025-11-25 20:46:28,2025-11-25 20:46:55,18.918368,73.321472,25369,1657,FixOK,A,OaG5CU0303,G133fg5425,"Shop No. 2 Near Nana Nani Park Opp. Karjat Fire Station, Mudre Khurd, Chauk - Karjat - Murbad Rd, Gurunagar, Karjat, Maharashtra 410201, India",15273.75,14.59,IgnitionOn,1,53.653,274.6,47,-63
735d38a4-a737-4222-ac60-690b3ffe834b-5,EDC_BS6_PERIODIC,2025-11-25 20:46:34,2025-11-25 20:46:55,18.9184096,73.321088,25370,1657,FixOK,A,OaG5CU0303,G133fg5425,"Shop No. 2 Near Nana Nani Park Opp. Karjat Fire Station, Mudre Khurd, Chauk - Karjat - Murbad Rd, Gurunagar, Karjat, Maharashtra 410201, India",15273.875,22.59,IgnitionOn,1,51.549,275.89,47,-63
735d38a4-a737-4222-ac60-690b3ffe834b-4,BRAKE_PRESSED,2025-11-25 20:46:39,2025-11-25 20:46:55,18.9184464,73.3206784,37506,1657,FixOK,,OaG5CU0303,G133fg5425,"Shop No. 2 Near Nana Nani Park Opp. Karjat Fire Station, Mudre Khurd, Chauk - Karjat - Murbad Rd, Gurunagar, Karjat, Maharashtra 410201, India",0,37.11,IgnitionOn,1,,,,
735d38a4-a737-4222-ac60-690b3ffe834b-3,EDC_BS6_PERIODIC,2025-11-25 20:46:40,2025-11-25 20:46:55,18.9184544,73.3205888,25371,1657,FixOK,A,OaG5CU0303,G133fg5425,"Shop No. 2 Near Nana Nani Park Opp. Karjat Fire Station, Mudre Khurd, Chauk - Karjat - Murbad Rd, Gurunagar, Karjat, Maharashtra 410201, India",15273.875,31.02,IgnitionOn,1,50.393,274.64,47,-63
735d38a4-a737-4222-ac60-690b3ffe834b-2,EDC_BS6_PERIODIC,2025-11-25 20:46:46,2025-11-25 20:46:55,18.918512,73.3201344,25372,1657,FixOK,A,OaG5CU0303,G133fg5425,"Shop No. 2 Near Nana Nani Park Opp. Karjat Fire Station, Mudre Khurd, Chauk - Karjat - Murbad Rd, Gurunagar, Karjat, Maharashtra 410201, India",15274,37.02,IgnitionOn,1,46.715,277.88,47,-59
735d38a4-a737-4222-ac60-690b3ffe834b-1-1,HARSH_BREAKING_END,2025-11-25 20:46:48,2025-11-25 20:46:55,18.9185248,73.3199936,37507,1657,FixOK,,OaG5CU0303,G133fg5425,"Shop No. 2 Near Nana Nani Park Opp. Karjat Fire Station, Mudre Khurd, Chauk - Karjat - Murbad Rd, Gurunagar, Karjat, Maharashtra 410201, India",0,7.7799997,IgnitionOn,1,,,,
735d38a4-a737-4222-ac60-690b3ffe834b-1,HARSH_BREAKING_START,2025-11-25 20:46:48,2025-11-25 20:46:55,18.9185248,73.3199936,37507,1657,FixOK,,OaG5CU0303,G133fg5425,"Shop No. 2 Near Nana Nani Park Opp. Karjat Fire Station, Mudre Khurd, Chauk - Karjat - Murbad Rd, Gurunagar, Karjat, Maharashtra 410201, India",0,7.7799997,IgnitionOn,1,,,,
0a8477c5-e463-47d3-a61f-b8d58dbd4370-1,EDC_BS6_PERIODIC,2025-11-25 20:46:52,2025-11-25 20:49:51,18.918544,73.3198592,25373,1657,FixOK,A,OaG5CU0303,G133fg5425,"W899+9MJ, Bhisegaon, Karjat, Maharashtra 410201, India",15274,20.23,IgnitionOn,1,46.044,276.64,48,-59
cf944e31-15fc-4342-beed-3ef9b00a25fe-10,EDC_BS6_PERIODIC,2025-11-25 20:46:58,2025-11-25 20:47:56,18.918552,73.3197056,25374,1657,FixOK,A,OaG5CU0303,G133fg5425,"1, Mudre Budruk Rd, opp. Relaince Petrolpump, Mudre, Karjat, Maharashtra 410201, India",15274,9.36,IgnitionOn,1,45.193,265.45,47,-59
cf944e31-15fc-4342-beed-3ef9b00a25fe-9,EDC_BS6_PERIODIC,2025-11-25 20:47:04,2025-11-25 20:47:56,18.91856,73.3194304,25375,1657,FixOK,A,OaG5CU0303,G133fg5425,"1, Mudre Budruk Rd, opp. Relaince Petrolpump, Mudre, Karjat, Maharashtra 410201, India",15274,16.27,IgnitionOn,1,45.394,273.66,46,-59
cf944e31-15fc-4342-beed-3ef9b00a25fe-8,EDC_BS6_PERIODIC,2025-11-25 20:47:10,2025-11-25 20:47:56,18.9185792,73.3191168,25376,1657,FixOK,A,OaG5CU0303,G133fg5425,"1, Mudre Budruk Rd, opp. Relaince Petrolpump, Mudre, Karjat, Maharashtra 410201, India",15274.125,20.91,IgnitionOn,1,46.499,273.7,47,-59
cf944e31-15fc-4342-beed-3ef9b00a25fe-7,EDC_BS6_PERIODIC,2025-11-25 20:47:16,2025-11-25 20:47:56,18.918616,73.3187776,25377,1657,FixOK,A,OaG5CU0303,G133fg5425,"1, Mudre Budruk Rd, opp. Relaince Petrolpump, Mudre, Karjat, Maharashtra 410201, India",15274.125,21.7,IgnitionOn,1,47.466,275.86,46,-59
cf944e31-15fc-4342-beed-3ef9b00a25fe-6,EDC_BS6_PERIODIC,2025-11-25 20:47:22,2025-11-25 20:47:56,18.9186432,73.3184256,25378,1657,FixOK,A,OaG5CU0303,G133fg5425,"1, Mudre Budruk Rd, opp. Relaince Petrolpump, Mudre, Karjat, Maharashtra 410201, India",15274.125,22.1,IgnitionOn,1,50.448,273.35,47,-59
cf944e31-15fc-4342-beed-3ef9b00a25fe-5,EDC_BS6_PERIODIC,2025-11-25 20:47:28,2025-11-25 20:47:56,18.9186368,73.3180288,25379,1657,FixOK,A,OaG5CU0303,G133fg5425,"1, Mudre Budruk Rd, opp. Relaince Petrolpump, Mudre, Karjat, Maharashtra 410201, India",15274.25,24.79,IgnitionOn,1,51.66,266.7,45,-59
cf944e31-15fc-4342-beed-3ef9b00a25fe-4,EDC_BS6_PERIODIC,2025-11-25 20:47:34,2025-11-25 20:47:56,18.918616,73.3176448,25380,1657,FixOK,A,OaG5CU0303,G133fg5425,"1, Mudre Budruk Rd, opp. Relaince Petrolpump, Mudre, Karjat, Maharashtra 410201, India",15274.25,24.2,IgnitionOn,1,52.417,266.57,44,-59
cf944e31-15fc-4342-beed-3ef9b00a25fe-3,EDC_BS6_PERIODIC,2025-11-25 20:47:40,2025-11-25 20:47:56,18.918608,73.317312,25381,1657,FixOK,A,OaG5CU0303,G133fg5425,"1, Mudre Budruk Rd, opp. Relaince Petrolpump, Mudre, Karjat, Maharashtra 410201, India",15274.25,22.08,IgnitionOn,1,53.08,266.67,49,-59
cf944e31-15fc-4342-beed-3ef9b00a25fe-2,BRAKE_PRESSED,2025-11-25 20:47:41,2025-11-25 20:47:56,18.9186048,73.3172608,37508,1657,FixOK,,OaG5CU0303,G133fg5425,"1, Mudre Budruk Rd, opp. Relaince Petrolpump, Mudre, Karjat, Maharashtra 410201, India",0,13.31,IgnitionOn,1,,,,
cf944e31-15fc-4342-beed-3ef9b00a25fe-1,EDC_BS6_PERIODIC,2025-11-25 20:47:46,2025-11-25 20:47:56,18.918576,73.3170688,25382,1657,FixOK,A,OaG5CU0303,G133fg5425,"1, Mudre Budruk Rd, opp. Relaince Petrolpump, Mudre, Karjat, Maharashtra 410201, India",15274.25,16.76,IgnitionOn,1,53.102,263.17,49,-59
7ad60ffc-46fc-4295-919f-9c77b2a3f86f-19,EDC_BS6_PERIODIC,2025-11-25 20:47:52,2025-11-25 20:56:05,18.918496,73.3170048,25383,1657,FixOK,A,OaG5CU0303,G133fg5425,"Karjat - Chowk Rd, Halivali, Karjat, Maharashtra 410201, India",15274.375,7.22,IgnitionOn,1,52.895,222.83,47,-59
7ad60ffc-46fc-4295-919f-9c77b2a3f86f-18,EDC_BS6_PERIODIC,2025-11-25 20:47:58,2025-11-25 20:56:05,18.918416,73.317024,25384,1657,FixOK,A,OaG5CU0303,G133fg5425,"Karjat - Chowk Rd, Halivali, Karjat, Maharashtra 410201, India",15274.375,3.68,IgnitionOn,1,52.088,195.55,49,-59
33819114-a08f-4b2c-9059-5f21bd8ba34d-10,EDC_BS6_PERIODIC,2025-11-25 20:48:04,2025-11-25 20:48:57,18.9184064,73.317024,25385,1657,FixOK,A,OaG5CU0303,G133fg5425,"W89G+3CG, Gurunagar, Karjat, Maharashtra 410201, India",15274.375,0,IgnitionOn,1,52.006,195.55,48,-59
33819114-a08f-4b2c-9059-5f21bd8ba34d-9,EDC_BS6_PERIODIC,2025-11-25 20:48:10,2025-11-25 20:48:57,18.9184064,73.317024,25386,1657,FixOK,A,OaG5CU0303,G133fg5425,"W89G+3CG, Gurunagar, Karjat, Maharashtra 410201, India",15274.375,0,IgnitionOn,1,52.006,195.55,50,-59
33819114-a08f-4b2c-9059-5f21bd8ba34d-8,IGNITION_OFF,2025-11-25 20:48:14,2025-11-25 20:48:57,18.9184064,73.317024,37509,1657,FixOK,,OaG5CU0303,G133fg5425,"W89G+3CG, Gurunagar, Karjat, Maharashtra 410201, India",0,,IgnitionOn,0,,,,
33819114-a08f-4b2c-9059-5f21bd8ba34d-7,EDC_BS6_PERIODIC,2025-11-25 20:48:16,2025-11-25 20:48:57,18.9184064,73.317024,25387,1657,FixOK,A,OaG5CU0303,G133fg5425,"W89G+3CG, Gurunagar, Karjat, Maharashtra 410201, India",15274.375,0,IgnitionOn,0,52.006,195.55,49,-59
33819114-a08f-4b2c-9059-5f21bd8ba34d-6,GPS_MESSAGE,2025-11-25 20:48:21,2025-11-25 20:48:57,18.9184064,73.317024,,1657,3DFix,,OaG5CU0303,G133fg5425,"W89G+3CG, Gurunagar, Karjat, Maharashtra 410201, India",0,,IgnitionOn,1,52,19,47,
33819114-a08f-4b2c-9059-5f21bd8ba34d-5,EDC_BS6_PERIODIC,2025-11-25 20:48:22,2025-11-25 20:48:57,18.9184064,73.317024,25388,1657,FixOK,A,OaG5CU0303,G133fg5425,"W89G+3CG, Gurunagar, Karjat, Maharashtra 410201, India",15274.375,0,IgnitionOn,0,52.006,195.55,47,-59
33819114-a08f-4b2c-9059-5f21bd8ba34d-4,EDC_BS6_PERIODIC,2025-11-25 20:48:28,2025-11-25 20:48:57,18.9184064,73.317024,25389,1657,FixOK,A,OaG5CU0303,G133fg5425,"W89G+3CG, Gurunagar, Karjat, Maharashtra 410201, India",15274.375,0,IgnitionOn,0,52.006,195.55,48,-59
33819114-a08f-4b2c-9059-5f21bd8ba34d-3,EDC_BS6_PERIODIC,2025-11-25 20:48:34,2025-11-25 20:48:57,18.9184064,73.317024,25390,1657,FixOK,A,OaG5CU0303,G133fg5425,"W89G+3CG, Gurunagar, Karjat, Maharashtra 410201, India",15274.375,0,IgnitionOn,0,52.006,195.55,48,-59
33819114-a08f-4b2c-9059-5f21bd8ba34d-2,EDC_BS6_PERIODIC,2025-11-25 20:48:40,2025-11-25 20:48:57,18.9184064,73.317024,25391,1657,FixOK,A,OaG5CU0303,G133fg5425,"W89G+3CG, Gurunagar, Karjat, Maharashtra 410201, India",15274.375,0,IgnitionOn,0,52.006,195.55,48,-59
33819114-a08f-4b2c-9059-5f21bd8ba34d-1,EDC_BS6_PERIODIC,2025-11-25 20:48:46,2025-11-25 20:48:57,18.9184064,73.317024,25392,1657,FixOK,A,OaG5CU0303,G133fg5425,"W89G+3CG, Gurunagar, Karjat, Maharashtra 410201, India",15274.375,0,IgnitionOn,0,52.006,195.55,47,-59
7ad60ffc-46fc-4295-919f-9c77b2a3f86f-17,EDC_BS6_PERIODIC,2025-11-25 20:48:52,2025-11-25 20:56:05,18.9184064,73.317024,25393,1657,FixOK,A,OaG5CU0303,G133fg5425,"Karjat - Chowk Rd, Halivali, Karjat, Maharashtra 410201, India",0,0,IgnitionOn,0,52.006,195.55,50,-59
7ad60ffc-46fc-4295-919f-9c77b2a3f86f-16,EDC_BS6_PERIODIC,2025-11-25 20:48:58,2025-11-25 20:56:05,18.9184064,73.317024,25394,1657,FixOK,A,OaG5CU0303,G133fg5425,"Karjat - Chowk Rd, Halivali, Karjat, Maharashtra 410201, India",0,0,IgnitionOn,0,52.006,195.55,48,-59
7ad60ffc-46fc-4295-919f-9c77b2a3f86f-15,EDC_BS6_PERIODIC,2025-11-25 20:49:04,2025-11-25 20:56:05,18.9184064,73.317024,25395,1657,FixOK,A,OaG5CU0303,G133fg5425,"Karjat - Chowk Rd, Halivali, Karjat, Maharashtra 410201, India",0,0,IgnitionOn,0,52.006,195.55,48,-59
db457c13-ac30-4663-a3c5-b45a3361ad71-8,EDC_BS6_PERIODIC,2025-11-25 20:49:10,2025-11-25 20:53:02,18.9184064,73.317024,25396,1657,FixOK,A,OaG5CU0303,G133fg5425,"Jamrukh Road kashele, W86H+4F7, Aamrai, Karjat, Maharashtra 410201, India",0,0,IgnitionOn,0,52.006,195.55,48,-59
b36feffc-6edb-4da9-b9bd-236987d3bda3-10,EDC_BS6_PERIODIC,2025-11-25 20:49:16,2025-11-25 20:49:58,18.9184064,73.317024,25397,1657,FixOK,A,OaG5CU0303,G133fg5425,"W899+9MJ, Bhisegaon, Karjat, Maharashtra 410201, India",0,0,IgnitionOn,0,52.006,195.55,48,-59
b36feffc-6edb-4da9-b9bd-236987d3bda3-9,EDC_BS6_PERIODIC,2025-11-25 20:49:22,2025-11-25 20:49:58,18.9184064,73.317024,25398,1657,FixOK,A,OaG5CU0303,G133fg5425,"W899+9MJ, Bhisegaon, Karjat, Maharashtra 410201, India",0,0,IgnitionOn,0,52.006,195.55,48,-59
b36feffc-6edb-4da9-b9bd-236987d3bda3-8,EDC_BS6_PERIODIC,2025-11-25 20:49:28,2025-11-25 20:49:58,18.9184064,73.317024,25399,1657,FixOK,A,OaG5CU0303,G133fg5425,"W899+9MJ, Bhisegaon, Karjat, Maharashtra 410201, India",0,0,IgnitionOn,0,52.006,195.55,48,-59
b36feffc-6edb-4da9-b9bd-236987d3bda3-7,EDC_BS6_PERIODIC,2025-11-25 20:49:35,2025-11-25 20:49:58,18.9184064,73.317024,25400,1657,FixOK,A,OaG5CU0303,G133fg5425,"W899+9MJ, Bhisegaon, Karjat, Maharashtra 410201, India",0,0,IgnitionOn,0,52.006,195.55,49,-59
b36feffc-6edb-4da9-b9bd-236987d3bda3-6,EDC_BS6_PERIODIC,2025-11-25 20:49:40,2025-11-25 20:49:58,18.9184064,73.317024,25401,1657,FixOK,A,OaG5CU0303,G133fg5425,"W899+9MJ, Bhisegaon, Karjat, Maharashtra 410201, India",0,0,IgnitionOn,0,52.006,195.55,48,-59
b36feffc-6edb-4da9-b9bd-236987d3bda3-5,IGNITION_ON,2025-11-25 20:49:45,2025-11-25 20:49:58,18.9184064,73.317024,37510,1657,FixOK,,OaG5CU0303,G133fg5425,"W899+9MJ, Bhisegaon, Karjat, Maharashtra 410201, India",0,,IgnitionOn,1,,,,
b36feffc-6edb-4da9-b9bd-236987d3bda3-4,EDC_BS6_PERIODIC,2025-11-25 20:49:46,2025-11-25 20:49:58,18.9184064,73.317024,25402,1657,FixOK,A,OaG5CU0303,G133fg5425,"W899+9MJ, Bhisegaon, Karjat, Maharashtra 410201, India",0,0,IgnitionOn,1,52.006,195.55,49,-59
b36feffc-6edb-4da9-b9bd-236987d3bda3-3,BATTERY_VOLTAGE_DIP,2025-11-25 20:49:51,2025-11-25 20:49:58,18.9184064,73.317024,37511,1657,FixOK,,OaG5CU0303,G133fg5425,"W899+9MJ, Bhisegaon, Karjat, Maharashtra 410201, India",0,0,IgnitionOn,1,,,,
b36feffc-6edb-4da9-b9bd-236987d3bda3-2-1,BATTERY_VOLTAGE_DIP_AUX_DATA,2025-11-25 20:49:51,2025-11-25 20:49:58,18.9184064,73.317024,1,1657,FixOK,,OaG5CU0303,G133fg5425,"W899+9MJ, Bhisegaon, Karjat, Maharashtra 410201, India",0,,IgnitionOn,1,,,,
b36feffc-6edb-4da9-b9bd-236987d3bda3-2-2,BATTERY_VOLTAGE_DIP_AUX_DATA,2025-11-25 20:49:51,2025-11-25 20:49:58,18.9184064,73.317024,2,1657,FixOK,,OaG5CU0303,G133fg5425,"W899+9MJ, Bhisegaon, Karjat, Maharashtra 410201, India",0,,IgnitionOn,1,,,,
b36feffc-6edb-4da9-b9bd-236987d3bda3-2-3,BATTERY_VOLTAGE_DIP_AUX_DATA,2025-11-25 20:49:51,2025-11-25 20:49:58,18.9184064,73.317024,3,1657,FixOK,,OaG5CU0303,G133fg5425,"W899+9MJ, Bhisegaon, Karjat, Maharashtra 410201, India",0,,IgnitionOn,1,,,,
b36feffc-6edb-4da9-b9bd-236987d3bda3-1,EDC_BS6_PERIODIC,2025-11-25 20:49:52,2025-11-25 20:49:58,18.9184064,73.317024,25403,1657,FixOK,A,OaG5CU0303,G133fg5425,"W899+9MJ, Bhisegaon, Karjat, Maharashtra 410201, India",0,0,IgnitionOn,1,52.006,195.55,47,-59
db457c13-ac30-4663-a3c5-b45a3361ad71-7,EDC_BS6_PERIODIC,2025-11-25 20:49:58,2025-11-25 20:53:02,18.9184064,73.317024,25404,1657,FixOK,A,OaG5CU0303,G133fg5425,"Jamrukh Road kashele, W86H+4F7, Aamrai, Karjat, Maharashtra 410201, India",15274.375,0,IgnitionOn,1,52.006,195.55,49,-59
4a797ed0-9214-4fd8-a8d3-9fb3609c19f7-10,EDC_BS6_PERIODIC,2025-11-25 20:50:04,2025-11-25 20:50:59,18.918328,73.3170176,25405,1657,FixOK,A,OaG5CU0303,G133fg5425,"Karjat - Chowk Rd, Halivali, Karjat, Maharashtra 410201, India",15274.375,3.05,IgnitionOn,1,52.317,195.55,48,-59
4a797ed0-9214-4fd8-a8d3-9fb3609c19f7-9,EDC_BS6_PERIODIC,2025-11-25 20:50:10,2025-11-25 20:50:59,18.9182912,73.3170304,25406,1657,FixOK,A,OaG5CU0303,G133fg5425,"Karjat - Chowk Rd, Halivali, Karjat, Maharashtra 410201, India",15274.375,3.1,IgnitionOn,1,52.867,195.55,49,-59
4a797ed0-9214-4fd8-a8d3-9fb3609c19f7-8,IGNITION_OFF,2025-11-25 20:50:15,2025-11-25 20:50:59,18.9182912,73.3170304,37513,1657,FixOK,,OaG5CU0303,G133fg5425,"Karjat - Chowk Rd, Halivali, Karjat, Maharashtra 410201, India",0,,IgnitionOn,0,,,,
4a797ed0-9214-4fd8-a8d3-9fb3609c19f7-7,EDC_BS6_PERIODIC,2025-11-25 20:50:16,2025-11-25 20:50:59,18.9182912,73.3170304,25407,1657,FixOK,A,OaG5CU0303,G133fg5425,"Karjat - Chowk Rd, Halivali, Karjat, Maharashtra 410201, India",15274.375,0,IgnitionOn,0,53.18,195.55,49,-59
4a797ed0-9214-4fd8-a8d3-9fb3609c19f7-6,EDC_BS6_PERIODIC,2025-11-25 20:50:22,2025-11-25 20:50:59,18.9182912,73.3170304,25408,1657,FixOK,A,OaG5CU0303,G133fg5425,"Karjat - Chowk Rd, Halivali, Karjat, Maharashtra 410201, India",15274.375,0,IgnitionOn,0,53.18,195.55,49,-59
4a797ed0-9214-4fd8-a8d3-9fb3609c19f7-5,EDC_BS6_PERIODIC,2025-11-25 20:50:28,2025-11-25 20:50:59,18.9182912,73.3170304,25409,1657,FixOK,A,OaG5CU0303,G133fg5425,"Karjat - Chowk Rd, Halivali, Karjat, Maharashtra 410201, India",15274.375,0,IgnitionOn,0,53.18,195.55,48,-59
4a797ed0-9214-4fd8-a8d3-9fb3609c19f7-4,EDC_BS6_PERIODIC,2025-11-25 20:50:34,2025-11-25 20:50:59,18.9182912,73.3170304,25410,1657,FixOK,A,OaG5CU0303,G133fg5425,"Karjat - Chowk Rd, Halivali, Karjat, Maharashtra 410201, India",15274.375,0,IgnitionOn,0,53.18,195.55,48,-59
4a797ed0-9214-4fd8-a8d3-9fb3609c19f7-3,EDC_BS6_PERIODIC,2025-11-25 20:50:40,2025-11-25 20:50:59,18.9182912,73.3170304,25411,1657,FixOK,A,OaG5CU0303,G133fg5425,"Karjat - Chowk Rd, Halivali, Karjat, Maharashtra 410201, India",15274.375,0,IgnitionOn,0,53.18,195.55,48,-59
4a797ed0-9214-4fd8-a8d3-9fb3609c19f7-2,EDC_BS6_PERIODIC,2025-11-25 20:50:46,2025-11-25 20:50:59,18.9182912,73.3170304,25412,1657,FixOK,A,OaG5CU0303,G133fg5425,"1, Mudre Budruk Rd, opp. Relaince Petrolpump, Mudre, Karjat, Maharashtra 410201, India",15274.375,0,IgnitionOn,0,53.18,195.55,47,-59
4a797ed0-9214-4fd8-a8d3-9fb3609c19f7-1,EDC_BS6_PERIODIC,2025-11-25 20:50:52,2025-11-25 20:50:59,18.9182912,73.3170304,25413,1657,FixOK,A,OaG5CU0303,G133fg5425,"1, Mudre Budruk Rd, opp. Relaince Petrolpump, Mudre, Karjat, Maharashtra 410201, India",0,0,IgnitionOn,0,53.18,195.55,49,-59
02585436-b81d-4665-828f-fa6632273c7b-10,EDC_BS6_PERIODIC,2025-11-25 20:50:58,2025-11-25 20:52:01,18.9182912,73.3170304,25414,1657,FixOK,A,OaG5CU0303,G133fg5425,"W89C+4WQ, Mudre, Karjat, Maharashtra 410201, India",0,0,IgnitionOn,0,53.18,195.55,48,-59
02585436-b81d-4665-828f-fa6632273c7b-9,EDC_BS6_PERIODIC,2025-11-25 20:51:04,2025-11-25 20:52:01,18.9182912,73.3170304,25415,1657,FixOK,A,OaG5CU0303,G133fg5425,"W89C+4WQ, Mudre, Karjat, Maharashtra 410201, India",0,0,IgnitionOn,0,53.18,195.55,49,-59
02585436-b81d-4665-828f-fa6632273c7b-8,EDC_BS6_PERIODIC,2025-11-25 20:51:10,2025-11-25 20:52:01,18.9182912,73.3170304,25416,1657,FixOK,A,OaG5CU0303,G133fg5425,"W89C+4WQ, Mudre, Karjat, Maharashtra 410201, India",0,0,IgnitionOn,0,53.18,195.55,49,-59
02585436-b81d-4665-828f-fa6632273c7b-7,EDC_BS6_PERIODIC,2025-11-25 20:51:16,2025-11-25 20:52:01,18.9182912,73.3170304,25417,1657,FixOK,A,OaG5CU0303,G133fg5425,"W89C+4WQ, Mudre, Karjat, Maharashtra 410201, India",0,0,IgnitionOn,0,53.18,195.55,50,-59
02585436-b81d-4665-828f-fa6632273c7b-6,EDC_BS6_PERIODIC,2025-11-25 20:51:22,2025-11-25 20:52:01,18.9182912,73.3170304,25418,1657,FixOK,A,OaG5CU0303,G133fg5425,"W89C+4WQ, Mudre, Karjat, Maharashtra 410201, India",0,0,IgnitionOn,0,53.18,195.55,50,-59
02585436-b81d-4665-828f-fa6632273c7b-5,EDC_BS6_PERIODIC,2025-11-25 20:51:28,2025-11-25 20:52:01,18.9182912,73.3170304,25419,1657,FixOK,A,OaG5CU0303,G133fg5425,"W89C+4WQ, Mudre, Karjat, Maharashtra 410201, India",0,0,IgnitionOn,0,53.18,195.55,50,-59
02585436-b81d-4665-828f-fa6632273c7b-4,EDC_BS6_PERIODIC,2025-11-25 20:51:34,2025-11-25 20:52:01,18.9182912,73.3170304,25420,1657,FixOK,A,OaG5CU0303,G133fg5425,"W89C+4WQ, Mudre, Karjat, Maharashtra 410201, India",0,0,IgnitionOn,0,53.18,195.55,49,-59
02585436-b81d-4665-828f-fa6632273c7b-3,EDC_BS6_PERIODIC,2025-11-25 20:51:40,2025-11-25 20:52:01,18.9182912,73.3170304,25421,1657,FixOK,A,OaG5CU0303,G133fg5425,"W89C+4WQ, Mudre, Karjat, Maharashtra 410201, India",0,0,IgnitionOn,0,53.18,195.55,50,-59
02585436-b81d-4665-828f-fa6632273c7b-2,EDC_BS6_PERIODIC,2025-11-25 20:51:46,2025-11-25 20:52:01,18.9182912,73.3170304,25422,1657,FixOK,A,OaG5CU0303,G133fg5425,"W89C+4WQ, Mudre, Karjat, Maharashtra 410201, India",0,0,IgnitionOn,0,53.18,195.55,50,-59
02585436-b81d-4665-828f-fa6632273c7b-1,EDC_BS6_PERIODIC,2025-11-25 20:51:52,2025-11-25 20:52:01,18.9182912,73.3170304,25423,1657,FixOK,A,OaG5CU0303,G133fg5425,"W89C+4WQ, Mudre, Karjat, Maharashtra 410201, India",0,0,IgnitionOn,0,53.18,195.55,50,-59
db457c13-ac30-4663-a3c5-b45a3361ad71-6,EDC_BS6_PERIODIC,2025-11-25 20:51:58,2025-11-25 20:53:02,18.9182912,73.3170304,25424,1657,FixOK,A,OaG5CU0303,G133fg5425,"Jamrukh Road kashele, W86H+4F7, Aamrai, Karjat, Maharashtra 410201, India",0,0,IgnitionOn,0,53.18,195.55,49,-59
db457c13-ac30-4663-a3c5-b45a3361ad71-5,EDC_BS6_PERIODIC,2025-11-25 20:52:04,2025-11-25 20:53:02,18.9182912,73.3170304,25425,1657,FixOK,A,OaG5CU0303,G133fg5425,"Jamrukh Road kashele, W86H+4F7, Aamrai, Karjat, Maharashtra 410201, India",0,0,IgnitionOn,0,53.18,195.55,50,-59
db457c13-ac30-4663-a3c5-b45a3361ad71-4,EDC_BS6_PERIODIC,2025-11-25 20:52:10,2025-11-25 20:53:02,18.9182912,73.3170304,25426,1657,FixOK,A,OaG5CU0303,G133fg5425,"Jamrukh Road kashele, W86H+4F7, Aamrai, Karjat, Maharashtra 410201, India",0,0,IgnitionOn,0,53.18,195.55,50,-59
db457c13-ac30-4663-a3c5-b45a3361ad71-1,DEVICE_METRICS,2025-11-25 20:52:14,2025-11-25 20:53:02,18.9182912,73.3170304,,1657,FixOK,,OaG5CU0303,G133fg5425,"Jamrukh Road kashele, W86H+4F7, Aamrai, Karjat, Maharashtra 410201, India",0,,IgnitionOff,0,,,,
db457c13-ac30-4663-a3c5-b45a3361ad71-3,GPS_MESSAGE,2025-11-25 20:52:14,2025-11-25 20:53:02,18.9182912,73.3170304,,1657,3DFix,,OaG5CU0303,G133fg5425,"Jamrukh Road kashele, W86H+4F7, Aamrai, Karjat, Maharashtra 410201, India",0,,IgnitionOff,0,53,19,50,
db457c13-ac30-4663-a3c5-b45a3361ad71-2,TRIP_END,2025-11-25 20:52:14,2025-11-25 20:53:02,18.9182912,73.3170304,,1657,FixOK,,OaG5CU0303,G133fg5425,"Jamrukh Road kashele, W86H+4F7, Aamrai, Karjat, Maharashtra 410201, India",0,,IgnitionOff,0,,,,
aedc684f-fcae-43a2-9a9f-978a7e56de54,HEARTBEAT_MESSAGE,2025-11-25 20:52:19,2025-11-25 20:52:19,0,0,,,,,OaG5CU0303,G133fg5425,,,,,1,,,,
7ad60ffc-46fc-4295-919f-9c77b2a3f86f-14,IGNITION_ON,2025-11-25 20:53:29,2025-11-25 20:56:05,18.9182912,73.3170304,37514,1657,FixOK,,OaG5CU0303,G133fg5425,"Karjat - Chowk Rd, Halivali, Karjat, Maharashtra 410201, India",0,,IgnitionOff,1,,,,
7ad60ffc-46fc-4295-919f-9c77b2a3f86f-13,TRIP_START,2025-11-25 20:54:18,2025-11-25 20:56:05,18.9184928,73.3170432,,1658,StoredFix,,OaG5CU0303,G133fg5425,"Karjat - Chowk Rd, Halivali, Karjat, Maharashtra 410201, India",0,,IgnitionOn,1,,,,
7ad60ffc-46fc-4295-919f-9c77b2a3f86f-12,GPS_MESSAGE,2025-11-25 20:54:32,2025-11-25 20:56:05,18.9184928,73.3170432,,1658,NoFix,,OaG5CU0303,G133fg5425,"Karjat - Chowk Rd, Halivali, Karjat, Maharashtra 410201, India",0,,IgnitionOn,1,0,0,0,
7ad60ffc-46fc-4295-919f-9c77b2a3f86f-11,VERSION_UPDATE,2025-11-25 20:54:32,2025-11-25 20:56:05,18.9184928,73.3170432,,1658,StoredFix,,OaG5CU0303,G133fg5425,"Karjat - Chowk Rd, Halivali, Karjat, Maharashtra 410201, India",0,,IgnitionOn,1,,,,
7ad60ffc-46fc-4295-919f-9c77b2a3f86f-10,GPS_MESSAGE,2025-11-25 20:54:36,2025-11-25 20:56:05,18.918512,73.3170432,,1658,3DFix,,OaG5CU0303,G133fg5425,"Karjat - Chowk Rd, Halivali, Karjat, Maharashtra 410201, India",0,,IgnitionOn,1,57,35,49,
7ad60ffc-46fc-4295-919f-9c77b2a3f86f-7,ACU_SW_PART_NO,2025-11-25 20:54:38,2025-11-25 20:56:05,18.9185248,73.3170304,37517,1658,FixOK,,OaG5CU0303,G133fg5425,"Karjat - Chowk Rd, Halivali, Karjat, Maharashtra 410201, India",0,,IgnitionOn,1,,,,
7ad60ffc-46fc-4295-919f-9c77b2a3f86f-8,ECU_SW_PART_NO,2025-11-25 20:54:38,2025-11-25 20:56:05,18.9185248,73.3170304,37516,1658,FixOK,,OaG5CU0303,G133fg5425,"Karjat - Chowk Rd, Halivali, Karjat, Maharashtra 410201, India",0,,IgnitionOn,1,,,,
7ad60ffc-46fc-4295-919f-9c77b2a3f86f-9,ENGINE_CRANKING,2025-11-25 20:54:38,2025-11-25 20:56:05,18.91852,73.3170432,37515,1658,FixOK,,OaG5CU0303,G133fg5425,"Karjat - Chowk Rd, Halivali, Karjat, Maharashtra 410201, India",0,,IgnitionOn,1,,,,
7ad60ffc-46fc-4295-919f-9c77b2a3f86f-6,EDC_BS6_PERIODIC,2025-11-25 20:54:39,2025-11-25 20:56:05,18.9185264,73.3170304,25427,1658,FixOK,A,OaG5CU0303,G133fg5425,"Karjat - Chowk Rd, Halivali, Karjat, Maharashtra 410201, India",15274.375,0,IgnitionOn,1,57.696,195.55,45,-113
7ad60ffc-46fc-4295-919f-9c77b2a3f86f-5,EDC_BS6_PERIODIC,2025-11-25 20:54:45,2025-11-25 20:56:05,18.9185296,73.3170304,25428,1658,FixOK,A,OaG5CU0303,G133fg5425,"Karjat - Chowk Rd, Halivali, Karjat, Maharashtra 410201, India",15274.375,0,IgnitionOn,1,57.647,195.55,48,-113
7ad60ffc-46fc-4295-919f-9c77b2a3f86f-4,EDC_BS6_PERIODIC,2025-11-25 20:54:51,2025-11-25 20:56:05,18.918528,73.3170432,25429,1658,FixOK,A,OaG5CU0303,G133fg5425,"Karjat - Chowk Rd, Halivali, Karjat, Maharashtra 410201, India",15274.375,0,IgnitionOn,1,57.621,195.55,50,-113
7ad60ffc-46fc-4295-919f-9c77b2a3f86f-3,EDC_BS6_PERIODIC,2025-11-25 20:54:57,2025-11-25 20:56:05,18.9185456,73.3170944,25430,1658,FixOK,A,OaG5CU0303,G133fg5425,"Karjat - Chowk Rd, Halivali, Karjat, Maharashtra 410201, India",15274.375,3.05,IgnitionOn,1,57.548,68.81,49,-113
7ad60ffc-46fc-4295-919f-9c77b2a3f86f-2,EDC_BS6_PERIODIC,2025-11-25 20:55:03,2025-11-25 20:56:05,18.9185584,73.3171712,25431,1658,FixOK,A,OaG5CU0303,G133fg5425,"Karjat - Chowk Rd, Halivali, Karjat, Maharashtra 410201, India",15274.375,5.45,IgnitionOn,1,57.472,89.83,50,-113
7ad60ffc-46fc-4295-919f-9c77b2a3f86f-1,EDC_BS6_PERIODIC,2025-11-25 20:55:09,2025-11-25 20:56:05,18.9185664,73.3172608,25432,1658,FixOK,A,OaG5CU0303,G133fg5425,"Karjat - Chowk Rd, Halivali, Karjat, Maharashtra 410201, India",15274.375,5.48,IgnitionOn,1,57.327,88.72,48,-113
8a6b18a7-0ee8-49d9-be59-2b6a0e0b1eb5-11,EDC_BS6_PERIODIC,2025-11-25 20:55:15,2025-11-25 21:02:15,18.9185952,73.3174336,25433,1658,FixOK,A,OaG5CU0303,G133fg5425,"Shop No. 2 Near Nana Nani Park Opp. Karjat Fire Station, Mudre Khurd, Chauk - Karjat - Murbad Rd, Gurunagar, Karjat, Maharashtra 410201, India",15274.375,12.27,IgnitionOn,1,57.256,81.47,48,-113
8a6b18a7-0ee8-49d9-be59-2b6a0e0b1eb5-10,EDC_BS6_PERIODIC,2025-11-25 20:55:21,2025-11-25 21:02:15,18.9186272,73.3177088,25434,1658,FixOK,A,OaG5CU0303,G133fg5425,"Shop No. 2 Near Nana Nani Park Opp. Karjat Fire Station, Mudre Khurd, Chauk - Karjat - Murbad Rd, Gurunagar, Karjat, Maharashtra 410201, India",15274.5,20.01,IgnitionOn,1,56.997,85.05,49,-113
4612917b-4c33-4cf8-b788-7bbbc318763a-10,EDC_BS6_PERIODIC,2025-11-25 20:55:27,2025-11-25 20:56:00,18.9186528,73.3180416,25435,1658,FixOK,A,OaG5CU0303,G133fg5425,"Karjat - Chowk Rd, Halivali, Karjat, Maharashtra 410201, India",15274.5,20.3,IgnitionOn,1,56.848,88.48,46,-113
4612917b-4c33-4cf8-b788-7bbbc318763a-9,EDC_BS6_PERIODIC,2025-11-25 20:55:33,2025-11-25 20:56:00,18.918656,73.3183616,25436,1658,FixOK,A,OaG5CU0303,G133fg5425,"Karjat - Chowk Rd, Halivali, Karjat, Maharashtra 410201, India",15274.5,19.67,IgnitionOn,1,55.847,88.8,46,-113
4612917b-4c33-4cf8-b788-7bbbc318763a-8,EXHAUST_BRAKE_ON_START,2025-11-25 20:55:35,2025-11-25 20:56:00,18.9186576,73.3184128,37518,1658,FixOK,,OaG5CU0303,G133fg5425,"Karjat - Chowk Rd, Halivali, Karjat, Maharashtra 410201, India",0,21.98,IgnitionOn,1,,,,
4612917b-4c33-4cf8-b788-7bbbc318763a-7,BRAKE_PRESSED,2025-11-25 20:55:37,2025-11-25 20:56:00,18.9186592,73.3185664,37519,1658,FixOK,,OaG5CU0303,G133fg5425,"Karjat - Chowk Rd, Halivali, Karjat, Maharashtra 410201, India",0,20.43,IgnitionOn,1,,,,
4612917b-4c33-4cf8-b788-7bbbc318763a-6,LOW_FUEL_CAN_START,2025-11-25 20:55:37,2025-11-25 20:56:00,18.9186592,73.3185664,37520,1658,FixOK,,OaG5CU0303,G133fg5425,"Karjat - Chowk Rd, Halivali, Karjat, Maharashtra 410201, India",0,20.43,IgnitionOn,1,,,,
4612917b-4c33-4cf8-b788-7bbbc318763a-5,EDC_BS6_PERIODIC,2025-11-25 20:55:39,2025-11-25 20:56:00,18.918656,73.318688,25437,1658,FixOK,A,OaG5CU0303,G133fg5425,"Karjat - Chowk Rd, Halivali, Karjat, Maharashtra 410201, India",15274.5,21.06,IgnitionOn,1,53.451,88.72,49,-113
4612917b-4c33-4cf8-b788-7bbbc318763a-4,EXHAUST_BRAKE_ON_END,2025-11-25 20:55:40,2025-11-25 20:56:00,18.918656,73.318688,37521,1658,FixOK,,OaG5CU0303,G133fg5425,"Karjat - Chowk Rd, Halivali, Karjat, Maharashtra 410201, India",0,18.2,IgnitionOn,1,,,,
4612917b-4c33-4cf8-b788-7bbbc318763a-3,EDC_BS6_PERIODIC,2025-11-25 20:55:45,2025-11-25 20:56:00,18.91864,73.3188992,25438,1658,FixOK,A,OaG5CU0303,G133fg5425,"Karjat - Chowk Rd, Halivali, Karjat, Maharashtra 410201, India",15274.625,19.83,IgnitionOn,1,52.935,94.2,49,-113
4612917b-4c33-4cf8-b788-7bbbc318763a-2,BRAKE_PRESSED,2025-11-25 20:55:50,2025-11-25 20:56:00,18.918608,73.3193024,37522,1658,FixOK,,OaG5CU0303,G133fg5425,"Karjat - Chowk Rd, Halivali, Karjat, Maharashtra 410201, India",0,16.44,IgnitionOn,1,,,,
4612917b-4c33-4cf8-b788-7bbbc318763a-1,EDC_BS6_PERIODIC,2025-11-25 20:55:51,2025-11-25 20:56:00,18.918608,73.3193472,25439,1658,FixOK,A,OaG5CU0303,G133fg5425,"Karjat - Chowk Rd, Halivali, Karjat, Maharashtra 410201, India",15274.625,18.14,IgnitionOn,1,48.951,91.05,52,-113
b7cb0b87-2dec-4557-8677-73f15883acff-10,EDC_BS6_PERIODIC,2025-11-25 20:55:57,2025-11-25 20:57:01,18.9186048,73.319584,25440,1658,FixOK,A,OaG5CU0303,G133fg5425,"Karjat - Chowk Rd, Halivali, Karjat, Maharashtra 410201, India",15274.625,16.58,IgnitionOn,1,47.347,91.23,53,-113
c2171342-2c24-4e4d-8937-ea9be37e03d9,HEARTBEAT_MESSAGE,2025-11-25 20:55:58,2025-11-25 20:55:58,0,0,,,,,OaG5CU0303,G133fg5425,,,,,1,,,,
b7cb0b87-2dec-4557-8677-73f15883acff-9,EDC_BS6_PERIODIC,2025-11-25 20:56:03,2025-11-25 20:57:01,18.918592,73.3196864,25441,1658,FixOK,A,OaG5CU0303,G133fg5425,"Karjat - Chowk Rd, Halivali, Karjat, Maharashtra 410201, India",15274.625,9.39,IgnitionOn,1,46.514,94.22,51,-113
b7cb0b87-2dec-4557-8677-73f15883acff-8,EDC_BS6_PERIODIC,2025-11-25 20:56:09,2025-11-25 20:57:01,18.9185584,73.3198592,25442,1658,FixOK,A,OaG5CU0303,G133fg5425,"Karjat - Chowk Rd, Halivali, Karjat, Maharashtra 410201, India",15274.625,12.13,IgnitionOn,1,45.91,97.18,52,-113
b7cb0b87-2dec-4557-8677-73f15883acff-7,EDC_BS6_PERIODIC,2025-11-25 20:56:15,2025-11-25 20:57:01,18.9185424,73.319968,25443,1658,FixOK,A,OaG5CU0303,G133fg5425,"Karjat - Chowk Rd, Halivali, Karjat, Maharashtra 410201, India",15274.75,8.65,IgnitionOn,1,47.455,95.26,50,-113
b7cb0b87-2dec-4557-8677-73f15883acff-6,EDC_BS6_PERIODIC,2025-11-25 20:56:21,2025-11-25 20:57:01,18.9185264,73.3201664,25444,1658,FixOK,A,OaG5CU0303,G133fg5425,"Karjat - Chowk Rd, Halivali, Karjat, Maharashtra 410201, India",15274.75,10.94,IgnitionOn,1,48.067,95.23,50,-113
b7cb0b87-2dec-4557-8677-73f15883acff-5,EDC_BS6_PERIODIC,2025-11-25 20:56:27,2025-11-25 20:57:01,18.9184992,73.3203904,25445,1658,FixOK,A,OaG5CU0303,G133fg5425,"Karjat - Chowk Rd, Halivali, Karjat, Maharashtra 410201, India",15274.75,16.89,IgnitionOn,1,48.584,98.66,50,-113
b7cb0b87-2dec-4557-8677-73f15883acff-4,EDC_BS6_PERIODIC,2025-11-25 20:56:33,2025-11-25 20:57:01,18.918472,73.3206336,25446,1658,FixOK,A,OaG5CU0303,G133fg5425,"Karjat - Chowk Rd, Halivali, Karjat, Maharashtra 410201, India",15274.75,15,IgnitionOn,1,51.347,96.45,51,-113
b7cb0b87-2dec-4557-8677-73f15883acff-3,EDC_BS6_PERIODIC,2025-11-25 20:56:39,2025-11-25 20:57:01,18.9184496,73.3208448,25447,1658,FixOK,A,OaG5CU0303,G133fg5425,"Karjat - Chowk Rd, Halivali, Karjat, Maharashtra 410201, India",15274.75,15.52,IgnitionOn,1,52.169,94.29,51,-113
b7cb0b87-2dec-4557-8677-73f15883acff-2,EDC_BS6_PERIODIC,2025-11-25 20:56:45,2025-11-25 20:57:01,18.9184224,73.321088,25448,1658,FixOK,A,OaG5CU0303,G133fg5425,"Karjat - Chowk Rd, Halivali, Karjat, Maharashtra 410201, India",15274.875,14.52,IgnitionOn,1,52.643,96.87,52,-113
b7cb0b87-2dec-4557-8677-73f15883acff-1,EDC_BS6_PERIODIC,2025-11-25 20:56:51,2025-11-25 20:57:01,18.9183968,73.321376,25449,1658,FixOK,A,OaG5CU0303,G133fg5425,"Karjat - Chowk Rd, Halivali, Karjat, Maharashtra 410201, India",15274.875,16.91,IgnitionOn,1,54.118,94.76,50,-113
8a6b18a7-0ee8-49d9-be59-2b6a0e0b1eb5-9,EDC_BS6_PERIODIC,2025-11-25 20:56:57,2025-11-25 21:02:15,18.91836,73.3217024,25450,1658,FixOK,A,OaG5CU0303,G133fg5425,"Shop No. 2 Near Nana Nani Park Opp. Karjat Fire Station, Mudre Khurd, Chauk - Karjat - Murbad Rd, Gurunagar, Karjat, Maharashtra 410201, India",15274.875,21.88,IgnitionOn,1,54.625,97.44,50,-59
94865aad-d008-41d8-9ecc-bdb4c4d090cd-10,EDC_BS6_PERIODIC,2025-11-25 20:57:03,2025-11-25 20:58:02,18.9183264,73.3220224,25451,1658,FixOK,A,OaG5CU0303,G133fg5425,"Karjat - Chowk Rd, Halivali, Karjat, Maharashtra 410201, India",15274.875,19.12,IgnitionOn,1,54.435,97.83,49,-59
94865aad-d008-41d8-9ecc-bdb4c4d090cd-9,BRAKE_PRESSED,2025-11-25 20:57:05,2025-11-25 20:58:02,18.9183168,73.322144,37523,1658,FixOK,,OaG5CU0303,G133fg5425,"Karjat - Chowk Rd, Halivali, Karjat, Maharashtra 410201, India",0,24.7,IgnitionOn,1,,,,
94865aad-d008-41d8-9ecc-bdb4c4d090cd-8,EDC_BS6_PERIODIC,2025-11-25 20:57:09,2025-11-25 20:58:02,18.918288,73.3223936,25452,1658,FixOK,A,OaG5CU0303,G133fg5425,"Karjat - Chowk Rd, Halivali, Karjat, Maharashtra 410201, India",15275,24.06,IgnitionOn,1,53.396,97.73,50,-59
94865aad-d008-41d8-9ecc-bdb4c4d090cd-7,EDC_BS6_PERIODIC,2025-11-25 20:57:15,2025-11-25 20:58:02,18.9182432,73.3228096,25453,1658,FixOK,A,OaG5CU0303,G133fg5425,"Karjat - Chowk Rd, Halivali, Karjat, Maharashtra 410201, India",15275,26.16,IgnitionOn,1,52.5,96.88,51,-59
94865aad-d008-41d8-9ecc-bdb4c4d090cd-6,EDC_BS6_PERIODIC,2025-11-25 20:57:21,2025-11-25 20:58:02,18.9182016,73.3232128,25454,1658,FixOK,A,OaG5CU0303,G133fg5425,"Karjat - Chowk Rd, Halivali, Karjat, Maharashtra 410201, India",15275,25.96,IgnitionOn,1,50.15,95.58,50,-59
94865aad-d008-41d8-9ecc-bdb4c4d090cd-5,EDC_BS6_PERIODIC,2025-11-25 20:57:27,2025-11-25 20:58:02,18.918152,73.3236544,25455,1658,FixOK,A,OaG5CU0303,G133fg5425,"Karjat - Chowk Rd, Halivali, Karjat, Maharashtra 410201, India",15275.125,27.94,IgnitionOn,1,48.359,96.66,49,-59
94865aad-d008-41d8-9ecc-bdb4c4d090cd-4,EDC_BS6_PERIODIC,2025-11-25 20:57:33,2025-11-25 20:58:02,18.918104,73.3241088,25456,1658,FixOK,A,OaG5CU0303,G133fg5425,"Karjat - Chowk Rd, Halivali, Karjat, Maharashtra 410201, India",15275.125,29.84,IgnitionOn,1,47.373,96.76,50,-59
94865aad-d008-41d8-9ecc-bdb4c4d090cd-3,EDC_BS6_PERIODIC,2025-11-25 20:57:39,2025-11-25 20:58:02,18.9180576,73.324544,25457,1658,FixOK,A,OaG5CU0303,G133fg5425,"Karjat - Chowk Rd, Halivali, Karjat, Maharashtra 410201, India",15275.125,27.23,IgnitionOn,1,47.01,96.18,51,-59
94865aad-d008-41d8-9ecc-bdb4c4d090cd-2,EDC_BS6_PERIODIC,2025-11-25 20:57:45,2025-11-25 20:58:02,18.9180128,73.3248896,25458,1658,FixOK,A,OaG5CU0303,G133fg5425,"Karjat - Chowk Rd, Halivali, Karjat, Maharashtra 410201, India",15275.25,26.8,IgnitionOn,1,45.359,100.54,51,-59
94865aad-d008-41d8-9ecc-bdb4c4d090cd-1,EDC_BS6_PERIODIC,2025-11-25 20:57:51,2025-11-25 20:58:02,18.917896,73.32528,25459,1658,FixOK,A,OaG5CU0303,G133fg5425,"Karjat - Chowk Rd, Halivali, Karjat, Maharashtra 410201, India",15275.25,26.59,IgnitionOn,1,43.924,106.83,50,-59
8a6b18a7-0ee8-49d9-be59-2b6a0e0b1eb5-8,EDC_BS6_PERIODIC,2025-11-25 20:57:57,2025-11-25 21:02:15,18.9176928,73.325664,25460,1658,FixOK,A,OaG5CU0303,G133fg5425,"Shop No. 2 Near Nana Nani Park Opp. Karjat Fire Station, Mudre Khurd, Chauk - Karjat - Murbad Rd, Gurunagar, Karjat, Maharashtra 410201, India",15275.375,27.76,IgnitionOn,1,44.05,119.26,52,-59
8a6b18a7-0ee8-49d9-be59-2b6a0e0b1eb5-7,BRAKE_PRESSED,2025-11-25 20:57:59,2025-11-25 21:02:15,18.917616,73.325792,37524,1658,FixOK,,OaG5CU0303,G133fg5425,"Shop No. 2 Near Nana Nani Park Opp. Karjat Fire Station, Mudre Khurd, Chauk - Karjat - Murbad Rd, Gurunagar, Karjat, Maharashtra 410201, India",0,16.73,IgnitionOn,1,,,,
6f0e3064-10d3-4596-be26-568cbab88487-10,EDC_BS6_PERIODIC,2025-11-25 20:58:03,2025-11-25 20:59:03,18.9174704,73.3260032,25461,1658,FixOK,A,OaG5CU0303,G133fg5425,"W899+CRV, Halivali, Karjat, Maharashtra 410201, India",15275.375,27.6,IgnitionOn,1,43.087,124.05,48,-59
6f0e3064-10d3-4596-be26-568cbab88487-9,EDC_BS6_PERIODIC,2025-11-25 20:58:09,2025-11-25 20:59:03,18.9173248,73.3261504,25462,1658,FixOK,A,OaG5CU0303,G133fg5425,"W899+CRV, Halivali, Karjat, Maharashtra 410201, India",15275.375,13.06,IgnitionOn,1,43.977,140.05,47,-59
6f0e3064-10d3-4596-be26-568cbab88487-8,EDC_BS6_PERIODIC,2025-11-25 20:58:15,2025-11-25 20:59:03,18.9170848,73.326368,25463,1658,FixOK,A,OaG5CU0303,G133fg5425,"W899+CRV, Halivali, Karjat, Maharashtra 410201, India",15275.375,21.95,IgnitionOn,1,44.488,141.16,50,-59
6f0e3064-10d3-4596-be26-568cbab88487-7,BRAKE_PRESSED,2025-11-25 20:58:20,2025-11-25 20:59:03,18.916856,73.326528,37525,1658,FixOK,,OaG5CU0303,G133fg5425,"W899+CRV, Halivali, Karjat, Maharashtra 410201, India",0,14.62,IgnitionOn,1,,,,
6f0e3064-10d3-4596-be26-568cbab88487-6,EDC_BS6_PERIODIC,2025-11-25 20:58:21,2025-11-25 20:59:03,18.916808,73.32656,25464,1658,FixOK,A,OaG5CU0303,G133fg5425,"W899+CRV, Halivali, Karjat, Maharashtra 410201, India",15275.5,23,IgnitionOn,1,44.916,144.22,47,-59
6f0e3064-10d3-4596-be26-568cbab88487-5,EDC_BS6_PERIODIC,2025-11-25 20:58:27,2025-11-25 20:59:03,18.916608,73.3266688,25465,1658,FixOK,A,OaG5CU0303,G133fg5425,"W899+CRV, Halivali, Karjat, Maharashtra 410201, India",15275.5,14.24,IgnitionOn,1,45.012,150.21,47,-59
6f0e3064-10d3-4596-be26-568cbab88487-4,EDC_BS6_PERIODIC,2025-11-25 20:58:33,2025-11-25 20:59:03,18.916376,73.3267968,25466,1658,FixOK,A,OaG5CU0303,G133fg5425,"W899+CRV, Halivali, Karjat, Maharashtra 410201, India",15275.5,17.2,IgnitionOn,1,46.009,153.32,48,-59
6f0e3064-10d3-4596-be26-568cbab88487-3,EDC_BS6_PERIODIC,2025-11-25 20:58:39,2025-11-25 20:59:03,18.9160736,73.3269376,25467,1658,FixOK,A,OaG5CU0303,G133fg5425,"W899+CRV, Halivali, Karjat, Maharashtra 410201, India",15275.625,22.43,IgnitionOn,1,45.816,156.08,50,-59
6f0e3064-10d3-4596-be26-568cbab88487-2,EDC_BS6_PERIODIC,2025-11-25 20:58:45,2025-11-25 20:59:03,18.915776,73.327072,25468,1658,FixOK,A,OaG5CU0303,G133fg5425,"W899+CRV, Halivali, Karjat, Maharashtra 410201, India",15275.625,22.54,IgnitionOn,1,46.103,157.44,48,-59
6f0e3064-10d3-4596-be26-568cbab88487-1,EDC_BS6_PERIODIC,2025-11-25 20:58:51,2025-11-25 20:59:03,18.915488,73.3272192,25469,1658,FixOK,A,OaG5CU0303,G133fg5425,"W899+CRV, Halivali, Karjat, Maharashtra 410201, India",15275.625,21.2,IgnitionOn,1,46.177,156.3,48,-59
8a6b18a7-0ee8-49d9-be59-2b6a0e0b1eb5-6,EDC_BS6_PERIODIC,2025-11-25 20:58:57,2025-11-25 21:02:15,18.9152176,73.3273344,25470,1658,FixOK,A,OaG5CU0303,G133fg5425,"Shop No. 2 Near Nana Nani Park Opp. Karjat Fire Station, Mudre Khurd, Chauk - Karjat - Murbad Rd, Gurunagar, Karjat, Maharashtra 410201, India",15275.625,19.34,IgnitionOn,1,46.169,155.77,48,-59
8a6b18a7-0ee8-49d9-be59-2b6a0e0b1eb5-5,BRAKE_PRESSED,2025-11-25 20:59:00,2025-11-25 21:02:15,18.91508,73.3273984,37526,1658,FixOK,,OaG5CU0303,G133fg5425,"Shop No. 2 Near Nana Nani Park Opp. Karjat Fire Station, Mudre Khurd, Chauk - Karjat - Murbad Rd, Gurunagar, Karjat, Maharashtra 410201, India",0,10.12,IgnitionOn,1,,,,
09cbd73a-8ae1-4811-aae6-b27523ecec41-10,EDC_BS6_PERIODIC,2025-11-25 20:59:03,2025-11-25 21:00:04,18.9149568,73.327456,25471,1658,FixOK,A,OaG5CU0303,G133fg5425,"W87H+J2R, Chauk - Karjat - Murbad Rd, Mudre, Karjat, Maharashtra 410201, India",15275.75,20.21,IgnitionOn,1,45.95,154.86,48,-59
09cbd73a-8ae1-4811-aae6-b27523ecec41-9,EDC_BS6_PERIODIC,2025-11-25 20:59:09,2025-11-25 21:00:04,18.9147936,73.3275264,25472,1658,FixOK,A,OaG5CU0303,G133fg5425,"W87H+J2R, Chauk - Karjat - Murbad Rd, Mudre, Karjat, Maharashtra 410201, India",15275.75,11.96,IgnitionOn,1,45.525,156.22,51,-59
09cbd73a-8ae1-4811-aae6-b27523ecec41-8,EDC_BS6_PERIODIC,2025-11-25 20:59:15,2025-11-25 21:00:04,18.9145504,73.327648,25473,1658,FixOK,A,OaG5CU0303,G133fg5425,"W87H+J2R, Chauk - Karjat - Murbad Rd, Mudre, Karjat, Maharashtra 410201, India",15275.75,18.09,IgnitionOn,1,46.051,156.27,49,-59
09cbd73a-8ae1-4811-aae6-b27523ecec41-7,EDC_BS6_PERIODIC,2025-11-25 20:59:21,2025-11-25 21:00:04,18.9143184,73.327744,25474,1658,FixOK,A,OaG5CU0303,G133fg5425,"W87H+J2R, Chauk - Karjat - Murbad Rd, Mudre, Karjat, Maharashtra 410201, India",15275.75,20.63,IgnitionOn,1,45.937,158.02,48,-59
09cbd73a-8ae1-4811-aae6-b27523ecec41-6,EDC_BS6_PERIODIC,2025-11-25 20:59:27,2025-11-25 21:00:04,18.9139648,73.3278784,25475,1658,FixOK,A,OaG5CU0303,G133fg5425,"W87H+J2R, Chauk - Karjat - Murbad Rd, Mudre, Karjat, Maharashtra 410201, India",15275.875,25.27,IgnitionOn,1,46.458,158.96,49,-59
09cbd73a-8ae1-4811-aae6-b27523ecec41-5,EDC_BS6_PERIODIC,2025-11-25 20:59:33,2025-11-25 21:00:04,18.91356,73.327936,25476,1658,FixOK,A,OaG5CU0303,G133fg5425,"W87H+J2R, Chauk - Karjat - Murbad Rd, Mudre, Karjat, Maharashtra 410201, India",15275.875,27.23,IgnitionOn,1,46.785,171.13,50,-59
09cbd73a-8ae1-4811-aae6-b27523ecec41-4,EDC_BS6_PERIODIC,2025-11-25 20:59:39,2025-11-25 21:00:04,18.9131168,73.3278976,25477,1658,FixOK,A,OaG5CU0303,G133fg5425,"W87H+J2R, Chauk - Karjat - Murbad Rd, Mudre, Karjat, Maharashtra 410201, India",15275.875,30.38,IgnitionOn,1,46.939,183.58,50,-59
09cbd73a-8ae1-4811-aae6-b27523ecec41-3,BRAKE_PRESSED,2025-11-25 20:59:40,2025-11-25 21:00:04,18.91304,73.3278976,37527,1658,FixOK,,OaG5CU0303,G133fg5425,"W87H+J2R, Chauk - Karjat - Murbad Rd, Mudre, Karjat, Maharashtra 410201, India",0,24.98,IgnitionOn,1,,,,
09cbd73a-8ae1-4811-aae6-b27523ecec41-2,EDC_BS6_PERIODIC,2025-11-25 20:59:45,2025-11-25 21:00:04,18.91268,73.3278784,25478,1658,FixOK,A,OaG5CU0303,G133fg5425,"W87H+J2R, Chauk - Karjat - Murbad Rd, Mudre, Karjat, Maharashtra 410201, India",15276,29.22,IgnitionOn,1,46.75,181.46,50,-59
09cbd73a-8ae1-4811-aae6-b27523ecec41-1,EDC_BS6_PERIODIC,2025-11-25 20:59:51,2025-11-25 21:00:04,18.9124448,73.3278848,25479,1658,FixOK,A,OaG5CU0303,G133fg5425,"W87H+J2R, Chauk - Karjat - Murbad Rd, Mudre, Karjat, Maharashtra 410201, India",15276,11.64,IgnitionOn,1,46.881,174.8,49,-59
8a6b18a7-0ee8-49d9-be59-2b6a0e0b1eb5-4,EDC_BS6_PERIODIC,2025-11-25 20:59:57,2025-11-25 21:02:15,18.912088,73.3279616,25480,1658,FixOK,A,OaG5CU0303,G133fg5425,"Shop No. 2 Near Nana Nani Park Opp. Karjat Fire Station, Mudre Khurd, Chauk - Karjat - Murbad Rd, Gurunagar, Karjat, Maharashtra 410201, India",15276,13.63,IgnitionOn,1,47.685,167.53,51,-59
8a6b18a7-0ee8-49d9-be59-2b6a0e0b1eb5-3,EDC_BS6_PERIODIC,2025-11-25 21:00:03,2025-11-25 21:02:15,18.9117728,73.328,25481,1658,FixOK,A,OaG5CU0303,G133fg5425,"Shop No. 2 Near Nana Nani Park Opp. Karjat Fire Station, Mudre Khurd, Chauk - Karjat - Murbad Rd, Gurunagar, Karjat, Maharashtra 410201, India",15276.125,18.71,IgnitionOn,1,48.213,171.75,51,-59
8a6b18a7-0ee8-49d9-be59-2b6a0e0b1eb5-2,EDC_BS6_PERIODIC,2025-11-25 21:00:09,2025-11-25 21:02:15,18.9114112,73.3280384,25482,1658,FixOK,A,OaG5CU0303,G133fg5425,"Shop No. 2 Near Nana Nani Park Opp. Karjat Fire Station, Mudre Khurd, Chauk - Karjat - Murbad Rd, Gurunagar, Karjat, Maharashtra 410201, India",15276.125,23.2,IgnitionOn,1,48.686,175.55,49,-59
2851c0de-6bd5-4ecb-98da-4ed3f5d3397f-10,EDC_BS6_PERIODIC,2025-11-25 21:00:15,2025-11-25 21:01:05,18.911032,73.3281152,25483,1658,FixOK,A,OaG5CU0303,G133fg5425,"W87H+J2R, Chauk - Karjat - Murbad Rd, Mudre, Karjat, Maharashtra 410201, India",15276.125,25.77,IgnitionOn,1,50.816,164.16,49,-59
2851c0de-6bd5-4ecb-98da-4ed3f5d3397f-8,BRAKE_PRESSED,2025-11-25 21:00:17,2025-11-25 21:01:05,18.9109312,73.3281536,37529,1658,FixOK,,OaG5CU0303,G133fg5425,"W87H+J2R, Chauk - Karjat - Murbad Rd, Mudre, Karjat, Maharashtra 410201, India",0,7.91,IgnitionOn,1,,,,
2851c0de-6bd5-4ecb-98da-4ed3f5d3397f-9-1,HARSH_BREAKING_END,2025-11-25 21:00:17,2025-11-25 21:01:05,18.9109312,73.3281536,37528,1658,FixOK,,OaG5CU0303,G133fg5425,"W87H+J2R, Chauk - Karjat - Murbad Rd, Mudre, Karjat, Maharashtra 410201, India",0,7.91,IgnitionOn,1,,,,
2851c0de-6bd5-4ecb-98da-4ed3f5d3397f-9,HARSH_BREAKING_START,2025-11-25 21:00:17,2025-11-25 21:01:05,18.9109312,73.3281536,37528,1658,FixOK,,OaG5CU0303,G133fg5425,"W87H+J2R, Chauk - Karjat - Murbad Rd, Mudre, Karjat, Maharashtra 410201, India",0,7.91,IgnitionOn,1,,,,
2851c0de-6bd5-4ecb-98da-4ed3f5d3397f-7,EDC_BS6_PERIODIC,2025-11-25 21:00:21,2025-11-25 21:01:05,18.910856,73.3281664,25484,1658,FixOK,A,OaG5CU0303,G133fg5425,"W87H+J2R, Chauk - Karjat - Murbad Rd, Mudre, Karjat, Maharashtra 410201, India",15276.25,25.21,IgnitionOn,1,51.146,169.67,50,-59
2851c0de-6bd5-4ecb-98da-4ed3f5d3397f-6,EDC_BS6_PERIODIC,2025-11-25 21:00:27,2025-11-25 21:01:05,18.9106752,73.3281984,25485,1658,FixOK,A,OaG5CU0303,G133fg5425,"W87H+J2R, Chauk - Karjat - Murbad Rd, Mudre, Karjat, Maharashtra 410201, India",15276.25,6.61,IgnitionOn,1,50.827,170.25,48,-59
2851c0de-6bd5-4ecb-98da-4ed3f5d3397f-5,EDC_BS6_PERIODIC,2025-11-25 21:00:33,2025-11-25 21:01:05,18.910448,73.3282624,25486,1658,FixOK,A,OaG5CU0303,G133fg5425,"W87H+J2R, Chauk - Karjat - Murbad Rd, Mudre, Karjat, Maharashtra 410201, India",15276.25,14.88,IgnitionOn,1,51.148,166.44,50,-59
2851c0de-6bd5-4ecb-98da-4ed3f5d3397f-4,EDC_BS6_PERIODIC,2025-11-25 21:00:39,2025-11-25 21:01:05,18.9102944,73.3283968,25487,1658,FixOK,A,OaG5CU0303,G133fg5425,"W87H+J2R, Chauk - Karjat - Murbad Rd, Mudre, Karjat, Maharashtra 410201, India",15276.25,14.98,IgnitionOn,1,52.481,140.13,49,-59
2851c0de-6bd5-4ecb-98da-4ed3f5d3397f-3,EDC_BS6_PERIODIC,2025-11-25 21:00:45,2025-11-25 21:01:05,18.9102704,73.3285632,25488,1658,FixOK,A,OaG5CU0303,G133fg5425,"W87H+J2R, Chauk - Karjat - Murbad Rd, Mudre, Karjat, Maharashtra 410201, India",15276.25,11.23,IgnitionOn,1,52.439,85.62,50,-59
2851c0de-6bd5-4ecb-98da-4ed3f5d3397f-2,EDC_BS6_PERIODIC,2025-11-25 21:00:51,2025-11-25 21:01:05,18.9103552,73.328768,25489,1658,FixOK,A,OaG5CU0303,G133fg5425,"W87H+J2R, Chauk - Karjat - Murbad Rd, Mudre, Karjat, Maharashtra 410201, India",15276.25,9.67,IgnitionOn,1,52.509,66.91,50,-59
2851c0de-6bd5-4ecb-98da-4ed3f5d3397f-1,EDC_BS6_PERIODIC,2025-11-25 21:00:57,2025-11-25 21:01:05,18.9104832,73.3290944,25490,1658,FixOK,A,OaG5CU0303,G133fg5425,"W87H+J2R, Chauk - Karjat - Murbad Rd, Mudre, Karjat, Maharashtra 410201, India",15276.375,17.21,IgnitionOn,1,52.019,67.37,51,-59
8a6b18a7-0ee8-49d9-be59-2b6a0e0b1eb5-1,BRAKE_PRESSED,2025-11-25 21:01:00,2025-11-25 21:02:15,18.910536,73.3292096,37530,1658,FixOK,,OaG5CU0303,G133fg5425,"Shop No. 2 Near Nana Nani Park Opp. Karjat Fire Station, Mudre Khurd, Chauk - Karjat - Murbad Rd, Gurunagar, Karjat, Maharashtra 410201, India",0,16.3,IgnitionOn,1,,,,
d5208731-68ae-49d6-8356-8ba23fe61b01-11,EDC_BS6_PERIODIC,2025-11-25 21:01:03,2025-11-25 21:05:22,18.9105888,73.329344,25491,1658,FixOK,A,OaG5CU0303,G133fg5425,"Shop No 9 Market yad, Dahivali, Karjat, Maharashtra 410201, India",15276.375,24.45,IgnitionOn,1,52.388,67.61,51,-59
d5208731-68ae-49d6-8356-8ba23fe61b01-10,EDC_BS6_PERIODIC,2025-11-25 21:01:09,2025-11-25 21:05:22,18.9106704,73.3295424,25492,1658,FixOK,A,OaG5CU0303,G133fg5425,"Shop No 9 Market yad, Dahivali, Karjat, Maharashtra 410201, India",15276.375,12.73,IgnitionOn,1,52.172,67.25,51,-59
15481341-2881-432f-8784-08bddacf945f-10,BRAKE_PRESSED,2025-11-25 21:01:13,2025-11-25 21:02:06,18.9107424,73.3297216,37531,1658,FixOK,,OaG5CU0303,G133fg5425,"1, Mudre Budruk Rd, opp. Relaince Petrolpump, Mudre, Karjat, Maharashtra 410201, India",0,11.27,IgnitionOn,1,,,,
15481341-2881-432f-8784-08bddacf945f-9,EDC_BS6_PERIODIC,2025-11-25 21:01:15,2025-11-25 21:02:06,18.9107648,73.3297856,25493,1658,FixOK,A,OaG5CU0303,G133fg5425,"1, Mudre Budruk Rd, opp. Relaince Petrolpump, Mudre, Karjat, Maharashtra 410201, India",15276.375,19.01,IgnitionOn,1,51.731,65.58,51,-59
15481341-2881-432f-8784-08bddacf945f-8,BRAKE_PRESSED,2025-11-25 21:01:21,2025-11-25 21:02:06,18.910832,73.3299712,37532,1658,FixOK,,OaG5CU0303,G133fg5425,"1, Mudre Budruk Rd, opp. Relaince Petrolpump, Mudre, Karjat, Maharashtra 410201, India",0,9.89,IgnitionOn,1,,,,
15481341-2881-432f-8784-08bddacf945f-7,EDC_BS6_PERIODIC,2025-11-25 21:01:21,2025-11-25 21:02:06,18.910832,73.3299712,25494,1658,FixOK,A,OaG5CU0303,G133fg5425,"1, Mudre Budruk Rd, opp. Relaince Petrolpump, Mudre, Karjat, Maharashtra 410201, India",15276.5,10.95,IgnitionOn,1,51.618,74.62,50,-59
15481341-2881-432f-8784-08bddacf945f-6,EDC_BS6_PERIODIC,2025-11-25 21:01:27,2025-11-25 21:02:06,18.9108736,73.3300864,25495,1658,FixOK,A,OaG5CU0303,G133fg5425,"1, Mudre Budruk Rd, opp. Relaince Petrolpump, Mudre, Karjat, Maharashtra 410201, India",15276.5,12.24,IgnitionOn,1,51.667,70.04,49,-59
15481341-2881-432f-8784-08bddacf945f-5,EDC_BS6_PERIODIC,2025-11-25 21:01:33,2025-11-25 21:02:06,18.9108928,73.3301888,25496,1658,FixOK,A,OaG5CU0303,G133fg5425,"1, Mudre Budruk Rd, opp. Relaince Petrolpump, Mudre, Karjat, Maharashtra 410201, India",15276.5,6.69,IgnitionOn,1,51.285,77.58,48,-59
15481341-2881-432f-8784-08bddacf945f-4,EDC_BS6_PERIODIC,2025-11-25 21:01:39,2025-11-25 21:02:06,18.9109024,73.3302656,25497,1658,FixOK,A,OaG5CU0303,G133fg5425,"1, Mudre Budruk Rd, opp. Relaince Petrolpump, Mudre, Karjat, Maharashtra 410201, India",15276.5,3.66,IgnitionOn,1,50.966,77.58,49,-59
15481341-2881-432f-8784-08bddacf945f-3,EDC_BS6_PERIODIC,2025-11-25 21:01:45,2025-11-25 21:02:06,18.9109152,73.3303424,25498,1658,FixOK,A,OaG5CU0303,G133fg5425,"1, Mudre Budruk Rd, opp. Relaince Petrolpump, Mudre, Karjat, Maharashtra 410201, India",15276.5,5.75,IgnitionOn,1,51.111,80.04,50,-59
15481341-2881-432f-8784-08bddacf945f-2,EDC_BS6_PERIODIC,2025-11-25 21:01:51,2025-11-25 21:02:06,18.910928,73.3304192,25499,1658,FixOK,A,OaG5CU0303,G133fg5425,"1, Mudre Budruk Rd, opp. Relaince Petrolpump, Mudre, Karjat, Maharashtra 410201, India",15276.5,4.38,IgnitionOn,1,50.342,80.04,51,-59
15481341-2881-432f-8784-08bddacf945f-1,EDC_BS6_PERIODIC,2025-11-25 21:01:57,2025-11-25 21:02:06,18.9109408,73.330464,25500,1658,FixOK,A,OaG5CU0303,G133fg5425,"1, Mudre Budruk Rd, opp. Relaince Petrolpump, Mudre, Karjat, Maharashtra 410201, India",15276.5,4.29,IgnitionOn,1,50.048,80.04,49,-59
d5208731-68ae-49d6-8356-8ba23fe61b01-9,EDC_BS6_PERIODIC,2025-11-25 21:02:03,2025-11-25 21:05:22,18.9109568,73.3305472,25501,1658,FixOK,A,OaG5CU0303,G133fg5425,"Shop No 9 Market yad, Dahivali, Karjat, Maharashtra 410201, India",15276.5,3.66,IgnitionOn,1,49.326,78.48,49,-59
d5208731-68ae-49d6-8356-8ba23fe61b01-8,EDC_BS6_PERIODIC,2025-11-25 21:02:09,2025-11-25 21:05:22,18.9109984,73.33072,25502,1658,FixOK,A,OaG5CU0303,G133fg5425,"Shop No 9 Market yad, Dahivali, Karjat, Maharashtra 410201, India",15276.5,9.41,IgnitionOn,1,49.043,76.55,48,-59
d5208731-68ae-49d6-8356-8ba23fe61b01-7,EXHAUST_BRAKE_ON_START,2025-11-25 21:02:13,2025-11-25 21:05:22,18.9110848,73.3308544,37533,1658,FixOK,,OaG5CU0303,G133fg5425,"Shop No 9 Market yad, Dahivali, Karjat, Maharashtra 410201, India",0,20.88,IgnitionOn,1,,,,
d5208731-68ae-49d6-8356-8ba23fe61b01-6,EXHAUST_BRAKE_ON_END,2025-11-25 21:02:14,2025-11-25 21:05:22,18.9111216,73.3308928,37534,1658,FixOK,,OaG5CU0303,G133fg5425,"Shop No 9 Market yad, Dahivali, Karjat, Maharashtra 410201, India",0,17.41,IgnitionOn,1,,,,
d5208731-68ae-49d6-8356-8ba23fe61b01-5,BRAKE_PRESSED,2025-11-25 21:02:15,2025-11-25 21:05:22,18.9112096,73.330976,37535,1658,FixOK,,OaG5CU0303,G133fg5425,"Shop No 9 Market yad, Dahivali, Karjat, Maharashtra 410201, India",0,10.3,IgnitionOn,1,,,,
d5208731-68ae-49d6-8356-8ba23fe61b01-4,EDC_BS6_PERIODIC,2025-11-25 21:02:15,2025-11-25 21:05:22,18.9112096,73.330976,25503,1658,FixOK,A,OaG5CU0303,G133fg5425,"Shop No 9 Market yad, Dahivali, Karjat, Maharashtra 410201, India",15276.625,21.15,IgnitionOn,1,49.839,47.45,48,-59
a8fa8c14-d972-4777-ab7c-f5fd6b4f8a6d-10,EDC_BS6_PERIODIC,2025-11-25 21:02:21,2025-11-25 21:03:07,18.911344,73.331072,25504,1658,FixOK,A,OaG5CU0303,G133fg5425,"W86H+V63, Chauk - Karjat - Murbad Rd, Aamrai, Karjat, Maharashtra 410201, India",15276.625,13.67,IgnitionOn,1,50.609,34.06,48,-59
a8fa8c14-d972-4777-ab7c-f5fd6b4f8a6d-9,EDC_BS6_PERIODIC,2025-11-25 21:02:27,2025-11-25 21:03:07,18.911408,73.3311104,25505,1658,FixOK,A,OaG5CU0303,G133fg5425,"W86H+V63, Chauk - Karjat - Murbad Rd, Aamrai, Karjat, Maharashtra 410201, India",15276.625,4.75,IgnitionOn,1,51.101,34.13,48,-59
a8fa8c14-d972-4777-ab7c-f5fd6b4f8a6d-8,EDC_BS6_PERIODIC,2025-11-25 21:02:33,2025-11-25 21:03:07,18.9115168,73.3311936,25506,1658,FixOK,A,OaG5CU0303,G133fg5425,"W86H+V63, Chauk - Karjat - Murbad Rd, Aamrai, Karjat, Maharashtra 410201, India",15276.625,8.67,IgnitionOn,1,51.214,41,51,-59
a8fa8c14-d972-4777-ab7c-f5fd6b4f8a6d-7,EDC_BS6_PERIODIC,2025-11-25 21:02:39,2025-11-25 21:03:07,18.9116608,73.3313024,25507,1658,FixOK,A,OaG5CU0303,G133fg5425,"W86H+V63, Chauk - Karjat - Murbad Rd, Aamrai, Karjat, Maharashtra 410201, India",15276.625,12.59,IgnitionOn,1,50.25,36.04,51,-59
a8fa8c14-d972-4777-ab7c-f5fd6b4f8a6d-6,EXHAUST_BRAKE_ON_START,2025-11-25 21:02:44,2025-11-25 21:03:07,18.9118272,73.3314304,37536,1658,FixOK,,OaG5CU0303,G133fg5425,"W86H+V63, Chauk - Karjat - Murbad Rd, Aamrai, Karjat, Maharashtra 410201, India",0,21.85,IgnitionOn,1,,,,
a8fa8c14-d972-4777-ab7c-f5fd6b4f8a6d-5,EDC_BS6_PERIODIC,2025-11-25 21:02:45,2025-11-25 21:03:07,18.9119136,73.331488,25508,1658,FixOK,A,OaG5CU0303,G133fg5425,"W86H+V63, Chauk - Karjat - Murbad Rd, Aamrai, Karjat, Maharashtra 410201, India",15276.625,20.68,IgnitionOn,1,49.929,34.86,50,-59
a8fa8c14-d972-4777-ab7c-f5fd6b4f8a6d-3,BRAKE_PRESSED,2025-11-25 21:02:46,2025-11-25 21:03:07,18.9119552,73.33152,37538,1658,FixOK,,OaG5CU0303,G133fg5425,"W86H+V63, Chauk - Karjat - Murbad Rd, Aamrai, Karjat, Maharashtra 410201, India",0,17.41,IgnitionOn,1,,,,
a8fa8c14-d972-4777-ab7c-f5fd6b4f8a6d-4,EXHAUST_BRAKE_ON_END,2025-11-25 21:02:46,2025-11-25 21:03:07,18.9119136,73.331488,37537,1658,FixOK,,OaG5CU0303,G133fg5425,"W86H+V63, Chauk - Karjat - Murbad Rd, Aamrai, Karjat, Maharashtra 410201, India",0,18.7,IgnitionOn,1,,,,
a8fa8c14-d972-4777-ab7c-f5fd6b4f8a6d-2,EDC_BS6_PERIODIC,2025-11-25 21:02:51,2025-11-25 21:03:07,18.9121408,73.33168,25509,1658,FixOK,A,OaG5CU0303,G133fg5425,"W86H+V63, Chauk - Karjat - Murbad Rd, Aamrai, Karjat, Maharashtra 410201, India",15276.75,21.39,IgnitionOn,1,47.902,37.75,49,-59
a8fa8c14-d972-4777-ab7c-f5fd6b4f8a6d-1,EDC_BS6_PERIODIC,2025-11-25 21:02:57,2025-11-25 21:03:07,18.912304,73.3318016,25510,1658,FixOK,A,OaG5CU0303,G133fg5425,"W86H+V63, Chauk - Karjat - Murbad Rd, Aamrai, Karjat, Maharashtra 410201, India",15276.75,11.06,IgnitionOn,1,47.396,34.88,48,-67
d5208731-68ae-49d6-8356-8ba23fe61b01-3,EDC_BS6_PERIODIC,2025-11-25 21:03:03,2025-11-25 21:05:22,18.9125792,73.3320192,25511,1658,FixOK,A,OaG5CU0303,G133fg5425,"Shop No 9 Market yad, Dahivali, Karjat, Maharashtra 410201, India",15276.75,22.41,IgnitionOn,1,47.583,37.97,52,-67
d88cf75a-e7ae-4b09-ba72-b397fe592365-10,EDC_BS6_PERIODIC,2025-11-25 21:03:09,2025-11-25 21:04:09,18.9128656,73.3322624,25512,1658,FixOK,A,OaG5CU0303,G133fg5425,"W86H+V63, Chauk - Karjat - Murbad Rd, Aamrai, Karjat, Maharashtra 410201, India",15276.75,25.99,IgnitionOn,1,47.418,42.38,52,-67
d88cf75a-e7ae-4b09-ba72-b397fe592365-9,EDC_BS6_PERIODIC,2025-11-25 21:03:15,2025-11-25 21:04:09,18.9131712,73.332608,25513,1658,FixOK,A,OaG5CU0303,G133fg5425,"W86H+V63, Chauk - Karjat - Murbad Rd, Aamrai, Karjat, Maharashtra 410201, India",15276.875,29.96,IgnitionOn,1,44.84,45.68,50,-67
d88cf75a-e7ae-4b09-ba72-b397fe592365-8,EDC_BS6_PERIODIC,2025-11-25 21:03:21,2025-11-25 21:04:09,18.9135328,73.3329664,25514,1658,FixOK,A,OaG5CU0303,G133fg5425,"W86H+V63, Chauk - Karjat - Murbad Rd, Aamrai, Karjat, Maharashtra 410201, India",15276.875,33.74,IgnitionOn,1,45.049,45.97,51,-67
d88cf75a-e7ae-4b09-ba72-b397fe592365-7,EDC_BS6_PERIODIC,2025-11-25 21:03:27,2025-11-25 21:04:09,18.914,73.3331456,25515,1658,FixOK,A,OaG5CU0303,G133fg5425,"W86H+V63, Chauk - Karjat - Murbad Rd, Aamrai, Karjat, Maharashtra 410201, India",15277,33.85,IgnitionOn,1,45.715,11.82,50,-67
d88cf75a-e7ae-4b09-ba72-b397fe592365-6,EDC_BS6_PERIODIC,2025-11-25 21:03:33,2025-11-25 21:04:09,18.914416,73.3332416,25516,1658,FixOK,A,OaG5CU0303,G133fg5425,"W86H+V63, Chauk - Karjat - Murbad Rd, Aamrai, Karjat, Maharashtra 410201, India",15277,27.71,IgnitionOn,1,46.506,13.93,51,-67
d88cf75a-e7ae-4b09-ba72-b397fe592365-5,EDC_BS6_PERIODIC,2025-11-25 21:03:39,2025-11-25 21:04:09,18.9147936,73.3333376,25517,1658,FixOK,A,OaG5CU0303,G133fg5425,"W86H+V63, Chauk - Karjat - Murbad Rd, Aamrai, Karjat, Maharashtra 410201, India",15277.125,25.93,IgnitionOn,1,47.955,11.14,50,-67
d88cf75a-e7ae-4b09-ba72-b397fe592365-4,BRAKE_PRESSED,2025-11-25 21:03:42,2025-11-25 21:04:09,18.91496,73.3333696,37539,1658,FixOK,,OaG5CU0303,G133fg5425,"W86H+V63, Chauk - Karjat - Murbad Rd, Aamrai, Karjat, Maharashtra 410201, India",0,11.23,IgnitionOn,1,,,,
d88cf75a-e7ae-4b09-ba72-b397fe592365-3,EDC_BS6_PERIODIC,2025-11-25 21:03:45,2025-11-25 21:04:09,18.9151024,73.3333824,25518,1658,FixOK,A,OaG5CU0303,G133fg5425,"W86H+V63, Chauk - Karjat - Murbad Rd, Aamrai, Karjat, Maharashtra 410201, India",15277.125,20.41,IgnitionOn,1,48.855,7.65,50,-67
d88cf75a-e7ae-4b09-ba72-b397fe592365-2,EDC_BS6_PERIODIC,2025-11-25 21:03:51,2025-11-25 21:04:09,18.9152704,73.333408,25519,1658,FixOK,A,OaG5CU0303,G133fg5425,"W86H+V63, Chauk - Karjat - Murbad Rd, Aamrai, Karjat, Maharashtra 410201, India",15277.125,8.52,IgnitionOn,1,49.554,8.06,52,-67
d88cf75a-e7ae-4b09-ba72-b397fe592365-1,EDC_BS6_PERIODIC,2025-11-25 21:03:57,2025-11-25 21:04:09,18.9155696,73.333472,25520,1658,FixOK,A,OaG5CU0303,G133fg5425,"W86H+V63, Chauk - Karjat - Murbad Rd, Aamrai, Karjat, Maharashtra 410201, India",15277.125,19.62,IgnitionOn,1,49.492,8.84,51,-67
d5208731-68ae-49d6-8356-8ba23fe61b01-2,EDC_BS6_PERIODIC,2025-11-25 21:04:03,2025-11-25 21:05:22,18.9160032,73.333568,25521,1658,FixOK,A,OaG5CU0303,G133fg5425,"Shop No 9 Market yad, Dahivali, Karjat, Maharashtra 410201, India",15277.25,29.44,IgnitionOn,1,48.265,11.98,51,-67
d5208731-68ae-49d6-8356-8ba23fe61b01-1,EDC_BS6_PERIODIC,2025-11-25 21:04:09,2025-11-25 21:05:22,18.916432,73.3336704,25522,1658,FixOK,A,OaG5CU0303,G133fg5425,"Shop No 9 Market yad, Dahivali, Karjat, Maharashtra 410201, India",15277.25,35.83,IgnitionOn,1,47.881,14.57,49,-67
d5daf982-7b73-41ce-8dc0-f1bb710ba22a-13,BRAKE_PRESSED,2025-11-25 21:04:15,2025-11-25 21:10:32,18.91696,73.3338752,37540,1658,FixOK,,OaG5CU0303,G133fg5425,"Lakharan, ladiwali Village, Karjat, Maharashtra 410201, India",0,30.89,IgnitionOn,1,,,,
d5daf982-7b73-41ce-8dc0-f1bb710ba22a-12,EDC_BS6_PERIODIC,2025-11-25 21:04:15,2025-11-25 21:10:32,18.91696,73.3338752,25523,1658,FixOK,A,OaG5CU0303,G133fg5425,"Lakharan, ladiwali Village, Karjat, Maharashtra 410201, India",15277.375,38.48,IgnitionOn,1,47.53,19.59,50,-67
bb17e55d-bb4f-448f-b8b2-fdeb5cea5bdb-10-1,HARSH_BREAKING_END,2025-11-25 21:04:17,2025-11-25 21:05:10,18.9171344,73.3339456,37541,1658,FixOK,,OaG5CU0303,G133fg5425,"Shop No 9 Market yad, Dahivali, Karjat, Maharashtra 410201, India",0,16.12,IgnitionOn,1,,,,
bb17e55d-bb4f-448f-b8b2-fdeb5cea5bdb-10,HARSH_BREAKING_START,2025-11-25 21:04:17,2025-11-25 21:05:10,18.9171344,73.3339456,37541,1658,FixOK,,OaG5CU0303,G133fg5425,"Shop No 9 Market yad, Dahivali, Karjat, Maharashtra 410201, India",0,16.12,IgnitionOn,1,,,,
bb17e55d-bb4f-448f-b8b2-fdeb5cea5bdb-9-1,HARSH_BREAKING_END,2025-11-25 21:04:19,2025-11-25 21:05:10,18.917304,73.3340096,37542,1658,FixOK,,OaG5CU0303,G133fg5425,"Shop No 9 Market yad, Dahivali, Karjat, Maharashtra 410201, India",0,9.02,IgnitionOn,1,,,,
bb17e55d-bb4f-448f-b8b2-fdeb5cea5bdb-9,HARSH_BREAKING_START,2025-11-25 21:04:19,2025-11-25 21:05:10,18.917304,73.3340096,37542,1658,FixOK,,OaG5CU0303,G133fg5425,"Shop No 9 Market yad, Dahivali, Karjat, Maharashtra 410201, India",0,9.02,IgnitionOn,1,,,,
bb17e55d-bb4f-448f-b8b2-fdeb5cea5bdb-8,EDC_BS6_PERIODIC,2025-11-25 21:04:21,2025-11-25 21:05:10,18.9174368,73.3340544,25524,1658,FixOK,A,OaG5CU0303,G133fg5425,"Shop No 9 Market yad, Dahivali, Karjat, Maharashtra 410201, India",15277.375,34.89,IgnitionOn,1,47.495,22.27,49,-67
bb17e55d-bb4f-448f-b8b2-fdeb5cea5bdb-7,EDC_BS6_PERIODIC,2025-11-25 21:04:27,2025-11-25 21:05:10,18.9175984,73.3341184,25525,1658,FixOK,A,OaG5CU0303,G133fg5425,"Shop No 9 Market yad, Dahivali, Karjat, Maharashtra 410201, India",15277.375,8.65,IgnitionOn,1,48.221,20.98,47,-67
bb17e55d-bb4f-448f-b8b2-fdeb5cea5bdb-6,GPS_MESSAGE,2025-11-25 21:04:32,2025-11-25 21:05:10,18.9177792,73.3341952,,1658,3DFix,,OaG5CU0303,G133fg5425,"Shop No 9 Market yad, Dahivali, Karjat, Maharashtra 410201, India",0,,IgnitionOn,1,48,1,48,
bb17e55d-bb4f-448f-b8b2-fdeb5cea5bdb-5,EDC_BS6_PERIODIC,2025-11-25 21:04:33,2025-11-25 21:05:10,18.9178256,73.334208,25526,1658,FixOK,A,OaG5CU0303,G133fg5425,"Shop No 9 Market yad, Dahivali, Karjat, Maharashtra 410201, India",15277.5,17.13,IgnitionOn,1,48.98,19.7,48,-67
bb17e55d-bb4f-448f-b8b2-fdeb5cea5bdb-4,EDC_BS6_PERIODIC,2025-11-25 21:04:39,2025-11-25 21:05:10,18.9181568,73.3343488,25527,1658,FixOK,A,OaG5CU0303,G133fg5425,"Shop No 9 Market yad, Dahivali, Karjat, Maharashtra 410201, India",15277.5,25.84,IgnitionOn,1,47.686,19.63,45,-67
bb17e55d-bb4f-448f-b8b2-fdeb5cea5bdb-3,EDC_BS6_PERIODIC,2025-11-25 21:04:45,2025-11-25 21:05:10,18.918552,73.334528,25528,1658,FixOK,A,OaG5CU0303,G133fg5425,"Shop No 9 Market yad, Dahivali, Karjat, Maharashtra 410201, India",15277.5,28.81,IgnitionOn,1,45.715,24.54,48,-67
bb17e55d-bb4f-448f-b8b2-fdeb5cea5bdb-2,EDC_BS6_PERIODIC,2025-11-25 21:04:51,2025-11-25 21:05:10,18.9189936,73.3347584,25529,1658,FixOK,A,OaG5CU0303,G133fg5425,"Shop No 9 Market yad, Dahivali, Karjat, Maharashtra 410201, India",15277.625,32.8,IgnitionOn,1,44.776,26.06,50,-67
bb17e55d-bb4f-448f-b8b2-fdeb5cea5bdb-1,EDC_BS6_PERIODIC,2025-11-25 21:04:57,2025-11-25 21:05:10,18.919424,73.3349888,25530,1658,FixOK,A,OaG5CU0303,G133fg5425,"Shop No 9 Market yad, Dahivali, Karjat, Maharashtra 410201, India",15277.625,32.45,IgnitionOn,1,45.015,28.21,48,-67
d5daf982-7b73-41ce-8dc0-f1bb710ba22a-11,EDC_BS6_PERIODIC,2025-11-25 21:05:03,2025-11-25 21:10:32,18.9198368,73.3352192,25531,1658,FixOK,A,OaG5CU0303,G133fg5425,"Lakharan, ladiwali Village, Karjat, Maharashtra 410201, India",15277.75,30.74,IgnitionOn,1,44.803,26.93,47,-67
d5daf982-7b73-41ce-8dc0-f1bb710ba22a-10,EDC_BS6_PERIODIC,2025-11-25 21:05:09,2025-11-25 21:10:32,18.920536,73.3355904,25532,1658,FixOK,A,OaG5CU0303,G133fg5425,"Lakharan, ladiwali Village, Karjat, Maharashtra 410201, India",15277.75,30.16,IgnitionOn,1,44.687,26.06,47,-67
d5daf982-7b73-41ce-8dc0-f1bb710ba22a-9,EDC_BS6_PERIODIC,2025-11-25 21:05:15,2025-11-25 21:10:32,18.920976,73.33584,25533,1658,FixOK,A,OaG5CU0303,G133fg5425,"Lakharan, ladiwali Village, Karjat, Maharashtra 410201, India",15277.875,33.25,IgnitionOn,1,45.226,28.47,47,-67
eae92c60-7669-4447-8004-81b73e6654ef-10,BRAKE_PRESSED,2025-11-25 21:05:21,2025-11-25 21:06:10,18.921328,73.336128,37543,1658,FixOK,,OaG5CU0303,G133fg5425,"At post koshane, W87M+G47, Dahivali, Karjat, Maharashtra 410201, India",0,17.38,IgnitionOn,1,,,,
eae92c60-7669-4447-8004-81b73e6654ef-9,EDC_BS6_PERIODIC,2025-11-25 21:05:21,2025-11-25 21:06:10,18.921328,73.336128,25534,1658,FixOK,A,OaG5CU0303,G133fg5425,"At post koshane, W87M+G47, Dahivali, Karjat, Maharashtra 410201, India",15277.875,32.62,IgnitionOn,1,45.917,38.93,48,-67
eae92c60-7669-4447-8004-81b73e6654ef-8-1,HARSH_BREAKING_END,2025-11-25 21:05:23,2025-11-25 21:06:10,18.921384,73.336192,37544,1658,FixOK,,OaG5CU0303,G133fg5425,"At post koshane, W87M+G47, Dahivali, Karjat, Maharashtra 410201, India",0,8.27,IgnitionOn,1,,,,
eae92c60-7669-4447-8004-81b73e6654ef-8,HARSH_BREAKING_START,2025-11-25 21:05:23,2025-11-25 21:06:10,18.921384,73.336192,37544,1658,FixOK,,OaG5CU0303,G133fg5425,"At post koshane, W87M+G47, Dahivali, Karjat, Maharashtra 410201, India",0,8.27,IgnitionOn,1,,,,
eae92c60-7669-4447-8004-81b73e6654ef-7,EDC_BS6_PERIODIC,2025-11-25 21:05:27,2025-11-25 21:06:10,18.9214432,73.3362496,25535,1658,FixOK,A,OaG5CU0303,G133fg5425,"At post koshane, W87M+G47, Dahivali, Karjat, Maharashtra 410201, India",15277.875,24.03,IgnitionOn,1,46.812,38.7,49,-67
eae92c60-7669-4447-8004-81b73e6654ef-6,EDC_BS6_PERIODIC,2025-11-25 21:05:33,2025-11-25 21:06:10,18.9216016,73.3363968,25536,1658,FixOK,A,OaG5CU0303,G133fg5425,"At post koshane, W87M+G47, Dahivali, Karjat, Maharashtra 410201, India",15278,9.82,IgnitionOn,1,47.709,44.33,49,-67
eae92c60-7669-4447-8004-81b73e6654ef-5,EDC_BS6_PERIODIC,2025-11-25 21:05:39,2025-11-25 21:06:10,18.921808,73.3366272,25537,1658,FixOK,A,OaG5CU0303,G133fg5425,"At post koshane, W87M+G47, Dahivali, Karjat, Maharashtra 410201, India",15278,17.42,IgnitionOn,1,48.43,44.72,50,-67
eae92c60-7669-4447-8004-81b73e6654ef-4,EDC_BS6_PERIODIC,2025-11-25 21:05:45,2025-11-25 21:06:10,18.9220704,73.336896,25538,1658,FixOK,A,OaG5CU0303,G133fg5425,"At post koshane, W87M+G47, Dahivali, Karjat, Maharashtra 410201, India",15278,22.27,IgnitionOn,1,47.873,43.9,49,-67
eae92c60-7669-4447-8004-81b73e6654ef-3,EDC_BS6_PERIODIC,2025-11-25 21:05:51,2025-11-25 21:06:10,18.9223264,73.3371648,25539,1658,FixOK,A,OaG5CU0303,G133fg5425,"At post koshane, W87M+G47, Dahivali, Karjat, Maharashtra 410201, India",15278,27.14,IgnitionOn,1,49.924,44.9,49,-67
eae92c60-7669-4447-8004-81b73e6654ef-2,BRAKE_PRESSED,2025-11-25 21:05:56,2025-11-25 21:06:10,18.9226208,73.3374336,37545,1658,FixOK,,OaG5CU0303,G133fg5425,"At post koshane, W87M+G47, Dahivali, Karjat, Maharashtra 410201, India",0,19.53,IgnitionOn,1,,,,
eae92c60-7669-4447-8004-81b73e6654ef-1,EDC_BS6_PERIODIC,2025-11-25 21:05:57,2025-11-25 21:06:10,18.9226736,73.337472,25540,1658,FixOK,A,OaG5CU0303,G133fg5425,"At post koshane, W87M+G47, Dahivali, Karjat, Maharashtra 410201, India",15278.125,30.73,IgnitionOn,1,50.981,39.75,48,-67
d5daf982-7b73-41ce-8dc0-f1bb710ba22a-8,EDC_BS6_PERIODIC,2025-11-25 21:06:03,2025-11-25 21:10:32,18.922824,73.3375744,25541,1658,FixOK,A,OaG5CU0303,G133fg5425,"Lakharan, ladiwali Village, Karjat, Maharashtra 410201, India",15278.125,18.96,IgnitionOn,1,50.991,33.4,48,-67
d5daf982-7b73-41ce-8dc0-f1bb710ba22a-7,EDC_BS6_PERIODIC,2025-11-25 21:06:09,2025-11-25 21:10:32,18.9230272,73.3376768,25542,1658,FixOK,A,OaG5CU0303,G133fg5425,"Lakharan, ladiwali Village, Karjat, Maharashtra 410201, India",15278.125,10.79,IgnitionOn,1,49.875,25.12,48,-67
a5a5846d-0664-4f0e-b89e-b4a19ff38a44-10,EDC_BS6_PERIODIC,2025-11-25 21:06:15,2025-11-25 21:07:12,18.9233792,73.3378304,25543,1658,FixOK,A,OaG5CU0303,G133fg5425,"Lakran Karjat, Shop No 1, Karjat, Maharashtra 410201, India",15278.25,20.99,IgnitionOn,1,48.415,22.86,48,-67
a5a5846d-0664-4f0e-b89e-b4a19ff38a44-9,BRAKE_PRESSED,2025-11-25 21:06:16,2025-11-25 21:07:12,18.9234528,73.3378624,37546,1658,FixOK,,OaG5CU0303,G133fg5425,"Lakran Karjat, Shop No 1, Karjat, Maharashtra 410201, India",0,23.58,IgnitionOn,1,,,,
a5a5846d-0664-4f0e-b89e-b4a19ff38a44-8,EDC_BS6_PERIODIC,2025-11-25 21:06:21,2025-11-25 21:07:12,18.92372,73.337984,25544,1658,FixOK,A,OaG5CU0303,G133fg5425,"Lakran Karjat, Shop No 1, Karjat, Maharashtra 410201, India",15278.25,31.21,IgnitionOn,1,48.074,23.96,49,-67
a5a5846d-0664-4f0e-b89e-b4a19ff38a44-7,EDC_BS6_PERIODIC,2025-11-25 21:06:27,2025-11-25 21:07:12,18.9240448,73.338144,25545,1658,FixOK,A,OaG5CU0303,G133fg5425,"Lakran Karjat, Shop No 1, Karjat, Maharashtra 410201, India",15278.25,21.22,IgnitionOn,1,47.71,24.2,47,-67
a5a5846d-0664-4f0e-b89e-b4a19ff38a44-6,EDC_BS6_PERIODIC,2025-11-25 21:06:33,2025-11-25 21:07:12,18.9244336,73.3383296,25546,1658,FixOK,A,OaG5CU0303,G133fg5425,"Lakran Karjat, Shop No 1, Karjat, Maharashtra 410201, India",15278.375,27.22,IgnitionOn,1,47.98,24.64,47,-67
a5a5846d-0664-4f0e-b89e-b4a19ff38a44-5,EDC_BS6_PERIODIC,2025-11-25 21:06:39,2025-11-25 21:07:12,18.924856,73.338528,25547,1658,FixOK,A,OaG5CU0303,G133fg5425,"Lakran Karjat, Shop No 1, Karjat, Maharashtra 410201, India",15278.375,29.52,IgnitionOn,1,47.895,24.59,49,-67
a5a5846d-0664-4f0e-b89e-b4a19ff38a44-4,EDC_BS6_PERIODIC,2025-11-25 21:06:45,2025-11-25 21:07:12,18.9253536,73.3387584,25548,1658,FixOK,A,OaG5CU0303,G133fg5425,"Lakran Karjat, Shop No 1, Karjat, Maharashtra 410201, India",15278.375,34.55,IgnitionOn,1,47.554,24.37,49,-67
a5a5846d-0664-4f0e-b89e-b4a19ff38a44-3,EDC_BS6_PERIODIC,2025-11-25 21:06:51,2025-11-25 21:07:12,18.9258816,73.3390144,25549,1658,FixOK,A,OaG5CU0303,G133fg5425,"Lakran Karjat, Shop No 1, Karjat, Maharashtra 410201, India",15278.5,38.73,IgnitionOn,1,47.081,25.01,47,-67
a5a5846d-0664-4f0e-b89e-b4a19ff38a44-2,EDC_BS6_PERIODIC,2025-11-25 21:06:57,2025-11-25 21:07:12,18.926432,73.339264,25550,1658,FixOK,A,OaG5CU0303,G133fg5425,"Lakran Karjat, Shop No 1, Karjat, Maharashtra 410201, India",15278.625,38.42,IgnitionOn,1,46.598,23.3,47,-67
a5a5846d-0664-4f0e-b89e-b4a19ff38a44-1,EDC_BS6_PERIODIC,2025-11-25 21:07:03,2025-11-25 21:07:12,18.9269792,73.3395264,25551,1658,FixOK,A,OaG5CU0303,G133fg5425,"Lakran Karjat, Shop No 1, Karjat, Maharashtra 410201, India",15278.625,40.81,IgnitionOn,1,45.698,24.36,49,-67
d5daf982-7b73-41ce-8dc0-f1bb710ba22a-6,EDC_BS6_PERIODIC,2025-11-25 21:07:09,2025-11-25 21:10:32,18.9275552,73.3397888,25552,1658,FixOK,A,OaG5CU0303,G133fg5425,"Lakharan, ladiwali Village, Karjat, Maharashtra 410201, India",15278.75,40.7,IgnitionOn,1,46.125,24.2,48,-67
d5daf982-7b73-41ce-8dc0-f1bb710ba22a-5,EDC_BS6_PERIODIC,2025-11-25 21:07:15,2025-11-25 21:10:32,18.928136,73.3400704,25553,1658,FixOK,A,OaG5CU0303,G133fg5425,"Lakharan, ladiwali Village, Karjat, Maharashtra 410201, India",15278.75,42.8,IgnitionOn,1,45.859,24.38,48,-67
d5daf982-7b73-41ce-8dc0-f1bb710ba22a-4,BRAKE_PRESSED,2025-11-25 21:07:20,2025-11-25 21:10:32,18.928624,73.34032,37547,1658,FixOK,,OaG5CU0303,G133fg5425,"Lakharan, ladiwali Village, Karjat, Maharashtra 410201, India",0,39.08,IgnitionOn,1,,,,
d5daf982-7b73-41ce-8dc0-f1bb710ba22a-3,EDC_BS6_PERIODIC,2025-11-25 21:07:21,2025-11-25 21:10:32,18.92872,73.3403648,25554,1658,FixOK,A,OaG5CU0303,G133fg5425,"Lakharan, ladiwali Village, Karjat, Maharashtra 410201, India",15278.875,43.19,IgnitionOn,1,46.007,25.48,49,-67
9389ff7e-ad48-43e0-8a4d-4adf9b22f531-10,BRAKE_PRESSED,2025-11-25 21:07:27,2025-11-25 21:08:12,18.929112,73.340576,37548,1658,FixOK,,OaG5CU0303,G133fg5425,"HP PETROL PUMP GAGAN GIRI SERVICE CENTER, Dahivali, Karjat, Maharashtra 410201, India",0,30.16,IgnitionOn,1,,,,
9389ff7e-ad48-43e0-8a4d-4adf9b22f531-9,EDC_BS6_PERIODIC,2025-11-25 21:07:27,2025-11-25 21:08:12,18.929112,73.340576,25555,1658,FixOK,A,OaG5CU0303,G133fg5425,"HP PETROL PUMP GAGAN GIRI SERVICE CENTER, Dahivali, Karjat, Maharashtra 410201, India",15278.875,38.37,IgnitionOn,1,46.223,26.5,50,-67
9389ff7e-ad48-43e0-8a4d-4adf9b22f531-8,EDC_BS6_PERIODIC,2025-11-25 21:07:33,2025-11-25 21:08:12,18.929432,73.340896,25556,1658,FixOK,A,OaG5CU0303,G133fg5425,"HP PETROL PUMP GAGAN GIRI SERVICE CENTER, Dahivali, Karjat, Maharashtra 410201, India",15279,32.31,IgnitionOn,1,46.045,40.16,52,-67
9389ff7e-ad48-43e0-8a4d-4adf9b22f531-7,EDC_BS6_PERIODIC,2025-11-25 21:07:39,2025-11-25 21:08:12,18.929696,73.3411968,25557,1658,FixOK,A,OaG5CU0303,G133fg5425,"HP PETROL PUMP GAGAN GIRI SERVICE CENTER, Dahivali, Karjat, Maharashtra 410201, India",15279,26.76,IgnitionOn,1,45.946,48.99,49,-67
9389ff7e-ad48-43e0-8a4d-4adf9b22f531-6,EDC_BS6_PERIODIC,2025-11-25 21:07:45,2025-11-25 21:08:12,18.9299824,73.3415808,25558,1658,FixOK,A,OaG5CU0303,G133fg5425,"HP PETROL PUMP GAGAN GIRI SERVICE CENTER, Dahivali, Karjat, Maharashtra 410201, India",15279.125,30.12,IgnitionOn,1,46.294,52.97,50,-67
9389ff7e-ad48-43e0-8a4d-4adf9b22f531-5,BRAKE_PRESSED,2025-11-25 21:07:46,2025-11-25 21:08:12,18.930032,73.3416448,37549,1658,FixOK,,OaG5CU0303,G133fg5425,"HP PETROL PUMP GAGAN GIRI SERVICE CENTER, Dahivali, Karjat, Maharashtra 410201, India",0,25.81,IgnitionOn,1,,,,
9389ff7e-ad48-43e0-8a4d-4adf9b22f531-4-1,HARSH_BREAKING_END,2025-11-25 21:07:49,2025-11-25 21:08:12,18.930168,73.3418496,37550,1658,FixOK,,OaG5CU0303,G133fg5425,"HP PETROL PUMP GAGAN GIRI SERVICE CENTER, Dahivali, Karjat, Maharashtra 410201, India",0,8.74,IgnitionOn,1,,,,
9389ff7e-ad48-43e0-8a4d-4adf9b22f531-4,HARSH_BREAKING_START,2025-11-25 21:07:49,2025-11-25 21:08:12,18.930168,73.3418496,37550,1658,FixOK,,OaG5CU0303,G133fg5425,"HP PETROL PUMP GAGAN GIRI SERVICE CENTER, Dahivali, Karjat, Maharashtra 410201, India",0,8.74,IgnitionOn,1,,,,
9389ff7e-ad48-43e0-8a4d-4adf9b22f531-3,EDC_BS6_PERIODIC,2025-11-25 21:07:51,2025-11-25 21:08:12,18.9302224,73.3419136,25559,1658,FixOK,A,OaG5CU0303,G133fg5425,"HP PETROL PUMP GAGAN GIRI SERVICE CENTER, Dahivali, Karjat, Maharashtra 410201, India",15279.125,33.16,IgnitionOn,1,46.811,53.38,51,-67
9389ff7e-ad48-43e0-8a4d-4adf9b22f531-2,EDC_BS6_PERIODIC,2025-11-25 21:07:57,2025-11-25 21:08:12,18.930296,73.3420224,25560,1658,FixOK,A,OaG5CU0303,G133fg5425,"HP PETROL PUMP GAGAN GIRI SERVICE CENTER, Dahivali, Karjat, Maharashtra 410201, India",15279.125,7.47,IgnitionOn,1,46.041,56.88,50,-67
9389ff7e-ad48-43e0-8a4d-4adf9b22f531-1,EDC_BS6_PERIODIC,2025-11-25 21:08:03,2025-11-25 21:08:12,18.9304416,73.34224,25561,1658,FixOK,A,OaG5CU0303,G133fg5425,"HP PETROL PUMP GAGAN GIRI SERVICE CENTER, Dahivali, Karjat, Maharashtra 410201, India",15279.125,15.33,IgnitionOn,1,45.382,56.38,51,-67
d5daf982-7b73-41ce-8dc0-f1bb710ba22a-2,EDC_BS6_PERIODIC,2025-11-25 21:08:09,2025-11-25 21:10:32,18.9306432,73.3425152,25562,1658,FixOK,A,OaG5CU0303,G133fg5425,"Lakharan, ladiwali Village, Karjat, Maharashtra 410201, India",15279.25,22.34,IgnitionOn,1,45.404,53,51,-67
adc708db-ab8a-4bc0-983e-7de1d8d688ae-10,EDC_BS6_PERIODIC,2025-11-25 21:08:15,2025-11-25 21:09:14,18.9308768,73.3428224,25563,1658,FixOK,A,OaG5CU0303,G133fg5425,"Lakharan, ladiwali Village, Karjat, Maharashtra 410201, India",15279.25,24.59,IgnitionOn,1,46.081,52.08,51,-67
adc708db-ab8a-4bc0-983e-7de1d8d688ae-9,EDC_BS6_PERIODIC,2025-11-25 21:08:21,2025-11-25 21:09:14,18.9311552,73.3431552,25564,1658,FixOK,A,OaG5CU0303,G133fg5425,"Lakharan, ladiwali Village, Karjat, Maharashtra 410201, India",15279.25,27.26,IgnitionOn,1,46.654,47.38,51,-67
adc708db-ab8a-4bc0-983e-7de1d8d688ae-8,EDC_BS6_PERIODIC,2025-11-25 21:08:27,2025-11-25 21:09:14,18.931512,73.3434496,25565,1658,FixOK,A,OaG5CU0303,G133fg5425,"Lakharan, ladiwali Village, Karjat, Maharashtra 410201, India",15279.375,29.77,IgnitionOn,1,47.409,37.81,52,-67
adc708db-ab8a-4bc0-983e-7de1d8d688ae-7,BRAKE_PRESSED,2025-11-25 21:08:32,2025-11-25 21:09:14,18.9317888,73.343648,37551,1658,FixOK,,OaG5CU0303,G133fg5425,"Lakharan, ladiwali Village, Karjat, Maharashtra 410201, India",0,15.31,IgnitionOn,1,,,,
adc708db-ab8a-4bc0-983e-7de1d8d688ae-6,EDC_BS6_PERIODIC,2025-11-25 21:08:33,2025-11-25 21:09:14,18.9318368,73.3436928,25566,1658,FixOK,A,OaG5CU0303,G133fg5425,"Lakharan, ladiwali Village, Karjat, Maharashtra 410201, India",15279.375,27.79,IgnitionOn,1,48.43,35.29,49,-67
adc708db-ab8a-4bc0-983e-7de1d8d688ae-5,EDC_BS6_PERIODIC,2025-11-25 21:08:39,2025-11-25 21:09:14,18.9319808,73.3438016,25567,1658,FixOK,A,OaG5CU0303,G133fg5425,"Lakharan, ladiwali Village, Karjat, Maharashtra 410201, India",15279.5,14.92,IgnitionOn,1,48.369,31.4,48,-67
adc708db-ab8a-4bc0-983e-7de1d8d688ae-4,EDC_BS6_PERIODIC,2025-11-25 21:08:45,2025-11-25 21:09:14,18.9321408,73.3439232,25568,1658,FixOK,A,OaG5CU0303,G133fg5425,"Lakharan, ladiwali Village, Karjat, Maharashtra 410201, India",15279.5,10.85,IgnitionOn,1,48.727,35.43,50,-67
adc708db-ab8a-4bc0-983e-7de1d8d688ae-3,EDC_BS6_PERIODIC,2025-11-25 21:08:51,2025-11-25 21:09:14,18.9322592,73.3440256,25569,1658,FixOK,A,OaG5CU0303,G133fg5425,"Lakharan, ladiwali Village, Karjat, Maharashtra 410201, India",15279.5,12.88,IgnitionOn,1,49.465,38.29,51,-67
adc708db-ab8a-4bc0-983e-7de1d8d688ae-2,EDC_BS6_PERIODIC,2025-11-25 21:08:57,2025-11-25 21:09:14,18.9324192,73.3441408,25570,1658,FixOK,A,OaG5CU0303,G133fg5425,"Lakharan, ladiwali Village, Karjat, Maharashtra 410201, India",15279.5,10.72,IgnitionOn,1,49.006,36.56,51,-55
adc708db-ab8a-4bc0-983e-7de1d8d688ae-1,EDC_BS6_PERIODIC,2025-11-25 21:09:03,2025-11-25 21:09:14,18.9326272,73.3443072,25571,1658,FixOK,A,OaG5CU0303,G133fg5425,"Lakharan, ladiwali Village, Karjat, Maharashtra 410201, India",15279.5,19.65,IgnitionOn,1,48.986,36.25,50,-55
d5daf982-7b73-41ce-8dc0-f1bb710ba22a-1,BRAKE_PRESSED,2025-11-25 21:09:08,2025-11-25 21:10:32,18.932872,73.3444864,37552,1658,FixOK,,OaG5CU0303,G133fg5425,"Lakharan, ladiwali Village, Karjat, Maharashtra 410201, India",0,10.7,IgnitionOn,1,,,,
4f5a8ee6-1b26-4ee8-9f7f-abd969d062f1-2,EDC_BS6_PERIODIC,2025-11-25 21:09:09,2025-11-25 21:13:59,18.9329184,73.3445184,25572,1658,FixOK,A,OaG5CU0303,G133fg5425,"Shop No 1 Jay Bimashakar Nagar,Lakharan, ladiwali Village, Karjat, Maharashtra 410201, India",15279.625,24.98,IgnitionOn,1,48.907,35.83,50,-55
4f5a8ee6-1b26-4ee8-9f7f-abd969d062f1-1-1,HARSH_BREAKING_END,2025-11-25 21:09:09,2025-11-25 21:13:59,18.9329184,73.3445184,37553,1658,FixOK,,OaG5CU0303,G133fg5425,"Shop No 1 Jay Bimashakar Nagar,Lakharan, ladiwali Village, Karjat, Maharashtra 410201, India",0,6.56,IgnitionOn,1,,,,
4f5a8ee6-1b26-4ee8-9f7f-abd969d062f1-1,HARSH_BREAKING_START,2025-11-25 21:09:09,2025-11-25 21:13:59,18.9329184,73.3445184,37553,1658,FixOK,,OaG5CU0303,G133fg5425,"Shop No 1 Jay Bimashakar Nagar,Lakharan, ladiwali Village, Karjat, Maharashtra 410201, India",0,6.56,IgnitionOn,1,,,,
057b2ef0-86be-432d-9a68-c9762d93d433-10,EDC_BS6_PERIODIC,2025-11-25 21:09:15,2025-11-25 21:10:14,18.933064,73.3446464,25573,1658,FixOK,A,OaG5CU0303,G133fg5425,"Lakharan, ladiwali Village, Karjat, Maharashtra 410201, India",15279.625,10.23,IgnitionOn,1,49.459,38.04,49,-55
057b2ef0-86be-432d-9a68-c9762d93d433-9,EDC_BS6_PERIODIC,2025-11-25 21:09:21,2025-11-25 21:10:14,18.9332192,73.344768,25574,1658,FixOK,A,OaG5CU0303,G133fg5425,"Lakharan, ladiwali Village, Karjat, Maharashtra 410201, India",15279.625,12.97,IgnitionOn,1,49.383,37.36,49,-55
057b2ef0-86be-432d-9a68-c9762d93d433-8,EDC_BS6_PERIODIC,2025-11-25 21:09:27,2025-11-25 21:10:14,18.9334848,73.34496,25575,1658,FixOK,A,OaG5CU0303,G133fg5425,"Lakharan, ladiwali Village, Karjat, Maharashtra 410201, India",15279.625,21.28,IgnitionOn,1,49.187,35.72,50,-55
057b2ef0-86be-432d-9a68-c9762d93d433-7,EDC_BS6_PERIODIC,2025-11-25 21:09:33,2025-11-25 21:10:14,18.933808,73.345216,25576,1658,FixOK,A,OaG5CU0303,G133fg5425,"Lakharan, ladiwali Village, Karjat, Maharashtra 410201, India",15279.75,27.15,IgnitionOn,1,50.437,36.7,49,-55
057b2ef0-86be-432d-9a68-c9762d93d433-6,EDC_BS6_PERIODIC,2025-11-25 21:09:39,2025-11-25 21:10:14,18.934144,73.3454656,25577,1658,FixOK,A,OaG5CU0303,G133fg5425,"Lakharan, ladiwali Village, Karjat, Maharashtra 410201, India",15279.75,28.39,IgnitionOn,1,50.622,37.47,51,-55
abd4d4dd-ee8e-4ed8-8a97-a003999e25bb,HEARTBEAT_MESSAGE,2025-11-25 21:09:42,2025-11-25 21:09:42,0,0,,,,,OaG5CU0303,G133fg5425,,,,,1,,,,
057b2ef0-86be-432d-9a68-c9762d93d433-5,EDC_BS6_PERIODIC,2025-11-25 21:09:45,2025-11-25 21:10:14,18.9344736,73.345728,25578,1658,FixOK,A,OaG5CU0303,G133fg5425,"Lakharan, ladiwali Village, Karjat, Maharashtra 410201, India",15279.75,27.59,IgnitionOn,1,50.763,36.33,46,-55
057b2ef0-86be-432d-9a68-c9762d93d433-4,EDC_BS6_PERIODIC,2025-11-25 21:09:51,2025-11-25 21:10:14,18.9348512,73.346016,25579,1658,FixOK,A,OaG5CU0303,G133fg5425,"Lakharan, ladiwali Village, Karjat, Maharashtra 410201, India",15279.875,30.8,IgnitionOn,1,49.504,37.77,47,-55
057b2ef0-86be-432d-9a68-c9762d93d433-3,EDC_BS6_PERIODIC,2025-11-25 21:09:57,2025-11-25 21:10:14,18.935264,73.3463424,25580,1658,FixOK,A,OaG5CU0303,G133fg5425,"Lakharan, ladiwali Village, Karjat, Maharashtra 410201, India",15279.875,34.52,IgnitionOn,1,48.468,37.86,49,-55
057b2ef0-86be-432d-9a68-c9762d93d433-2,EDC_BS6_PERIODIC,2025-11-25 21:10:03,2025-11-25 21:10:14,18.935736,73.3467008,25581,1658,FixOK,A,OaG5CU0303,G133fg5425,"Lakharan, ladiwali Village, Karjat, Maharashtra 410201, India",15280,39.16,IgnitionOn,1,45.626,35.72,51,-55
057b2ef0-86be-432d-9a68-c9762d93d433-1,BRAKE_PRESSED,2025-11-25 21:10:04,2025-11-25 21:10:14,18.9358112,73.3467584,37554,1658,FixOK,,OaG5CU0303,G133fg5425,"Lakharan, ladiwali Village, Karjat, Maharashtra 410201, India",0,35.05,IgnitionOn,1,,,,
ab14416d-961b-42fb-ae35-e06798e6c294-10,EDC_BS6_PERIODIC,2025-11-25 21:10:09,2025-11-25 21:13:18,18.9361792,73.3470592,25582,1658,FixOK,A,OaG5CU0303,G133fg5425,"Shop No 1 Jay Bimashakar Nagar,Lakharan, ladiwali Village, Karjat, Maharashtra 410201, India",15280,39.05,IgnitionOn,1,45.088,36.88,49,-55
5f62aae6-0fc3-415b-bf7e-ca58d9c9c555-10,EDC_BS6_PERIODIC,2025-11-25 21:10:15,2025-11-25 21:11:15,18.9364992,73.3472896,25583,1658,FixOK,A,OaG5CU0303,G133fg5425,"Murbad Road, Posari, Karjat, Maharashtra 410201, India",15280.125,27.24,IgnitionOn,1,45.214,33.02,51,-55
5f62aae6-0fc3-415b-bf7e-ca58d9c9c555-9,EDC_BS6_PERIODIC,2025-11-25 21:10:21,2025-11-25 21:11:15,18.936704,73.347264,25584,1658,FixOK,A,OaG5CU0303,G133fg5425,"Murbad Road, Posari, Karjat, Maharashtra 410201, India",15280.125,13.37,IgnitionOn,1,45.637,337.29,50,-55
5f62aae6-0fc3-415b-bf7e-ca58d9c9c555-8,EDC_BS6_PERIODIC,2025-11-25 21:10:27,2025-11-25 21:11:15,18.9367712,73.3470976,25585,1658,FixOK,A,OaG5CU0303,G133fg5425,"Murbad Road, Posari, Karjat, Maharashtra 410201, India",15280.125,12.96,IgnitionOn,1,46.534,279.89,50,-55
5f62aae6-0fc3-415b-bf7e-ca58d9c9c555-7,EDC_BS6_PERIODIC,2025-11-25 21:10:33,2025-11-25 21:11:15,18.936864,73.3471104,25586,1658,FixOK,A,OaG5CU0303,G133fg5425,"Murbad Road, Posari, Karjat, Maharashtra 410201, India",15280.125,7.07,IgnitionOn,1,47.007,6.88,48,-55
5f62aae6-0fc3-415b-bf7e-ca58d9c9c555-6,EDC_BS6_PERIODIC,2025-11-25 21:10:39,2025-11-25 21:11:15,18.9368928,73.3471296,25587,1658,FixOK,A,OaG5CU0303,G133fg5425,"Murbad Road, Posari, Karjat, Maharashtra 410201, India",15280.125,1.62,IgnitionOn,1,45.888,6.88,45,-55
5f62aae6-0fc3-415b-bf7e-ca58d9c9c555-5,IGNITION_OFF,2025-11-25 21:10:43,2025-11-25 21:11:15,18.9369088,73.3471424,37555,1658,FixOK,,OaG5CU0303,G133fg5425,"Murbad Road, Posari, Karjat, Maharashtra 410201, India",0,,IgnitionOn,0,,,,
5f62aae6-0fc3-415b-bf7e-ca58d9c9c555-4,EDC_BS6_PERIODIC,2025-11-25 21:10:45,2025-11-25 21:11:15,18.9369088,73.3471424,25588,1658,FixOK,A,OaG5CU0303,G133fg5425,"Murbad Road, Posari, Karjat, Maharashtra 410201, India",15280.125,0,IgnitionOn,0,44.666,6.88,45,-55
5f62aae6-0fc3-415b-bf7e-ca58d9c9c555-3,EDC_BS6_PERIODIC,2025-11-25 21:10:51,2025-11-25 21:11:15,18.9369088,73.3471424,25589,1658,FixOK,A,OaG5CU0303,G133fg5425,"Murbad Road, Posari, Karjat, Maharashtra 410201, India",15280.125,0,IgnitionOn,0,44.666,6.88,44,-55
5f62aae6-0fc3-415b-bf7e-ca58d9c9c555-2,EDC_BS6_PERIODIC,2025-11-25 21:10:57,2025-11-25 21:11:15,18.9369088,73.3471424,25590,1658,FixOK,A,OaG5CU0303,G133fg5425,"Murbad Road, Posari, Karjat, Maharashtra 410201, India",15280.125,0,IgnitionOn,0,44.666,6.88,44,-55
5f62aae6-0fc3-415b-bf7e-ca58d9c9c555-1,EDC_BS6_PERIODIC,2025-11-25 21:11:03,2025-11-25 21:11:15,18.9369088,73.3471424,25591,1658,FixOK,A,OaG5CU0303,G133fg5425,"Murbad Road, Posari, Karjat, Maharashtra 410201, India",15280.125,0,IgnitionOn,0,44.666,6.88,46,-55
ab14416d-961b-42fb-ae35-e06798e6c294-9,EDC_BS6_PERIODIC,2025-11-25 21:11:09,2025-11-25 21:13:18,18.9369088,73.3471424,25592,1658,FixOK,A,OaG5CU0303,G133fg5425,"Shop No 1 Jay Bimashakar Nagar,Lakharan, ladiwali Village, Karjat, Maharashtra 410201, India",15280.125,0,IgnitionOn,0,44.666,6.88,47,-55
07f407d8-3f2b-410c-a863-1664a648e422-10,EDC_BS6_PERIODIC,2025-11-25 21:11:15,2025-11-25 21:12:17,18.9369088,73.3471424,25593,1658,FixOK,A,OaG5CU0303,G133fg5425,"Datta Nivas, House No. 646, Ladiwali Near HP Petrol Pump, Karjat-Murbad Road ladiwali, Karjat, Maharashtra 410201, India",15280.125,0,IgnitionOn,0,44.666,6.88,47,-55
07f407d8-3f2b-410c-a863-1664a648e422-9,EDC_BS6_PERIODIC,2025-11-25 21:11:21,2025-11-25 21:12:17,18.9369088,73.3471424,25594,1658,FixOK,A,OaG5CU0303,G133fg5425,"Datta Nivas, House No. 646, Ladiwali Near HP Petrol Pump, Karjat-Murbad Road ladiwali, Karjat, Maharashtra 410201, India",0,0,IgnitionOn,0,44.666,6.88,47,-55
07f407d8-3f2b-410c-a863-1664a648e422-8,EDC_BS6_PERIODIC,2025-11-25 21:11:27,2025-11-25 21:12:17,18.9369088,73.3471424,25595,1658,FixOK,A,OaG5CU0303,G133fg5425,"Datta Nivas, House No. 646, Ladiwali Near HP Petrol Pump, Karjat-Murbad Road ladiwali, Karjat, Maharashtra 410201, India",0,0,IgnitionOn,0,44.666,6.88,48,-55
07f407d8-3f2b-410c-a863-1664a648e422-7,EDC_BS6_PERIODIC,2025-11-25 21:11:33,2025-11-25 21:12:17,18.9369088,73.3471424,25596,1658,FixOK,A,OaG5CU0303,G133fg5425,"Datta Nivas, House No. 646, Ladiwali Near HP Petrol Pump, Karjat-Murbad Road ladiwali, Karjat, Maharashtra 410201, India",0,0,IgnitionOn,0,44.666,6.88,48,-55
07f407d8-3f2b-410c-a863-1664a648e422-6,EDC_BS6_PERIODIC,2025-11-25 21:11:39,2025-11-25 21:12:17,18.9369088,73.3471424,25597,1658,FixOK,A,OaG5CU0303,G133fg5425,"Datta Nivas, House No. 646, Ladiwali Near HP Petrol Pump, Karjat-Murbad Road ladiwali, Karjat, Maharashtra 410201, India",0,0,IgnitionOn,0,44.666,6.88,48,-55
07f407d8-3f2b-410c-a863-1664a648e422-5,EDC_BS6_PERIODIC,2025-11-25 21:11:45,2025-11-25 21:12:17,18.9369088,73.3471424,25598,1658,FixOK,A,OaG5CU0303,G133fg5425,"Datta Nivas, House No. 646, Ladiwali Near HP Petrol Pump, Karjat-Murbad Road ladiwali, Karjat, Maharashtra 410201, India",0,0,IgnitionOn,0,44.666,6.88,48,-55
07f407d8-3f2b-410c-a863-1664a648e422-4,EDC_BS6_PERIODIC,2025-11-25 21:11:51,2025-11-25 21:12:17,18.9369088,73.3471424,25599,1658,FixOK,A,OaG5CU0303,G133fg5425,"Datta Nivas, House No. 646, Ladiwali Near HP Petrol Pump, Karjat-Murbad Road ladiwali, Karjat, Maharashtra 410201, India",0,0,IgnitionOn,0,44.666,6.88,48,-55
07f407d8-3f2b-410c-a863-1664a648e422-3,EDC_BS6_PERIODIC,2025-11-25 21:11:58,2025-11-25 21:12:17,18.9369088,73.3471424,25600,1658,FixOK,A,OaG5CU0303,G133fg5425,"Datta Nivas, House No. 646, Ladiwali Near HP Petrol Pump, Karjat-Murbad Road ladiwali, Karjat, Maharashtra 410201, India",0,0,IgnitionOn,0,44.666,6.88,48,-55
07f407d8-3f2b-410c-a863-1664a648e422-2,EDC_BS6_PERIODIC,2025-11-25 21:12:03,2025-11-25 21:12:17,18.9369088,73.3471424,25601,1658,FixOK,A,OaG5CU0303,G133fg5425,"Datta Nivas, House No. 646, Ladiwali Near HP Petrol Pump, Karjat-Murbad Road ladiwali, Karjat, Maharashtra 410201, India",0,0,IgnitionOn,0,44.666,6.88,47,-55
07f407d8-3f2b-410c-a863-1664a648e422-1,EDC_BS6_PERIODIC,2025-11-25 21:12:09,2025-11-25 21:12:17,18.9369088,73.3471424,25602,1658,FixOK,A,OaG5CU0303,G133fg5425,"Datta Nivas, House No. 646, Ladiwali Near HP Petrol Pump, Karjat-Murbad Road ladiwali, Karjat, Maharashtra 410201, India",0,0,IgnitionOn,0,44.666,6.88,47,-55
ab14416d-961b-42fb-ae35-e06798e6c294-8,EDC_BS6_PERIODIC,2025-11-25 21:12:15,2025-11-25 21:13:18,18.9369088,73.3471424,25603,1658,FixOK,A,OaG5CU0303,G133fg5425,"Shop No 1 Jay Bimashakar Nagar,Lakharan, ladiwali Village, Karjat, Maharashtra 410201, India",0,0,IgnitionOn,0,44.666,6.88,46,-55
ab14416d-961b-42fb-ae35-e06798e6c294-7,EDC_BS6_PERIODIC,2025-11-25 21:12:21,2025-11-25 21:13:18,18.9369088,73.3471424,25604,1658,FixOK,A,OaG5CU0303,G133fg5425,"Shop No 1 Jay Bimashakar Nagar,Lakharan, ladiwali Village, Karjat, Maharashtra 410201, India",0,0,IgnitionOn,0,44.666,6.88,46,-55
ab14416d-961b-42fb-ae35-e06798e6c294-6,EDC_BS6_PERIODIC,2025-11-25 21:12:27,2025-11-25 21:13:18,18.9369088,73.3471424,25605,1658,FixOK,A,OaG5CU0303,G133fg5425,"Shop No 1 Jay Bimashakar Nagar,Lakharan, ladiwali Village, Karjat, Maharashtra 410201, India",0,0,IgnitionOn,0,44.666,6.88,45,-55
ab14416d-961b-42fb-ae35-e06798e6c294-5,EDC_BS6_PERIODIC,2025-11-25 21:12:33,2025-11-25 21:13:18,18.9369088,73.3471424,25606,1658,FixOK,A,OaG5CU0303,G133fg5425,"Shop No 1 Jay Bimashakar Nagar,Lakharan, ladiwali Village, Karjat, Maharashtra 410201, India",0,0,IgnitionOn,0,44.666,6.88,45,-55
ab14416d-961b-42fb-ae35-e06798e6c294-4,EDC_BS6_PERIODIC,2025-11-25 21:12:39,2025-11-25 21:13:18,18.9369088,73.3471424,25607,1658,FixOK,A,OaG5CU0303,G133fg5425,"Shop No 1 Jay Bimashakar Nagar,Lakharan, ladiwali Village, Karjat, Maharashtra 410201, India",0,0,IgnitionOn,0,44.666,6.88,45,-55
ab14416d-961b-42fb-ae35-e06798e6c294-1,DEVICE_METRICS,2025-11-25 21:12:43,2025-11-25 21:13:18,18.9369088,73.3471424,,1658,FixOK,,OaG5CU0303,G133fg5425,"Shop No 1 Jay Bimashakar Nagar,Lakharan, ladiwali Village, Karjat, Maharashtra 410201, India",0,,IgnitionOff,0,,,,
ab14416d-961b-42fb-ae35-e06798e6c294-3,GPS_MESSAGE,2025-11-25 21:12:43,2025-11-25 21:13:18,18.9369088,73.3471424,,1658,3DFix,,OaG5CU0303,G133fg5425,"Shop No 1 Jay Bimashakar Nagar,Lakharan, ladiwali Village, Karjat, Maharashtra 410201, India",0,,IgnitionOff,0,44,3,46,
ab14416d-961b-42fb-ae35-e06798e6c294-2,TRIP_END,2025-11-25 21:12:43,2025-11-25 21:13:18,18.9369088,73.3471424,,1658,FixOK,,OaG5CU0303,G133fg5425,"Shop No 1 Jay Bimashakar Nagar,Lakharan, ladiwali Village, Karjat, Maharashtra 410201, India",0,,IgnitionOff,0,,,,
1d421432-5bee-423c-990a-ed5c5472ca7a,HEARTBEAT_MESSAGE,2025-11-25 21:12:49,2025-11-25 21:12:49,0,0,,,,,OaG5CU0303,G133fg5425,,,,,1,,,,
7815cb03-53d8-4f85-9ee3-d037ef3c1f8c-1,TRIP_START,2025-11-25 21:23:31,2025-11-25 21:29:00,18.9369504,73.3471296,,1659,StoredFix,,OaG5CU0303,G133fg5425,"Chauk - Karjat - Murbad Rd, Posari, Maharashtra 410201, India",0,,IgnitionOn,1,,,,
7815cb03-53d8-4f85-9ee3-d037ef3c1f8c-2,GPS_MESSAGE,2025-11-25 21:23:45,2025-11-25 21:29:00,18.9369504,73.3471296,,1659,NoFix,,OaG5CU0303,G133fg5425,"Chauk - Karjat - Murbad Rd, Posari, Maharashtra 410201, India",0,,IgnitionOn,1,0,0,0,
7815cb03-53d8-4f85-9ee3-d037ef3c1f8c-3,VERSION_UPDATE,2025-11-25 21:23:45,2025-11-25 21:29:00,18.9369504,73.3471296,,1659,StoredFix,,OaG5CU0303,G133fg5425,"Chauk - Karjat - Murbad Rd, Posari, Maharashtra 410201, India",0,,IgnitionOn,1,,,,
7815cb03-53d8-4f85-9ee3-d037ef3c1f8c-4,GPS_MESSAGE,2025-11-25 21:23:49,2025-11-25 21:29:00,18.9369584,73.3471424,,1659,3DFix,,OaG5CU0303,G133fg5425,"Chauk - Karjat - Murbad Rd, Posari, Maharashtra 410201, India",0,,IgnitionOn,1,30,28,41,
7815cb03-53d8-4f85-9ee3-d037ef3c1f8c-5,IGNITION_ON,2025-11-25 21:23:49,2025-11-25 21:29:00,18.9369584,73.3471424,37556,1659,FixOK,,OaG5CU0303,G133fg5425,"Chauk - Karjat - Murbad Rd, Posari, Maharashtra 410201, India",0,,IgnitionOn,1,,,,
7815cb03-53d8-4f85-9ee3-d037ef3c1f8c-7,ACU_SW_PART_NO,2025-11-25 21:23:50,2025-11-25 21:29:00,18.9369584,73.3471424,37558,1659,FixOK,,OaG5CU0303,G133fg5425,"Chauk - Karjat - Murbad Rd, Posari, Maharashtra 410201, India",0,,IgnitionOn,1,,,,
7815cb03-53d8-4f85-9ee3-d037ef3c1f8c-6,ECU_SW_PART_NO,2025-11-25 21:23:50,2025-11-25 21:29:00,18.9369584,73.3471424,37557,1659,FixOK,,OaG5CU0303,G133fg5425,"Chauk - Karjat - Murbad Rd, Posari, Maharashtra 410201, India",0,,IgnitionOn,1,,,,
7815cb03-53d8-4f85-9ee3-d037ef3c1f8c-8,EDC_BS6_PERIODIC,2025-11-25 21:23:52,2025-11-25 21:29:00,18.9369584,73.3471424,25608,1659,FixOK,A,OaG5CU0303,G133fg5425,"Chauk - Karjat - Murbad Rd, Posari, Maharashtra 410201, India",15280.125,0,IgnitionOn,1,32.087,6.88,46,-113
7815cb03-53d8-4f85-9ee3-d037ef3c1f8c-9,EDC_BS6_PERIODIC,2025-11-25 21:23:58,2025-11-25 21:29:00,18.9369568,73.3471488,25609,1659,FixOK,A,OaG5CU0303,G133fg5425,"Chauk - Karjat - Murbad Rd, Posari, Maharashtra 410201, India",15280.125,0,IgnitionOn,1,34.166,6.88,47,-113
7815cb03-53d8-4f85-9ee3-d037ef3c1f8c-10,EDC_BS6_PERIODIC,2025-11-25 21:24:04,2025-11-25 21:29:00,18.936952,73.3471616,25610,1659,FixOK,A,OaG5CU0303,G133fg5425,"Chauk - Karjat - Murbad Rd, Posari, Maharashtra 410201, India",15280.125,0,IgnitionOn,1,34.679,6.88,49,-113
0b1c6377-7433-4eef-8fed-f438c72c0eb0-10,EDC_BS6_PERIODIC,2025-11-25 21:24:10,2025-11-25 21:25:14,18.9369504,73.347168,25611,1659,FixOK,A,OaG5CU0303,G133fg5425,"Shop No 1 Jay Bimashakar Nagar,Lakharan, ladiwali Village, Karjat, Maharashtra 410201, India",15280.125,0,IgnitionOn,1,35.363,6.88,48,-113
0b1c6377-7433-4eef-8fed-f438c72c0eb0-9,EDC_BS6_PERIODIC,2025-11-25 21:24:16,2025-11-25 21:25:14,18.936952,73.3471872,25612,1659,FixOK,A,OaG5CU0303,G133fg5425,"Shop No 1 Jay Bimashakar Nagar,Lakharan, ladiwali Village, Karjat, Maharashtra 410201, India",15280.125,0,IgnitionOn,1,35.859,6.88,49,-113
0b1c6377-7433-4eef-8fed-f438c72c0eb0-8,EDC_BS6_PERIODIC,2025-11-25 21:24:22,2025-11-25 21:25:14,18.936952,73.3471872,25613,1659,FixOK,A,OaG5CU0303,G133fg5425,"Shop No 1 Jay Bimashakar Nagar,Lakharan, ladiwali Village, Karjat, Maharashtra 410201, India",15280.125,0,IgnitionOn,1,36.588,6.88,51,-113
0b1c6377-7433-4eef-8fed-f438c72c0eb0-7,EDC_BS6_PERIODIC,2025-11-25 21:24:28,2025-11-25 21:25:14,18.9369536,73.3471744,25614,1659,FixOK,A,OaG5CU0303,G133fg5425,"Shop No 1 Jay Bimashakar Nagar,Lakharan, ladiwali Village, Karjat, Maharashtra 410201, India",15280.125,0,IgnitionOn,1,37.27,6.88,48,-113
0b1c6377-7433-4eef-8fed-f438c72c0eb0-6,EDC_BS6_PERIODIC,2025-11-25 21:24:34,2025-11-25 21:25:14,18.9369536,73.3471744,25615,1659,FixOK,A,OaG5CU0303,G133fg5425,"Shop No 1 Jay Bimashakar Nagar,Lakharan, ladiwali Village, Karjat, Maharashtra 410201, India",15280.125,0,IgnitionOn,1,38.021,6.88,48,-113
0b1c6377-7433-4eef-8fed-f438c72c0eb0-5,EDC_BS6_PERIODIC,2025-11-25 21:24:40,2025-11-25 21:25:14,18.9369568,73.3471744,25616,1659,FixOK,A,OaG5CU0303,G133fg5425,"Shop No 1 Jay Bimashakar Nagar,Lakharan, ladiwali Village, Karjat, Maharashtra 410201, India",15280.125,0,IgnitionOn,1,38.283,6.88,49,-113
0b1c6377-7433-4eef-8fed-f438c72c0eb0-4,EDC_BS6_PERIODIC,2025-11-25 21:24:46,2025-11-25 21:25:14,18.9369568,73.3471744,25617,1659,FixOK,A,OaG5CU0303,G133fg5425,"Shop No 1 Jay Bimashakar Nagar,Lakharan, ladiwali Village, Karjat, Maharashtra 410201, India",15280.125,0,IgnitionOn,1,38.544,6.88,48,-113
0b1c6377-7433-4eef-8fed-f438c72c0eb0-3,EDC_BS6_PERIODIC,2025-11-25 21:24:52,2025-11-25 21:25:14,18.9369568,73.3471744,25618,1659,FixOK,A,OaG5CU0303,G133fg5425,"Shop No 1 Jay Bimashakar Nagar,Lakharan, ladiwali Village, Karjat, Maharashtra 410201, India",15280.125,0,IgnitionOn,1,38.707,6.88,48,-113
0b1c6377-7433-4eef-8fed-f438c72c0eb0-2,EDC_BS6_PERIODIC,2025-11-25 21:24:59,2025-11-25 21:25:14,18.9369504,73.3471744,25619,1659,FixOK,A,OaG5CU0303,G133fg5425,"Shop No 1 Jay Bimashakar Nagar,Lakharan, ladiwali Village, Karjat, Maharashtra 410201, India",15280.125,0,IgnitionOn,1,38.784,6.88,49,-113
0b1c6377-7433-4eef-8fed-f438c72c0eb0-1,EDC_BS6_PERIODIC,2025-11-25 21:25:05,2025-11-25 21:25:14,18.9369456,73.3471744,25620,1659,FixOK,A,OaG5CU0303,G133fg5425,"Shop No 1 Jay Bimashakar Nagar,Lakharan, ladiwali Village, Karjat, Maharashtra 410201, India",15280.125,0,IgnitionOn,1,38.522,6.88,48,-113
444925ca-e7bf-496d-a523-64a5d4e80d28,HEARTBEAT_MESSAGE,2025-11-25 21:25:10,2025-11-25 21:25:10,0,0,,,,,OaG5CU0303,G133fg5425,,,,,1,,,,
7815cb03-53d8-4f85-9ee3-d037ef3c1f8c-11,EDC_BS6_PERIODIC,2025-11-25 21:25:12,2025-11-25 21:29:00,18.9369424,73.3471744,25621,1659,FixOK,A,OaG5CU0303,G133fg5425,"Chauk - Karjat - Murbad Rd, Posari, Maharashtra 410201, India",15280.125,0,IgnitionOn,1,38.272,6.88,49,-113
7815cb03-53d8-4f85-9ee3-d037ef3c1f8c-12,EDC_BS6_PERIODIC,2025-11-25 21:25:18,2025-11-25 21:29:00,18.9369408,73.347168,25622,1659,FixOK,A,OaG5CU0303,G133fg5425,"Chauk - Karjat - Murbad Rd, Posari, Maharashtra 410201, India",15280.125,0,IgnitionOn,1,38.231,6.88,49,-113
7815cb03-53d8-4f85-9ee3-d037ef3c1f8c-13,EDC_BS6_PERIODIC,2025-11-25 21:25:24,2025-11-25 21:29:00,18.9369408,73.3471616,25623,1659,FixOK,A,OaG5CU0303,G133fg5425,"Chauk - Karjat - Murbad Rd, Posari, Maharashtra 410201, India",15280.125,0,IgnitionOn,1,37.965,6.88,51,-113
fcf17770-5044-400f-b93e-dc52b2673994-1,ENGINE_CRANKING,2025-11-25 21:25:25,2025-11-25 21:28:19,18.9369408,73.3471616,37559,1659,FixOK,,OaG5CU0303,G133fg5425,"Chauk - Karjat - Murbad Rd, Posari, Maharashtra 410201, India",0,,IgnitionOn,1,,,,
3aa182b3-1b63-4bf8-bfbc-22b86672e6b1-10,BATTERY_VOLTAGE_DIP,2025-11-25 21:25:28,2025-11-25 21:28:16,18.9369408,73.3471616,37560,1659,FixOK,,OaG5CU0303,G133fg5425,"Chauk - Karjat - Murbad Rd, Posari, Maharashtra 410201, India",0,0,IgnitionOn,1,,,,
421d7782-24b6-4830-bfb8-e2b309524bb8-10-1,BATTERY_VOLTAGE_DIP_AUX_DATA,2025-11-25 21:25:28,2025-11-25 21:26:14,18.9369408,73.3471616,1,1659,FixOK,,OaG5CU0303,G133fg5425,"Shop No 1 Jay Bimashakar Nagar,Lakharan, ladiwali Village, Karjat, Maharashtra 410201, India",0,,IgnitionOn,1,,,,
421d7782-24b6-4830-bfb8-e2b309524bb8-10-2,BATTERY_VOLTAGE_DIP_AUX_DATA,2025-11-25 21:25:28,2025-11-25 21:26:14,18.9369408,73.3471616,2,1659,FixOK,,OaG5CU0303,G133fg5425,"Shop No 1 Jay Bimashakar Nagar,Lakharan, ladiwali Village, Karjat, Maharashtra 410201, India",0,,IgnitionOn,1,,,,
421d7782-24b6-4830-bfb8-e2b309524bb8-10-3,BATTERY_VOLTAGE_DIP_AUX_DATA,2025-11-25 21:25:28,2025-11-25 21:26:14,18.9369408,73.3471616,3,1659,FixOK,,OaG5CU0303,G133fg5425,"Shop No 1 Jay Bimashakar Nagar,Lakharan, ladiwali Village, Karjat, Maharashtra 410201, India",0,,IgnitionOn,1,,,,
421d7782-24b6-4830-bfb8-e2b309524bb8-9,EDC_BS6_PERIODIC,2025-11-25 21:25:30,2025-11-25 21:26:14,18.936944,73.347168,25624,1659,FixOK,A,OaG5CU0303,G133fg5425,"Shop No 1 Jay Bimashakar Nagar,Lakharan, ladiwali Village, Karjat, Maharashtra 410201, India",15280.125,0,IgnitionOn,1,37.928,6.88,52,-113
421d7782-24b6-4830-bfb8-e2b309524bb8-8,EDC_BS6_PERIODIC,2025-11-25 21:25:36,2025-11-25 21:26:14,18.936976,73.3472512,25625,1659,FixOK,A,OaG5CU0303,G133fg5425,"Shop No 1 Jay Bimashakar Nagar,Lakharan, ladiwali Village, Karjat, Maharashtra 410201, India",15280.125,4.15,IgnitionOn,1,40.207,70.22,53,-113
421d7782-24b6-4830-bfb8-e2b309524bb8-7,BRAKE_PRESSED,2025-11-25 21:25:40,2025-11-25 21:26:14,18.9369536,73.3473344,37562,1659,FixOK,,OaG5CU0303,G133fg5425,"Shop No 1 Jay Bimashakar Nagar,Lakharan, ladiwali Village, Karjat, Maharashtra 410201, India",0,7.7200003,IgnitionOn,1,,,,
421d7782-24b6-4830-bfb8-e2b309524bb8-6,EDC_BS6_PERIODIC,2025-11-25 21:25:42,2025-11-25 21:26:14,18.9369312,73.3473664,25626,1659,FixOK,A,OaG5CU0303,G133fg5425,"Shop No 1 Jay Bimashakar Nagar,Lakharan, ladiwali Village, Karjat, Maharashtra 410201, India",15280.125,9.04,IgnitionOn,1,41.563,108.87,51,-113
421d7782-24b6-4830-bfb8-e2b309524bb8-4,EDC_BS6_PERIODIC,2025-11-25 21:25:48,2025-11-25 21:26:14,18.9369088,73.3473856,25627,1659,FixOK,A,OaG5CU0303,G133fg5425,"Shop No 1 Jay Bimashakar Nagar,Lakharan, ladiwali Village, Karjat, Maharashtra 410201, India",15280.25,3.81,IgnitionOn,0,42.817,108.87,56,-113
421d7782-24b6-4830-bfb8-e2b309524bb8-5,IGNITION_OFF,2025-11-25 21:25:48,2025-11-25 21:26:14,18.9369088,73.3473856,37563,1659,FixOK,,OaG5CU0303,G133fg5425,"Shop No 1 Jay Bimashakar Nagar,Lakharan, ladiwali Village, Karjat, Maharashtra 410201, India",0,,IgnitionOn,0,,,,
421d7782-24b6-4830-bfb8-e2b309524bb8-3,EDC_BS6_PERIODIC,2025-11-25 21:25:54,2025-11-25 21:26:14,18.936896,73.3473856,25628,1659,FixOK,A,OaG5CU0303,G133fg5425,"Shop No 1 Jay Bimashakar Nagar,Lakharan, ladiwali Village, Karjat, Maharashtra 410201, India",15280.25,0,IgnitionOn,0,44.405,108.87,54,-113
421d7782-24b6-4830-bfb8-e2b309524bb8-2,EDC_BS6_PERIODIC,2025-11-25 21:26:00,2025-11-25 21:26:14,18.9368832,73.3473856,25629,1659,FixOK,A,OaG5CU0303,G133fg5425,"Shop No 1 Jay Bimashakar Nagar,Lakharan, ladiwali Village, Karjat, Maharashtra 410201, India",15280.25,0,IgnitionOn,0,45.336,108.87,55,-113
421d7782-24b6-4830-bfb8-e2b309524bb8-1,EDC_BS6_PERIODIC,2025-11-25 21:26:06,2025-11-25 21:26:14,18.9368768,73.3473856,25630,1659,FixOK,A,OaG5CU0303,G133fg5425,"Shop No 1 Jay Bimashakar Nagar,Lakharan, ladiwali Village, Karjat, Maharashtra 410201, India",15280.25,0,IgnitionOn,0,47.103,108.87,55,-51
dbce9418-6889-4055-9baa-42945e715ffb-10,EDC_BS6_PERIODIC,2025-11-25 21:26:12,2025-11-25 21:27:14,18.936872,73.3473856,25631,1659,FixOK,A,OaG5CU0303,G133fg5425,"Chauk - Karjat - Murbad Rd, Posari, Maharashtra 410201, India",15280.25,0,IgnitionOn,0,47.52,108.87,55,-51
dbce9418-6889-4055-9baa-42945e715ffb-9,EDC_BS6_PERIODIC,2025-11-25 21:26:19,2025-11-25 21:27:14,18.936872,73.3473856,25632,1659,FixOK,A,OaG5CU0303,G133fg5425,"Chauk - Karjat - Murbad Rd, Posari, Maharashtra 410201, India",15280.25,0,IgnitionOn,0,47.72,108.87,54,-51
dbce9418-6889-4055-9baa-42945e715ffb-8,EDC_BS6_PERIODIC,2025-11-25 21:26:24,2025-11-25 21:27:14,18.9368672,73.3473856,25633,1659,FixOK,A,OaG5CU0303,G133fg5425,"Chauk - Karjat - Murbad Rd, Posari, Maharashtra 410201, India",0,0,IgnitionOn,0,48.103,108.87,54,-51
dbce9418-6889-4055-9baa-42945e715ffb-7,EDC_BS6_PERIODIC,2025-11-25 21:26:30,2025-11-25 21:27:14,18.9368608,73.3473856,25634,1659,FixOK,A,OaG5CU0303,G133fg5425,"Chauk - Karjat - Murbad Rd, Posari, Maharashtra 410201, India",0,0,IgnitionOn,0,48.561,108.87,54,-51
dbce9418-6889-4055-9baa-42945e715ffb-6,EDC_BS6_PERIODIC,2025-11-25 21:26:37,2025-11-25 21:27:14,18.9368496,73.3473856,25635,1659,FixOK,A,OaG5CU0303,G133fg5425,"Chauk - Karjat - Murbad Rd, Posari, Maharashtra 410201, India",0,0,IgnitionOn,0,49.763,108.87,55,-51
dbce9418-6889-4055-9baa-42945e715ffb-5,EDC_BS6_PERIODIC,2025-11-25 21:26:42,2025-11-25 21:27:14,18.9368448,73.3473792,25636,1659,FixOK,A,OaG5CU0303,G133fg5425,"Chauk - Karjat - Murbad Rd, Posari, Maharashtra 410201, India",0,0,IgnitionOn,0,50.702,108.87,55,-51
dbce9418-6889-4055-9baa-42945e715ffb-4,EDC_BS6_PERIODIC,2025-11-25 21:26:48,2025-11-25 21:27:14,18.9368464,73.3473664,25637,1659,FixOK,A,OaG5CU0303,G133fg5425,"Chauk - Karjat - Murbad Rd, Posari, Maharashtra 410201, India",0,0,IgnitionOn,0,51.04,108.87,55,-51
dbce9418-6889-4055-9baa-42945e715ffb-3,EDC_BS6_PERIODIC,2025-11-25 21:26:54,2025-11-25 21:27:14,18.9368512,73.3473664,25638,1659,FixOK,A,OaG5CU0303,G133fg5425,"Chauk - Karjat - Murbad Rd, Posari, Maharashtra 410201, India",0,0,IgnitionOn,0,51.115,108.87,54,-51
dbce9418-6889-4055-9baa-42945e715ffb-2,EDC_BS6_PERIODIC,2025-11-25 21:27:00,2025-11-25 21:27:14,18.9368608,73.3473664,25639,1659,FixOK,A,OaG5CU0303,G133fg5425,"Chauk - Karjat - Murbad Rd, Posari, Maharashtra 410201, India",0,0,IgnitionOn,0,51.05,108.87,53,-51
dbce9418-6889-4055-9baa-42945e715ffb-1,EDC_BS6_PERIODIC,2025-11-25 21:27:06,2025-11-25 21:27:14,18.9368608,73.3473664,25640,1659,FixOK,A,OaG5CU0303,G133fg5425,"Chauk - Karjat - Murbad Rd, Posari, Maharashtra 410201, India",0,0,IgnitionOn,0,51.03,108.87,54,-51
3aa182b3-1b63-4bf8-bfbc-22b86672e6b1-9,EDC_BS6_PERIODIC,2025-11-25 21:27:12,2025-11-25 21:28:16,18.9368608,73.3473792,25641,1659,FixOK,A,OaG5CU0303,G133fg5425,"Chauk - Karjat - Murbad Rd, Posari, Maharashtra 410201, India",0,0,IgnitionOn,0,51.147,108.87,54,-51
3aa182b3-1b63-4bf8-bfbc-22b86672e6b1-8,EDC_BS6_PERIODIC,2025-11-25 21:27:18,2025-11-25 21:28:16,18.936864,73.3473792,25642,1659,FixOK,A,OaG5CU0303,G133fg5425,"Chauk - Karjat - Murbad Rd, Posari, Maharashtra 410201, India",0,0,IgnitionOn,0,50.901,108.87,55,-51
3aa182b3-1b63-4bf8-bfbc-22b86672e6b1-7,EDC_BS6_PERIODIC,2025-11-25 21:27:24,2025-11-25 21:28:16,18.9368672,73.3473792,25643,1659,FixOK,A,OaG5CU0303,G133fg5425,"Chauk - Karjat - Murbad Rd, Posari, Maharashtra 410201, India",0,0,IgnitionOn,0,50.514,108.87,54,-51
3aa182b3-1b63-4bf8-bfbc-22b86672e6b1-6,EDC_BS6_PERIODIC,2025-11-25 21:27:30,2025-11-25 21:28:16,18.936872,73.3473792,25644,1659,FixOK,A,OaG5CU0303,G133fg5425,"Chauk - Karjat - Murbad Rd, Posari, Maharashtra 410201, India",0,0,IgnitionOn,0,50.219,108.87,54,-51
3aa182b3-1b63-4bf8-bfbc-22b86672e6b1-5,EDC_BS6_PERIODIC,2025-11-25 21:27:36,2025-11-25 21:28:16,18.9368768,73.3473792,25645,1659,FixOK,A,OaG5CU0303,G133fg5425,"Chauk - Karjat - Murbad Rd, Posari, Maharashtra 410201, India",0,0,IgnitionOn,0,49.895,108.87,53,-51
3aa182b3-1b63-4bf8-bfbc-22b86672e6b1-4,EDC_BS6_PERIODIC,2025-11-25 21:27:43,2025-11-25 21:28:16,18.93688,73.347392,25646,1659,FixOK,A,OaG5CU0303,G133fg5425,"Chauk - Karjat - Murbad Rd, Posari, Maharashtra 410201, India",0,0,IgnitionOn,0,50.793,108.87,49,-51
3aa182b3-1b63-4bf8-bfbc-22b86672e6b1-1,DEVICE_METRICS,2025-11-25 21:27:47,2025-11-25 21:28:16,18.93688,73.347392,,1659,FixOK,,OaG5CU0303,G133fg5425,"Chauk - Karjat - Murbad Rd, Posari, Maharashtra 410201, India",0,,IgnitionOff,0,,,,
3aa182b3-1b63-4bf8-bfbc-22b86672e6b1-3,GPS_MESSAGE,2025-11-25 21:27:47,2025-11-25 21:28:16,18.93688,73.347392,,1659,3DFix,,OaG5CU0303,G133fg5425,"Chauk - Karjat - Murbad Rd, Posari, Maharashtra 410201, India",0,,IgnitionOff,0,50,11,54,
3aa182b3-1b63-4bf8-bfbc-22b86672e6b1-2,TRIP_END,2025-11-25 21:27:47,2025-11-25 21:28:16,18.93688,73.347392,,1659,FixOK,,OaG5CU0303,G133fg5425,"Chauk - Karjat - Murbad Rd, Posari, Maharashtra 410201, India",0,,IgnitionOff,0,,,,
9dc7516c-8a90-469b-8dd1-33eb17297fe1,HEARTBEAT_MESSAGE,2025-11-25 21:27:52,2025-11-25 21:27:52,0,0,,,,,OaG5CU0303,G133fg5425,,,,,1,,,,
c905f68c-1375-4b03-84e6-b216bdae20f1-12,TRIP_START,2025-11-25 21:30:08,2025-11-25 21:31:52,18.9368832,73.347392,,1660,StoredFix,,OaG5CU0303,G133fg5425,"Chauk - Karjat - Murbad Rd, Posari, Maharashtra 410201, India",0,,IgnitionOn,1,,,,
c905f68c-1375-4b03-84e6-b216bdae20f1-11,GPS_MESSAGE,2025-11-25 21:30:22,2025-11-25 21:31:52,18.9368832,73.347392,,1660,NoFix,,OaG5CU0303,G133fg5425,"Chauk - Karjat - Murbad Rd, Posari, Maharashtra 410201, India",0,,IgnitionOn,1,0,0,0,
c905f68c-1375-4b03-84e6-b216bdae20f1-10,VERSION_UPDATE,2025-11-25 21:30:22,2025-11-25 21:31:52,18.9368832,73.347392,,1660,StoredFix,,OaG5CU0303,G133fg5425,"Chauk - Karjat - Murbad Rd, Posari, Maharashtra 410201, India",0,,IgnitionOn,1,,,,
c905f68c-1375-4b03-84e6-b216bdae20f1-9,GPS_MESSAGE,2025-11-25 21:30:26,2025-11-25 21:31:52,18.9368832,73.347392,,1660,3DFix,,OaG5CU0303,G133fg5425,"Chauk - Karjat - Murbad Rd, Posari, Maharashtra 410201, India",0,,IgnitionOn,1,53,25,54,
c905f68c-1375-4b03-84e6-b216bdae20f1-8,IGNITION_ON,2025-11-25 21:30:26,2025-11-25 21:31:52,18.9368832,73.347392,37564,1660,FixOK,,OaG5CU0303,G133fg5425,"Chauk - Karjat - Murbad Rd, Posari, Maharashtra 410201, India",0,,IgnitionOn,1,,,,
c905f68c-1375-4b03-84e6-b216bdae20f1-6,ACU_SW_PART_NO,2025-11-25 21:30:27,2025-11-25 21:31:52,18.9368832,73.347392,37566,1660,FixOK,,OaG5CU0303,G133fg5425,"Chauk - Karjat - Murbad Rd, Posari, Maharashtra 410201, India",0,,IgnitionOn,1,,,,
c905f68c-1375-4b03-84e6-b216bdae20f1-7,ECU_SW_PART_NO,2025-11-25 21:30:27,2025-11-25 21:31:52,18.9368832,73.347392,37565,1660,FixOK,,OaG5CU0303,G133fg5425,"Chauk - Karjat - Murbad Rd, Posari, Maharashtra 410201, India",0,,IgnitionOn,1,,,,
c905f68c-1375-4b03-84e6-b216bdae20f1-5,EDC_BS6_PERIODIC,2025-11-25 21:30:29,2025-11-25 21:31:52,18.936888,73.347392,25647,1660,FixOK,A,OaG5CU0303,G133fg5425,"Chauk - Karjat - Murbad Rd, Posari, Maharashtra 410201, India",15280.25,0,IgnitionOn,1,53.28,108.87,55,-113
c905f68c-1375-4b03-84e6-b216bdae20f1-4,EDC_BS6_PERIODIC,2025-11-25 21:30:35,2025-11-25 21:31:52,18.9368928,73.3473856,25648,1660,FixOK,A,OaG5CU0303,G133fg5425,"Chauk - Karjat - Murbad Rd, Posari, Maharashtra 410201, India",15280.25,0,IgnitionOn,1,53.108,108.87,54,-113
c905f68c-1375-4b03-84e6-b216bdae20f1-3,EDC_BS6_PERIODIC,2025-11-25 21:30:41,2025-11-25 21:31:52,18.9368928,73.3473792,25649,1660,FixOK,A,OaG5CU0303,G133fg5425,"Chauk - Karjat - Murbad Rd, Posari, Maharashtra 410201, India",15280.25,0,IgnitionOn,1,52.958,108.87,53,-113
c905f68c-1375-4b03-84e6-b216bdae20f1-2,EDC_BS6_PERIODIC,2025-11-25 21:30:47,2025-11-25 21:31:52,18.9368928,73.3473792,25650,1660,FixOK,A,OaG5CU0303,G133fg5425,"Chauk - Karjat - Murbad Rd, Posari, Maharashtra 410201, India",15280.25,0,IgnitionOn,1,52.701,108.87,51,-113
c905f68c-1375-4b03-84e6-b216bdae20f1-1,EDC_BS6_PERIODIC,2025-11-25 21:30:53,2025-11-25 21:31:52,18.9368928,73.3473792,25651,1660,FixOK,A,OaG5CU0303,G133fg5425,"Chauk - Karjat - Murbad Rd, Posari, Maharashtra 410201, India",15280.25,0,IgnitionOn,1,52.574,108.87,51,-113
a7421c27-71b3-407f-a50c-c0863e5e1c2b-14,EDC_BS6_PERIODIC,2025-11-25 21:30:59,2025-11-25 21:36:02,18.9368928,73.3473856,25652,1660,FixOK,A,OaG5CU0303,G133fg5425,"W9R3+X64, Murbad Rd, Kundalaj, Maharashtra 410201, India",15280.25,0,IgnitionOn,1,52.64,108.87,52,-113
a7421c27-71b3-407f-a50c-c0863e5e1c2b-13,EDC_BS6_PERIODIC,2025-11-25 21:31:05,2025-11-25 21:36:02,18.9368928,73.3473856,25653,1660,FixOK,A,OaG5CU0303,G133fg5425,"W9R3+X64, Murbad Rd, Kundalaj, Maharashtra 410201, India",15280.25,0,IgnitionOn,1,52.698,108.87,52,-113
11f6a8b2-4bf2-4042-9b01-b21dd061401f-10,EDC_BS6_PERIODIC,2025-11-25 21:31:11,2025-11-25 21:31:49,18.936888,73.347392,25654,1660,FixOK,A,OaG5CU0303,G133fg5425,"Chauk - Karjat - Murbad Rd, Posari, Maharashtra 410201, India",15280.25,0,IgnitionOn,1,52.757,108.87,50,-113
11f6a8b2-4bf2-4042-9b01-b21dd061401f-9,EDC_BS6_PERIODIC,2025-11-25 21:31:17,2025-11-25 21:31:49,18.936888,73.3473856,25655,1660,FixOK,A,OaG5CU0303,G133fg5425,"Chauk - Karjat - Murbad Rd, Posari, Maharashtra 410201, India",15280.25,0,IgnitionOn,1,52.772,108.87,51,-113
11f6a8b2-4bf2-4042-9b01-b21dd061401f-8,EDC_BS6_PERIODIC,2025-11-25 21:31:23,2025-11-25 21:31:49,18.9368832,73.347392,25656,1660,FixOK,A,OaG5CU0303,G133fg5425,"Chauk - Karjat - Murbad Rd, Posari, Maharashtra 410201, India",15280.25,0,IgnitionOn,1,52.766,108.87,52,-113
11f6a8b2-4bf2-4042-9b01-b21dd061401f-7,EDC_BS6_PERIODIC,2025-11-25 21:31:29,2025-11-25 21:31:49,18.9368832,73.347392,25657,1660,FixOK,A,OaG5CU0303,G133fg5425,"Chauk - Karjat - Murbad Rd, Posari, Maharashtra 410201, India",15280.25,0,IgnitionOn,1,52.779,108.87,51,-113
11f6a8b2-4bf2-4042-9b01-b21dd061401f-6,ENGINE_CRANKING,2025-11-25 21:31:30,2025-11-25 21:31:49,18.9368832,73.347392,37567,1660,FixOK,,OaG5CU0303,G133fg5425,"Chauk - Karjat - Murbad Rd, Posari, Maharashtra 410201, India",0,,IgnitionOn,1,,,,
11f6a8b2-4bf2-4042-9b01-b21dd061401f-5,BATTERY_VOLTAGE_DIP,2025-11-25 21:31:32,2025-11-25 21:31:49,18.9368832,73.347392,37568,1660,FixOK,,OaG5CU0303,G133fg5425,"Chauk - Karjat - Murbad Rd, Posari, Maharashtra 410201, India",0,0,IgnitionOn,1,,,,
11f6a8b2-4bf2-4042-9b01-b21dd061401f-4-1,BATTERY_VOLTAGE_DIP_AUX_DATA,2025-11-25 21:31:32,2025-11-25 21:31:49,18.9368832,73.347392,1,1660,FixOK,,OaG5CU0303,G133fg5425,"Chauk - Karjat - Murbad Rd, Posari, Maharashtra 410201, India",0,,IgnitionOn,1,,,,
11f6a8b2-4bf2-4042-9b01-b21dd061401f-4-2,BATTERY_VOLTAGE_DIP_AUX_DATA,2025-11-25 21:31:32,2025-11-25 21:31:49,18.9368832,73.347392,2,1660,FixOK,,OaG5CU0303,G133fg5425,"Chauk - Karjat - Murbad Rd, Posari, Maharashtra 410201, India",0,,IgnitionOn,1,,,,
11f6a8b2-4bf2-4042-9b01-b21dd061401f-4-3,BATTERY_VOLTAGE_DIP_AUX_DATA,2025-11-25 21:31:32,2025-11-25 21:31:49,18.9368832,73.347392,3,1660,FixOK,,OaG5CU0303,G133fg5425,"Chauk - Karjat - Murbad Rd, Posari, Maharashtra 410201, India",0,,IgnitionOn,1,,,,
11f6a8b2-4bf2-4042-9b01-b21dd061401f-3,EDC_BS6_PERIODIC,2025-11-25 21:31:35,2025-11-25 21:31:49,18.9368832,73.347392,25658,1660,FixOK,A,OaG5CU0303,G133fg5425,"Chauk - Karjat - Murbad Rd, Posari, Maharashtra 410201, India",15280.25,0,IgnitionOn,1,52.784,108.87,52,-113
11f6a8b2-4bf2-4042-9b01-b21dd061401f-2,WEAK_BATTERY_START,2025-11-25 21:31:36,2025-11-25 21:31:49,18.9368832,73.347392,37570,1660,FixOK,,OaG5CU0303,G133fg5425,"Chauk - Karjat - Murbad Rd, Posari, Maharashtra 410201, India",0,,IgnitionOn,1,,,,
11f6a8b2-4bf2-4042-9b01-b21dd061401f-1,EDC_BS6_PERIODIC,2025-11-25 21:31:41,2025-11-25 21:31:49,18.9368464,73.347456,25659,1660,FixOK,A,OaG5CU0303,G133fg5425,"Chauk - Karjat - Murbad Rd, Posari, Maharashtra 410201, India",15280.25,0,IgnitionOn,1,52.709,108.87,53,-113
a7421c27-71b3-407f-a50c-c0863e5e1c2b-12,WEAK_BATTERY_END,2025-11-25 21:31:43,2025-11-25 21:36:02,18.9368352,73.3475136,37571,1660,FixOK,,OaG5CU0303,G133fg5425,"W9R3+X64, Murbad Rd, Kundalaj, Maharashtra 410201, India",0,,IgnitionOn,1,,,,
a7421c27-71b3-407f-a50c-c0863e5e1c2b-11,EDC_BS6_PERIODIC,2025-11-25 21:31:47,2025-11-25 21:36:02,18.93688,73.3476416,25660,1660,FixOK,A,OaG5CU0303,G133fg5425,"W9R3+X64, Murbad Rd, Kundalaj, Maharashtra 410201, India",15280.25,8.93,IgnitionOn,1,52.119,100.34,53,-113
4dcf80dd-2a86-43fc-a175-a74175e6d543,HEARTBEAT_MESSAGE,2025-11-25 21:31:47,2025-11-25 21:31:47,0,0,,,,,OaG5CU0303,G133fg5425,,,,,1,,,,
9b9c19f1-eb43-4bf8-a343-ab5fc656e994-10,EDC_BS6_PERIODIC,2025-11-25 21:31:53,2025-11-25 21:32:50,18.937112,73.3477824,25661,1660,FixOK,A,OaG5CU0303,G133fg5425,"Chauk - Karjat - Murbad Rd, Posari, Maharashtra 410201, India",15280.25,15.2,IgnitionOn,1,51.094,35.43,53,-113
9b9c19f1-eb43-4bf8-a343-ab5fc656e994-9,EDC_BS6_PERIODIC,2025-11-25 21:31:59,2025-11-25 21:32:50,18.9374256,73.3480256,25662,1660,FixOK,A,OaG5CU0303,G133fg5425,"Chauk - Karjat - Murbad Rd, Posari, Maharashtra 410201, India",15280.25,22.34,IgnitionOn,1,50.382,36.4,53,-113
9b9c19f1-eb43-4bf8-a343-ab5fc656e994-8,EDC_BS6_PERIODIC,2025-11-25 21:32:05,2025-11-25 21:32:50,18.9377904,73.3483136,25663,1660,FixOK,A,OaG5CU0303,G133fg5425,"Chauk - Karjat - Murbad Rd, Posari, Maharashtra 410201, India",15280.25,28.77,IgnitionOn,1,49.376,37.09,53,-113
9b9c19f1-eb43-4bf8-a343-ab5fc656e994-7,EDC_BS6_PERIODIC,2025-11-25 21:32:11,2025-11-25 21:32:50,18.938136,73.348576,25664,1660,FixOK,A,OaG5CU0303,G133fg5425,"Chauk - Karjat - Murbad Rd, Posari, Maharashtra 410201, India",15280.375,32.57,IgnitionOn,1,48.644,36.04,54,-113
9b9c19f1-eb43-4bf8-a343-ab5fc656e994-6,EDC_BS6_PERIODIC,2025-11-25 21:32:17,2025-11-25 21:32:50,18.938592,73.3489408,25665,1660,FixOK,A,OaG5CU0303,G133fg5425,"Chauk - Karjat - Murbad Rd, Posari, Maharashtra 410201, India",15280.375,37.45,IgnitionOn,1,48.314,37.61,54,-113
9b9c19f1-eb43-4bf8-a343-ab5fc656e994-5,EDC_BS6_PERIODIC,2025-11-25 21:32:23,2025-11-25 21:32:50,18.9390624,73.349312,25666,1660,FixOK,A,OaG5CU0303,G133fg5425,"Chauk - Karjat - Murbad Rd, Posari, Maharashtra 410201, India",15280.5,41.38,IgnitionOn,1,48.194,36.97,54,-113
9b9c19f1-eb43-4bf8-a343-ab5fc656e994-4,CLUTCH_RIDING_START,2025-11-25 21:32:25,2025-11-25 21:32:50,18.939216,73.3494336,37572,1660,FixOK,,OaG5CU0303,G133fg5425,"Chauk - Karjat - Murbad Rd, Posari, Maharashtra 410201, India",0,39.01,IgnitionOn,1,,,,
9b9c19f1-eb43-4bf8-a343-ab5fc656e994-3,EDC_BS6_PERIODIC,2025-11-25 21:32:29,2025-11-25 21:32:50,18.9395232,73.349664,25667,1660,FixOK,A,OaG5CU0303,G133fg5425,"Chauk - Karjat - Murbad Rd, Posari, Maharashtra 410201, India",15280.5,38.84,IgnitionOn,1,48.147,36.97,51,-113
9b9c19f1-eb43-4bf8-a343-ab5fc656e994-2,EDC_BS6_PERIODIC,2025-11-25 21:32:35,2025-11-25 21:32:50,18.939984,73.3500288,25668,1660,FixOK,A,OaG5CU0303,G133fg5425,"Chauk - Karjat - Murbad Rd, Posari, Maharashtra 410201, India",15280.625,39.09,IgnitionOn,1,48.464,37.29,52,-113
9b9c19f1-eb43-4bf8-a343-ab5fc656e994-1,EDC_BS6_PERIODIC,2025-11-25 21:32:41,2025-11-25 21:32:50,18.9404128,73.350368,25669,1660,FixOK,A,OaG5CU0303,G133fg5425,"Chauk - Karjat - Murbad Rd, Posari, Maharashtra 410201, India",15280.75,36.7,IgnitionOn,1,48.592,37.02,54,-67
a7421c27-71b3-407f-a50c-c0863e5e1c2b-10,BRAKE_PRESSED,2025-11-25 21:32:44,2025-11-25 21:36:02,18.9406144,73.350528,37573,1660,FixOK,,OaG5CU0303,G133fg5425,"W9R3+X64, Murbad Rd, Kundalaj, Maharashtra 410201, India",0,24.51,IgnitionOn,1,,,,
a7421c27-71b3-407f-a50c-c0863e5e1c2b-9-1,HARSH_BREAKING_END,2025-11-25 21:32:46,2025-11-25 21:36:02,18.9407376,73.3506176,37574,1660,FixOK,,OaG5CU0303,G133fg5425,"W9R3+X64, Murbad Rd, Kundalaj, Maharashtra 410201, India",0,13.6,IgnitionOn,1,,,,
a7421c27-71b3-407f-a50c-c0863e5e1c2b-9,HARSH_BREAKING_START,2025-11-25 21:32:46,2025-11-25 21:36:02,18.9407376,73.3506176,37574,1660,FixOK,,OaG5CU0303,G133fg5425,"W9R3+X64, Murbad Rd, Kundalaj, Maharashtra 410201, India",0,13.6,IgnitionOn,1,,,,
a7421c27-71b3-407f-a50c-c0863e5e1c2b-8,EDC_BS6_PERIODIC,2025-11-25 21:32:47,2025-11-25 21:36:02,18.940784,73.3506496,25670,1660,FixOK,A,OaG5CU0303,G133fg5425,"W9R3+X64, Murbad Rd, Kundalaj, Maharashtra 410201, India",15280.75,34.01,IgnitionOn,1,48.229,38.11,50,-67
a7421c27-71b3-407f-a50c-c0863e5e1c2b-7,CLUTCH_RIDING_END,2025-11-25 21:32:50,2025-11-25 21:36:02,18.9408608,73.3507072,37575,1660,FixOK,,OaG5CU0303,G133fg5425,"W9R3+X64, Murbad Rd, Kundalaj, Maharashtra 410201, India",0,7.73,IgnitionOn,1,,,,
78e3daab-1e0a-4219-90a4-d827f6323c46-10,EDC_BS6_PERIODIC,2025-11-25 21:32:53,2025-11-25 21:33:51,18.9408992,73.350752,25671,1660,FixOK,A,OaG5CU0303,G133fg5425,"Chauk - Karjat - Murbad Rd, Posari, Maharashtra 410201, India",15280.75,12.88,IgnitionOn,1,48.219,37.74,53,-67
78e3daab-1e0a-4219-90a4-d827f6323c46-9,EDC_BS6_PERIODIC,2025-11-25 21:32:59,2025-11-25 21:33:51,18.9410368,73.3508736,25672,1660,FixOK,A,OaG5CU0303,G133fg5425,"Chauk - Karjat - Murbad Rd, Posari, Maharashtra 410201, India",15280.75,8.17,IgnitionOn,1,48.867,44.83,52,-67
78e3daab-1e0a-4219-90a4-d827f6323c46-8,EDC_BS6_PERIODIC,2025-11-25 21:33:05,2025-11-25 21:33:51,18.9412352,73.3510976,25673,1660,FixOK,A,OaG5CU0303,G133fg5425,"Chauk - Karjat - Murbad Rd, Posari, Maharashtra 410201, India",15280.875,17.92,IgnitionOn,1,48.182,49.93,52,-67
78e3daab-1e0a-4219-90a4-d827f6323c46-7,BRAKE_PRESSED,2025-11-25 21:33:06,2025-11-25 21:33:51,18.9412736,73.3511424,37576,1660,FixOK,,OaG5CU0303,G133fg5425,"Chauk - Karjat - Murbad Rd, Posari, Maharashtra 410201, India",0,15.85,IgnitionOn,1,,,,
78e3daab-1e0a-4219-90a4-d827f6323c46-6,EDC_BS6_PERIODIC,2025-11-25 21:33:11,2025-11-25 21:33:51,18.9413936,73.3512896,25674,1660,FixOK,A,OaG5CU0303,G133fg5425,"Chauk - Karjat - Murbad Rd, Posari, Maharashtra 410201, India",15280.875,21.82,IgnitionOn,1,47.452,47.36,51,-67
78e3daab-1e0a-4219-90a4-d827f6323c46-5,EDC_BS6_PERIODIC,2025-11-25 21:33:17,2025-11-25 21:33:51,18.941472,73.3513728,25675,1660,FixOK,A,OaG5CU0303,G133fg5425,"Chauk - Karjat - Murbad Rd, Posari, Maharashtra 410201, India",15280.875,6,IgnitionOn,1,47.376,49.18,54,-67
78e3daab-1e0a-4219-90a4-d827f6323c46-4,EDC_BS6_PERIODIC,2025-11-25 21:33:23,2025-11-25 21:33:51,18.94164,73.3515648,25676,1660,FixOK,A,OaG5CU0303,G133fg5425,"Chauk - Karjat - Murbad Rd, Posari, Maharashtra 410201, India",15280.875,16.19,IgnitionOn,1,47.208,47.66,53,-67
78e3daab-1e0a-4219-90a4-d827f6323c46-3,EDC_BS6_PERIODIC,2025-11-25 21:33:29,2025-11-25 21:33:51,18.9418864,73.3518592,25677,1660,FixOK,A,OaG5CU0303,G133fg5425,"Chauk - Karjat - Murbad Rd, Posari, Maharashtra 410201, India",15281,23.77,IgnitionOn,1,47.397,47.97,54,-67
78e3daab-1e0a-4219-90a4-d827f6323c46-2,EDC_BS6_PERIODIC,2025-11-25 21:33:35,2025-11-25 21:33:51,18.9421952,73.3521984,25678,1660,FixOK,A,OaG5CU0303,G133fg5425,"Chauk - Karjat - Murbad Rd, Posari, Maharashtra 410201, India",15281,28.67,IgnitionOn,1,45.484,45.59,53,-67
78e3daab-1e0a-4219-90a4-d827f6323c46-1,EDC_BS6_PERIODIC,2025-11-25 21:33:41,2025-11-25 21:33:51,18.9425472,73.352608,25679,1660,FixOK,A,OaG5CU0303,G133fg5425,"Chauk - Karjat - Murbad Rd, Posari, Maharashtra 410201, India",15281,35.05,IgnitionOn,1,44.07,47.81,54,-67
a7421c27-71b3-407f-a50c-c0863e5e1c2b-6,EDC_BS6_PERIODIC,2025-11-25 21:33:47,2025-11-25 21:36:02,18.9429152,73.353024,25680,1660,FixOK,A,OaG5CU0303,G133fg5425,"W9R3+X64, Murbad Rd, Kundalaj, Maharashtra 410201, India",15281.125,36.35,IgnitionOn,1,43.006,48,53,-67
a7421c27-71b3-407f-a50c-c0863e5e1c2b-5,EDC_BS6_PERIODIC,2025-11-25 21:33:53,2025-11-25 21:36:02,18.9432608,73.353408,25681,1660,FixOK,A,OaG5CU0303,G133fg5425,"W9R3+X64, Murbad Rd, Kundalaj, Maharashtra 410201, India",15281.125,40,IgnitionOn,1,42.578,46.43,54,-67
a7421c27-71b3-407f-a50c-c0863e5e1c2b-4,EDC_BS6_PERIODIC,2025-11-25 21:33:59,2025-11-25 21:36:02,18.943688,73.353888,25682,1660,FixOK,A,OaG5CU0303,G133fg5425,"W9R3+X64, Murbad Rd, Kundalaj, Maharashtra 410201, India",15281.25,41.68,IgnitionOn,1,41.747,47.59,54,-67
03ad7a66-5a23-4682-8bc5-b62be8219758-10,EDC_BS6_PERIODIC,2025-11-25 21:34:05,2025-11-25 21:34:51,18.9441584,73.354432,25683,1660,FixOK,A,OaG5CU0303,G133fg5425,"Chauk - Karjat - Murbad Rd, Posari, Maharashtra 410201, India",15281.375,47.27,IgnitionOn,1,41.752,47.81,54,-67
03ad7a66-5a23-4682-8bc5-b62be8219758-9,EDC_BS6_PERIODIC,2025-11-25 21:34:11,2025-11-25 21:34:51,18.9446528,73.3550144,25684,1660,FixOK,A,OaG5CU0303,G133fg5425,"Chauk - Karjat - Murbad Rd, Posari, Maharashtra 410201, India",15281.375,48.07,IgnitionOn,1,41.873,49.13,54,-67
03ad7a66-5a23-4682-8bc5-b62be8219758-8,BRAKE_PRESSED,2025-11-25 21:34:14,2025-11-25 21:34:51,18.9448992,73.355296,37577,1660,FixOK,,OaG5CU0303,G133fg5425,"Chauk - Karjat - Murbad Rd, Posari, Maharashtra 410201, India",0,43.93,IgnitionOn,1,,,,
03ad7a66-5a23-4682-8bc5-b62be8219758-7,EDC_BS6_PERIODIC,2025-11-25 21:34:17,2025-11-25 21:34:51,18.9451488,73.3555712,25685,1660,FixOK,A,OaG5CU0303,G133fg5425,"Chauk - Karjat - Murbad Rd, Posari, Maharashtra 410201, India",15281.5,50.48,IgnitionOn,1,41.151,47.66,54,-67
03ad7a66-5a23-4682-8bc5-b62be8219758-6,EDC_BS6_PERIODIC,2025-11-25 21:34:23,2025-11-25 21:34:51,18.9455808,73.3560576,25686,1660,FixOK,A,OaG5CU0303,G133fg5425,"Chauk - Karjat - Murbad Rd, Posari, Maharashtra 410201, India",15281.5,43.45,IgnitionOn,1,42.03,47.81,54,-67
03ad7a66-5a23-4682-8bc5-b62be8219758-5,BRAKE_PRESSED,2025-11-25 21:34:28,2025-11-25 21:34:51,18.9459216,73.3564288,37578,1660,FixOK,,OaG5CU0303,G133fg5425,"Chauk - Karjat - Murbad Rd, Posari, Maharashtra 410201, India",0,36.91,IgnitionOn,1,,,,
03ad7a66-5a23-4682-8bc5-b62be8219758-4,EDC_BS6_PERIODIC,2025-11-25 21:34:29,2025-11-25 21:34:51,18.9459872,73.3565056,25687,1660,FixOK,A,OaG5CU0303,G133fg5425,"Chauk - Karjat - Murbad Rd, Posari, Maharashtra 410201, India",15281.625,39.9,IgnitionOn,1,41.831,46.4,54,-67
03ad7a66-5a23-4682-8bc5-b62be8219758-3,EDC_BS6_PERIODIC,2025-11-25 21:34:35,2025-11-25 21:34:51,18.9463664,73.3569216,25688,1660,FixOK,A,OaG5CU0303,G133fg5425,"Chauk - Karjat - Murbad Rd, Posari, Maharashtra 410201, India",15281.75,36.85,IgnitionOn,1,42.157,46.31,54,-67
03ad7a66-5a23-4682-8bc5-b62be8219758-2,BRAKE_PRESSED,2025-11-25 21:34:37,2025-11-25 21:34:51,18.9464864,73.357056,37579,1660,FixOK,,OaG5CU0303,G133fg5425,"Chauk - Karjat - Murbad Rd, Posari, Maharashtra 410201, India",0,31.04,IgnitionOn,1,,,,
03ad7a66-5a23-4682-8bc5-b62be8219758-1,EDC_BS6_PERIODIC,2025-11-25 21:34:41,2025-11-25 21:34:51,18.9467168,73.3573248,25689,1660,FixOK,A,OaG5CU0303,G133fg5425,"Chauk - Karjat - Murbad Rd, Posari, Maharashtra 410201, India",15281.75,36.02,IgnitionOn,1,42.442,48.09,54,-67
a7421c27-71b3-407f-a50c-c0863e5e1c2b-3,EDC_BS6_PERIODIC,2025-11-25 21:34:47,2025-11-25 21:36:02,18.947,73.3576448,25690,1660,FixOK,A,OaG5CU0303,G133fg5425,"W9R3+X64, Murbad Rd, Kundalaj, Maharashtra 410201, India",15281.875,26.45,IgnitionOn,1,43.041,49,55,-67
a7421c27-71b3-407f-a50c-c0863e5e1c2b-2,EDC_BS6_PERIODIC,2025-11-25 21:34:53,2025-11-25 21:36:02,18.9473472,73.3580416,25691,1660,FixOK,A,OaG5CU0303,G133fg5425,"W9R3+X64, Murbad Rd, Kundalaj, Maharashtra 410201, India",15281.875,33.98,IgnitionOn,1,43.284,45.41,54,-67
a7421c27-71b3-407f-a50c-c0863e5e1c2b-1,EXHAUST_BRAKE_ON_START,2025-11-25 21:34:54,2025-11-25 21:36:02,18.9474144,73.3581056,37580,1660,FixOK,,OaG5CU0303,G133fg5425,"W9R3+X64, Murbad Rd, Kundalaj, Maharashtra 410201, India",0,38.42,IgnitionOn,1,,,,
e75e3841-ed83-4146-ab48-b38762e12cea-1,BRAKE_PRESSED,2025-11-25 21:34:56,2025-11-25 21:41:43,18.947552,73.3582464,37581,1660,FixOK,,OaG5CU0303,G133fg5425,"X959+6P5, Markewadi, Maharashtra 410201, India",0,30.98,IgnitionOn,1,,,,
e75e3841-ed83-4146-ab48-b38762e12cea-2,EXHAUST_BRAKE_ON_END,2025-11-25 21:34:56,2025-11-25 21:41:43,18.947552,73.3582464,37582,1660,FixOK,,OaG5CU0303,G133fg5425,"X959+6P5, Markewadi, Maharashtra 410201, India",0,30.72,IgnitionOn,1,,,,
09c8c393-789e-4e25-a917-d9302b1dcd00-10,EDC_BS6_PERIODIC,2025-11-25 21:34:59,2025-11-25 21:35:54,18.947752,73.3584576,25692,1660,FixOK,A,OaG5CU0303,G133fg5425,"W9R2+FG9, Kundalaj, Maharashtra 410201, India",15282,39.12,IgnitionOn,1,43.276,44.36,54,-67
09c8c393-789e-4e25-a917-d9302b1dcd00-9-1,HARSH_BREAKING_END,2025-11-25 21:35:00,2025-11-25 21:35:54,18.9478064,73.3585152,37583,1660,FixOK,,OaG5CU0303,G133fg5425,"W9R2+FG9, Kundalaj, Maharashtra 410201, India",0,10.5,IgnitionOn,1,,,,
09c8c393-789e-4e25-a917-d9302b1dcd00-9,HARSH_BREAKING_START,2025-11-25 21:35:00,2025-11-25 21:35:54,18.9478064,73.3585152,37583,1660,FixOK,,OaG5CU0303,G133fg5425,"W9R2+FG9, Kundalaj, Maharashtra 410201, India",0,10.5,IgnitionOn,1,,,,
09c8c393-789e-4e25-a917-d9302b1dcd00-8,EDC_BS6_PERIODIC,2025-11-25 21:35:05,2025-11-25 21:35:54,18.947952,73.3586624,25693,1660,FixOK,A,OaG5CU0303,G133fg5425,"W9R2+FG9, Kundalaj, Maharashtra 410201, India",15282,22.66,IgnitionOn,1,44.75,44.09,54,-67
09c8c393-789e-4e25-a917-d9302b1dcd00-7,EDC_BS6_PERIODIC,2025-11-25 21:35:11,2025-11-25 21:35:54,18.9480768,73.3587968,25694,1660,FixOK,A,OaG5CU0303,G133fg5425,"W9R2+FG9, Kundalaj, Maharashtra 410201, India",15282,11.16,IgnitionOn,1,44.473,44.11,52,-67
09c8c393-789e-4e25-a917-d9302b1dcd00-6,BRAKE_PRESSED,2025-11-25 21:35:12,2025-11-25 21:35:54,18.948104,73.3588416,37584,1660,FixOK,,OaG5CU0303,G133fg5425,"W9R2+FG9, Kundalaj, Maharashtra 410201, India",0,8.93,IgnitionOn,1,,,,
09c8c393-789e-4e25-a917-d9302b1dcd00-5,EDC_BS6_PERIODIC,2025-11-25 21:35:17,2025-11-25 21:35:54,18.9482048,73.3589504,25695,1660,FixOK,A,OaG5CU0303,G133fg5425,"W9R2+FG9, Kundalaj, Maharashtra 410201, India",15282,17.48,IgnitionOn,1,44.967,46.88,53,-67
09c8c393-789e-4e25-a917-d9302b1dcd00-4,EDC_BS6_PERIODIC,2025-11-25 21:35:23,2025-11-25 21:35:54,18.948312,73.359072,25696,1660,FixOK,A,OaG5CU0303,G133fg5425,"W9R2+FG9, Kundalaj, Maharashtra 410201, India",15282,7.66,IgnitionOn,1,44.805,47.43,51,-67
09c8c393-789e-4e25-a917-d9302b1dcd00-3,EDC_BS6_PERIODIC,2025-11-25 21:35:29,2025-11-25 21:35:54,18.948472,73.359264,25697,1660,FixOK,A,OaG5CU0303,G133fg5425,"W9R2+FG9, Kundalaj, Maharashtra 410201, India",15282.125,18.43,IgnitionOn,1,45.646,49.93,52,-67
09c8c393-789e-4e25-a917-d9302b1dcd00-2,EDC_BS6_PERIODIC,2025-11-25 21:35:35,2025-11-25 21:35:54,18.9487344,73.3595904,25698,1660,FixOK,A,OaG5CU0303,G133fg5425,"W9R2+FG9, Kundalaj, Maharashtra 410201, India",15282.125,28.65,IgnitionOn,1,46.021,50.18,53,-67
09c8c393-789e-4e25-a917-d9302b1dcd00-1,EDC_BS6_PERIODIC,2025-11-25 21:35:41,2025-11-25 21:35:54,18.9490576,73.3599936,25699,1660,FixOK,A,OaG5CU0303,G133fg5425,"W9R2+FG9, Kundalaj, Maharashtra 410201, India",15282.125,34.18,IgnitionOn,1,45.997,49.5,52,-67
e75e3841-ed83-4146-ab48-b38762e12cea-3,EDC_BS6_PERIODIC,2025-11-25 21:35:47,2025-11-25 21:41:43,18.949432,73.3604544,25700,1660,FixOK,A,OaG5CU0303,G133fg5425,"X959+6P5, Markewadi, Maharashtra 410201, India",15282.25,38.98,IgnitionOn,1,45.902,50.08,53,-67
e75e3841-ed83-4146-ab48-b38762e12cea-4,EDC_BS6_PERIODIC,2025-11-25 21:35:53,2025-11-25 21:41:43,18.9498208,73.360928,25701,1660,FixOK,A,OaG5CU0303,G133fg5425,"X959+6P5, Markewadi, Maharashtra 410201, India",15282.375,40.08,IgnitionOn,1,45.839,50.27,52,-67
e75e3841-ed83-4146-ab48-b38762e12cea-5,EDC_BS6_PERIODIC,2025-11-25 21:35:59,2025-11-25 21:41:43,18.9505184,73.3618176,25702,1660,FixOK,A,OaG5CU0303,G133fg5425,"X959+6P5, Markewadi, Maharashtra 410201, India",15282.375,43.6,IgnitionOn,1,44.105,49.43,53,-67
e75e3841-ed83-4146-ab48-b38762e12cea-6,EDC_BS6_PERIODIC,2025-11-25 21:36:05,2025-11-25 21:41:43,18.9509664,73.362368,25703,1660,FixOK,A,OaG5CU0303,G133fg5425,"X959+6P5, Markewadi, Maharashtra 410201, India",15282.5,46.06,IgnitionOn,1,44.556,49.65,53,-67
445d82ce-7d35-4a05-b07a-63f791b5ca10-10,EDC_BS6_PERIODIC,2025-11-25 21:36:11,2025-11-25 21:36:54,18.951408,73.3629184,25704,1660,FixOK,A,OaG5CU0303,G133fg5425,"W9W4+749, Chauk - Karjat - Murbad Rd, Kundalaj, Maharashtra 410201, India",15282.5,46.16,IgnitionOn,1,46.103,49.61,53,-67
445d82ce-7d35-4a05-b07a-63f791b5ca10-9,EDC_BS6_PERIODIC,2025-11-25 21:36:17,2025-11-25 21:36:54,18.9518528,73.3634688,25705,1660,FixOK,A,OaG5CU0303,G133fg5425,"W9W4+749, Chauk - Karjat - Murbad Rd, Kundalaj, Maharashtra 410201, India",15282.625,44.55,IgnitionOn,1,46.194,50.38,53,-67
445d82ce-7d35-4a05-b07a-63f791b5ca10-8,EDC_BS6_PERIODIC,2025-11-25 21:36:23,2025-11-25 21:36:54,18.9523072,73.364032,25706,1660,FixOK,A,OaG5CU0303,G133fg5425,"W9W4+749, Chauk - Karjat - Murbad Rd, Kundalaj, Maharashtra 410201, India",15282.75,46.42,IgnitionOn,1,45.933,50.08,53,-67
445d82ce-7d35-4a05-b07a-63f791b5ca10-7,BRAKE_PRESSED,2025-11-25 21:36:28,2025-11-25 21:36:54,18.952672,73.36448,37585,1660,FixOK,,OaG5CU0303,G133fg5425,"W9W4+749, Chauk - Karjat - Murbad Rd, Kundalaj, Maharashtra 410201, India",0,38.4,IgnitionOn,1,,,,
445d82ce-7d35-4a05-b07a-63f791b5ca10-6,EDC_BS6_PERIODIC,2025-11-25 21:36:29,2025-11-25 21:36:54,18.9527376,73.3645568,25707,1660,FixOK,A,OaG5CU0303,G133fg5425,"W9W4+749, Chauk - Karjat - Murbad Rd, Kundalaj, Maharashtra 410201, India",15282.75,47.48,IgnitionOn,1,46.708,49.81,51,-67
445d82ce-7d35-4a05-b07a-63f791b5ca10-5-1,HARSH_BREAKING_END,2025-11-25 21:36:32,2025-11-25 21:36:54,18.9528928,73.364736,37586,1660,FixOK,,OaG5CU0303,G133fg5425,"W9W4+749, Chauk - Karjat - Murbad Rd, Kundalaj, Maharashtra 410201, India",0,14.15,IgnitionOn,1,,,,
445d82ce-7d35-4a05-b07a-63f791b5ca10-5,HARSH_BREAKING_START,2025-11-25 21:36:32,2025-11-25 21:36:54,18.9528928,73.364736,37586,1660,FixOK,,OaG5CU0303,G133fg5425,"W9W4+749, Chauk - Karjat - Murbad Rd, Kundalaj, Maharashtra 410201, India",0,14.15,IgnitionOn,1,,,,
445d82ce-7d35-4a05-b07a-63f791b5ca10-4-1,HARSH_BREAKING_END,2025-11-25 21:36:34,2025-11-25 21:36:54,18.9529408,73.3647936,37587,1660,FixOK,,OaG5CU0303,G133fg5425,"W9W4+749, Chauk - Karjat - Murbad Rd, Kundalaj, Maharashtra 410201, India",0,6.76,IgnitionOn,1,,,,
445d82ce-7d35-4a05-b07a-63f791b5ca10-4,HARSH_BREAKING_START,2025-11-25 21:36:34,2025-11-25 21:36:54,18.9529408,73.3647936,37587,1660,FixOK,,OaG5CU0303,G133fg5425,"W9W4+749, Chauk - Karjat - Murbad Rd, Kundalaj, Maharashtra 410201, India",0,6.76,IgnitionOn,1,,,,
445d82ce-7d35-4a05-b07a-63f791b5ca10-3,EDC_BS6_PERIODIC,2025-11-25 21:36:35,2025-11-25 21:36:54,18.9529536,73.3648064,25708,1660,FixOK,A,OaG5CU0303,G133fg5425,"W9W4+749, Chauk - Karjat - Murbad Rd, Kundalaj, Maharashtra 410201, India",15282.875,38.4,IgnitionOn,1,46.931,48.63,53,-67
445d82ce-7d35-4a05-b07a-63f791b5ca10-2,EDC_BS6_PERIODIC,2025-11-25 21:36:41,2025-11-25 21:36:54,18.953032,73.3649152,25709,1660,FixOK,A,OaG5CU0303,G133fg5425,"W9W4+749, Chauk - Karjat - Murbad Rd, Kundalaj, Maharashtra 410201, India",15282.875,6.76,IgnitionOn,1,46.689,49.66,53,-67
445d82ce-7d35-4a05-b07a-63f791b5ca10-1,EDC_BS6_PERIODIC,2025-11-25 21:36:47,2025-11-25 21:36:54,18.9532144,73.3651328,25710,1660,FixOK,A,OaG5CU0303,G133fg5425,"W9W4+749, Chauk - Karjat - Murbad Rd, Kundalaj, Maharashtra 410201, India",15282.875,15.45,IgnitionOn,1,46.194,48.56,53,-67
e75e3841-ed83-4146-ab48-b38762e12cea-7,EDC_BS6_PERIODIC,2025-11-25 21:36:53,2025-11-25 21:41:43,18.953448,73.36544,25711,1660,FixOK,A,OaG5CU0303,G133fg5425,"X959+6P5, Markewadi, Maharashtra 410201, India",15283,23.37,IgnitionOn,1,46.678,50.61,53,-67
e75e3841-ed83-4146-ab48-b38762e12cea-8,EDC_BS6_PERIODIC,2025-11-25 21:36:59,2025-11-25 21:41:43,18.9537152,73.365792,25712,1660,FixOK,A,OaG5CU0303,G133fg5425,"X959+6P5, Markewadi, Maharashtra 410201, India",15283,26.6,IgnitionOn,1,47.258,50.81,52,-67
e75e3841-ed83-4146-ab48-b38762e12cea-9,EDC_BS6_PERIODIC,2025-11-25 21:37:05,2025-11-25 21:41:43,18.9540032,73.3661696,25713,1660,FixOK,A,OaG5CU0303,G133fg5425,"X959+6P5, Markewadi, Maharashtra 410201, India",15283,30.61,IgnitionOn,1,47.951,51.91,53,-67
e75e3841-ed83-4146-ab48-b38762e12cea-10,BRAKE_PRESSED,2025-11-25 21:37:08,2025-11-25 21:41:43,18.954096,73.3662848,37588,1660,FixOK,,OaG5CU0303,G133fg5425,"X959+6P5, Markewadi, Maharashtra 410201, India",0,18.09,IgnitionOn,1,,,,
0df3c12b-9f04-4999-9736-ec20c79a97f7-10,EDC_BS6_PERIODIC,2025-11-25 21:37:11,2025-11-25 21:37:55,18.954192,73.3664128,25714,1660,FixOK,A,OaG5CU0303,G133fg5425,"W9X6+V8C, NH 548A, Bhatgaon, Maharashtra 410201, India",15283.125,28.85,IgnitionOn,1,48.501,51.29,53,-67
0df3c12b-9f04-4999-9736-ec20c79a97f7-9,EXHAUST_BRAKE_ON_START,2025-11-25 21:37:16,2025-11-25 21:37:55,18.9543024,73.3665536,37589,1660,FixOK,,OaG5CU0303,G133fg5425,"W9X6+V8C, NH 548A, Bhatgaon, Maharashtra 410201, India",0,22.81,IgnitionOn,1,,,,
0df3c12b-9f04-4999-9736-ec20c79a97f7-7,EDC_BS6_PERIODIC,2025-11-25 21:37:17,2025-11-25 21:37:55,18.9543664,73.3666496,25715,1660,FixOK,A,OaG5CU0303,G133fg5425,"W9X6+V8C, NH 548A, Bhatgaon, Maharashtra 410201, India",15283.125,16.89,IgnitionOn,1,48.607,51.77,52,-67
0df3c12b-9f04-4999-9736-ec20c79a97f7-8,EXHAUST_BRAKE_ON_END,2025-11-25 21:37:17,2025-11-25 21:37:55,18.954336,73.3665984,37590,1660,FixOK,,OaG5CU0303,G133fg5425,"W9X6+V8C, NH 548A, Bhatgaon, Maharashtra 410201, India",0,19.62,IgnitionOn,1,,,,
0df3c12b-9f04-4999-9736-ec20c79a97f7-6,EDC_BS6_PERIODIC,2025-11-25 21:37:23,2025-11-25 21:37:55,18.9545184,73.3668352,25716,1660,FixOK,A,OaG5CU0303,G133fg5425,"W9X6+V8C, NH 548A, Bhatgaon, Maharashtra 410201, India",15283.125,20.18,IgnitionOn,1,49.358,50.7,53,-67
0df3c12b-9f04-4999-9736-ec20c79a97f7-5,EDC_BS6_PERIODIC,2025-11-25 21:37:29,2025-11-25 21:37:55,18.954728,73.36704,25717,1660,FixOK,A,OaG5CU0303,G133fg5425,"W9X6+V8C, NH 548A, Bhatgaon, Maharashtra 410201, India",15283.25,16.22,IgnitionOn,1,49.353,45.04,54,-67
0df3c12b-9f04-4999-9736-ec20c79a97f7-4,BRAKE_PRESSED,2025-11-25 21:37:30,2025-11-25 21:37:55,18.9547664,73.3670784,37591,1660,FixOK,,OaG5CU0303,G133fg5425,"W9X6+V8C, NH 548A, Bhatgaon, Maharashtra 410201, India",0,11.69,IgnitionOn,1,,,,
0df3c12b-9f04-4999-9736-ec20c79a97f7-3,EDC_BS6_PERIODIC,2025-11-25 21:37:35,2025-11-25 21:37:55,18.9548656,73.3671744,25718,1660,FixOK,A,OaG5CU0303,G133fg5425,"W9X6+V8C, NH 548A, Bhatgaon, Maharashtra 410201, India",15283.25,20.1,IgnitionOn,1,49.555,44.31,53,-67
0df3c12b-9f04-4999-9736-ec20c79a97f7-2,EDC_BS6_PERIODIC,2025-11-25 21:37:41,2025-11-25 21:37:55,18.955008,73.3673024,25719,1660,FixOK,A,OaG5CU0303,G133fg5425,"W9X6+V8C, NH 548A, Bhatgaon, Maharashtra 410201, India",15283.25,8.54,IgnitionOn,1,49.199,39.15,53,-67
0df3c12b-9f04-4999-9736-ec20c79a97f7-1,EDC_BS6_PERIODIC,2025-11-25 21:37:47,2025-11-25 21:37:55,18.9552608,73.36752,25720,1660,FixOK,A,OaG5CU0303,G133fg5425,"W9X6+V8C, NH 548A, Bhatgaon, Maharashtra 410201, India",15283.25,17.73,IgnitionOn,1,49.609,39.38,53,-67
e75e3841-ed83-4146-ab48-b38762e12cea-11,EDC_BS6_PERIODIC,2025-11-25 21:37:53,2025-11-25 21:41:43,18.9555744,73.3678208,25721,1660,FixOK,A,OaG5CU0303,G133fg5425,"X959+6P5, Markewadi, Maharashtra 410201, India",15283.375,27.06,IgnitionOn,1,49.961,42.91,54,-67
e75e3841-ed83-4146-ab48-b38762e12cea-12,EDC_BS6_PERIODIC,2025-11-25 21:37:59,2025-11-25 21:41:43,18.9559536,73.36816,25722,1660,FixOK,A,OaG5CU0303,G133fg5425,"X959+6P5, Markewadi, Maharashtra 410201, India",15283.375,32.17,IgnitionOn,1,50.002,41.72,54,-67
427e49a2-2abe-4a17-a1ab-f492ba8c4c99-10,EDC_BS6_PERIODIC,2025-11-25 21:38:05,2025-11-25 21:38:56,18.9563648,73.3685504,25723,1660,FixOK,A,OaG5CU0303,G133fg5425,"Chauk - Karjat - Murbad Rd, Wadawali, Maharashtra 410201, India",15283.375,37.33,IgnitionOn,1,50.862,42.18,54,-67
427e49a2-2abe-4a17-a1ab-f492ba8c4c99-9,EDC_BS6_PERIODIC,2025-11-25 21:38:11,2025-11-25 21:38:56,18.9568,73.368928,25724,1660,FixOK,A,OaG5CU0303,G133fg5425,"Chauk - Karjat - Murbad Rd, Wadawali, Maharashtra 410201, India",15283.5,37.45,IgnitionOn,1,51.59,38.49,53,-67
427e49a2-2abe-4a17-a1ab-f492ba8c4c99-8,BRAKE_PRESSED,2025-11-25 21:38:15,2025-11-25 21:38:56,18.9571216,73.36912,37592,1660,FixOK,,OaG5CU0303,G133fg5425,"Chauk - Karjat - Murbad Rd, Wadawali, Maharashtra 410201, India",0,25.53,IgnitionOn,1,,,,
427e49a2-2abe-4a17-a1ab-f492ba8c4c99-7,EDC_BS6_PERIODIC,2025-11-25 21:38:17,2025-11-25 21:38:56,18.957264,73.3692032,25725,1660,FixOK,A,OaG5CU0303,G133fg5425,"Chauk - Karjat - Murbad Rd, Wadawali, Maharashtra 410201, India",15283.625,37.73,IgnitionOn,1,51.655,28.28,51,-67
427e49a2-2abe-4a17-a1ab-f492ba8c4c99-6,EDC_BS6_PERIODIC,2025-11-25 21:38:23,2025-11-25 21:38:56,18.9574864,73.3692672,25726,1660,FixOK,A,OaG5CU0303,G133fg5425,"Chauk - Karjat - Murbad Rd, Wadawali, Maharashtra 410201, India",15283.625,20.85,IgnitionOn,1,51.41,14.39,52,-67
427e49a2-2abe-4a17-a1ab-f492ba8c4c99-5,EDC_BS6_PERIODIC,2025-11-25 21:38:29,2025-11-25 21:38:56,18.957512,73.36928,25727,1660,FixOK,A,OaG5CU0303,G133fg5425,"Chauk - Karjat - Murbad Rd, Wadawali, Maharashtra 410201, India",15283.625,5.86,IgnitionOn,1,51.284,31.06,51,-67
427e49a2-2abe-4a17-a1ab-f492ba8c4c99-4,EDC_BS6_PERIODIC,2025-11-25 21:38:35,2025-11-25 21:38:56,18.957512,73.36928,25728,1660,FixOK,A,OaG5CU0303,G133fg5425,"Chauk - Karjat - Murbad Rd, Wadawali, Maharashtra 410201, India",15283.625,0,IgnitionOn,1,51.277,31.06,51,-67
427e49a2-2abe-4a17-a1ab-f492ba8c4c99-3,IGNITION_OFF,2025-11-25 21:38:38,2025-11-25 21:38:56,18.957512,73.36928,37593,1660,FixOK,,OaG5CU0303,G133fg5425,"Chauk - Karjat - Murbad Rd, Wadawali, Maharashtra 410201, India",0,,IgnitionOn,0,,,,
427e49a2-2abe-4a17-a1ab-f492ba8c4c99-2,EDC_BS6_PERIODIC,2025-11-25 21:38:41,2025-11-25 21:38:56,18.957512,73.36928,25729,1660,FixOK,A,OaG5CU0303,G133fg5425,"Chauk - Karjat - Murbad Rd, Wadawali, Maharashtra 410201, India",15283.625,0,IgnitionOn,0,51.277,31.06,51,-73
427e49a2-2abe-4a17-a1ab-f492ba8c4c99-1,EDC_BS6_PERIODIC,2025-11-25 21:38:47,2025-11-25 21:38:56,18.957512,73.36928,25730,1660,FixOK,A,OaG5CU0303,G133fg5425,"Chauk - Karjat - Murbad Rd, Wadawali, Maharashtra 410201, India",15283.625,0,IgnitionOn,0,51.277,31.06,51,-73
7f75ba8f-0953-4cc1-8d5e-ead7d7c2ea0a-10,EDC_BS6_PERIODIC,2025-11-25 21:38:53,2025-11-25 21:39:58,18.957512,73.36928,25731,1660,FixOK,A,OaG5CU0303,G133fg5425,"X959+6P5, Markewadi, Maharashtra 410201, India",15283.625,0,IgnitionOn,0,51.277,31.06,51,-73
7f75ba8f-0953-4cc1-8d5e-ead7d7c2ea0a-9,EDC_BS6_PERIODIC,2025-11-25 21:38:59,2025-11-25 21:39:58,18.957512,73.36928,25732,1660,FixOK,A,OaG5CU0303,G133fg5425,"X959+6P5, Markewadi, Maharashtra 410201, India",15283.625,0,IgnitionOn,0,51.277,31.06,51,-73
7f75ba8f-0953-4cc1-8d5e-ead7d7c2ea0a-8,EDC_BS6_PERIODIC,2025-11-25 21:39:05,2025-11-25 21:39:58,18.957512,73.36928,25733,1660,FixOK,A,OaG5CU0303,G133fg5425,"X959+6P5, Markewadi, Maharashtra 410201, India",15283.625,0,IgnitionOn,0,51.277,31.06,50,-73
7f75ba8f-0953-4cc1-8d5e-ead7d7c2ea0a-7,EDC_BS6_PERIODIC,2025-11-25 21:39:11,2025-11-25 21:39:58,18.957512,73.36928,25734,1660,FixOK,A,OaG5CU0303,G133fg5425,"X959+6P5, Markewadi, Maharashtra 410201, India",15283.625,0,IgnitionOn,0,51.277,31.06,50,-73
7f75ba8f-0953-4cc1-8d5e-ead7d7c2ea0a-6,EDC_BS6_PERIODIC,2025-11-25 21:39:17,2025-11-25 21:39:58,18.957512,73.36928,25735,1660,FixOK,A,OaG5CU0303,G133fg5425,"X959+6P5, Markewadi, Maharashtra 410201, India",0,0,IgnitionOn,0,51.277,31.06,51,-73
7f75ba8f-0953-4cc1-8d5e-ead7d7c2ea0a-5,EDC_BS6_PERIODIC,2025-11-25 21:39:23,2025-11-25 21:39:58,18.957512,73.36928,25736,1660,FixOK,A,OaG5CU0303,G133fg5425,"X959+6P5, Markewadi, Maharashtra 410201, India",0,0,IgnitionOn,0,51.277,31.06,50,-73
7f75ba8f-0953-4cc1-8d5e-ead7d7c2ea0a-4,EDC_BS6_PERIODIC,2025-11-25 21:39:29,2025-11-25 21:39:58,18.957512,73.36928,25737,1660,FixOK,A,OaG5CU0303,G133fg5425,"X959+6P5, Markewadi, Maharashtra 410201, India",0,0,IgnitionOn,0,51.277,31.06,50,-73
7f75ba8f-0953-4cc1-8d5e-ead7d7c2ea0a-3,EDC_BS6_PERIODIC,2025-11-25 21:39:35,2025-11-25 21:39:58,18.957512,73.36928,25738,1660,FixOK,A,OaG5CU0303,G133fg5425,"X959+6P5, Markewadi, Maharashtra 410201, India",0,0,IgnitionOn,0,51.277,31.06,50,-73
7f75ba8f-0953-4cc1-8d5e-ead7d7c2ea0a-2,EDC_BS6_PERIODIC,2025-11-25 21:39:41,2025-11-25 21:39:58,18.957512,73.36928,25739,1660,FixOK,A,OaG5CU0303,G133fg5425,"X959+6P5, Markewadi, Maharashtra 410201, India",0,0,IgnitionOn,0,51.277,31.06,50,-73
7f75ba8f-0953-4cc1-8d5e-ead7d7c2ea0a-1,EDC_BS6_PERIODIC,2025-11-25 21:39:47,2025-11-25 21:39:58,18.957512,73.36928,25740,1660,FixOK,A,OaG5CU0303,G133fg5425,"X959+6P5, Markewadi, Maharashtra 410201, India",0,0,IgnitionOn,0,51.277,31.06,50,-73
52c9fc90-c6c4-4212-aa1f-2de0e0e389fa-2,EDC_BS6_PERIODIC,2025-11-25 21:39:53,2025-11-25 21:41:02,18.957512,73.36928,25741,1660,FixOK,A,OaG5CU0303,G133fg5425,"X959+6P5, Markewadi, Maharashtra 410201, India",0,0,IgnitionOn,0,51.277,31.06,50,-73
52c9fc90-c6c4-4212-aa1f-2de0e0e389fa-1,EDC_BS6_PERIODIC,2025-11-25 21:39:59,2025-11-25 21:41:02,18.957512,73.36928,25742,1660,FixOK,A,OaG5CU0303,G133fg5425,"X959+6P5, Markewadi, Maharashtra 410201, India",0,0,IgnitionOn,0,51.277,31.06,50,-73
c3278f26-12d9-4c76-a046-b0bc965c19e3-10,EDC_BS6_PERIODIC,2025-11-25 21:40:05,2025-11-25 21:40:58,18.957512,73.36928,25743,1660,FixOK,A,OaG5CU0303,G133fg5425,"SH-38, मार्केवाडी, महाराष्ट्र 410201, India",0,0,IgnitionOn,0,51.277,31.06,50,-73
c3278f26-12d9-4c76-a046-b0bc965c19e3-9,EDC_BS6_PERIODIC,2025-11-25 21:40:11,2025-11-25 21:40:58,18.957512,73.36928,25744,1660,FixOK,A,OaG5CU0303,G133fg5425,"SH-38, मार्केवाडी, महाराष्ट्र 410201, India",0,0,IgnitionOn,0,51.277,31.06,50,-73
c3278f26-12d9-4c76-a046-b0bc965c19e3-8,EDC_BS6_PERIODIC,2025-11-25 21:40:17,2025-11-25 21:40:58,18.957512,73.36928,25745,1660,FixOK,A,OaG5CU0303,G133fg5425,"SH-38, मार्केवाडी, महाराष्ट्र 410201, India",0,0,IgnitionOn,0,51.277,31.06,49,-73
c3278f26-12d9-4c76-a046-b0bc965c19e3-7,GPS_MESSAGE,2025-11-25 21:40:22,2025-11-25 21:40:58,18.957512,73.36928,,1660,3DFix,,OaG5CU0303,G133fg5425,"SH-38, मार्केवाडी, महाराष्ट्र 410201, India",0,,IgnitionOn,1,51,3,50,
c3278f26-12d9-4c76-a046-b0bc965c19e3-6,EDC_BS6_PERIODIC,2025-11-25 21:40:23,2025-11-25 21:40:58,18.957512,73.36928,25746,1660,FixOK,A,OaG5CU0303,G133fg5425,"SH-38, मार्केवाडी, महाराष्ट्र 410201, India",0,0,IgnitionOn,0,51.277,31.06,50,-73
c3278f26-12d9-4c76-a046-b0bc965c19e3-5,EDC_BS6_PERIODIC,2025-11-25 21:40:29,2025-11-25 21:40:58,18.957512,73.36928,25747,1660,FixOK,A,OaG5CU0303,G133fg5425,"SH-38, मार्केवाडी, महाराष्ट्र 410201, India",0,0,IgnitionOn,0,51.277,31.06,50,-73
c3278f26-12d9-4c76-a046-b0bc965c19e3-4,EDC_BS6_PERIODIC,2025-11-25 21:40:35,2025-11-25 21:40:58,18.957512,73.36928,25748,1660,FixOK,A,OaG5CU0303,G133fg5425,"SH-38, मार्केवाडी, महाराष्ट्र 410201, India",0,0,IgnitionOn,0,51.277,31.06,49,-73
c3278f26-12d9-4c76-a046-b0bc965c19e3-3,GPS_MESSAGE,2025-11-25 21:40:37,2025-11-25 21:40:58,18.957512,73.36928,,1660,3DFix,,OaG5CU0303,G133fg5425,"SH-38, मार्केवाडी, महाराष्ट्र 410201, India",0,,IgnitionOff,0,51,3,49,
c3278f26-12d9-4c76-a046-b0bc965c19e3-1,DEVICE_METRICS,2025-11-25 21:40:38,2025-11-25 21:40:58,18.957512,73.36928,,1660,FixOK,,OaG5CU0303,G133fg5425,"SH-38, मार्केवाडी, महाराष्ट्र 410201, India",0,,IgnitionOff,0,,,,
c3278f26-12d9-4c76-a046-b0bc965c19e3-2,TRIP_END,2025-11-25 21:40:38,2025-11-25 21:40:58,18.957512,73.36928,,1660,FixOK,,OaG5CU0303,G133fg5425,"SH-38, मार्केवाडी, महाराष्ट्र 410201, India",0,,IgnitionOff,0,,,,
2b5053f4-f4cb-45a3-a3d2-b927072af21c,HEARTBEAT_MESSAGE,2025-11-25 21:40:43,2025-11-25 21:40:43,0,0,,,,,OaG5CU0303,G133fg5425,,,,,1,,,,
14b99839-9816-4ac7-867d-93fc8f74e9a4-11,TRIP_START,2025-11-25 21:45:35,2025-11-25 21:47:17,18.9576992,73.3694016,,1661,StoredFix,,OaG5CU0303,G133fg5425,"W9X6+V8C, NH 548A, Bhatgaon, Maharashtra 410201, India",0,,IgnitionOn,1,,,,
14b99839-9816-4ac7-867d-93fc8f74e9a4-10,GPS_MESSAGE,2025-11-25 21:45:49,2025-11-25 21:47:17,18.9576992,73.3694016,,1661,NoFix,,OaG5CU0303,G133fg5425,"W9X6+V8C, NH 548A, Bhatgaon, Maharashtra 410201, India",0,,IgnitionOn,1,0,0,0,
14b99839-9816-4ac7-867d-93fc8f74e9a4-9,VERSION_UPDATE,2025-11-25 21:45:49,2025-11-25 21:47:17,18.9576992,73.3694016,,1661,StoredFix,,OaG5CU0303,G133fg5425,"W9X6+V8C, NH 548A, Bhatgaon, Maharashtra 410201, India",0,,IgnitionOn,1,,,,
14b99839-9816-4ac7-867d-93fc8f74e9a4-8,GPS_MESSAGE,2025-11-25 21:45:53,2025-11-25 21:47:17,18.957856,73.3694848,,1661,3DFix,,OaG5CU0303,G133fg5425,"W9X6+V8C, NH 548A, Bhatgaon, Maharashtra 410201, India",0,,IgnitionOn,1,49,2,46,
14b99839-9816-4ac7-867d-93fc8f74e9a4-7,IGNITION_ON,2025-11-25 21:45:54,2025-11-25 21:47:17,18.9579184,73.3695232,37594,1661,FixOK,,OaG5CU0303,G133fg5425,"W9X6+V8C, NH 548A, Bhatgaon, Maharashtra 410201, India",0,,IgnitionOn,1,,,,
14b99839-9816-4ac7-867d-93fc8f74e9a4-4,ACU_SW_PART_NO,2025-11-25 21:45:55,2025-11-25 21:47:17,18.9579808,73.3695616,37597,1661,FixOK,,OaG5CU0303,G133fg5425,"W9X6+V8C, NH 548A, Bhatgaon, Maharashtra 410201, India",0,,IgnitionOn,1,,,,
14b99839-9816-4ac7-867d-93fc8f74e9a4-5,ECU_SW_PART_NO,2025-11-25 21:45:55,2025-11-25 21:47:17,18.9579808,73.3695616,37596,1661,FixOK,,OaG5CU0303,G133fg5425,"W9X6+V8C, NH 548A, Bhatgaon, Maharashtra 410201, India",0,,IgnitionOn,1,,,,
14b99839-9816-4ac7-867d-93fc8f74e9a4-6,ENGINE_CRANKING,2025-11-25 21:45:55,2025-11-25 21:47:17,18.9579184,73.3695232,37595,1661,FixOK,,OaG5CU0303,G133fg5425,"W9X6+V8C, NH 548A, Bhatgaon, Maharashtra 410201, India",0,,IgnitionOn,1,,,,
14b99839-9816-4ac7-867d-93fc8f74e9a4-2,EDC_BS6_PERIODIC,2025-11-25 21:45:56,2025-11-25 21:47:17,18.9580464,73.3696,25749,1661,FixOK,A,OaG5CU0303,G133fg5425,"W9X6+V8C, NH 548A, Bhatgaon, Maharashtra 410201, India",15283.75,31.14,IgnitionOn,1,49.835,31.06,48,-113
14b99839-9816-4ac7-867d-93fc8f74e9a4-3-1,HARSH_ACCELERATION_END,2025-11-25 21:45:56,2025-11-25 21:47:17,18.9580464,73.3696,37598,1661,FixOK,,OaG5CU0303,G133fg5425,"W9X6+V8C, NH 548A, Bhatgaon, Maharashtra 410201, India",0,33.08,IgnitionOn,1,,,,
14b99839-9816-4ac7-867d-93fc8f74e9a4-3,HARSH_ACCELERATION_START,2025-11-25 21:45:56,2025-11-25 21:47:17,18.9580464,73.3696,37598,1661,FixOK,,OaG5CU0303,G133fg5425,"W9X6+V8C, NH 548A, Bhatgaon, Maharashtra 410201, India",0,33.08,IgnitionOn,1,,,,
14b99839-9816-4ac7-867d-93fc8f74e9a4-1,EDC_BS6_PERIODIC,2025-11-25 21:46:02,2025-11-25 21:47:17,18.958472,73.3698496,25750,1661,FixOK,A,OaG5CU0303,G133fg5425,"W9X6+V8C, NH 548A, Bhatgaon, Maharashtra 410201, India",15283.75,33.2,IgnitionOn,1,50.076,28.92,51,-113
770a1824-7820-47b4-aca8-e573c33db563-11,EDC_BS6_PERIODIC,2025-11-25 21:46:08,2025-11-25 21:57:31,18.9589152,73.370176,25751,1661,FixOK,A,OaG5CU0303,G133fg5425,"Murbad Rd, Maharashtra 410201, India",15283.75,36.77,IgnitionOn,1,50.17,38.81,53,-113
770a1824-7820-47b4-aca8-e573c33db563-10,EDC_BS6_PERIODIC,2025-11-25 21:46:14,2025-11-25 21:57:31,18.9593216,73.3705472,25752,1661,FixOK,A,OaG5CU0303,G133fg5425,"Murbad Rd, Maharashtra 410201, India",15283.875,36.05,IgnitionOn,1,50.416,40.56,50,-113
9884095b-88f0-420b-b63a-9dd085e4d53f-10,EDC_BS6_PERIODIC,2025-11-25 21:46:20,2025-11-25 21:47:13,18.959744,73.3709312,25753,1661,FixOK,A,OaG5CU0303,G133fg5425,"W9X6+V8C, NH 548A, Bhatgaon, Maharashtra 410201, India",15283.875,37.95,IgnitionOn,1,50.56,40.63,51,-113
9884095b-88f0-420b-b63a-9dd085e4d53f-9,EDC_BS6_PERIODIC,2025-11-25 21:46:26,2025-11-25 21:47:13,18.960216,73.371328,25754,1661,FixOK,A,OaG5CU0303,G133fg5425,"W9X6+V8C, NH 548A, Bhatgaon, Maharashtra 410201, India",15284,40.43,IgnitionOn,1,51.556,38.83,52,-113
9884095b-88f0-420b-b63a-9dd085e4d53f-8,EDC_BS6_PERIODIC,2025-11-25 21:46:32,2025-11-25 21:47:13,18.96068,73.3717184,25755,1661,FixOK,A,OaG5CU0303,G133fg5425,"W9X6+V8C, NH 548A, Bhatgaon, Maharashtra 410201, India",15284.125,41.49,IgnitionOn,1,52.118,39.43,52,-113
9884095b-88f0-420b-b63a-9dd085e4d53f-7,BRAKE_PRESSED,2025-11-25 21:46:37,2025-11-25 21:47:13,18.9610368,73.3720256,37599,1661,FixOK,,OaG5CU0303,G133fg5425,"W9X6+V8C, NH 548A, Bhatgaon, Maharashtra 410201, India",0,27.44,IgnitionOn,1,,,,
9884095b-88f0-420b-b63a-9dd085e4d53f-6,EDC_BS6_PERIODIC,2025-11-25 21:46:38,2025-11-25 21:47:13,18.961104,73.3720896,25756,1661,FixOK,A,OaG5CU0303,G133fg5425,"W9X6+V8C, NH 548A, Bhatgaon, Maharashtra 410201, India",15284.125,36.79,IgnitionOn,1,52.056,39.06,50,-113
9884095b-88f0-420b-b63a-9dd085e4d53f-5,EDC_BS6_PERIODIC,2025-11-25 21:46:44,2025-11-25 21:47:13,18.961408,73.3723392,25757,1661,FixOK,A,OaG5CU0303,G133fg5425,"W9X6+V8C, NH 548A, Bhatgaon, Maharashtra 410201, India",15284.125,25.22,IgnitionOn,1,52.965,39.04,51,-113
9884095b-88f0-420b-b63a-9dd085e4d53f-4,EDC_BS6_PERIODIC,2025-11-25 21:46:50,2025-11-25 21:47:13,18.9615664,73.3724864,25758,1661,FixOK,A,OaG5CU0303,G133fg5425,"W9X6+V8C, NH 548A, Bhatgaon, Maharashtra 410201, India",15284.25,13.75,IgnitionOn,1,54.541,32.66,52,-113
9884095b-88f0-420b-b63a-9dd085e4d53f-3,EDC_BS6_PERIODIC,2025-11-25 21:46:56,2025-11-25 21:47:13,18.961672,73.3725824,25759,1661,FixOK,A,OaG5CU0303,G133fg5425,"W9X6+V8C, NH 548A, Bhatgaon, Maharashtra 410201, India",15284.25,9.51,IgnitionOn,1,55.505,44.65,50,-113
9884095b-88f0-420b-b63a-9dd085e4d53f-2,EDC_BS6_PERIODIC,2025-11-25 21:47:02,2025-11-25 21:47:13,18.961736,73.37264,25760,1661,FixOK,A,OaG5CU0303,G133fg5425,"W9X6+V8C, NH 548A, Bhatgaon, Maharashtra 410201, India",15284.25,7.51,IgnitionOn,1,55.629,41.38,49,-113
9884095b-88f0-420b-b63a-9dd085e4d53f-1,EDC_BS6_PERIODIC,2025-11-25 21:47:08,2025-11-25 21:47:13,18.961936,73.3728128,25761,1661,FixOK,A,OaG5CU0303,G133fg5425,"W9X6+V8C, NH 548A, Bhatgaon, Maharashtra 410201, India",15284.25,9.64,IgnitionOn,1,55.508,39.93,51,-113
0a60a114-dd59-48e1-b696-9027b1a98f3e,HEARTBEAT_MESSAGE,2025-11-25 21:47:11,2025-11-25 21:47:11,0,0,,,,,OaG5CU0303,G133fg5425,,,,,1,,,,
770a1824-7820-47b4-aca8-e573c33db563-9,EDC_BS6_PERIODIC,2025-11-25 21:47:14,2025-11-25 21:57:31,18.962096,73.3729856,25762,1661,FixOK,A,OaG5CU0303,G133fg5425,"Murbad Rd, Maharashtra 410201, India",15284.25,13.09,IgnitionOn,1,54.944,42.61,51,-113
ab139a72-81db-400f-b6af-ec98dac00972-10,BRAKE_PRESSED,2025-11-25 21:47:18,2025-11-25 21:48:15,18.9621952,73.3730816,37600,1661,FixOK,,OaG5CU0303,G133fg5425,"X97F+29F, Kadav, Maharashtra 410201, India",0,6.34,IgnitionOn,1,,,,
ab139a72-81db-400f-b6af-ec98dac00972-9,EDC_BS6_PERIODIC,2025-11-25 21:47:20,2025-11-25 21:48:15,18.962216,73.3731072,25763,1661,FixOK,A,OaG5CU0303,G133fg5425,"Murbad Rd, Kadav, Maharashtra 410201, India",15284.25,16.12,IgnitionOn,1,55.366,44.43,51,-113
ab139a72-81db-400f-b6af-ec98dac00972-8,EDC_BS6_PERIODIC,2025-11-25 21:47:26,2025-11-25 21:48:15,18.9622592,73.3731584,25764,1661,FixOK,A,OaG5CU0303,G133fg5425,"Murbad Rd, Kadav, Maharashtra 410201, India",15284.375,5.8,IgnitionOn,1,55.527,54.95,52,-113
ab139a72-81db-400f-b6af-ec98dac00972-7,EDC_BS6_PERIODIC,2025-11-25 21:47:32,2025-11-25 21:48:15,18.962328,73.3733056,25765,1661,FixOK,A,OaG5CU0303,G133fg5425,"Murbad Rd, Kadav, Maharashtra 410201, India",15284.375,8.03,IgnitionOn,1,55.726,65.52,51,-113
ab139a72-81db-400f-b6af-ec98dac00972-6,EDC_BS6_PERIODIC,2025-11-25 21:47:38,2025-11-25 21:48:15,18.9624192,73.3735616,25766,1661,FixOK,A,OaG5CU0303,G133fg5425,"Murbad Rd, Kadav, Maharashtra 410201, India",15284.375,17.04,IgnitionOn,1,56.335,69.48,51,-113
ab139a72-81db-400f-b6af-ec98dac00972-5,EDC_BS6_PERIODIC,2025-11-25 21:47:44,2025-11-25 21:48:15,18.9624768,73.373824,25767,1661,FixOK,A,OaG5CU0303,G133fg5425,"Murbad Rd, Kadav, Maharashtra 410201, India",15284.375,18.42,IgnitionOn,1,56.719,78.02,51,-113
ab139a72-81db-400f-b6af-ec98dac00972-4,EDC_BS6_PERIODIC,2025-11-25 21:47:50,2025-11-25 21:48:15,18.962504,73.3741376,25768,1661,FixOK,A,OaG5CU0303,G133fg5425,"Murbad Rd, Kadav, Maharashtra 410201, India",15284.375,18.22,IgnitionOn,1,56.715,85.75,50,-113
ab139a72-81db-400f-b6af-ec98dac00972-3,EDC_BS6_PERIODIC,2025-11-25 21:47:56,2025-11-25 21:48:15,18.9625296,73.374496,25769,1661,FixOK,A,OaG5CU0303,G133fg5425,"Murbad Rd, Kadav, Maharashtra 410201, India",15284.5,22.48,IgnitionOn,1,56.652,85.66,45,-113
ab139a72-81db-400f-b6af-ec98dac00972-2,EDC_BS6_PERIODIC,2025-11-25 21:48:02,2025-11-25 21:48:15,18.962552,73.3748736,25770,1661,FixOK,A,OaG5CU0303,G133fg5425,"Murbad Rd, Kadav, Maharashtra 410201, India",15284.5,23.59,IgnitionOn,1,56.574,85.66,48,-113
ab139a72-81db-400f-b6af-ec98dac00972-1,EDC_BS6_PERIODIC,2025-11-25 21:48:08,2025-11-25 21:48:15,18.962584,73.3752064,25771,1661,FixOK,A,OaG5CU0303,G133fg5425,"Murbad Rd, Kadav, Maharashtra 410201, India",15284.5,22.54,IgnitionOn,1,57.949,87.06,48,-51
770a1824-7820-47b4-aca8-e573c33db563-8,EDC_BS6_PERIODIC,2025-11-25 21:48:14,2025-11-25 21:57:31,18.96276,73.3754816,25772,1661,FixOK,A,OaG5CU0303,G133fg5425,"Murbad Rd, Maharashtra 410201, India",15284.625,21.48,IgnitionOn,1,59.456,52.95,50,-51
770a1824-7820-47b4-aca8-e573c33db563-7,BRAKE_PRESSED,2025-11-25 21:48:18,2025-11-25 21:57:31,18.9628832,73.3756096,37601,1661,FixOK,,OaG5CU0303,G133fg5425,"Murbad Rd, Maharashtra 410201, India",0,7.46,IgnitionOn,1,,,,
df519c5d-3350-4ca8-aa34-b5d56b20b38a-10,EDC_BS6_PERIODIC,2025-11-25 21:48:20,2025-11-25 21:49:16,18.9629248,73.375648,25773,1661,FixOK,A,OaG5CU0303,G133fg5425,"SH-38, महाराष्ट्र 410201, India",15284.625,17.52,IgnitionOn,1,60.153,44.06,51,-51
df519c5d-3350-4ca8-aa34-b5d56b20b38a-9,EDC_BS6_PERIODIC,2025-11-25 21:48:26,2025-11-25 21:49:16,18.9630048,73.375712,25774,1661,FixOK,A,OaG5CU0303,G133fg5425,"SH-38, महाराष्ट्र 410201, India",15284.625,5.85,IgnitionOn,1,62.056,42.72,51,-51
df519c5d-3350-4ca8-aa34-b5d56b20b38a-8,EDC_BS6_PERIODIC,2025-11-25 21:48:32,2025-11-25 21:49:16,18.963136,73.3758592,25775,1661,FixOK,A,OaG5CU0303,G133fg5425,"SH-38, महाराष्ट्र 410201, India",15284.625,9.33,IgnitionOn,1,62.189,44.18,49,-51
df519c5d-3350-4ca8-aa34-b5d56b20b38a-7,EDC_BS6_PERIODIC,2025-11-25 21:48:38,2025-11-25 21:49:16,18.963304,73.376032,25776,1661,FixOK,A,OaG5CU0303,G133fg5425,"SH-38, महाराष्ट्र 410201, India",15284.625,16.38,IgnitionOn,1,62.492,46.45,50,-51
df519c5d-3350-4ca8-aa34-b5d56b20b38a-6,BRAKE_PRESSED,2025-11-25 21:48:43,2025-11-25 21:49:16,18.9634544,73.376192,37602,1661,FixOK,,OaG5CU0303,G133fg5425,"SH-38, महाराष्ट्र 410201, India",0,6.66,IgnitionOn,1,,,,
df519c5d-3350-4ca8-aa34-b5d56b20b38a-5,EDC_BS6_PERIODIC,2025-11-25 21:48:44,2025-11-25 21:49:16,18.9634736,73.3762048,25777,1661,FixOK,A,OaG5CU0303,G133fg5425,"SH-38, महाराष्ट्र 410201, India",15284.75,18.01,IgnitionOn,1,61.782,45.16,50,-51
df519c5d-3350-4ca8-aa34-b5d56b20b38a-4,EDC_BS6_PERIODIC,2025-11-25 21:48:50,2025-11-25 21:49:16,18.9635488,73.3762944,25778,1661,FixOK,A,OaG5CU0303,G133fg5425,"SH-38, महाराष्ट्र 410201, India",15284.75,6.11,IgnitionOn,1,61.585,46.29,49,-51
df519c5d-3350-4ca8-aa34-b5d56b20b38a-3,EDC_BS6_PERIODIC,2025-11-25 21:48:56,2025-11-25 21:49:16,18.96364,73.3763904,25779,1661,FixOK,A,OaG5CU0303,G133fg5425,"SH-38, महाराष्ट्र 410201, India",15284.75,7.27,IgnitionOn,1,62.228,46,50,-51
df519c5d-3350-4ca8-aa34-b5d56b20b38a-2,EDC_BS6_PERIODIC,2025-11-25 21:49:02,2025-11-25 21:49:16,18.963776,73.3765248,25780,1661,FixOK,A,OaG5CU0303,G133fg5425,"SH-38, महाराष्ट्र 410201, India",15284.75,13.6,IgnitionOn,1,63.244,44.49,50,-51
df519c5d-3350-4ca8-aa34-b5d56b20b38a-1,EDC_BS6_PERIODIC,2025-11-25 21:49:08,2025-11-25 21:49:16,18.9639264,73.3766912,25781,1661,FixOK,A,OaG5CU0303,G133fg5425,"SH-38, महाराष्ट्र 410201, India",15284.75,14.61,IgnitionOn,1,63.956,39.86,51,-51
770a1824-7820-47b4-aca8-e573c33db563-6,EDC_BS6_PERIODIC,2025-11-25 21:49:14,2025-11-25 21:57:31,18.964064,73.3768384,25782,1661,FixOK,A,OaG5CU0303,G133fg5425,"Murbad Rd, Maharashtra 410201, India",15284.75,12.95,IgnitionOn,1,63.696,45.15,50,-51
140c83c9-ee3f-4710-9bcb-d3c1795d2727-10,EDC_BS6_PERIODIC,2025-11-25 21:49:20,2025-11-25 21:50:17,18.9642704,73.3770496,25783,1661,FixOK,A,OaG5CU0303,G133fg5425,"X97F+2H2, Kadav, Maharashtra 410201, India",15284.875,17.76,IgnitionOn,1,63.709,50.18,51,-51
140c83c9-ee3f-4710-9bcb-d3c1795d2727-9,BRAKE_PRESSED,2025-11-25 21:49:21,2025-11-25 21:50:17,18.9643136,73.3770816,37603,1661,FixOK,,OaG5CU0303,G133fg5425,"X97F+2H2, Kadav, Maharashtra 410201, India",0,15.43,IgnitionOn,1,,,,
140c83c9-ee3f-4710-9bcb-d3c1795d2727-8,EDC_BS6_PERIODIC,2025-11-25 21:49:26,2025-11-25 21:50:17,18.964472,73.3772288,25784,1661,FixOK,A,OaG5CU0303,G133fg5425,"X97F+2H2, Kadav, Maharashtra 410201, India",15284.875,21.21,IgnitionOn,1,63.842,49.65,52,-51
140c83c9-ee3f-4710-9bcb-d3c1795d2727-7,EDC_BS6_PERIODIC,2025-11-25 21:49:32,2025-11-25 21:50:17,18.96452,73.37728,25785,1661,FixOK,A,OaG5CU0303,G133fg5425,"X97F+2H2, Kadav, Maharashtra 410201, India",15284.875,5.9700003,IgnitionOn,1,63.925,49.65,51,-51
140c83c9-ee3f-4710-9bcb-d3c1795d2727-6,EDC_BS6_PERIODIC,2025-11-25 21:49:38,2025-11-25 21:50:17,18.96452,73.37728,25786,1661,FixOK,A,OaG5CU0303,G133fg5425,"X97F+2H2, Kadav, Maharashtra 410201, India",15284.875,0,IgnitionOn,1,64.069,49.65,50,-51
140c83c9-ee3f-4710-9bcb-d3c1795d2727-5,EDC_BS6_PERIODIC,2025-11-25 21:49:44,2025-11-25 21:50:17,18.96452,73.37728,25787,1661,FixOK,A,OaG5CU0303,G133fg5425,"X97F+2H2, Kadav, Maharashtra 410201, India",15284.875,0,IgnitionOn,1,64.069,49.65,50,-51
140c83c9-ee3f-4710-9bcb-d3c1795d2727-4,EDC_BS6_PERIODIC,2025-11-25 21:49:50,2025-11-25 21:50:17,18.96452,73.37728,25788,1661,FixOK,A,OaG5CU0303,G133fg5425,"X97F+2H2, Kadav, Maharashtra 410201, India",15284.875,0,IgnitionOn,1,64.069,49.65,50,-51
140c83c9-ee3f-4710-9bcb-d3c1795d2727-3,EDC_BS6_PERIODIC,2025-11-25 21:49:56,2025-11-25 21:50:17,18.96452,73.37728,25789,1661,FixOK,A,OaG5CU0303,G133fg5425,"X97F+2H2, Kadav, Maharashtra 410201, India",15284.875,0,IgnitionOn,1,64.069,49.65,50,-51
140c83c9-ee3f-4710-9bcb-d3c1795d2727-2,EDC_BS6_PERIODIC,2025-11-25 21:50:02,2025-11-25 21:50:17,18.96452,73.37728,25790,1661,FixOK,A,OaG5CU0303,G133fg5425,"X97F+2H2, Kadav, Maharashtra 410201, India",15284.875,0,IgnitionOn,1,64.069,49.65,50,-51
140c83c9-ee3f-4710-9bcb-d3c1795d2727-1,EDC_BS6_PERIODIC,2025-11-25 21:50:08,2025-11-25 21:50:17,18.96452,73.37728,25791,1661,FixOK,A,OaG5CU0303,G133fg5425,"X97F+2H2, Kadav, Maharashtra 410201, India",15284.875,0,IgnitionOn,1,64.069,49.65,49,-51
f34ceb27-7040-418e-a028-72cbc742989b-10,EDC_BS6_PERIODIC,2025-11-25 21:50:14,2025-11-25 21:51:18,18.96452,73.37728,25792,1661,FixOK,A,OaG5CU0303,G133fg5425,"X97F+29F, Kadav, Maharashtra 410201, India",15284.875,0,IgnitionOn,1,64.069,49.65,50,-51
f34ceb27-7040-418e-a028-72cbc742989b-9,EDC_BS6_PERIODIC,2025-11-25 21:50:20,2025-11-25 21:51:18,18.96452,73.37728,25793,1661,FixOK,A,OaG5CU0303,G133fg5425,"X97F+29F, Kadav, Maharashtra 410201, India",15284.875,0,IgnitionOn,1,64.069,49.65,50,-51
f34ceb27-7040-418e-a028-72cbc742989b-8,EDC_BS6_PERIODIC,2025-11-25 21:50:26,2025-11-25 21:51:18,18.96452,73.37728,25794,1661,FixOK,A,OaG5CU0303,G133fg5425,"X97F+29F, Kadav, Maharashtra 410201, India",15284.875,0,IgnitionOn,1,64.069,49.65,50,-51
f34ceb27-7040-418e-a028-72cbc742989b-7,EDC_BS6_PERIODIC,2025-11-25 21:50:32,2025-11-25 21:51:18,18.96452,73.37728,25795,1661,FixOK,A,OaG5CU0303,G133fg5425,"X97F+29F, Kadav, Maharashtra 410201, India",15284.875,0,IgnitionOn,1,64.069,49.65,50,-51
f34ceb27-7040-418e-a028-72cbc742989b-6,EDC_BS6_PERIODIC,2025-11-25 21:50:38,2025-11-25 21:51:18,18.96452,73.37728,25796,1661,FixOK,A,OaG5CU0303,G133fg5425,"X97F+29F, Kadav, Maharashtra 410201, India",15284.875,0,IgnitionOn,1,64.069,49.65,50,-51
f34ceb27-7040-418e-a028-72cbc742989b-5,EDC_BS6_PERIODIC,2025-11-25 21:50:44,2025-11-25 21:51:18,18.96452,73.37728,25797,1661,FixOK,A,OaG5CU0303,G133fg5425,"X97F+29F, Kadav, Maharashtra 410201, India",15284.875,0,IgnitionOn,1,64.069,49.65,50,-51
f34ceb27-7040-418e-a028-72cbc742989b-4,EDC_BS6_PERIODIC,2025-11-25 21:50:50,2025-11-25 21:51:18,18.96452,73.37728,25798,1661,FixOK,A,OaG5CU0303,G133fg5425,"X97F+29F, Kadav, Maharashtra 410201, India",15284.875,0,IgnitionOn,1,64.069,49.65,50,-51
f34ceb27-7040-418e-a028-72cbc742989b-3,EDC_BS6_PERIODIC,2025-11-25 21:50:56,2025-11-25 21:51:18,18.96452,73.37728,25799,1661,FixOK,A,OaG5CU0303,G133fg5425,"X97F+29F, Kadav, Maharashtra 410201, India",15284.875,0,IgnitionOn,1,64.069,49.65,50,-51
f34ceb27-7040-418e-a028-72cbc742989b-2,EDC_BS6_PERIODIC,2025-11-25 21:51:02,2025-11-25 21:51:18,18.96452,73.37728,25800,1661,FixOK,A,OaG5CU0303,G133fg5425,"X97F+29F, Kadav, Maharashtra 410201, India",15284.875,0,IgnitionOn,1,64.069,49.65,50,-51
f34ceb27-7040-418e-a028-72cbc742989b-1,EDC_BS6_PERIODIC,2025-11-25 21:51:08,2025-11-25 21:51:18,18.96452,73.37728,25801,1661,FixOK,A,OaG5CU0303,G133fg5425,"X97F+29F, Kadav, Maharashtra 410201, India",15284.875,0,IgnitionOn,1,64.069,49.65,50,-51
770a1824-7820-47b4-aca8-e573c33db563-5,EDC_BS6_PERIODIC,2025-11-25 21:51:14,2025-11-25 21:57:31,18.96452,73.37728,25802,1661,FixOK,A,OaG5CU0303,G133fg5425,"Murbad Rd, Maharashtra 410201, India",15284.875,0,IgnitionOn,1,64.069,49.65,50,-51
770a1824-7820-47b4-aca8-e573c33db563-4,EDC_BS6_PERIODIC,2025-11-25 21:51:20,2025-11-25 21:57:31,18.96452,73.37728,25803,1661,FixOK,A,OaG5CU0303,G133fg5425,"Murbad Rd, Maharashtra 410201, India",15284.875,0,IgnitionOn,1,64.069,49.65,50,-51
2fa866f0-9d62-4249-a64a-c405827b7de1-10,EDC_BS6_PERIODIC,2025-11-25 21:51:26,2025-11-25 21:52:19,18.96452,73.37728,25804,1661,FixOK,A,OaG5CU0303,G133fg5425,"X97G+FHM, Murbad Rd, Kadav, Maharashtra 410201, India",15284.875,0,IgnitionOn,1,64.069,49.65,49,-51
2fa866f0-9d62-4249-a64a-c405827b7de1-9,EDC_BS6_PERIODIC,2025-11-25 21:51:32,2025-11-25 21:52:19,18.96452,73.37728,25805,1661,FixOK,A,OaG5CU0303,G133fg5425,"X97G+FHM, Murbad Rd, Kadav, Maharashtra 410201, India",15284.875,0,IgnitionOn,1,64.069,49.65,47,-51
2fa866f0-9d62-4249-a64a-c405827b7de1-8,EDC_BS6_PERIODIC,2025-11-25 21:51:38,2025-11-25 21:52:19,18.96452,73.37728,25806,1661,FixOK,A,OaG5CU0303,G133fg5425,"X97G+FHM, Murbad Rd, Kadav, Maharashtra 410201, India",15284.875,0,IgnitionOn,1,64.069,49.65,50,-51
2fa866f0-9d62-4249-a64a-c405827b7de1-7,EDC_BS6_PERIODIC,2025-11-25 21:51:44,2025-11-25 21:52:19,18.96452,73.37728,25807,1661,FixOK,A,OaG5CU0303,G133fg5425,"X97G+FHM, Murbad Rd, Kadav, Maharashtra 410201, India",15284.875,0,IgnitionOn,1,64.069,49.65,49,-51
2fa866f0-9d62-4249-a64a-c405827b7de1-6,EDC_BS6_PERIODIC,2025-11-25 21:51:50,2025-11-25 21:52:19,18.96452,73.37728,25808,1661,FixOK,A,OaG5CU0303,G133fg5425,"X97G+FHM, Murbad Rd, Kadav, Maharashtra 410201, India",15284.875,0,IgnitionOn,1,64.069,49.65,49,-51
2fa866f0-9d62-4249-a64a-c405827b7de1-5,EDC_BS6_PERIODIC,2025-11-25 21:51:56,2025-11-25 21:52:19,18.9645728,73.3773504,25809,1661,FixOK,A,OaG5CU0303,G133fg5425,"X97G+FHM, Murbad Rd, Kadav, Maharashtra 410201, India",15284.875,0,IgnitionOn,1,66.722,49.65,49,-51
2fa866f0-9d62-4249-a64a-c405827b7de1-4,EDC_BS6_PERIODIC,2025-11-25 21:52:02,2025-11-25 21:52:19,18.9647392,73.3775104,25810,1661,FixOK,A,OaG5CU0303,G133fg5425,"X97G+FHM, Murbad Rd, Kadav, Maharashtra 410201, India",15284.875,9.7,IgnitionOn,1,67.148,45.93,49,-51
2fa866f0-9d62-4249-a64a-c405827b7de1-3,EDC_BS6_PERIODIC,2025-11-25 21:52:08,2025-11-25 21:52:19,18.964936,73.3777536,25811,1661,FixOK,A,OaG5CU0303,G133fg5425,"X97G+FHM, Murbad Rd, Kadav, Maharashtra 410201, India",15284.875,17.65,IgnitionOn,1,67.419,52.72,49,-51
2fa866f0-9d62-4249-a64a-c405827b7de1-2,BRAKE_PRESSED,2025-11-25 21:52:12,2025-11-25 21:52:19,18.9650144,73.3779072,37604,1661,FixOK,,OaG5CU0303,G133fg5425,"X97G+FHM, Murbad Rd, Kadav, Maharashtra 410201, India",0,8.9,IgnitionOn,1,,,,
2fa866f0-9d62-4249-a64a-c405827b7de1-1,EDC_BS6_PERIODIC,2025-11-25 21:52:14,2025-11-25 21:52:19,18.9650336,73.3779456,25812,1661,FixOK,A,OaG5CU0303,G133fg5425,"X97G+FHM, Murbad Rd, Kadav, Maharashtra 410201, India",15285,19.95,IgnitionOn,1,67.731,66.02,48,-51
262d0e86-04e0-497b-aecc-49d0c7a1b74f-10,EDC_BS6_PERIODIC,2025-11-25 21:52:20,2025-11-25 21:53:21,18.96508,73.37808,25813,1661,FixOK,A,OaG5CU0303,G133fg5425,"Murbad Rd, Kadav, Maharashtra 410201, India",15285,7.22,IgnitionOn,1,67.378,68.81,49,-51
262d0e86-04e0-497b-aecc-49d0c7a1b74f-9,EDC_BS6_PERIODIC,2025-11-25 21:52:26,2025-11-25 21:53:21,18.9651328,73.3782976,25814,1661,FixOK,A,OaG5CU0303,G133fg5425,"Murbad Rd, Kadav, Maharashtra 410201, India",15285,12.23,IgnitionOn,1,66.447,75.27,48,-51
262d0e86-04e0-497b-aecc-49d0c7a1b74f-8,EDC_BS6_PERIODIC,2025-11-25 21:52:32,2025-11-25 21:53:21,18.96524,73.378656,25815,1661,FixOK,A,OaG5CU0303,G133fg5425,"Murbad Rd, Kadav, Maharashtra 410201, India",15285,20.91,IgnitionOn,1,65.761,72.51,49,-51
262d0e86-04e0-497b-aecc-49d0c7a1b74f-7,EDC_BS6_PERIODIC,2025-11-25 21:52:38,2025-11-25 21:53:21,18.965376,73.3791104,25816,1661,FixOK,A,OaG5CU0303,G133fg5425,"Murbad Rd, Kadav, Maharashtra 410201, India",15285.125,28.47,IgnitionOn,1,64.837,73.38,50,-51
262d0e86-04e0-497b-aecc-49d0c7a1b74f-6,EDC_BS6_PERIODIC,2025-11-25 21:52:44,2025-11-25 21:53:21,18.965528,73.3796416,25817,1661,FixOK,A,OaG5CU0303,G133fg5425,"Murbad Rd, Kadav, Maharashtra 410201, India",15285.125,32.85,IgnitionOn,1,63.941,73.23,51,-51
262d0e86-04e0-497b-aecc-49d0c7a1b74f-5,EDC_BS6_PERIODIC,2025-11-25 21:52:50,2025-11-25 21:53:21,18.9656992,73.3802176,25818,1661,FixOK,A,OaG5CU0303,G133fg5425,"Murbad Rd, Kadav, Maharashtra 410201, India",15285.25,38.45,IgnitionOn,1,63.062,72.91,51,-51
262d0e86-04e0-497b-aecc-49d0c7a1b74f-4,EDC_BS6_PERIODIC,2025-11-25 21:52:56,2025-11-25 21:53:21,18.965864,73.3807872,25819,1661,FixOK,A,OaG5CU0303,G133fg5425,"Murbad Rd, Kadav, Maharashtra 410201, India",15285.25,37.46,IgnitionOn,1,63.131,73.26,53,-51
262d0e86-04e0-497b-aecc-49d0c7a1b74f-3,EDC_BS6_PERIODIC,2025-11-25 21:53:02,2025-11-25 21:53:21,18.966024,73.3813184,25820,1661,FixOK,A,OaG5CU0303,G133fg5425,"Murbad Rd, Kadav, Maharashtra 410201, India",15285.375,36.44,IgnitionOn,1,63.368,74,50,-51
262d0e86-04e0-497b-aecc-49d0c7a1b74f-2,EDC_BS6_PERIODIC,2025-11-25 21:53:08,2025-11-25 21:53:21,18.9661792,73.3818752,25821,1661,FixOK,A,OaG5CU0303,G133fg5425,"Murbad Rd, Kadav, Maharashtra 410201, India",15285.375,36.27,IgnitionOn,1,63.888,72.36,52,-51
262d0e86-04e0-497b-aecc-49d0c7a1b74f-1,EDC_BS6_PERIODIC,2025-11-25 21:53:14,2025-11-25 21:53:21,18.966336,73.3824064,25822,1661,FixOK,A,OaG5CU0303,G133fg5425,"Murbad Rd, Kadav, Maharashtra 410201, India",15285.5,35.71,IgnitionOn,1,64.4,73.3,52,-51
b4858e22-ac0c-4f4f-83c8-eb020b046876-10,EDC_BS6_PERIODIC,2025-11-25 21:53:20,2025-11-25 21:54:21,18.966488,73.3829248,25823,1661,FixOK,A,OaG5CU0303,G133fg5425,"Murbad Rd, Kadav, Maharashtra 410201, India",15285.5,35.69,IgnitionOn,1,64.906,73.05,51,-51
b4858e22-ac0c-4f4f-83c8-eb020b046876-9,EDC_BS6_PERIODIC,2025-11-25 21:53:26,2025-11-25 21:54:21,18.9666368,73.3834368,25824,1661,FixOK,A,OaG5CU0303,G133fg5425,"Murbad Rd, Kadav, Maharashtra 410201, India",15285.625,34.3,IgnitionOn,1,66.67,72.27,52,-51
b4858e22-ac0c-4f4f-83c8-eb020b046876-8,EDC_BS6_PERIODIC,2025-11-25 21:53:32,2025-11-25 21:54:21,18.9667808,73.383936,25825,1661,FixOK,A,OaG5CU0303,G133fg5425,"Murbad Rd, Kadav, Maharashtra 410201, India",15285.625,33.92,IgnitionOn,1,67.683,73.27,50,-51
b4858e22-ac0c-4f4f-83c8-eb020b046876-7,EDC_BS6_PERIODIC,2025-11-25 21:53:38,2025-11-25 21:54:21,18.9669248,73.3844416,25826,1661,FixOK,A,OaG5CU0303,G133fg5425,"Murbad Rd, Kadav, Maharashtra 410201, India",15285.75,31.77,IgnitionOn,1,68.553,72.8,51,-51
b4858e22-ac0c-4f4f-83c8-eb020b046876-6,EDC_BS6_PERIODIC,2025-11-25 21:53:44,2025-11-25 21:54:21,18.9670912,73.3849984,25827,1661,FixOK,A,OaG5CU0303,G133fg5425,"Murbad Rd, Kadav, Maharashtra 410201, India",15285.75,36.3,IgnitionOn,1,68.736,72.88,52,-51
b4858e22-ac0c-4f4f-83c8-eb020b046876-5,EDC_BS6_PERIODIC,2025-11-25 21:53:50,2025-11-25 21:54:21,18.9672608,73.3855872,25828,1661,FixOK,A,OaG5CU0303,G133fg5425,"Murbad Rd, Kadav, Maharashtra 410201, India",15285.875,40.11,IgnitionOn,1,69.546,72.43,51,-51
b4858e22-ac0c-4f4f-83c8-eb020b046876-4,EDC_BS6_PERIODIC,2025-11-25 21:53:56,2025-11-25 21:54:21,18.967392,73.386112,25829,1661,FixOK,A,OaG5CU0303,G133fg5425,"Murbad Rd, Kadav, Maharashtra 410201, India",15285.875,36.16,IgnitionOn,1,70.123,75.98,51,-51
b4858e22-ac0c-4f4f-83c8-eb020b046876-3,EDC_BS6_PERIODIC,2025-11-25 21:54:02,2025-11-25 21:54:21,18.967528,73.3865472,25830,1661,FixOK,A,OaG5CU0303,G133fg5425,"Murbad Rd, Kadav, Maharashtra 410201, India",15286,29.15,IgnitionOn,1,71.047,66.73,51,-51
b4858e22-ac0c-4f4f-83c8-eb020b046876-2,EDC_BS6_PERIODIC,2025-11-25 21:54:08,2025-11-25 21:54:21,18.9676512,73.3869184,25831,1661,FixOK,A,OaG5CU0303,G133fg5425,"Murbad Rd, Kadav, Maharashtra 410201, India",15286,30.12,IgnitionOn,1,71.605,71.88,51,-73
b4858e22-ac0c-4f4f-83c8-eb020b046876-1,EDC_BS6_PERIODIC,2025-11-25 21:54:14,2025-11-25 21:54:21,18.9677792,73.3873792,25832,1661,FixOK,A,OaG5CU0303,G133fg5425,"Murbad Rd, Kadav, Maharashtra 410201, India",15286,30.43,IgnitionOn,1,71.724,72.59,52,-73
f7cc8520-513a-4ba1-894b-08ccb0ed7059-10,EDC_BS6_PERIODIC,2025-11-25 21:54:20,2025-11-25 21:55:22,18.9679296,73.387808,25833,1661,FixOK,A,OaG5CU0303,G133fg5425,"Murbad Rd, Kadav, Maharashtra 410201, India",15286.125,29.98,IgnitionOn,1,71.852,70.51,52,-73
f7cc8520-513a-4ba1-894b-08ccb0ed7059-9,EDC_BS6_PERIODIC,2025-11-25 21:54:26,2025-11-25 21:55:22,18.9680944,73.3881984,25834,1661,FixOK,A,OaG5CU0303,G133fg5425,"Murbad Rd, Kadav, Maharashtra 410201, India",15286.125,28.02,IgnitionOn,1,71.143,64.97,50,-73
f7cc8520-513a-4ba1-894b-08ccb0ed7059-8,EDC_BS6_PERIODIC,2025-11-25 21:54:32,2025-11-25 21:55:22,18.9682864,73.3886208,25835,1661,FixOK,A,OaG5CU0303,G133fg5425,"Murbad Rd, Kadav, Maharashtra 410201, India",15286.25,28.81,IgnitionOn,1,70.622,62.68,52,-73
f7cc8520-513a-4ba1-894b-08ccb0ed7059-7,EDC_BS6_PERIODIC,2025-11-25 21:54:38,2025-11-25 21:55:22,18.9685456,73.389152,25836,1661,FixOK,A,OaG5CU0303,G133fg5425,"Murbad Rd, Kadav, Maharashtra 410201, India",15286.25,36.65,IgnitionOn,1,68.866,63.88,51,-73
f7cc8520-513a-4ba1-894b-08ccb0ed7059-6,EDC_BS6_PERIODIC,2025-11-25 21:54:44,2025-11-25 21:55:22,18.96884,73.389792,25837,1661,FixOK,A,OaG5CU0303,G133fg5425,"Murbad Rd, Kadav, Maharashtra 410201, India",15286.375,43.27,IgnitionOn,1,67.132,64.05,51,-73
f7cc8520-513a-4ba1-894b-08ccb0ed7059-5,EDC_BS6_PERIODIC,2025-11-25 21:54:50,2025-11-25 21:55:22,18.969168,73.3905216,25838,1661,FixOK,A,OaG5CU0303,G133fg5425,"Murbad Rd, Kadav, Maharashtra 410201, India",15286.375,50.56,IgnitionOn,1,65.968,65.01,51,-73
f7cc8520-513a-4ba1-894b-08ccb0ed7059-4,EDC_BS6_PERIODIC,2025-11-25 21:54:56,2025-11-25 21:55:22,18.9695072,73.391264,25839,1661,FixOK,A,OaG5CU0303,G133fg5425,"Murbad Rd, Kadav, Maharashtra 410201, India",15286.5,53.26,IgnitionOn,1,64.619,65.22,52,-73
f7cc8520-513a-4ba1-894b-08ccb0ed7059-3,EDC_BS6_PERIODIC,2025-11-25 21:55:02,2025-11-25 21:55:22,18.9698528,73.3920512,25840,1661,FixOK,A,OaG5CU0303,G133fg5425,"Murbad Rd, Kadav, Maharashtra 410201, India",15286.625,53.86,IgnitionOn,1,63.056,65.44,52,-73
f7cc8520-513a-4ba1-894b-08ccb0ed7059-2,EDC_BS6_PERIODIC,2025-11-25 21:55:08,2025-11-25 21:55:22,18.9702064,73.3928832,25841,1661,FixOK,A,OaG5CU0303,G133fg5425,"Murbad Rd, Kadav, Maharashtra 410201, India",15286.625,56.95,IgnitionOn,1,61.408,66.91,52,-73
f7cc8520-513a-4ba1-894b-08ccb0ed7059-1,EDC_BS6_PERIODIC,2025-11-25 21:55:14,2025-11-25 21:55:22,18.9705536,73.3937216,25842,1661,FixOK,A,OaG5CU0303,G133fg5425,"Murbad Rd, Kadav, Maharashtra 410201, India",15286.75,58.17,IgnitionOn,1,62.595,65.26,53,-73
770a1824-7820-47b4-aca8-e573c33db563-3,EDC_BS6_PERIODIC,2025-11-25 21:55:20,2025-11-25 21:57:31,18.9708928,73.3944192,25843,1661,FixOK,A,OaG5CU0303,G133fg5425,"Murbad Rd, Maharashtra 410201, India",15286.875,51.3,IgnitionOn,1,64.872,63.56,52,-73
770a1824-7820-47b4-aca8-e573c33db563-2,EDC_BS6_PERIODIC,2025-11-25 21:55:26,2025-11-25 21:57:31,18.971272,73.3949696,25844,1661,FixOK,A,OaG5CU0303,G133fg5425,"Murbad Rd, Maharashtra 410201, India",15287,43.99,IgnitionOn,1,66.904,56,52,-73
770a1824-7820-47b4-aca8-e573c33db563-1,EDC_BS6_PERIODIC,2025-11-25 21:55:32,2025-11-25 21:57:31,18.9716096,73.3954816,25845,1661,FixOK,A,OaG5CU0303,G133fg5425,"Murbad Rd, Maharashtra 410201, India",15287,40.95,IgnitionOn,1,68.949,60.59,54,-73
e8d4813d-4298-4541-8d59-25137aeda198-11,EDC_BS6_PERIODIC,2025-11-25 21:55:38,2025-11-25 22:05:44,18.9718848,73.3960192,25846,1661,FixOK,A,OaG5CU0303,G133fg5425,"Chauk - Karjat - Murbad Rd, Takave, Maharashtra 410201, India",15287.125,38.9,IgnitionOn,1,70.294,62.77,54,-73
55a7ad8b-bae1-49e5-986e-b10aa69ed45b-10,BRAKE_PRESSED,2025-11-25 21:55:43,2025-11-25 21:56:23,18.9720512,73.3963584,37605,1661,FixOK,,OaG5CU0303,G133fg5425,"Murbad Rd, Maharashtra 410201, India",0,28.47,IgnitionOn,1,,,,
55a7ad8b-bae1-49e5-986e-b10aa69ed45b-9,EDC_BS6_PERIODIC,2025-11-25 21:55:44,2025-11-25 21:56:23,18.9720928,73.396448,25847,1661,FixOK,A,OaG5CU0303,G133fg5425,"Murbad Rd, Maharashtra 410201, India",15287.125,36.89,IgnitionOn,1,70.409,63.27,52,-73
55a7ad8b-bae1-49e5-986e-b10aa69ed45b-8,GPS_MESSAGE,2025-11-25 21:55:49,2025-11-25 21:56:23,18.972272,73.3968064,,1661,3DFix,,OaG5CU0303,G133fg5425,"Murbad Rd, Maharashtra 410201, India",0,,IgnitionOn,1,70,6,50,
55a7ad8b-bae1-49e5-986e-b10aa69ed45b-7,EDC_BS6_PERIODIC,2025-11-25 21:55:50,2025-11-25 21:56:23,18.9723008,73.396864,25848,1661,FixOK,A,OaG5CU0303,G133fg5425,"Murbad Rd, Maharashtra 410201, India",15287.25,28.03,IgnitionOn,1,69.998,63.15,49,-73
55a7ad8b-bae1-49e5-986e-b10aa69ed45b-6,EDC_BS6_PERIODIC,2025-11-25 21:55:56,2025-11-25 21:56:23,18.9724832,73.3972544,25849,1661,FixOK,A,OaG5CU0303,G133fg5425,"Murbad Rd, Maharashtra 410201, India",15287.25,28.25,IgnitionOn,1,69.502,63.52,50,-73
55a7ad8b-bae1-49e5-986e-b10aa69ed45b-5,EDC_BS6_PERIODIC,2025-11-25 21:56:02,2025-11-25 21:56:23,18.97272,73.3977344,25850,1661,FixOK,A,OaG5CU0303,G133fg5425,"Murbad Rd, Maharashtra 410201, India",15287.375,34.26,IgnitionOn,1,70.224,62.43,53,-73
55a7ad8b-bae1-49e5-986e-b10aa69ed45b-4,BRAKE_PRESSED,2025-11-25 21:56:07,2025-11-25 21:56:23,18.9729136,73.3981824,37606,1661,FixOK,,OaG5CU0303,G133fg5425,"Murbad Rd, Maharashtra 410201, India",0,37.03,IgnitionOn,1,,,,
55a7ad8b-bae1-49e5-986e-b10aa69ed45b-3,EDC_BS6_PERIODIC,2025-11-25 21:56:08,2025-11-25 21:56:23,18.9729568,73.3982656,25851,1661,FixOK,A,OaG5CU0303,G133fg5425,"Murbad Rd, Maharashtra 410201, India",15287.375,36.6,IgnitionOn,1,68.873,63.56,51,-73
55a7ad8b-bae1-49e5-986e-b10aa69ed45b-2,BRAKE_PRESSED,2025-11-25 21:56:12,2025-11-25 21:56:23,18.9731616,73.398592,37607,1661,FixOK,,OaG5CU0303,G133fg5425,"Murbad Rd, Maharashtra 410201, India",0,31.66,IgnitionOn,1,,,,
55a7ad8b-bae1-49e5-986e-b10aa69ed45b-1,EDC_BS6_PERIODIC,2025-11-25 21:56:14,2025-11-25 21:56:23,18.973256,73.398752,25852,1661,FixOK,A,OaG5CU0303,G133fg5425,"Murbad Rd, Maharashtra 410201, India",15287.5,36.81,IgnitionOn,1,67.518,58.88,49,-73
e8d4813d-4298-4541-8d59-25137aeda198-10,EDC_BS6_PERIODIC,2025-11-25 21:56:20,2025-11-25 22:05:44,18.9734784,73.3990976,25853,1661,FixOK,A,OaG5CU0303,G133fg5425,"Chauk - Karjat - Murbad Rd, Takave, Maharashtra 410201, India",15287.5,27.56,IgnitionOn,1,66.856,53.47,54,-73
22c5e4d7-4998-46b0-9554-8a090f1d496c-10,EDC_BS6_PERIODIC,2025-11-25 21:56:26,2025-11-25 21:57:24,18.973584,73.3992832,25854,1661,FixOK,A,OaG5CU0303,G133fg5425,"Murbad Rd, Maharashtra 410201, India",15287.5,12.57,IgnitionOn,1,66.237,60.68,48,-73
22c5e4d7-4998-46b0-9554-8a090f1d496c-9,EDC_BS6_PERIODIC,2025-11-25 21:56:32,2025-11-25 21:57:24,18.9737424,73.399456,25855,1661,FixOK,A,OaG5CU0303,G133fg5425,"Murbad Rd, Maharashtra 410201, India",15287.625,15.41,IgnitionOn,1,65.448,48.65,51,-73
22c5e4d7-4998-46b0-9554-8a090f1d496c-8,BRAKE_PRESSED,2025-11-25 21:56:36,2025-11-25 21:57:24,18.97384,73.3995904,37608,1661,FixOK,,OaG5CU0303,G133fg5425,"Murbad Rd, Maharashtra 410201, India",0,13.46,IgnitionOn,1,,,,
22c5e4d7-4998-46b0-9554-8a090f1d496c-7,EDC_BS6_PERIODIC,2025-11-25 21:56:38,2025-11-25 21:57:24,18.9738912,73.39968,25856,1661,FixOK,A,OaG5CU0303,G133fg5425,"Murbad Rd, Maharashtra 410201, India",15287.625,17.55,IgnitionOn,1,64.689,57.06,53,-73
22c5e4d7-4998-46b0-9554-8a090f1d496c-6,EDC_BS6_PERIODIC,2025-11-25 21:56:44,2025-11-25 21:57:24,18.9739824,73.3998208,25857,1661,FixOK,A,OaG5CU0303,G133fg5425,"Murbad Rd, Maharashtra 410201, India",15287.625,10.57,IgnitionOn,1,63.661,54.7,52,-73
22c5e4d7-4998-46b0-9554-8a090f1d496c-5,EDC_BS6_PERIODIC,2025-11-25 21:56:50,2025-11-25 21:57:24,18.9741248,73.4000128,25858,1661,FixOK,A,OaG5CU0303,G133fg5425,"Murbad Rd, Maharashtra 410201, India",15287.625,15.07,IgnitionOn,1,62.778,53.5,51,-73
22c5e4d7-4998-46b0-9554-8a090f1d496c-4,EDC_BS6_PERIODIC,2025-11-25 21:56:56,2025-11-25 21:57:24,18.9744256,73.4003776,25859,1661,FixOK,A,OaG5CU0303,G133fg5425,"Murbad Rd, Maharashtra 410201, India",15287.75,29.73,IgnitionOn,1,61.919,53.22,50,-73
22c5e4d7-4998-46b0-9554-8a090f1d496c-3,EDC_BS6_PERIODIC,2025-11-25 21:57:02,2025-11-25 21:57:24,18.974856,73.4008448,25860,1661,FixOK,A,OaG5CU0303,G133fg5425,"Murbad Rd, Maharashtra 410201, India",15287.75,43.2,IgnitionOn,1,60.139,44.04,50,-73
22c5e4d7-4998-46b0-9554-8a090f1d496c-2,EDC_BS6_PERIODIC,2025-11-25 21:57:08,2025-11-25 21:57:24,18.9753312,73.4013056,25861,1661,FixOK,A,OaG5CU0303,G133fg5425,"Murbad Rd, Maharashtra 410201, India",15287.875,43.36,IgnitionOn,1,60.148,40.27,51,-73
22c5e4d7-4998-46b0-9554-8a090f1d496c-1,EDC_BS6_PERIODIC,2025-11-25 21:57:14,2025-11-25 21:57:24,18.9757792,73.4017408,25862,1661,FixOK,A,OaG5CU0303,G133fg5425,"Murbad Rd, Maharashtra 410201, India",15287.875,41.3,IgnitionOn,1,62.763,44.4,46,-73
e8d4813d-4298-4541-8d59-25137aeda198-9,EDC_BS6_PERIODIC,2025-11-25 21:57:20,2025-11-25 22:05:44,18.9760352,73.4021888,25863,1661,FixOK,A,OaG5CU0303,G133fg5425,"Chauk - Karjat - Murbad Rd, Takave, Maharashtra 410201, India",15288,34.51,IgnitionOn,1,65.91,58.06,48,-73
e8d4813d-4298-4541-8d59-25137aeda198-8,EDC_BS6_PERIODIC,2025-11-25 21:57:26,2025-11-25 22:05:44,18.976144,73.4026368,25864,1661,FixOK,A,OaG5CU0303,G133fg5425,"Chauk - Karjat - Murbad Rd, Takave, Maharashtra 410201, India",15288,35.27,IgnitionOn,1,66.301,74.73,47,-73
e8d4813d-4298-4541-8d59-25137aeda198-7,EDC_BS6_PERIODIC,2025-11-25 21:57:32,2025-11-25 22:05:44,18.9762688,73.4031936,25865,1661,FixOK,A,OaG5CU0303,G133fg5425,"Chauk - Karjat - Murbad Rd, Takave, Maharashtra 410201, India",15288.125,36.09,IgnitionOn,1,67.262,74.33,51,-73
8aef3c89-3fb8-4c18-bde8-53040ba28758-10,EDC_BS6_PERIODIC,2025-11-25 21:57:38,2025-11-25 21:58:25,18.9764512,73.4036736,25866,1661,FixOK,A,OaG5CU0303,G133fg5425,"Chauk - Karjat - Murbad Rd, Takave, Maharashtra 410201, India",15288.125,32.98,IgnitionOn,1,70.54,59.65,49,-73
8aef3c89-3fb8-4c18-bde8-53040ba28758-9,EDC_BS6_PERIODIC,2025-11-25 21:57:44,2025-11-25 21:58:25,18.9767776,73.4040448,25867,1661,FixOK,A,OaG5CU0303,G133fg5425,"Chauk - Karjat - Murbad Rd, Takave, Maharashtra 410201, India",15288.25,32.83,IgnitionOn,1,71.73,45.08,52,-73
8aef3c89-3fb8-4c18-bde8-53040ba28758-8,EDC_BS6_PERIODIC,2025-11-25 21:57:50,2025-11-25 21:58:25,18.977176,73.40432,25868,1661,FixOK,A,OaG5CU0303,G133fg5425,"Chauk - Karjat - Murbad Rd, Takave, Maharashtra 410201, India",15288.25,30.49,IgnitionOn,1,73.651,31.69,52,-73
8aef3c89-3fb8-4c18-bde8-53040ba28758-7,CLUTCH_RIDING_START,2025-11-25 21:57:52,2025-11-25 21:58:25,18.977312,73.4044096,37609,1661,FixOK,,OaG5CU0303,G133fg5425,"Chauk - Karjat - Murbad Rd, Takave, Maharashtra 410201, India",0,32.58,IgnitionOn,1,,,,
8aef3c89-3fb8-4c18-bde8-53040ba28758-6,EDC_BS6_PERIODIC,2025-11-25 21:57:56,2025-11-25 21:58:25,18.977584,73.4045952,25869,1661,FixOK,A,OaG5CU0303,G133fg5425,"Chauk - Karjat - Murbad Rd, Takave, Maharashtra 410201, India",15288.375,32.07,IgnitionOn,1,75.317,32.15,52,-73
8aef3c89-3fb8-4c18-bde8-53040ba28758-5,EDC_BS6_PERIODIC,2025-11-25 21:58:02,2025-11-25 21:58:25,18.977992,73.4048768,25870,1661,FixOK,A,OaG5CU0303,G133fg5425,"Chauk - Karjat - Murbad Rd, Takave, Maharashtra 410201, India",15288.375,33.55,IgnitionOn,1,75.786,35.47,52,-73
8aef3c89-3fb8-4c18-bde8-53040ba28758-4,CLUTCH_RIDING_END,2025-11-25 21:58:05,2025-11-25 21:58:25,18.978192,73.4050304,37610,1661,FixOK,,OaG5CU0303,G133fg5425,"Chauk - Karjat - Murbad Rd, Takave, Maharashtra 410201, India",0,32.17,IgnitionOn,1,,,,
8aef3c89-3fb8-4c18-bde8-53040ba28758-3,EDC_BS6_PERIODIC,2025-11-25 21:58:08,2025-11-25 21:58:25,18.9783872,73.405184,25871,1661,FixOK,A,OaG5CU0303,G133fg5425,"Chauk - Karjat - Murbad Rd, Takave, Maharashtra 410201, India",15288.375,32.7,IgnitionOn,1,76.289,36.65,52,-73
8aef3c89-3fb8-4c18-bde8-53040ba28758-2,EDC_BS6_PERIODIC,2025-11-25 21:58:14,2025-11-25 21:58:25,18.9787648,73.4054912,25872,1661,FixOK,A,OaG5CU0303,G133fg5425,"Chauk - Karjat - Murbad Rd, Takave, Maharashtra 410201, India",15288.5,32.91,IgnitionOn,1,78.371,38.56,54,-73
8aef3c89-3fb8-4c18-bde8-53040ba28758-1,EDC_BS6_PERIODIC,2025-11-25 21:58:20,2025-11-25 21:58:25,18.9791488,73.4057984,25873,1661,FixOK,A,OaG5CU0303,G133fg5425,"Chauk - Karjat - Murbad Rd, Takave, Maharashtra 410201, India",15288.5,32.86,IgnitionOn,1,78.467,37.74,51,-73
e8d4813d-4298-4541-8d59-25137aeda198-6,EDC_BS6_PERIODIC,2025-11-25 21:58:26,2025-11-25 22:05:44,18.9795648,73.4061376,25874,1661,FixOK,A,OaG5CU0303,G133fg5425,"Chauk - Karjat - Murbad Rd, Takave, Maharashtra 410201, India",15288.625,35.98,IgnitionOn,1,79.758,37.4,52,-73
59c97922-dd40-4261-9970-7ce540dd8df8-10,EDC_BS6_PERIODIC,2025-11-25 21:58:32,2025-11-25 21:59:27,18.9800192,73.4065216,25875,1661,FixOK,A,OaG5CU0303,G133fg5425,"X97G+QXP, Murbad Rd, Kadav, Maharashtra 410201, India",15288.625,38.95,IgnitionOn,1,80.537,38.2,52,-73
59c97922-dd40-4261-9970-7ce540dd8df8-9,EDC_BS6_PERIODIC,2025-11-25 21:58:38,2025-11-25 21:59:27,18.980776,73.407168,25876,1661,FixOK,A,OaG5CU0303,G133fg5425,"X97G+QXP, Murbad Rd, Kadav, Maharashtra 410201, India",15288.75,39.74,IgnitionOn,1,81.883,40.13,51,-73
59c97922-dd40-4261-9970-7ce540dd8df8-8,EDC_BS6_PERIODIC,2025-11-25 21:58:44,2025-11-25 21:59:27,18.9812,73.4075392,25877,1661,FixOK,A,OaG5CU0303,G133fg5425,"X97G+QXP, Murbad Rd, Kadav, Maharashtra 410201, India",15288.75,36.96,IgnitionOn,1,83.516,38.65,49,-73
59c97922-dd40-4261-9970-7ce540dd8df8-7,EDC_BS6_PERIODIC,2025-11-25 21:58:50,2025-11-25 21:59:27,18.9816336,73.407872,25878,1661,FixOK,A,OaG5CU0303,G133fg5425,"X97G+QXP, Murbad Rd, Kadav, Maharashtra 410201, India",15288.875,35.99,IgnitionOn,1,84.366,34.79,50,-73
59c97922-dd40-4261-9970-7ce540dd8df8-6,EDC_BS6_PERIODIC,2025-11-25 21:58:56,2025-11-25 21:59:27,18.982096,73.4080128,25879,1661,FixOK,A,OaG5CU0303,G133fg5425,"X97G+QXP, Murbad Rd, Kadav, Maharashtra 410201, India",15288.875,33.98,IgnitionOn,1,86.719,15.18,51,-73
59c97922-dd40-4261-9970-7ce540dd8df8-5,EDC_BS6_PERIODIC,2025-11-25 21:59:02,2025-11-25 21:59:27,18.9825248,73.4081344,25880,1661,FixOK,A,OaG5CU0303,G133fg5425,"X97G+QXP, Murbad Rd, Kadav, Maharashtra 410201, India",15289,31.27,IgnitionOn,1,88.528,14.57,51,-73
59c97922-dd40-4261-9970-7ce540dd8df8-4,EDC_BS6_PERIODIC,2025-11-25 21:59:08,2025-11-25 21:59:27,18.9828832,73.4082304,25881,1661,FixOK,A,OaG5CU0303,G133fg5425,"X97G+QXP, Murbad Rd, Kadav, Maharashtra 410201, India",15289,29.3,IgnitionOn,1,90.593,13.85,51,-73
59c97922-dd40-4261-9970-7ce540dd8df8-3,CLUTCH_RIDING_START,2025-11-25 21:59:10,2025-11-25 21:59:27,18.9830256,73.4082688,37611,1661,FixOK,,OaG5CU0303,G133fg5425,"X97G+QXP, Murbad Rd, Kadav, Maharashtra 410201, India",0,28.18,IgnitionOn,1,,,,
59c97922-dd40-4261-9970-7ce540dd8df8-2,EDC_BS6_PERIODIC,2025-11-25 21:59:14,2025-11-25 21:59:27,18.9832976,73.4083456,25882,1661,FixOK,A,OaG5CU0303,G133fg5425,"X97G+QXP, Murbad Rd, Kadav, Maharashtra 410201, India",15289.125,27.29,IgnitionOn,1,91.946,13.9,51,-73
59c97922-dd40-4261-9970-7ce540dd8df8-1,EDC_BS6_PERIODIC,2025-11-25 21:59:20,2025-11-25 21:59:27,18.983696,73.4084416,25883,1661,FixOK,A,OaG5CU0303,G133fg5425,"X97G+QXP, Murbad Rd, Kadav, Maharashtra 410201, India",15289.125,26.66,IgnitionOn,1,92.93,14.36,47,-73
e8d4813d-4298-4541-8d59-25137aeda198-5,EDC_BS6_PERIODIC,2025-11-25 21:59:26,2025-11-25 22:05:44,18.9840976,73.408544,25884,1661,FixOK,A,OaG5CU0303,G133fg5425,"Chauk - Karjat - Murbad Rd, Takave, Maharashtra 410201, India",15289.125,27.84,IgnitionOn,1,93.163,14.6,49,-73
bd1d355f-e3df-4052-97a9-c5446fea202a-10,EDC_BS6_PERIODIC,2025-11-25 21:59:32,2025-11-25 22:00:33,18.9844992,73.4086528,25885,1661,FixOK,A,OaG5CU0303,G133fg5425,"Chauk - Karjat - Murbad Rd, Gaulwadi, Maharashtra 410201, India",15289.25,27.97,IgnitionOn,1,94.322,15.25,46,-73
bd1d355f-e3df-4052-97a9-c5446fea202a-9,EDC_BS6_PERIODIC,2025-11-25 21:59:38,2025-11-25 22:00:33,18.984888,73.4087552,25886,1661,FixOK,A,OaG5CU0303,G133fg5425,"Chauk - Karjat - Murbad Rd, Gaulwadi, Maharashtra 410201, India",15289.25,28.13,IgnitionOn,1,95.661,14.68,46,-73
bd1d355f-e3df-4052-97a9-c5446fea202a-8,EDC_BS6_PERIODIC,2025-11-25 21:59:44,2025-11-25 22:00:33,18.9852816,73.4088704,25887,1661,FixOK,A,OaG5CU0303,G133fg5425,"Chauk - Karjat - Murbad Rd, Gaulwadi, Maharashtra 410201, India",15289.375,26.84,IgnitionOn,1,98.036,14.02,47,-73
bd1d355f-e3df-4052-97a9-c5446fea202a-7,EDC_BS6_PERIODIC,2025-11-25 21:59:50,2025-11-25 22:00:33,18.9856768,73.4089728,25888,1661,FixOK,A,OaG5CU0303,G133fg5425,"Chauk - Karjat - Murbad Rd, Gaulwadi, Maharashtra 410201, India",15289.375,27.18,IgnitionOn,1,99.516,14.84,48,-73
bd1d355f-e3df-4052-97a9-c5446fea202a-6,EDC_BS6_PERIODIC,2025-11-25 21:59:56,2025-11-25 22:00:33,18.98608,73.409088,25889,1661,FixOK,A,OaG5CU0303,G133fg5425,"Chauk - Karjat - Murbad Rd, Gaulwadi, Maharashtra 410201, India",15289.375,27.34,IgnitionOn,1,101.013,15.22,48,-73
bd1d355f-e3df-4052-97a9-c5446fea202a-5,EDC_BS6_PERIODIC,2025-11-25 22:00:02,2025-11-25 22:00:33,18.9865152,73.409216,25890,1661,FixOK,A,OaG5CU0303,G133fg5425,"Chauk - Karjat - Murbad Rd, Gaulwadi, Maharashtra 410201, India",15289.5,29.12,IgnitionOn,1,101.394,16.06,52,-73
bd1d355f-e3df-4052-97a9-c5446fea202a-4,EDC_BS6_PERIODIC,2025-11-25 22:00:08,2025-11-25 22:00:33,18.987,73.4093696,25891,1661,FixOK,A,OaG5CU0303,G133fg5425,"Chauk - Karjat - Murbad Rd, Gaulwadi, Maharashtra 410201, India",15289.5,32.31,IgnitionOn,1,102.435,16.37,51,-75
bd1d355f-e3df-4052-97a9-c5446fea202a-3,EDC_BS6_PERIODIC,2025-11-25 22:00:14,2025-11-25 22:00:33,18.987552,73.4095296,25892,1661,FixOK,A,OaG5CU0303,G133fg5425,"Chauk - Karjat - Murbad Rd, Gaulwadi, Maharashtra 410201, India",15289.625,37.16,IgnitionOn,1,102.528,15.64,50,-75
bd1d355f-e3df-4052-97a9-c5446fea202a-2,CLUTCH_RIDING_END,2025-11-25 22:00:17,2025-11-25 22:00:33,18.9878368,73.4096064,37612,1661,FixOK,,OaG5CU0303,G133fg5425,"Chauk - Karjat - Murbad Rd, Gaulwadi, Maharashtra 410201, India",0,40.45,IgnitionOn,1,,,,
bd1d355f-e3df-4052-97a9-c5446fea202a-1,EDC_BS6_PERIODIC,2025-11-25 22:00:20,2025-11-25 22:00:33,18.9881264,73.409696,25893,1661,FixOK,A,OaG5CU0303,G133fg5425,"Chauk - Karjat - Murbad Rd, Gaulwadi, Maharashtra 410201, India",15289.625,39.46,IgnitionOn,1,102.891,14.76,50,-75
e8d4813d-4298-4541-8d59-25137aeda198-4,EDC_BS6_PERIODIC,2025-11-25 22:00:26,2025-11-25 22:05:44,18.9886176,73.4099904,25894,1661,FixOK,A,OaG5CU0303,G133fg5425,"Chauk - Karjat - Murbad Rd, Takave, Maharashtra 410201, India",15289.75,41.35,IgnitionOn,1,103.518,30.34,52,-75
e8d4813d-4298-4541-8d59-25137aeda198-3,EDC_BS6_PERIODIC,2025-11-25 22:00:32,2025-11-25 22:05:44,18.988984,73.4104576,25895,1661,FixOK,A,OaG5CU0303,G133fg5425,"Chauk - Karjat - Murbad Rd, Takave, Maharashtra 410201, India",15289.75,37.85,IgnitionOn,1,103.417,50.66,52,-75
36168756-ebdd-4fef-8c3b-0360112b8ab7-10,EDC_BS6_PERIODIC,2025-11-25 22:00:38,2025-11-25 22:01:29,18.98936,73.4109312,25896,1661,FixOK,A,OaG5CU0303,G133fg5425,"Chauk - Karjat - Murbad Rd, Gaulwadi, Maharashtra 410201, India",15289.875,38.76,IgnitionOn,1,103.069,48.72,52,-75
36168756-ebdd-4fef-8c3b-0360112b8ab7-9,EDC_BS6_PERIODIC,2025-11-25 22:00:44,2025-11-25 22:01:29,18.989752,73.4114048,25897,1661,FixOK,A,OaG5CU0303,G133fg5425,"Chauk - Karjat - Murbad Rd, Gaulwadi, Maharashtra 410201, India",15289.875,39.61,IgnitionOn,1,101.04,50.06,49,-75
36168756-ebdd-4fef-8c3b-0360112b8ab7-8,BRAKE_PRESSED,2025-11-25 22:00:45,2025-11-25 22:01:29,18.9898208,73.4114944,37613,1661,FixOK,,OaG5CU0303,G133fg5425,"Chauk - Karjat - Murbad Rd, Gaulwadi, Maharashtra 410201, India",0,41.5,IgnitionOn,1,,,,
36168756-ebdd-4fef-8c3b-0360112b8ab7-7,EDC_BS6_PERIODIC,2025-11-25 22:00:50,2025-11-25 22:01:29,18.990088,73.4118336,25898,1661,FixOK,A,OaG5CU0303,G133fg5425,"Chauk - Karjat - Murbad Rd, Gaulwadi, Maharashtra 410201, India",15290,42.16,IgnitionOn,1,99.027,50.52,49,-75
36168756-ebdd-4fef-8c3b-0360112b8ab7-6,BRAKE_PRESSED,2025-11-25 22:00:53,2025-11-25 22:01:29,18.990312,73.4121024,37614,1661,FixOK,,OaG5CU0303,G133fg5425,"Chauk - Karjat - Murbad Rd, Gaulwadi, Maharashtra 410201, India",0,45.82,IgnitionOn,1,,,,
36168756-ebdd-4fef-8c3b-0360112b8ab7-5,EDC_BS6_PERIODIC,2025-11-25 22:00:56,2025-11-25 22:01:29,18.990536,73.4123776,25899,1661,FixOK,A,OaG5CU0303,G133fg5425,"Chauk - Karjat - Murbad Rd, Gaulwadi, Maharashtra 410201, India",15290.125,44.79,IgnitionOn,1,95.842,48.36,51,-75
25db81c5-4d22-4b30-903d-c3c25bad83a9,HEARTBEAT_MESSAGE,2025-11-25 22:00:56,2025-11-25 22:00:56,0,0,,,,,OaG5CU0303,G133fg5425,,,,,1,,,,
36168756-ebdd-4fef-8c3b-0360112b8ab7-4,EDC_BS6_PERIODIC,2025-11-25 22:01:03,2025-11-25 22:01:29,18.9909952,73.4128704,25900,1661,FixOK,A,OaG5CU0303,G133fg5425,"Chauk - Karjat - Murbad Rd, Gaulwadi, Maharashtra 410201, India",15290.125,44.93,IgnitionOn,1,93.087,49.77,50,-75
36168756-ebdd-4fef-8c3b-0360112b8ab7-3,EDC_BS6_PERIODIC,2025-11-25 22:01:08,2025-11-25 22:01:29,18.9915072,73.4130496,25901,1661,FixOK,A,OaG5CU0303,G133fg5425,"Chauk - Karjat - Murbad Rd, Gaulwadi, Maharashtra 410201, India",15290.25,43.46,IgnitionOn,1,90.142,25.27,48,-75
36168756-ebdd-4fef-8c3b-0360112b8ab7-2,EDC_BS6_PERIODIC,2025-11-25 22:01:14,2025-11-25 22:01:29,18.9921536,73.4131776,25902,1661,FixOK,A,OaG5CU0303,G133fg5425,"Chauk - Karjat - Murbad Rd, Gaulwadi, Maharashtra 410201, India",15290.25,44.48,IgnitionOn,1,87.695,3.54,48,-75
36168756-ebdd-4fef-8c3b-0360112b8ab7-1,EDC_BS6_PERIODIC,2025-11-25 22:01:20,2025-11-25 22:01:29,18.99288,73.413184,25903,1661,FixOK,A,OaG5CU0303,G133fg5425,"Chauk - Karjat - Murbad Rd, Gaulwadi, Maharashtra 410201, India",15290.375,49.46,IgnitionOn,1,86.495,1.96,46,-75
712fb1b9-aee8-4a67-aab6-780a4678351a-10,EDC_BS6_PERIODIC,2025-11-25 22:01:26,2025-11-25 22:02:30,18.993552,73.4130944,25904,1661,FixOK,A,OaG5CU0303,G133fg5425,"Chauk - Karjat - Murbad Rd, Gaulwadi, Maharashtra 410201, India",15290.5,45.98,IgnitionOn,1,85.541,349.67,49,-75
712fb1b9-aee8-4a67-aab6-780a4678351a-9,EDC_BS6_PERIODIC,2025-11-25 22:01:32,2025-11-25 22:02:30,18.994048,73.4127744,25905,1661,FixOK,A,OaG5CU0303,G133fg5425,"Chauk - Karjat - Murbad Rd, Gaulwadi, Maharashtra 410201, India",15290.5,37.38,IgnitionOn,1,85.91,327.14,35,-75
712fb1b9-aee8-4a67-aab6-780a4678351a-8,EDC_BS6_PERIODIC,2025-11-25 22:01:38,2025-11-25 22:02:30,18.9945136,73.412512,25906,1661,FixOK,A,OaG5CU0303,G133fg5425,"Chauk - Karjat - Murbad Rd, Gaulwadi, Maharashtra 410201, India",15290.625,34.88,IgnitionOn,1,89.805,332.63,42,-75
712fb1b9-aee8-4a67-aab6-780a4678351a-7,EDC_BS6_PERIODIC,2025-11-25 22:01:44,2025-11-25 22:02:30,18.99504,73.4124288,25907,1661,FixOK,A,OaG5CU0303,G133fg5425,"Chauk - Karjat - Murbad Rd, Gaulwadi, Maharashtra 410201, India",15290.625,36.43,IgnitionOn,1,89.441,351.57,46,-75
712fb1b9-aee8-4a67-aab6-780a4678351a-6,EDC_BS6_PERIODIC,2025-11-25 22:01:50,2025-11-25 22:02:30,18.9956,73.4125696,25908,1661,FixOK,A,OaG5CU0303,G133fg5425,"Chauk - Karjat - Murbad Rd, Gaulwadi, Maharashtra 410201, India",15290.75,41.8,IgnitionOn,1,86.949,7.78,48,-75
712fb1b9-aee8-4a67-aab6-780a4678351a-5,EDC_BS6_PERIODIC,2025-11-25 22:01:56,2025-11-25 22:02:30,18.9961952,73.4128256,25909,1661,FixOK,A,OaG5CU0303,G133fg5425,"Chauk - Karjat - Murbad Rd, Gaulwadi, Maharashtra 410201, India",15290.75,43,IgnitionOn,1,86.86,20.29,50,-75
712fb1b9-aee8-4a67-aab6-780a4678351a-4,EDC_BS6_PERIODIC,2025-11-25 22:02:02,2025-11-25 22:02:30,18.9968032,73.4130048,25910,1661,FixOK,A,OaG5CU0303,G133fg5425,"Chauk - Karjat - Murbad Rd, Gaulwadi, Maharashtra 410201, India",15290.875,42.61,IgnitionOn,1,87.279,11.86,50,-75
712fb1b9-aee8-4a67-aab6-780a4678351a-3,EDC_BS6_PERIODIC,2025-11-25 22:02:08,2025-11-25 22:02:30,18.9974064,73.4131264,25911,1661,FixOK,A,OaG5CU0303,G133fg5425,"Chauk - Karjat - Murbad Rd, Gaulwadi, Maharashtra 410201, India",15291,40.84,IgnitionOn,1,87.674,10.31,51,-75
712fb1b9-aee8-4a67-aab6-780a4678351a-2,EDC_BS6_PERIODIC,2025-11-25 22:02:14,2025-11-25 22:02:30,18.997984,73.4132608,25912,1661,FixOK,A,OaG5CU0303,G133fg5425,"Chauk - Karjat - Murbad Rd, Gaulwadi, Maharashtra 410201, India",15291,39.63,IgnitionOn,1,88.62,14.03,48,-75
712fb1b9-aee8-4a67-aab6-780a4678351a-1,EDC_BS6_PERIODIC,2025-11-25 22:02:20,2025-11-25 22:02:30,18.998536,73.4134912,25913,1661,FixOK,A,OaG5CU0303,G133fg5425,"Chauk - Karjat - Murbad Rd, Gaulwadi, Maharashtra 410201, India",15291.125,39.81,IgnitionOn,1,88.855,19.32,49,-75
e8d4813d-4298-4541-8d59-25137aeda198-2,EDC_BS6_PERIODIC,2025-11-25 22:02:26,2025-11-25 22:05:44,18.9990736,73.4138112,25914,1661,FixOK,A,OaG5CU0303,G133fg5425,"Chauk - Karjat - Murbad Rd, Takave, Maharashtra 410201, India",15291.125,41.24,IgnitionOn,1,89.287,28.81,51,-75
179c9059-8639-4d19-b19c-60e4a4efd65b-10,EDC_BS6_PERIODIC,2025-11-25 22:02:32,2025-11-25 22:03:31,18.9995232,73.4140544,25915,1661,FixOK,A,OaG5CU0303,G133fg5425,"XCV7+87 Takave, Maharashtra, India",15291.25,40.31,IgnitionOn,1,90.803,26.92,53,-75
179c9059-8639-4d19-b19c-60e4a4efd65b-9,EDC_BS6_PERIODIC,2025-11-25 22:02:38,2025-11-25 22:03:31,19.0000128,73.4143104,25916,1661,FixOK,A,OaG5CU0303,G133fg5425,"XCV7+87 Takave, Maharashtra, India",15291.375,35.5,IgnitionOn,1,93.37,27.37,52,-75
179c9059-8639-4d19-b19c-60e4a4efd65b-8,EDC_BS6_PERIODIC,2025-11-25 22:02:44,2025-11-25 22:03:31,19.0003664,73.414624,25917,1661,FixOK,A,OaG5CU0303,G133fg5425,"XCV7+87 Takave, Maharashtra, India",15291.375,29.57,IgnitionOn,1,94.494,41.15,52,-75
179c9059-8639-4d19-b19c-60e4a4efd65b-7,EDC_BS6_PERIODIC,2025-11-25 22:02:50,2025-11-25 22:03:31,19.0006912,73.4149696,25918,1661,FixOK,A,OaG5CU0303,G133fg5425,"XCV7+87 Takave, Maharashtra, India",15291.375,31.44,IgnitionOn,1,96.208,44.93,50,-75
179c9059-8639-4d19-b19c-60e4a4efd65b-6,EDC_BS6_PERIODIC,2025-11-25 22:02:56,2025-11-25 22:03:31,19.001032,73.4153088,25919,1661,FixOK,A,OaG5CU0303,G133fg5425,"XCV7+87 Takave, Maharashtra, India",15291.5,32.59,IgnitionOn,1,97.495,45.52,51,-75
179c9059-8639-4d19-b19c-60e4a4efd65b-5,EDC_BS6_PERIODIC,2025-11-25 22:03:02,2025-11-25 22:03:31,19.001376,73.4156864,25920,1661,FixOK,A,OaG5CU0303,G133fg5425,"XCV7+87 Takave, Maharashtra, India",15291.5,33.75,IgnitionOn,1,98.927,46.5,53,-75
179c9059-8639-4d19-b19c-60e4a4efd65b-4,EDC_BS6_PERIODIC,2025-11-25 22:03:08,2025-11-25 22:03:31,19.001736,73.4160896,25921,1661,FixOK,A,OaG5CU0303,G133fg5425,"XCV7+87 Takave, Maharashtra, India",15291.625,35.56,IgnitionOn,1,100.114,45.36,51,-75
179c9059-8639-4d19-b19c-60e4a4efd65b-3,EDC_BS6_PERIODIC,2025-11-25 22:03:14,2025-11-25 22:03:31,19.00212,73.4164864,25922,1661,FixOK,A,OaG5CU0303,G133fg5425,"XCV7+87 Takave, Maharashtra, India",15291.625,36.35,IgnitionOn,1,102.347,42.95,51,-75
179c9059-8639-4d19-b19c-60e4a4efd65b-2,EDC_BS6_PERIODIC,2025-11-25 22:03:20,2025-11-25 22:03:31,19.002504,73.4168704,25923,1661,FixOK,A,OaG5CU0303,G133fg5425,"XCV7+87 Takave, Maharashtra, India",15291.75,35.41,IgnitionOn,1,103.4,41.59,51,-75
179c9059-8639-4d19-b19c-60e4a4efd65b-1,EDC_BS6_PERIODIC,2025-11-25 22:03:26,2025-11-25 22:03:31,19.0029248,73.417216,25924,1661,FixOK,A,OaG5CU0303,G133fg5425,"XCV7+87 Takave, Maharashtra, India",15291.75,37.04,IgnitionOn,1,104.322,32.18,52,-75
e8d4813d-4298-4541-8d59-25137aeda198-1,EDC_BS6_PERIODIC,2025-11-25 22:03:32,2025-11-25 22:05:44,19.0034464,73.4175424,25925,1661,FixOK,A,OaG5CU0303,G133fg5425,"Chauk - Karjat - Murbad Rd, Takave, Maharashtra 410201, India",15291.875,41.27,IgnitionOn,1,105.388,30.04,48,-75
e643b2ee-6c1c-4c27-b918-a9d92231ceca-11,EDC_BS6_PERIODIC,2025-11-25 22:03:38,2025-11-25 22:10:54,19.0040288,73.417888,25926,1661,FixOK,A,OaG5CU0303,G133fg5425,"Murbad Rd, Maharashtra 410201, India",15291.875,45.89,IgnitionOn,1,106.306,29.54,50,-75
4136f59d-aaa1-4706-b0c6-01ee0fa2be0f-10,EDC_BS6_PERIODIC,2025-11-25 22:03:44,2025-11-25 22:04:32,19.0046176,73.41824,25927,1661,FixOK,A,OaG5CU0303,G133fg5425,"Chauk - Karjat - Murbad Rd, Takave, Maharashtra 410201, India",15292,44.35,IgnitionOn,1,108.625,29.63,53,-75
4136f59d-aaa1-4706-b0c6-01ee0fa2be0f-9,EDC_BS6_PERIODIC,2025-11-25 22:03:50,2025-11-25 22:04:32,19.005144,73.41856,25928,1661,FixOK,A,OaG5CU0303,G133fg5425,"Chauk - Karjat - Murbad Rd, Takave, Maharashtra 410201, India",15292.125,38.77,IgnitionOn,1,111.654,31.52,50,-75
4136f59d-aaa1-4706-b0c6-01ee0fa2be0f-8,EDC_BS6_PERIODIC,2025-11-25 22:03:56,2025-11-25 22:04:32,19.00588,73.4189824,25929,1661,FixOK,A,OaG5CU0303,G133fg5425,"Chauk - Karjat - Murbad Rd, Takave, Maharashtra 410201, India",15292.125,33.55,IgnitionOn,1,113.694,28.14,52,-75
4136f59d-aaa1-4706-b0c6-01ee0fa2be0f-7,BRAKE_PRESSED,2025-11-25 22:04:02,2025-11-25 22:04:32,19.0062848,73.4192256,37615,1661,FixOK,,OaG5CU0303,G133fg5425,"Chauk - Karjat - Murbad Rd, Takave, Maharashtra 410201, India",0,26.98,IgnitionOn,1,,,,
4136f59d-aaa1-4706-b0c6-01ee0fa2be0f-6,EDC_BS6_PERIODIC,2025-11-25 22:04:02,2025-11-25 22:04:32,19.0062848,73.4192256,25930,1661,FixOK,A,OaG5CU0303,G133fg5425,"Chauk - Karjat - Murbad Rd, Takave, Maharashtra 410201, India",15292.25,32.01,IgnitionOn,1,113.919,27.6,54,-75
4136f59d-aaa1-4706-b0c6-01ee0fa2be0f-5,EDC_BS6_PERIODIC,2025-11-25 22:04:08,2025-11-25 22:04:32,19.0065888,73.419392,25931,1661,FixOK,A,OaG5CU0303,G133fg5425,"Chauk - Karjat - Murbad Rd, Takave, Maharashtra 410201, India",15292.25,26.74,IgnitionOn,1,115.032,29.32,54,-75
4136f59d-aaa1-4706-b0c6-01ee0fa2be0f-4,EDC_BS6_PERIODIC,2025-11-25 22:04:14,2025-11-25 22:04:32,19.006816,73.4195264,25932,1661,FixOK,A,OaG5CU0303,G133fg5425,"Chauk - Karjat - Murbad Rd, Takave, Maharashtra 410201, India",15292.25,22.08,IgnitionOn,1,115.898,29.28,55,-75
4136f59d-aaa1-4706-b0c6-01ee0fa2be0f-3,EDC_BS6_PERIODIC,2025-11-25 22:04:20,2025-11-25 22:04:32,19.007128,73.4197184,25933,1661,FixOK,A,OaG5CU0303,G133fg5425,"Chauk - Karjat - Murbad Rd, Takave, Maharashtra 410201, India",15292.375,22.69,IgnitionOn,1,117.083,29.44,54,-75
4136f59d-aaa1-4706-b0c6-01ee0fa2be0f-2,EDC_BS6_PERIODIC,2025-11-25 22:04:26,2025-11-25 22:04:32,19.0074432,73.419904,25934,1661,FixOK,A,OaG5CU0303,G133fg5425,"Chauk - Karjat - Murbad Rd, Takave, Maharashtra 410201, India",15292.375,25.04,IgnitionOn,1,117.193,28.59,54,-75
4136f59d-aaa1-4706-b0c6-01ee0fa2be0f-1,BRAKE_PRESSED,2025-11-25 22:04:27,2025-11-25 22:04:32,19.0074864,73.4199168,37616,1661,FixOK,,OaG5CU0303,G133fg5425,"Chauk - Karjat - Murbad Rd, Takave, Maharashtra 410201, India",0,12.86,IgnitionOn,1,,,,
e643b2ee-6c1c-4c27-b918-a9d92231ceca-10,EDC_BS6_PERIODIC,2025-11-25 22:04:32,2025-11-25 22:10:54,19.0076192,73.42,25935,1661,FixOK,A,OaG5CU0303,G133fg5425,"Murbad Rd, Maharashtra 410201, India",15292.375,14.64,IgnitionOn,1,117.742,26.01,54,-75
11da596f-9cd4-4f32-a323-2c471d8dd472-10,EDC_BS6_PERIODIC,2025-11-25 22:04:38,2025-11-25 22:05:33,19.0077888,73.4200832,25936,1661,FixOK,A,OaG5CU0303,G133fg5425,"Chauk - Karjat - Murbad Rd, Takave, Maharashtra 410201, India",15292.375,11.83,IgnitionOn,1,117.977,29.67,51,-75
11da596f-9cd4-4f32-a323-2c471d8dd472-9,EDC_BS6_PERIODIC,2025-11-25 22:04:44,2025-11-25 22:05:33,19.007976,73.4201984,25937,1661,FixOK,A,OaG5CU0303,G133fg5425,"Chauk - Karjat - Murbad Rd, Takave, Maharashtra 410201, India",15292.5,13.8,IgnitionOn,1,117.613,27.63,51,-75
11da596f-9cd4-4f32-a323-2c471d8dd472-8,EDC_BS6_PERIODIC,2025-11-25 22:04:50,2025-11-25 22:05:33,19.0082208,73.4203264,25938,1661,FixOK,A,OaG5CU0303,G133fg5425,"Chauk - Karjat - Murbad Rd, Takave, Maharashtra 410201, India",15292.5,17.8,IgnitionOn,1,117.358,28.79,52,-75
11da596f-9cd4-4f32-a323-2c471d8dd472-7,EDC_BS6_PERIODIC,2025-11-25 22:04:56,2025-11-25 22:05:33,19.008472,73.4204736,25939,1661,FixOK,A,OaG5CU0303,G133fg5425,"Chauk - Karjat - Murbad Rd, Takave, Maharashtra 410201, India",15292.5,19.4,IgnitionOn,1,117.158,30,53,-75
11da596f-9cd4-4f32-a323-2c471d8dd472-6,BRAKE_PRESSED,2025-11-25 22:05:02,2025-11-25 22:05:33,19.008696,73.4205952,37617,1661,FixOK,,OaG5CU0303,G133fg5425,"Chauk - Karjat - Murbad Rd, Takave, Maharashtra 410201, India",0,10.18,IgnitionOn,1,,,,
11da596f-9cd4-4f32-a323-2c471d8dd472-5,EDC_BS6_PERIODIC,2025-11-25 22:05:02,2025-11-25 22:05:33,19.008696,73.4205952,25940,1661,FixOK,A,OaG5CU0303,G133fg5425,"Chauk - Karjat - Murbad Rd, Takave, Maharashtra 410201, India",15292.5,16.41,IgnitionOn,1,117.266,14.28,54,-75
11da596f-9cd4-4f32-a323-2c471d8dd472-4,EDC_BS6_PERIODIC,2025-11-25 22:05:08,2025-11-25 22:05:33,19.0088,73.4206336,25941,1661,FixOK,A,OaG5CU0303,G133fg5425,"Chauk - Karjat - Murbad Rd, Takave, Maharashtra 410201, India",15292.5,10.1,IgnitionOn,1,117.537,34.9,51,-75
11da596f-9cd4-4f32-a323-2c471d8dd472-3,EDC_BS6_PERIODIC,2025-11-25 22:05:14,2025-11-25 22:05:33,19.0088032,73.4206336,25942,1661,FixOK,A,OaG5CU0303,G133fg5425,"Chauk - Karjat - Murbad Rd, Takave, Maharashtra 410201, India",15292.625,0,IgnitionOn,1,117.87,34.9,52,-75
11da596f-9cd4-4f32-a323-2c471d8dd472-2,EDC_BS6_PERIODIC,2025-11-25 22:05:20,2025-11-25 22:05:33,19.0088032,73.4206336,25943,1661,FixOK,A,OaG5CU0303,G133fg5425,"Chauk - Karjat - Murbad Rd, Takave, Maharashtra 410201, India",15292.625,0,IgnitionOn,1,117.847,34.9,52,-75
11da596f-9cd4-4f32-a323-2c471d8dd472-1,EDC_BS6_PERIODIC,2025-11-25 22:05:26,2025-11-25 22:05:33,19.0088288,73.4206464,25944,1661,FixOK,A,OaG5CU0303,G133fg5425,"Chauk - Karjat - Murbad Rd, Takave, Maharashtra 410201, India",15292.625,0,IgnitionOn,1,117.953,34.9,53,-75
e643b2ee-6c1c-4c27-b918-a9d92231ceca-9,EDC_BS6_PERIODIC,2025-11-25 22:05:32,2025-11-25 22:10:54,19.0089776,73.4206848,25945,1661,FixOK,A,OaG5CU0303,G133fg5425,"Murbad Rd, Maharashtra 410201, India",15292.625,9.63,IgnitionOn,1,118.94,5.63,54,-75
98a061a0-0e4b-4e1a-b5d6-272c6f6614e5-10,EDC_BS6_PERIODIC,2025-11-25 22:05:38,2025-11-25 22:06:34,19.0091968,73.4206208,25946,1661,FixOK,A,OaG5CU0303,G133fg5425,"Chauk - Karjat - Murbad Rd, Kashele, Maharashtra 410201, India",15292.625,14.94,IgnitionOn,1,119.871,346.79,54,-75
98a061a0-0e4b-4e1a-b5d6-272c6f6614e5-9,EDC_BS6_PERIODIC,2025-11-25 22:05:44,2025-11-25 22:06:34,19.009392,73.4204672,25947,1661,FixOK,A,OaG5CU0303,G133fg5425,"Chauk - Karjat - Murbad Rd, Kashele, Maharashtra 410201, India",15292.625,16.84,IgnitionOn,1,120.17,324.08,52,-75
98a061a0-0e4b-4e1a-b5d6-272c6f6614e5-8,GPS_MESSAGE,2025-11-25 22:05:49,2025-11-25 22:06:34,19.009512,73.4203776,,1661,3DFix,,OaG5CU0303,G133fg5425,"Chauk - Karjat - Murbad Rd, Kashele, Maharashtra 410201, India",0,,IgnitionOn,1,120,32,50,
98a061a0-0e4b-4e1a-b5d6-272c6f6614e5-7,EDC_BS6_PERIODIC,2025-11-25 22:05:50,2025-11-25 22:06:34,19.0095392,73.420352,25948,1661,FixOK,A,OaG5CU0303,G133fg5425,"Chauk - Karjat - Murbad Rd, Kashele, Maharashtra 410201, India",15292.625,15.56,IgnitionOn,1,120.334,332.69,50,-75
98a061a0-0e4b-4e1a-b5d6-272c6f6614e5-6,EDC_BS6_PERIODIC,2025-11-25 22:05:56,2025-11-25 22:06:34,19.0096944,73.420256,25949,1661,FixOK,A,OaG5CU0303,G133fg5425,"Chauk - Karjat - Murbad Rd, Kashele, Maharashtra 410201, India",15292.625,11.76,IgnitionOn,1,120.352,329.45,51,-75
98a061a0-0e4b-4e1a-b5d6-272c6f6614e5-5,EDC_BS6_PERIODIC,2025-11-25 22:06:02,2025-11-25 22:06:34,19.0098224,73.4201728,25950,1661,FixOK,A,OaG5CU0303,G133fg5425,"Chauk - Karjat - Murbad Rd, Kashele, Maharashtra 410201, India",15292.75,10.23,IgnitionOn,1,120.055,329.08,52,-75
98a061a0-0e4b-4e1a-b5d6-272c6f6614e5-4,EDC_BS6_PERIODIC,2025-11-25 22:06:08,2025-11-25 22:06:34,19.0099456,73.4200832,25951,1661,FixOK,A,OaG5CU0303,G133fg5425,"Chauk - Karjat - Murbad Rd, Kashele, Maharashtra 410201, India",15292.75,9.66,IgnitionOn,1,118.815,328.13,52,-75
98a061a0-0e4b-4e1a-b5d6-272c6f6614e5-3,EDC_BS6_PERIODIC,2025-11-25 22:06:14,2025-11-25 22:06:34,19.0100656,73.4199744,25952,1661,FixOK,A,OaG5CU0303,G133fg5425,"Chauk - Karjat - Murbad Rd, Kashele, Maharashtra 410201, India",15292.75,9.7,IgnitionOn,1,118.3,321.17,52,-61
98a061a0-0e4b-4e1a-b5d6-272c6f6614e5-2,EDC_BS6_PERIODIC,2025-11-25 22:06:20,2025-11-25 22:06:34,19.0102048,73.4198784,25953,1661,FixOK,A,OaG5CU0303,G133fg5425,"Chauk - Karjat - Murbad Rd, Kashele, Maharashtra 410201, India",15292.75,10.87,IgnitionOn,1,117.472,324.02,51,-61
98a061a0-0e4b-4e1a-b5d6-272c6f6614e5-1,EDC_BS6_PERIODIC,2025-11-25 22:06:26,2025-11-25 22:06:34,19.010328,73.4197824,25954,1661,FixOK,A,OaG5CU0303,G133fg5425,"Chauk - Karjat - Murbad Rd, Kashele, Maharashtra 410201, India",15292.75,10.17,IgnitionOn,1,117.179,319.98,52,-61
e643b2ee-6c1c-4c27-b918-a9d92231ceca-8,EDC_BS6_PERIODIC,2025-11-25 22:06:32,2025-11-25 22:10:54,19.010448,73.4197056,25955,1661,FixOK,A,OaG5CU0303,G133fg5425,"Murbad Rd, Maharashtra 410201, India",15292.75,9.5,IgnitionOn,1,117.329,327.86,53,-61
e643b2ee-6c1c-4c27-b918-a9d92231ceca-7,EDC_BS6_PERIODIC,2025-11-25 22:06:38,2025-11-25 22:10:54,19.010584,73.4195968,25956,1661,FixOK,A,OaG5CU0303,G133fg5425,"Murbad Rd, Maharashtra 410201, India",15292.75,9.93,IgnitionOn,1,117.682,325.51,54,-61
e643b2ee-6c1c-4c27-b918-a9d92231ceca-6,BRAKE_PRESSED,2025-11-25 22:06:44,2025-11-25 22:10:54,19.010816,73.4194176,37618,1661,FixOK,,OaG5CU0303,G133fg5425,"Murbad Rd, Maharashtra 410201, India",0,9.91,IgnitionOn,1,,,,
8efc9f95-c3ba-4232-8c5f-b2e57c014fc4-10,EDC_BS6_PERIODIC,2025-11-25 22:06:44,2025-11-25 22:07:35,19.010816,73.4194176,25957,1661,FixOK,A,OaG5CU0303,G133fg5425,"Chauk - Karjat - Murbad Rd, Gaulwadi, Maharashtra 410201, India",15292.875,18.29,IgnitionOn,1,117.293,323.98,53,-61
8efc9f95-c3ba-4232-8c5f-b2e57c014fc4-9,EDC_BS6_PERIODIC,2025-11-25 22:06:50,2025-11-25 22:07:35,19.010944,73.4193216,25958,1661,FixOK,A,OaG5CU0303,G133fg5425,"Chauk - Karjat - Murbad Rd, Gaulwadi, Maharashtra 410201, India",15292.875,10.09,IgnitionOn,1,116.862,328.57,53,-61
8efc9f95-c3ba-4232-8c5f-b2e57c014fc4-8,EDC_BS6_PERIODIC,2025-11-25 22:06:56,2025-11-25 22:07:35,19.0110528,73.419232,25959,1661,FixOK,A,OaG5CU0303,G133fg5425,"Chauk - Karjat - Murbad Rd, Gaulwadi, Maharashtra 410201, India",15292.875,9.23,IgnitionOn,1,116.619,323.73,51,-61
8efc9f95-c3ba-4232-8c5f-b2e57c014fc4-7,EDC_BS6_PERIODIC,2025-11-25 22:07:02,2025-11-25 22:07:35,19.0112576,73.4190784,25960,1661,FixOK,A,OaG5CU0303,G133fg5425,"Chauk - Karjat - Murbad Rd, Gaulwadi, Maharashtra 410201, India",15292.875,15.72,IgnitionOn,1,116.307,327.57,49,-61
8efc9f95-c3ba-4232-8c5f-b2e57c014fc4-6,BRAKE_PRESSED,2025-11-25 22:07:08,2025-11-25 22:07:35,19.0114112,73.4189568,37619,1661,FixOK,,OaG5CU0303,G133fg5425,"Chauk - Karjat - Murbad Rd, Gaulwadi, Maharashtra 410201, India",0,22.23,IgnitionOn,1,,,,
8efc9f95-c3ba-4232-8c5f-b2e57c014fc4-5,EDC_BS6_PERIODIC,2025-11-25 22:07:08,2025-11-25 22:07:35,19.0114112,73.4189568,25961,1661,FixOK,A,OaG5CU0303,G133fg5425,"Chauk - Karjat - Murbad Rd, Gaulwadi, Maharashtra 410201, India",15292.875,26.78,IgnitionOn,1,116.165,325.69,53,-61
8efc9f95-c3ba-4232-8c5f-b2e57c014fc4-4-1,HARSH_BREAKING_END,2025-11-25 22:07:11,2025-11-25 22:07:35,19.0117472,73.41872,37620,1661,FixOK,,OaG5CU0303,G133fg5425,"Chauk - Karjat - Murbad Rd, Gaulwadi, Maharashtra 410201, India",0,8.62,IgnitionOn,1,,,,
8efc9f95-c3ba-4232-8c5f-b2e57c014fc4-4,HARSH_BREAKING_START,2025-11-25 22:07:11,2025-11-25 22:07:35,19.0117472,73.41872,37620,1661,FixOK,,OaG5CU0303,G133fg5425,"Chauk - Karjat - Murbad Rd, Gaulwadi, Maharashtra 410201, India",0,8.62,IgnitionOn,1,,,,
8efc9f95-c3ba-4232-8c5f-b2e57c014fc4-3,EDC_BS6_PERIODIC,2025-11-25 22:07:14,2025-11-25 22:07:35,19.0114112,73.4189568,25962,1661,FixOK,A,OaG5CU0303,G133fg5425,"Chauk - Karjat - Murbad Rd, Gaulwadi, Maharashtra 410201, India",15293,21.8,IgnitionOn,1,116.165,325.69,53,-61
8efc9f95-c3ba-4232-8c5f-b2e57c014fc4-2,EDC_BS6_PERIODIC,2025-11-25 22:07:20,2025-11-25 22:07:35,19.011944,73.4185728,25963,1661,FixOK,A,OaG5CU0303,G133fg5425,"Chauk - Karjat - Murbad Rd, Gaulwadi, Maharashtra 410201, India",15293,9.38,IgnitionOn,1,118.666,323.79,52,-61
8efc9f95-c3ba-4232-8c5f-b2e57c014fc4-1,EDC_BS6_PERIODIC,2025-11-25 22:07:26,2025-11-25 22:07:35,19.0121664,73.4184256,25964,1661,FixOK,A,OaG5CU0303,G133fg5425,"Chauk - Karjat - Murbad Rd, Gaulwadi, Maharashtra 410201, India",15293,17.09,IgnitionOn,1,118.238,326.97,53,-61
882765db-0454-4229-90c1-6feb491a5853-10,EDC_BS6_PERIODIC,2025-11-25 22:07:32,2025-11-25 22:08:36,19.012408,73.41824,25965,1661,FixOK,A,OaG5CU0303,G133fg5425,"Chauk - Karjat - Murbad Rd, Kashele, Maharashtra 410201, India",15293,24.29,IgnitionOn,1,118.243,324.95,51,-61
882765db-0454-4229-90c1-6feb491a5853-9,EDC_BS6_PERIODIC,2025-11-25 22:07:38,2025-11-25 22:08:36,19.0127456,73.417984,25966,1661,FixOK,A,OaG5CU0303,G133fg5425,"Chauk - Karjat - Murbad Rd, Kashele, Maharashtra 410201, India",15293.125,28.12,IgnitionOn,1,119.547,324.57,51,-61
882765db-0454-4229-90c1-6feb491a5853-8,EDC_BS6_PERIODIC,2025-11-25 22:07:44,2025-11-25 22:08:36,19.013104,73.4177152,25967,1661,FixOK,A,OaG5CU0303,G133fg5425,"Chauk - Karjat - Murbad Rd, Kashele, Maharashtra 410201, India",15293.125,29.37,IgnitionOn,1,121.097,324.14,49,-61
882765db-0454-4229-90c1-6feb491a5853-7,EDC_BS6_PERIODIC,2025-11-25 22:07:50,2025-11-25 22:08:36,19.01352,73.4174016,25968,1661,FixOK,A,OaG5CU0303,G133fg5425,"Chauk - Karjat - Murbad Rd, Kashele, Maharashtra 410201, India",15293.25,35.57,IgnitionOn,1,120.552,323.47,48,-61
882765db-0454-4229-90c1-6feb491a5853-6,EDC_BS6_PERIODIC,2025-11-25 22:07:56,2025-11-25 22:08:36,19.014016,73.4169728,25969,1661,FixOK,A,OaG5CU0303,G133fg5425,"Chauk - Karjat - Murbad Rd, Kashele, Maharashtra 410201, India",15293.25,43.23,IgnitionOn,1,119.232,320.67,48,-61
882765db-0454-4229-90c1-6feb491a5853-5,EDC_BS6_PERIODIC,2025-11-25 22:08:02,2025-11-25 22:08:36,19.0145888,73.41648,25970,1661,FixOK,A,OaG5CU0303,G133fg5425,"Chauk - Karjat - Murbad Rd, Kashele, Maharashtra 410201, India",15293.375,50.2,IgnitionOn,1,118.04,320.27,46,-61
882765db-0454-4229-90c1-6feb491a5853-4,EDC_BS6_PERIODIC,2025-11-25 22:08:08,2025-11-25 22:08:36,19.015352,73.4161408,25971,1661,FixOK,A,OaG5CU0303,G133fg5425,"Chauk - Karjat - Murbad Rd, Kashele, Maharashtra 410201, India",15293.5,56.53,IgnitionOn,1,116.421,336.86,47,-61
882765db-0454-4229-90c1-6feb491a5853-3,EDC_BS6_PERIODIC,2025-11-25 22:08:14,2025-11-25 22:08:36,19.0161472,73.4162304,25972,1661,FixOK,A,OaG5CU0303,G133fg5425,"Chauk - Karjat - Murbad Rd, Kashele, Maharashtra 410201, India",15293.5,54.28,IgnitionOn,1,117.765,1.23,53,-61
882765db-0454-4229-90c1-6feb491a5853-2,EDC_BS6_PERIODIC,2025-11-25 22:08:20,2025-11-25 22:08:36,19.01684,73.4166144,25973,1661,FixOK,A,OaG5CU0303,G133fg5425,"Chauk - Karjat - Murbad Rd, Kashele, Maharashtra 410201, India",15293.625,52.45,IgnitionOn,1,118.848,29.87,53,-61
882765db-0454-4229-90c1-6feb491a5853-1,EDC_BS6_PERIODIC,2025-11-25 22:08:26,2025-11-25 22:08:36,19.017488,73.4169984,25974,1661,FixOK,A,OaG5CU0303,G133fg5425,"Chauk - Karjat - Murbad Rd, Kashele, Maharashtra 410201, India",15293.75,49.16,IgnitionOn,1,118.992,27.95,54,-61
e643b2ee-6c1c-4c27-b918-a9d92231ceca-5,EDC_BS6_PERIODIC,2025-11-25 22:08:32,2025-11-25 22:10:54,19.0181664,73.41728,25975,1661,FixOK,A,OaG5CU0303,G133fg5425,"Chauk - Karjat - Murbad Rd, Kashele, Maharashtra 410201, India",15293.75,49.98,IgnitionOn,1,118.138,18.55,54,-61
e643b2ee-6c1c-4c27-b918-a9d92231ceca-4,EDC_BS6_PERIODIC,2025-11-25 22:08:38,2025-11-25 22:10:54,19.0188512,73.417536,25976,1661,FixOK,A,OaG5CU0303,G133fg5425,"Chauk - Karjat - Murbad Rd, Kashele, Maharashtra 410201, India",15293.875,48.66,IgnitionOn,1,119.315,21,50,-61
e643b2ee-6c1c-4c27-b918-a9d92231ceca-3,EDC_BS6_PERIODIC,2025-11-25 22:08:44,2025-11-25 22:10:54,19.019552,73.4177856,25977,1661,FixOK,A,OaG5CU0303,G133fg5425,"Chauk - Karjat - Murbad Rd, Kashele, Maharashtra 410201, India",15294,49.14,IgnitionOn,1,119.25,18.29,50,-61
e621952b-4d99-4311-acd4-07cf1e1e459d-10,EDC_BS6_PERIODIC,2025-11-25 22:08:50,2025-11-25 22:09:37,19.0202112,73.418048,25978,1661,FixOK,A,OaG5CU0303,G133fg5425,"Chauk - Karjat - Murbad Rd, Kashele, Maharashtra 410201, India",15294,47.31,IgnitionOn,1,118.594,25.88,50,-61
e621952b-4d99-4311-acd4-07cf1e1e459d-9,EDC_BS6_PERIODIC,2025-11-25 22:08:56,2025-11-25 22:09:37,19.020824,73.418432,25979,1661,FixOK,A,OaG5CU0303,G133fg5425,"Chauk - Karjat - Murbad Rd, Kashele, Maharashtra 410201, India",15294.125,47.33,IgnitionOn,1,118.397,32.99,51,-61
e621952b-4d99-4311-acd4-07cf1e1e459d-8,BRAKE_PRESSED,2025-11-25 22:09:00,2025-11-25 22:09:37,19.021216,73.4187136,37621,1661,FixOK,,OaG5CU0303,G133fg5425,"Chauk - Karjat - Murbad Rd, Kashele, Maharashtra 410201, India",0,43.84,IgnitionOn,1,,,,
e621952b-4d99-4311-acd4-07cf1e1e459d-7,EDC_BS6_PERIODIC,2025-11-25 22:09:02,2025-11-25 22:09:37,19.021408,73.4188544,25980,1661,FixOK,A,OaG5CU0303,G133fg5425,"Chauk - Karjat - Murbad Rd, Kashele, Maharashtra 410201, India",15294.25,47.28,IgnitionOn,1,117.983,34.99,52,-61
e621952b-4d99-4311-acd4-07cf1e1e459d-6,EDC_BS6_PERIODIC,2025-11-25 22:09:08,2025-11-25 22:09:37,19.021944,73.4191936,25981,1661,FixOK,A,OaG5CU0303,G133fg5425,"Chauk - Karjat - Murbad Rd, Kashele, Maharashtra 410201, India",15294.25,40.67,IgnitionOn,1,116.639,31.44,51,-61
e621952b-4d99-4311-acd4-07cf1e1e459d-5,EDC_BS6_PERIODIC,2025-11-25 22:09:14,2025-11-25 22:09:37,19.0224288,73.4192,25982,1661,FixOK,A,OaG5CU0303,G133fg5425,"Chauk - Karjat - Murbad Rd, Kashele, Maharashtra 410201, India",15294.375,41.1,IgnitionOn,1,114.844,3.32,48,-61
e621952b-4d99-4311-acd4-07cf1e1e459d-4,EDC_BS6_PERIODIC,2025-11-25 22:09:20,2025-11-25 22:09:37,19.0230688,73.4189824,25983,1661,FixOK,A,OaG5CU0303,G133fg5425,"Chauk - Karjat - Murbad Rd, Kashele, Maharashtra 410201, India",15294.5,45.66,IgnitionOn,1,113.436,339.42,46,-61
e621952b-4d99-4311-acd4-07cf1e1e459d-3,EDC_BS6_PERIODIC,2025-11-25 22:09:26,2025-11-25 22:09:37,19.0236672,73.4185664,25984,1661,FixOK,A,OaG5CU0303,G133fg5425,"Chauk - Karjat - Murbad Rd, Kashele, Maharashtra 410201, India",15294.5,48.63,IgnitionOn,1,110.94,322.7,45,-61
e621952b-4d99-4311-acd4-07cf1e1e459d-2,BRAKE_PRESSED,2025-11-25 22:09:32,2025-11-25 22:09:37,19.0243264,73.4181888,37622,1661,FixOK,,OaG5CU0303,G133fg5425,"Chauk - Karjat - Murbad Rd, Kashele, Maharashtra 410201, India",0,50.38,IgnitionOn,1,,,,
e621952b-4d99-4311-acd4-07cf1e1e459d-1,EDC_BS6_PERIODIC,2025-11-25 22:09:32,2025-11-25 22:09:37,19.0243264,73.4181888,25985,1661,FixOK,A,OaG5CU0303,G133fg5425,"Chauk - Karjat - Murbad Rd, Kashele, Maharashtra 410201, India",15294.625,51.6,IgnitionOn,1,108.341,334.89,43,-61
e643b2ee-6c1c-4c27-b918-a9d92231ceca-2,EDC_BS6_PERIODIC,2025-11-25 22:09:38,2025-11-25 22:10:54,19.0250496,73.4179072,25986,1661,FixOK,A,OaG5CU0303,G133fg5425,"Chauk - Karjat - Murbad Rd, Kashele, Maharashtra 410201, India",15294.75,50.24,IgnitionOn,1,106.174,339.92,46,-61
e643b2ee-6c1c-4c27-b918-a9d92231ceca-1,EDC_BS6_PERIODIC,2025-11-25 22:09:44,2025-11-25 22:10:54,19.0256464,73.4175872,25987,1661,FixOK,A,OaG5CU0303,G133fg5425,"Chauk - Karjat - Murbad Rd, Kashele, Maharashtra 410201, India",15294.75,44.3,IgnitionOn,1,101.25,339.8,47,-61
418e4835-eeca-4b25-b75f-1777310e95f1-11,EDC_BS6_PERIODIC,2025-11-25 22:09:50,2025-11-25 22:16:14,19.02612,73.4169536,25988,1661,FixOK,A,OaG5CU0303,G133fg5425,"Chauk - Karjat - Murbad Rd, Sugave, Maharashtra 410101, India",15294.875,53.23,IgnitionOn,1,95.247,305.44,44,-61
418e4835-eeca-4b25-b75f-1777310e95f1-10,EDC_BS6_PERIODIC,2025-11-25 22:09:56,2025-11-25 22:16:14,19.0266208,73.4163584,25989,1661,FixOK,A,OaG5CU0303,G133fg5425,"Chauk - Karjat - Murbad Rd, Sugave, Maharashtra 410101, India",15295,46.45,IgnitionOn,1,92.302,321.58,45,-61
8c68e719-5689-41e3-bcb9-d31f7946c0c0-10,BRAKE_PRESSED,2025-11-25 22:09:57,2025-11-25 22:10:38,19.0267232,73.4163072,37623,1661,FixOK,,OaG5CU0303,G133fg5425,"Chauk - Karjat - Murbad Rd, Kashele, Maharashtra 410201, India",0,49.71,IgnitionOn,1,,,,
8c68e719-5689-41e3-bcb9-d31f7946c0c0-9,EDC_BS6_PERIODIC,2025-11-25 22:10:02,2025-11-25 22:10:38,19.027336,73.4162304,25990,1661,FixOK,A,OaG5CU0303,G133fg5425,"Chauk - Karjat - Murbad Rd, Kashele, Maharashtra 410201, India",15295,51.15,IgnitionOn,1,85.818,356.92,39,-61
8c68e719-5689-41e3-bcb9-d31f7946c0c0-8,BRAKE_PRESSED,2025-11-25 22:10:08,2025-11-25 22:10:38,19.0279536,73.4160704,37624,1661,FixOK,,OaG5CU0303,G133fg5425,"Chauk - Karjat - Murbad Rd, Kashele, Maharashtra 410201, India",0,42.86,IgnitionOn,1,,,,
8c68e719-5689-41e3-bcb9-d31f7946c0c0-7,EDC_BS6_PERIODIC,2025-11-25 22:10:08,2025-11-25 22:10:38,19.0279536,73.4160704,25991,1661,FixOK,A,OaG5CU0303,G133fg5425,"Chauk - Karjat - Murbad Rd, Kashele, Maharashtra 410201, India",15295.125,39.36,IgnitionOn,1,81.606,348.1,43,-61
8c68e719-5689-41e3-bcb9-d31f7946c0c0-6,BRAKE_PRESSED,2025-11-25 22:10:12,2025-11-25 22:10:38,19.0281888,73.4157504,37625,1661,FixOK,,OaG5CU0303,G133fg5425,"Chauk - Karjat - Murbad Rd, Kashele, Maharashtra 410201, India",0,45.29,IgnitionOn,1,,,,
8c68e719-5689-41e3-bcb9-d31f7946c0c0-5,EDC_BS6_PERIODIC,2025-11-25 22:10:14,2025-11-25 22:10:38,19.0282528,73.4155456,25992,1661,FixOK,A,OaG5CU0303,G133fg5425,"Chauk - Karjat - Murbad Rd, Kashele, Maharashtra 410201, India",15295.25,42.9,IgnitionOn,1,76.416,307.2,41,-61
8c68e719-5689-41e3-bcb9-d31f7946c0c0-4,EDC_BS6_PERIODIC,2025-11-25 22:10:20,2025-11-25 22:10:38,19.028288,73.4147968,25993,1661,FixOK,A,OaG5CU0303,G133fg5425,"Chauk - Karjat - Murbad Rd, Kashele, Maharashtra 410201, India",15295.25,48.22,IgnitionOn,1,72.601,265.58,51,-61
8c68e719-5689-41e3-bcb9-d31f7946c0c0-3,BRAKE_PRESSED,2025-11-25 22:10:25,2025-11-25 22:10:38,19.0282432,73.414176,37626,1661,FixOK,,OaG5CU0303,G133fg5425,"Chauk - Karjat - Murbad Rd, Kashele, Maharashtra 410201, India",0,42.42,IgnitionOn,1,,,,
8c68e719-5689-41e3-bcb9-d31f7946c0c0-2,EDC_BS6_PERIODIC,2025-11-25 22:10:26,2025-11-25 22:10:38,19.028248,73.4140544,25994,1661,FixOK,A,OaG5CU0303,G133fg5425,"Chauk - Karjat - Murbad Rd, Kashele, Maharashtra 410201, India",15295.375,46.55,IgnitionOn,1,71.622,270.27,51,-61
8c68e719-5689-41e3-bcb9-d31f7946c0c0-1,EDC_BS6_PERIODIC,2025-11-25 22:10:32,2025-11-25 22:10:38,19.0284576,73.4134336,25995,1661,FixOK,A,OaG5CU0303,G133fg5425,"Chauk - Karjat - Murbad Rd, Kashele, Maharashtra 410201, India",15295.375,38.65,IgnitionOn,1,71.402,296.32,48,-61
418e4835-eeca-4b25-b75f-1777310e95f1-9-1,HARSH_BREAKING_END,2025-11-25 22:10:35,2025-11-25 22:16:14,19.0286576,73.41328,37627,1661,FixOK,,OaG5CU0303,G133fg5425,"Chauk - Karjat - Murbad Rd, Sugave, Maharashtra 410101, India",0,7.2,IgnitionOn,1,,,,
418e4835-eeca-4b25-b75f-1777310e95f1-9,HARSH_BREAKING_START,2025-11-25 22:10:35,2025-11-25 22:16:14,19.0286576,73.41328,37627,1661,FixOK,,OaG5CU0303,G133fg5425,"Chauk - Karjat - Murbad Rd, Sugave, Maharashtra 410101, India",0,7.2,IgnitionOn,1,,,,
418e4835-eeca-4b25-b75f-1777310e95f1-8,EDC_BS6_PERIODIC,2025-11-25 22:10:38,2025-11-25 22:16:14,19.0288224,73.4131904,25996,1661,FixOK,A,OaG5CU0303,G133fg5425,"Chauk - Karjat - Murbad Rd, Sugave, Maharashtra 410101, India",15295.5,25.74,IgnitionOn,1,70.91,330.8,45,-61
8644824f-00e6-45db-9997-95de0eb7d2a8-10,EDC_BS6_PERIODIC,2025-11-25 22:10:44,2025-11-25 22:11:40,19.0289344,73.4131584,25997,1661,FixOK,A,OaG5CU0303,G133fg5425,"Murbad Rd, Maharashtra 410201, India",15295.5,6.9700003,IgnitionOn,1,70.76,343.73,44,-61
8644824f-00e6-45db-9997-95de0eb7d2a8-9,EDC_BS6_PERIODIC,2025-11-25 22:10:50,2025-11-25 22:11:40,19.029072,73.4131264,25998,1661,FixOK,A,OaG5CU0303,G133fg5425,"Murbad Rd, Maharashtra 410201, India",15295.5,10.52,IgnitionOn,1,71.447,339.98,45,-61
8644824f-00e6-45db-9997-95de0eb7d2a8-8,BRAKE_PRESSED,2025-11-25 22:10:52,2025-11-25 22:11:40,19.0291392,73.4131072,37628,1661,FixOK,,OaG5CU0303,G133fg5425,"Murbad Rd, Maharashtra 410201, India",0,7.42,IgnitionOn,1,,,,
8644824f-00e6-45db-9997-95de0eb7d2a8-7,EDC_BS6_PERIODIC,2025-11-25 22:10:56,2025-11-25 22:11:40,19.0292736,73.413024,25999,1661,FixOK,A,OaG5CU0303,G133fg5425,"Murbad Rd, Maharashtra 410201, India",15295.5,15.53,IgnitionOn,1,71.46,328.11,48,-61
8644824f-00e6-45db-9997-95de0eb7d2a8-6,EDC_BS6_PERIODIC,2025-11-25 22:11:03,2025-11-25 22:11:40,19.0293568,73.41296,26000,1661,FixOK,A,OaG5CU0303,G133fg5425,"Murbad Rd, Maharashtra 410201, India",15295.625,9.66,IgnitionOn,1,70.809,321.85,47,-61
8644824f-00e6-45db-9997-95de0eb7d2a8-5,EDC_BS6_PERIODIC,2025-11-25 22:11:08,2025-11-25 22:11:40,19.0293776,73.4129344,26001,1661,FixOK,A,OaG5CU0303,G133fg5425,"Murbad Rd, Maharashtra 410201, India",15295.625,33.1,IgnitionOn,1,71.144,321.85,49,-61
8644824f-00e6-45db-9997-95de0eb7d2a8-4,EDC_BS6_PERIODIC,2025-11-25 22:11:14,2025-11-25 22:11:40,19.0293776,73.4129344,26002,1661,FixOK,A,OaG5CU0303,G133fg5425,"Murbad Rd, Maharashtra 410201, India",15295.625,43.51,IgnitionOn,1,71.144,305.6,49,-61
8644824f-00e6-45db-9997-95de0eb7d2a8-3,EDC_BS6_PERIODIC,2025-11-25 22:11:20,2025-11-25 22:11:40,19.03076,73.4109824,26003,1661,FixOK,A,OaG5CU0303,G133fg5425,"Murbad Rd, Maharashtra 410201, India",15295.75,53.03,IgnitionOn,1,61.936,305.98,49,-61
8644824f-00e6-45db-9997-95de0eb7d2a8-2,EDC_BS6_PERIODIC,2025-11-25 22:11:26,2025-11-25 22:11:40,19.031248,73.410272,26004,1661,FixOK,A,OaG5CU0303,G133fg5425,"Murbad Rd, Maharashtra 410201, India",15295.875,58.28,IgnitionOn,1,64.147,305.58,51,-61
8644824f-00e6-45db-9997-95de0eb7d2a8-1,EDC_BS6_PERIODIC,2025-11-25 22:11:32,2025-11-25 22:11:40,19.0316288,73.409696,26005,1661,FixOK,A,OaG5CU0303,G133fg5425,"Murbad Rd, Maharashtra 410201, India",15295.875,52.05,IgnitionOn,1,71.137,304.51,51,-61
5d0ddb61-02b0-4362-836d-d13be2f9ad5e-10,EDC_BS6_PERIODIC,2025-11-25 22:11:38,2025-11-25 22:12:41,19.031976,73.409184,26006,1661,FixOK,A,OaG5CU0303,G133fg5425,"Murbad Rd, Maharashtra 410201, India",15296,42.41,IgnitionOn,1,71.807,306.79,47,-61
5d0ddb61-02b0-4362-836d-d13be2f9ad5e-9,EDC_BS6_PERIODIC,2025-11-25 22:11:44,2025-11-25 22:12:41,19.0323488,73.408736,26007,1661,FixOK,A,OaG5CU0303,G133fg5425,"Murbad Rd, Maharashtra 410201, India",15296.125,38.67,IgnitionOn,1,72.72,313.14,48,-61
5d0ddb61-02b0-4362-836d-d13be2f9ad5e-8,EDC_BS6_PERIODIC,2025-11-25 22:11:50,2025-11-25 22:12:41,19.0327328,73.408288,26008,1661,FixOK,A,OaG5CU0303,G133fg5425,"Murbad Rd, Maharashtra 410201, India",15296.125,38.3,IgnitionOn,1,73.198,312.08,48,-61
5d0ddb61-02b0-4362-836d-d13be2f9ad5e-7,EDC_BS6_PERIODIC,2025-11-25 22:11:56,2025-11-25 22:12:41,19.03316,73.40784,26009,1661,FixOK,A,OaG5CU0303,G133fg5425,"Murbad Rd, Maharashtra 410201, India",15296.25,39.14,IgnitionOn,1,72.19,314.32,48,-61
5d0ddb61-02b0-4362-836d-d13be2f9ad5e-6,EDC_BS6_PERIODIC,2025-11-25 22:12:02,2025-11-25 22:12:41,19.0335344,73.4072448,26010,1661,FixOK,A,OaG5CU0303,G133fg5425,"Murbad Rd, Maharashtra 410201, India",15296.25,40.69,IgnitionOn,1,71.238,304.23,47,-61
5d0ddb61-02b0-4362-836d-d13be2f9ad5e-5,EDC_BS6_PERIODIC,2025-11-25 22:12:08,2025-11-25 22:12:41,19.034032,73.4066496,26011,1661,FixOK,A,OaG5CU0303,G133fg5425,"Murbad Rd, Maharashtra 410201, India",15296.375,47.6,IgnitionOn,1,68.129,318.57,46,-61
5d0ddb61-02b0-4362-836d-d13be2f9ad5e-4,EDC_BS6_PERIODIC,2025-11-25 22:12:14,2025-11-25 22:12:41,19.03468,73.4061376,26012,1661,FixOK,A,OaG5CU0303,G133fg5425,"Murbad Rd, Maharashtra 410201, India",15296.5,53.14,IgnitionOn,1,65.569,325.79,48,-83
5d0ddb61-02b0-4362-836d-d13be2f9ad5e-3,EDC_BS6_PERIODIC,2025-11-25 22:12:20,2025-11-25 22:12:41,19.035408,73.405728,26013,1661,FixOK,A,OaG5CU0303,G133fg5425,"Murbad Rd, Maharashtra 410201, India",15296.5,54.59,IgnitionOn,1,64.441,332.88,52,-83
5d0ddb61-02b0-4362-836d-d13be2f9ad5e-2,EDC_BS6_PERIODIC,2025-11-25 22:12:26,2025-11-25 22:12:41,19.036168,73.4053824,26014,1661,FixOK,A,OaG5CU0303,G133fg5425,"Murbad Rd, Maharashtra 410201, India",15296.625,55.04,IgnitionOn,1,64.653,336.67,52,-83
5d0ddb61-02b0-4362-836d-d13be2f9ad5e-1,EDC_BS6_PERIODIC,2025-11-25 22:12:32,2025-11-25 22:12:41,19.036888,73.4050688,26015,1661,FixOK,A,OaG5CU0303,G133fg5425,"Murbad Rd, Maharashtra 410201, India",15296.75,54.41,IgnitionOn,1,66.211,337.22,51,-83
418e4835-eeca-4b25-b75f-1777310e95f1-7,EDC_BS6_PERIODIC,2025-11-25 22:12:38,2025-11-25 22:16:14,19.0375344,73.4048,26016,1661,FixOK,A,OaG5CU0303,G133fg5425,"Chauk - Karjat - Murbad Rd, Sugave, Maharashtra 410101, India",15296.875,49.65,IgnitionOn,1,67.358,339.14,54,-83
3ddc2df4-6502-44b1-895b-a3716e7a0865-10,EDC_BS6_PERIODIC,2025-11-25 22:12:44,2025-11-25 22:13:43,19.0381184,73.4046208,26017,1661,FixOK,A,OaG5CU0303,G133fg5425,"Chauk - Karjat - Murbad Rd, Sugave, Maharashtra 410101, India",15296.875,45.16,IgnitionOn,1,69.939,345.83,49,-83
3ddc2df4-6502-44b1-895b-a3716e7a0865-9,EDC_BS6_PERIODIC,2025-11-25 22:12:50,2025-11-25 22:13:43,19.0386,73.4045696,26018,1661,FixOK,A,OaG5CU0303,G133fg5425,"Chauk - Karjat - Murbad Rd, Sugave, Maharashtra 410101, India",15297,39.78,IgnitionOn,1,70.684,354.2,49,-83
3ddc2df4-6502-44b1-895b-a3716e7a0865-8,EDC_BS6_PERIODIC,2025-11-25 22:12:56,2025-11-25 22:13:43,19.0391392,73.4047296,26019,1661,FixOK,A,OaG5CU0303,G133fg5425,"Chauk - Karjat - Murbad Rd, Sugave, Maharashtra 410101, India",15297,38.39,IgnitionOn,1,71.541,14.39,52,-83
3ddc2df4-6502-44b1-895b-a3716e7a0865-7,EDC_BS6_PERIODIC,2025-11-25 22:13:02,2025-11-25 22:13:43,19.039576,73.4050816,26020,1661,FixOK,A,OaG5CU0303,G133fg5425,"Chauk - Karjat - Murbad Rd, Sugave, Maharashtra 410101, India",15297.125,36.61,IgnitionOn,1,71.558,35.29,53,-83
3ddc2df4-6502-44b1-895b-a3716e7a0865-6,EDC_BS6_PERIODIC,2025-11-25 22:13:08,2025-11-25 22:13:43,19.0399968,73.405472,26021,1661,FixOK,A,OaG5CU0303,G133fg5425,"Chauk - Karjat - Murbad Rd, Sugave, Maharashtra 410101, India",15297.125,37.95,IgnitionOn,1,72.38,41.04,50,-83
3ddc2df4-6502-44b1-895b-a3716e7a0865-5,BRAKE_PRESSED,2025-11-25 22:13:12,2025-11-25 22:13:43,19.0403008,73.4057088,37629,1661,FixOK,,OaG5CU0303,G133fg5425,"Chauk - Karjat - Murbad Rd, Sugave, Maharashtra 410101, India",0,29.85,IgnitionOn,1,,,,
3ddc2df4-6502-44b1-895b-a3716e7a0865-4,EDC_BS6_PERIODIC,2025-11-25 22:13:14,2025-11-25 22:13:43,19.040464,73.4057536,26022,1661,FixOK,A,OaG5CU0303,G133fg5425,"Chauk - Karjat - Murbad Rd, Sugave, Maharashtra 410101, India",15297.25,37.8,IgnitionOn,1,72.937,15.81,47,-83
3ddc2df4-6502-44b1-895b-a3716e7a0865-3,EDC_BS6_PERIODIC,2025-11-25 22:13:20,2025-11-25 22:13:43,19.040848,73.405536,26023,1661,FixOK,A,OaG5CU0303,G133fg5425,"Chauk - Karjat - Murbad Rd, Sugave, Maharashtra 410101, India",15297.25,33.12,IgnitionOn,1,74.333,322,48,-83
3ddc2df4-6502-44b1-895b-a3716e7a0865-2,EDC_BS6_PERIODIC,2025-11-25 22:13:26,2025-11-25 22:13:43,19.0411616,73.405216,26024,1661,FixOK,A,OaG5CU0303,G133fg5425,"Chauk - Karjat - Murbad Rd, Sugave, Maharashtra 410101, India",15297.375,29.83,IgnitionOn,1,75.998,311.29,48,-83
3ddc2df4-6502-44b1-895b-a3716e7a0865-1,EDC_BS6_PERIODIC,2025-11-25 22:13:32,2025-11-25 22:13:43,19.0415648,73.4051264,26025,1661,FixOK,A,OaG5CU0303,G133fg5425,"Chauk - Karjat - Murbad Rd, Sugave, Maharashtra 410101, India",15297.375,28.88,IgnitionOn,1,78.185,343.95,48,-83
418e4835-eeca-4b25-b75f-1777310e95f1-6,EDC_BS6_PERIODIC,2025-11-25 22:13:38,2025-11-25 22:16:14,19.0419328,73.4052096,26026,1661,FixOK,A,OaG5CU0303,G133fg5425,"Chauk - Karjat - Murbad Rd, Sugave, Maharashtra 410101, India",15297.5,25.88,IgnitionOn,1,80.396,12.02,49,-83
418e4835-eeca-4b25-b75f-1777310e95f1-5,EDC_BS6_PERIODIC,2025-11-25 22:13:44,2025-11-25 22:16:14,19.042312,73.40528,26027,1661,FixOK,A,OaG5CU0303,G133fg5425,"Chauk - Karjat - Murbad Rd, Sugave, Maharashtra 410101, India",15297.5,25.89,IgnitionOn,1,82.108,6.8,47,-83
418e4835-eeca-4b25-b75f-1777310e95f1-4,EDC_BS6_PERIODIC,2025-11-25 22:13:50,2025-11-25 22:16:14,19.0427056,73.4052544,26028,1661,FixOK,A,OaG5CU0303,G133fg5425,"Chauk - Karjat - Murbad Rd, Sugave, Maharashtra 410101, India",15297.5,26.45,IgnitionOn,1,83.064,354.64,49,-83
1ebd77d5-839b-4537-9bf4-0a1aa56b3102-10,EDC_BS6_PERIODIC,2025-11-25 22:13:56,2025-11-25 22:14:43,19.043056,73.4050624,26029,1661,FixOK,A,OaG5CU0303,G133fg5425,"Chauk - Karjat - Murbad Rd, Sugave, Maharashtra 410101, India",15297.625,25.59,IgnitionOn,1,85.321,330.35,48,-83
1ebd77d5-839b-4537-9bf4-0a1aa56b3102-9,EDC_BS6_PERIODIC,2025-11-25 22:14:02,2025-11-25 22:14:43,19.043392,73.4048512,26030,1661,FixOK,A,OaG5CU0303,G133fg5425,"Chauk - Karjat - Murbad Rd, Sugave, Maharashtra 410101, India",15297.625,26.88,IgnitionOn,1,87.55,328.63,49,-83
1ebd77d5-839b-4537-9bf4-0a1aa56b3102-8,EDC_BS6_PERIODIC,2025-11-25 22:14:08,2025-11-25 22:14:43,19.0437504,73.4046976,26031,1661,FixOK,A,OaG5CU0303,G133fg5425,"Chauk - Karjat - Murbad Rd, Sugave, Maharashtra 410101, India",15297.625,25.55,IgnitionOn,1,90.023,345.57,48,-83
1ebd77d5-839b-4537-9bf4-0a1aa56b3102-7,CLUTCH_RIDING_START,2025-11-25 22:14:09,2025-11-25 22:14:43,19.043816,73.4046784,37630,1661,FixOK,,OaG5CU0303,G133fg5425,"Chauk - Karjat - Murbad Rd, Sugave, Maharashtra 410101, India",0,28.35,IgnitionOn,1,,,,
1ebd77d5-839b-4537-9bf4-0a1aa56b3102-6,EDC_BS6_PERIODIC,2025-11-25 22:14:14,2025-11-25 22:14:43,19.0441456,73.404576,26032,1661,FixOK,A,OaG5CU0303,G133fg5425,"Chauk - Karjat - Murbad Rd, Sugave, Maharashtra 410101, India",15297.75,26.33,IgnitionOn,1,91.342,342.35,47,-83
1ebd77d5-839b-4537-9bf4-0a1aa56b3102-5,EDC_BS6_PERIODIC,2025-11-25 22:14:20,2025-11-25 22:14:43,19.044528,73.404416,26033,1661,FixOK,A,OaG5CU0303,G133fg5425,"Chauk - Karjat - Murbad Rd, Sugave, Maharashtra 410101, India",15297.75,28.94,IgnitionOn,1,93.05,337.29,50,-83
1ebd77d5-839b-4537-9bf4-0a1aa56b3102-4,CLUTCH_RIDING_END,2025-11-25 22:14:22,2025-11-25 22:14:43,19.0446432,73.404352,37631,1661,FixOK,,OaG5CU0303,G133fg5425,"Chauk - Karjat - Murbad Rd, Sugave, Maharashtra 410101, India",0,26.81,IgnitionOn,1,,,,
1ebd77d5-839b-4537-9bf4-0a1aa56b3102-3,EDC_BS6_PERIODIC,2025-11-25 22:14:26,2025-11-25 22:14:43,19.0448768,73.4042176,26034,1661,FixOK,A,OaG5CU0303,G133fg5425,"Chauk - Karjat - Murbad Rd, Sugave, Maharashtra 410101, India",15297.875,26.8,IgnitionOn,1,93.872,331.26,52,-83
1ebd77d5-839b-4537-9bf4-0a1aa56b3102-2,EDC_BS6_PERIODIC,2025-11-25 22:14:32,2025-11-25 22:14:43,19.0451744,73.404032,26035,1661,FixOK,A,OaG5CU0303,G133fg5425,"Chauk - Karjat - Murbad Rd, Sugave, Maharashtra 410101, India",15297.875,27.88,IgnitionOn,1,95.137,329.97,50,-83
1ebd77d5-839b-4537-9bf4-0a1aa56b3102-1,EDC_BS6_PERIODIC,2025-11-25 22:14:38,2025-11-25 22:14:43,19.0455552,73.403808,26036,1661,FixOK,A,OaG5CU0303,G133fg5425,"Chauk - Karjat - Murbad Rd, Sugave, Maharashtra 410101, India",15297.875,28.56,IgnitionOn,1,96.347,334.8,50,-83
418e4835-eeca-4b25-b75f-1777310e95f1-3,EDC_BS6_PERIODIC,2025-11-25 22:14:44,2025-11-25 22:16:14,19.045976,73.4036416,26037,1661,FixOK,A,OaG5CU0303,G133fg5425,"Chauk - Karjat - Murbad Rd, Sugave, Maharashtra 410101, India",15298,29.91,IgnitionOn,1,98.214,342.19,48,-83
418e4835-eeca-4b25-b75f-1777310e95f1-2,EDC_BS6_PERIODIC,2025-11-25 22:14:50,2025-11-25 22:16:14,19.046432,73.4035264,26038,1661,FixOK,A,OaG5CU0303,G133fg5425,"Chauk - Karjat - Murbad Rd, Sugave, Maharashtra 410101, India",15298,31.3,IgnitionOn,1,100.091,348.6,51,-83
418e4835-eeca-4b25-b75f-1777310e95f1-1,EDC_BS6_PERIODIC,2025-11-25 22:14:56,2025-11-25 22:16:14,19.0468128,73.4032704,26039,1661,FixOK,A,OaG5CU0303,G133fg5425,"Chauk - Karjat - Murbad Rd, Sugave, Maharashtra 410101, India",15298.125,30.45,IgnitionOn,1,100.433,327.35,50,-83
db61a243-e292-4d4b-863c-0cbbf72239e6-14,EDC_BS6_PERIODIC,2025-11-25 22:15:02,2025-11-25 22:17:33,19.0470272,73.4028224,26040,1661,FixOK,A,OaG5CU0303,G133fg5425,"Chauk - Karjat - Murbad Rd, Sugave, Maharashtra 410101, India",15298.125,31.57,IgnitionOn,1,101.369,293.2,51,-83
db61a243-e292-4d4b-863c-0cbbf72239e6-13,EDC_BS6_PERIODIC,2025-11-25 22:15:08,2025-11-25 22:17:33,19.0474224,73.4025536,26041,1661,FixOK,A,OaG5CU0303,G133fg5425,"Chauk - Karjat - Murbad Rd, Sugave, Maharashtra 410101, India",15298.25,32.2,IgnitionOn,1,104.689,347.85,45,-83
db61a243-e292-4d4b-863c-0cbbf72239e6-2,EDC_BS6_PERIODIC,2025-11-25 22:15:14,2025-11-25 22:17:33,19.047928,73.4026112,26042,1661,FixOK,A,OaG5CU0303,G133fg5425,"Chauk - Karjat - Murbad Rd, Sugave, Maharashtra 410101, India",15298.25,33.94,IgnitionOn,1,106.639,15.02,48,-83
db61a243-e292-4d4b-863c-0cbbf72239e6-1,EXHAUST_BRAKE_ON_START,2025-11-25 22:15:14,2025-11-25 22:17:33,19.047928,73.4026112,37632,1661,FixOK,,OaG5CU0303,G133fg5425,"Chauk - Karjat - Murbad Rd, Sugave, Maharashtra 410101, India",0,36.19,IgnitionOn,1,,,,
db61a243-e292-4d4b-863c-0cbbf72239e6-15,EXHAUST_BRAKE_ON_END,2025-11-25 22:15:15,2025-11-25 22:17:33,19.0480176,73.4026368,37633,1661,FixOK,,OaG5CU0303,G133fg5425,"Chauk - Karjat - Murbad Rd, Sugave, Maharashtra 410101, India",0,36.27,IgnitionOn,1,,,,
2a8f51ff-25d6-4839-864b-fbcf99491568-17,EDC_BS6_PERIODIC,2025-11-25 22:15:20,2025-11-25 22:22:44,19.0484672,73.4026944,26043,1661,FixOK,A,OaG5CU0303,G133fg5425,"Murbad Rd, Maharashtra 410101, India",15298.25,37.45,IgnitionOn,1,107.291,6.84,50,-83
2a8f51ff-25d6-4839-864b-fbcf99491568-16,CLUTCH_RIDING_START,2025-11-25 22:15:21,2025-11-25 22:22:44,19.048552,73.4026624,37634,1661,FixOK,,OaG5CU0303,G133fg5425,"Murbad Rd, Maharashtra 410101, India",0,38.64,IgnitionOn,1,,,,
2a8f51ff-25d6-4839-864b-fbcf99491568-15,CLUTCH_RIDING_END,2025-11-25 22:15:23,2025-11-25 22:22:44,19.0487056,73.40256,37635,1661,FixOK,,OaG5CU0303,G133fg5425,"Murbad Rd, Maharashtra 410101, India",0,40.06,IgnitionOn,1,,,,
6f39167b-a2d3-41b1-9e49-6798d94a0e3d-10,EDC_BS6_PERIODIC,2025-11-25 22:15:26,2025-11-25 22:16:45,19.048936,73.4023744,26044,1661,FixOK,A,OaG5CU0303,G133fg5425,"Chauk - Karjat - Murbad Rd, Sugave, Maharashtra 410101, India",15298.375,36.05,IgnitionOn,1,106.93,323.45,49,-83
6f39167b-a2d3-41b1-9e49-6798d94a0e3d-9,EDC_BS6_PERIODIC,2025-11-25 22:15:32,2025-11-25 22:16:45,19.0493888,73.4019328,26045,1661,FixOK,A,OaG5CU0303,G133fg5425,"Chauk - Karjat - Murbad Rd, Sugave, Maharashtra 410101, India",15298.375,40.72,IgnitionOn,1,108.083,321.92,48,-83
6f39167b-a2d3-41b1-9e49-6798d94a0e3d-8,BRAKE_PRESSED,2025-11-25 22:15:36,2025-11-25 22:16:45,19.049624,73.4015872,37636,1661,FixOK,,OaG5CU0303,G133fg5425,"Chauk - Karjat - Murbad Rd, Sugave, Maharashtra 410101, India",0,39.11,IgnitionOn,1,,,,
6f39167b-a2d3-41b1-9e49-6798d94a0e3d-7,EDC_BS6_PERIODIC,2025-11-25 22:15:38,2025-11-25 22:16:45,19.04976,73.4014144,26046,1661,FixOK,A,OaG5CU0303,G133fg5425,"Chauk - Karjat - Murbad Rd, Sugave, Maharashtra 410101, India",15298.5,41.85,IgnitionOn,1,107.053,310.29,42,-83
db61a243-e292-4d4b-863c-0cbbf72239e6-12,BRAKE_PRESSED,2025-11-25 22:15:44,2025-11-25 22:17:33,19.050008,73.4008704,37637,1661,FixOK,,OaG5CU0303,G133fg5425,"Chauk - Karjat - Murbad Rd, Sugave, Maharashtra 410101, India",0,37.54,IgnitionOn,1,,,,
db61a243-e292-4d4b-863c-0cbbf72239e6-11,EDC_BS6_PERIODIC,2025-11-25 22:15:44,2025-11-25 22:17:33,19.050008,73.4008704,26047,1661,FixOK,A,OaG5CU0303,G133fg5425,"Chauk - Karjat - Murbad Rd, Sugave, Maharashtra 410101, India",15298.625,39.01,IgnitionOn,1,105.708,281.45,45,-83
db61a243-e292-4d4b-863c-0cbbf72239e6-10,GPS_MESSAGE,2025-11-25 22:15:49,2025-11-25 22:17:33,19.050152,73.400384,,1661,3DFix,,OaG5CU0303,G133fg5425,"Chauk - Karjat - Murbad Rd, Sugave, Maharashtra 410101, India",0,,IgnitionOn,1,105,29,44,
db61a243-e292-4d4b-863c-0cbbf72239e6-9,EDC_BS6_PERIODIC,2025-11-25 22:15:50,2025-11-25 22:17:33,19.0502048,73.4003072,26048,1661,FixOK,A,OaG5CU0303,G133fg5425,"Chauk - Karjat - Murbad Rd, Sugave, Maharashtra 410101, India",15298.625,40.01,IgnitionOn,1,105.21,293.1,45,-83
db61a243-e292-4d4b-863c-0cbbf72239e6-8,EDC_BS6_PERIODIC,2025-11-25 22:15:56,2025-11-25 22:17:33,19.0505568,73.3997504,26049,1661,FixOK,A,OaG5CU0303,G133fg5425,"Chauk - Karjat - Murbad Rd, Sugave, Maharashtra 410101, India",15298.75,39.66,IgnitionOn,1,104.896,304.47,42,-83
db61a243-e292-4d4b-863c-0cbbf72239e6-7,DEVICE_METRICS,2025-11-25 22:15:57,2025-11-25 22:17:33,19.0506176,73.3996544,,1661,FixOK,,OaG5CU0303,G133fg5425,"Chauk - Karjat - Murbad Rd, Sugave, Maharashtra 410101, India",0,,IgnitionOn,1,,,,
db61a243-e292-4d4b-863c-0cbbf72239e6-6,EDC_BS6_PERIODIC,2025-11-25 22:16:02,2025-11-25 22:17:33,19.0509456,73.399168,26050,1661,FixOK,A,OaG5CU0303,G133fg5425,"Chauk - Karjat - Murbad Rd, Sugave, Maharashtra 410101, India",15298.75,45.16,IgnitionOn,1,103.391,304.76,43,-83
db61a243-e292-4d4b-863c-0cbbf72239e6-5,BRAKE_PRESSED,2025-11-25 22:16:04,2025-11-25 22:17:33,19.051096,73.3989824,37638,1661,FixOK,,OaG5CU0303,G133fg5425,"Chauk - Karjat - Murbad Rd, Sugave, Maharashtra 410101, India",0,46.77,IgnitionOn,1,,,,
db61a243-e292-4d4b-863c-0cbbf72239e6-4,BRAKE_PRESSED,2025-11-25 22:16:08,2025-11-25 22:17:33,19.0513888,73.3985984,37639,1661,FixOK,,OaG5CU0303,G133fg5425,"Chauk - Karjat - Murbad Rd, Sugave, Maharashtra 410101, India",0,50.88,IgnitionOn,1,,,,
db61a243-e292-4d4b-863c-0cbbf72239e6-3,EDC_BS6_PERIODIC,2025-11-25 22:16:08,2025-11-25 22:17:33,19.0513888,73.3985984,26051,1661,FixOK,A,OaG5CU0303,G133fg5425,"Chauk - Karjat - Murbad Rd, Sugave, Maharashtra 410101, India",15298.875,47.17,IgnitionOn,1,101.403,303.6,45,-83
6f39167b-a2d3-41b1-9e49-6798d94a0e3d-6,EDC_BS6_PERIODIC,2025-11-25 22:16:14,2025-11-25 22:16:45,19.0517696,73.39792,26052,1661,FixOK,A,OaG5CU0303,G133fg5425,"Chauk - Karjat - Murbad Rd, Sugave, Maharashtra 410101, India",15299,48.33,IgnitionOn,1,100.078,299.01,48,-83
6f39167b-a2d3-41b1-9e49-6798d94a0e3d-5,EDC_BS6_PERIODIC,2025-11-25 22:16:20,2025-11-25 22:16:45,19.052072,73.3973056,26053,1661,FixOK,A,OaG5CU0303,G133fg5425,"Chauk - Karjat - Murbad Rd, Sugave, Maharashtra 410101, India",15299,53.17,IgnitionOn,1,97.237,298.35,45,-83
6f39167b-a2d3-41b1-9e49-6798d94a0e3d-4,BRAKE_PRESSED,2025-11-25 22:16:21,2025-11-25 22:16:45,19.052112,73.3971776,37640,1661,FixOK,,OaG5CU0303,G133fg5425,"Chauk - Karjat - Murbad Rd, Sugave, Maharashtra 410101, India",0,46.63,IgnitionOn,1,,,,
6f39167b-a2d3-41b1-9e49-6798d94a0e3d-3,EDC_BS6_PERIODIC,2025-11-25 22:16:26,2025-11-25 22:16:45,19.0522576,73.3965376,26054,1661,FixOK,A,OaG5CU0303,G133fg5425,"Chauk - Karjat - Murbad Rd, Sugave, Maharashtra 410101, India",15299.125,53.2,IgnitionOn,1,95.678,280.76,43,-83
6f39167b-a2d3-41b1-9e49-6798d94a0e3d-2,EDC_BS6_PERIODIC,2025-11-25 22:16:32,2025-11-25 22:16:45,19.0526528,73.3961856,26055,1661,FixOK,A,OaG5CU0303,G133fg5425,"Chauk - Karjat - Murbad Rd, Sugave, Maharashtra 410101, India",15299.25,35.72,IgnitionOn,1,97.166,309.61,47,-83
6f39167b-a2d3-41b1-9e49-6798d94a0e3d-1,EDC_BS6_PERIODIC,2025-11-25 22:16:38,2025-11-25 22:16:45,19.0531104,73.3961856,26056,1661,FixOK,A,OaG5CU0303,G133fg5425,"Chauk - Karjat - Murbad Rd, Sugave, Maharashtra 410101, India",15299.25,31.32,IgnitionOn,1,98.496,1.11,49,-83
2a8f51ff-25d6-4839-864b-fbcf99491568-14,EDC_BS6_PERIODIC,2025-11-25 22:16:44,2025-11-25 22:22:44,19.0535168,73.3961664,26057,1661,FixOK,A,OaG5CU0303,G133fg5425,"Murbad Rd, Maharashtra 410101, India",15299.375,27.84,IgnitionOn,1,100.344,350.36,50,-83
2a8f51ff-25d6-4839-864b-fbcf99491568-13,EDC_BS6_PERIODIC,2025-11-25 22:16:50,2025-11-25 22:22:44,19.053864,73.395968,26058,1661,FixOK,A,OaG5CU0303,G133fg5425,"Murbad Rd, Maharashtra 410101, India",15299.375,25.28,IgnitionOn,1,101.469,327.33,51,-83
2a8f51ff-25d6-4839-864b-fbcf99491568-12,EDC_BS6_PERIODIC,2025-11-25 22:16:56,2025-11-25 22:22:44,19.054296,73.39584,26059,1661,FixOK,A,OaG5CU0303,G133fg5425,"Murbad Rd, Maharashtra 410101, India",15299.375,29.35,IgnitionOn,1,102.503,342.36,47,-83
2a8f51ff-25d6-4839-864b-fbcf99491568-11,BRAKE_PRESSED,2025-11-25 22:17:01,2025-11-25 22:22:44,19.0547392,73.39584,37641,1661,FixOK,,OaG5CU0303,G133fg5425,"Murbad Rd, Maharashtra 410101, India",0,38.63,IgnitionOn,1,,,,
b3ca9aa9-9cf7-4646-afe4-857ae7b5c24c-10,EDC_BS6_PERIODIC,2025-11-25 22:17:02,2025-11-25 22:17:49,19.054832,73.3958272,26060,1661,FixOK,A,OaG5CU0303,G133fg5425,"Chauk - Karjat - Murbad Rd, Sugave, Maharashtra 410101, India",15299.5,34.86,IgnitionOn,1,101.019,0.77,46,-83
b3ca9aa9-9cf7-4646-afe4-857ae7b5c24c-9,EDC_BS6_PERIODIC,2025-11-25 22:17:08,2025-11-25 22:17:49,19.0553792,73.395616,26061,1661,FixOK,A,OaG5CU0303,G133fg5425,"Chauk - Karjat - Murbad Rd, Sugave, Maharashtra 410101, India",15299.5,39.52,IgnitionOn,1,96.024,334.54,41,-83
b3ca9aa9-9cf7-4646-afe4-857ae7b5c24c-8,BRAKE_PRESSED,2025-11-25 22:17:09,2025-11-25 22:17:49,19.0554736,73.395552,37642,1661,FixOK,,OaG5CU0303,G133fg5425,"Chauk - Karjat - Murbad Rd, Sugave, Maharashtra 410101, India",0,44.09,IgnitionOn,1,,,,
b3ca9aa9-9cf7-4646-afe4-857ae7b5c24c-7,EDC_BS6_PERIODIC,2025-11-25 22:17:14,2025-11-25 22:17:49,19.0559328,73.3952256,26062,1661,FixOK,A,OaG5CU0303,G133fg5425,"Chauk - Karjat - Murbad Rd, Sugave, Maharashtra 410101, India",15299.625,43.89,IgnitionOn,1,90.964,322.63,43,-83
b3ca9aa9-9cf7-4646-afe4-857ae7b5c24c-6,BRAKE_PRESSED,2025-11-25 22:17:16,2025-11-25 22:17:49,19.0561248,73.3951232,37643,1661,FixOK,,OaG5CU0303,G133fg5425,"Chauk - Karjat - Murbad Rd, Sugave, Maharashtra 410101, India",0,45.2,IgnitionOn,1,,,,
b3ca9aa9-9cf7-4646-afe4-857ae7b5c24c-5,EDC_BS6_PERIODIC,2025-11-25 22:17:20,2025-11-25 22:17:49,19.0565568,73.3949504,26063,1661,FixOK,A,OaG5CU0303,G133fg5425,"Chauk - Karjat - Murbad Rd, Sugave, Maharashtra 410101, India",15299.625,43.82,IgnitionOn,1,85.676,342.14,46,-83
b3ca9aa9-9cf7-4646-afe4-857ae7b5c24c-4,EDC_BS6_PERIODIC,2025-11-25 22:17:26,2025-11-25 22:17:49,19.0571104,73.394848,26064,1661,FixOK,A,OaG5CU0303,G133fg5425,"Chauk - Karjat - Murbad Rd, Sugave, Maharashtra 410101, India",15299.75,40.12,IgnitionOn,1,82.619,345.69,48,-83
b3ca9aa9-9cf7-4646-afe4-857ae7b5c24c-3,BRAKE_PRESSED,2025-11-25 22:17:27,2025-11-25 22:17:49,19.0571984,73.39488,37644,1661,FixOK,,OaG5CU0303,G133fg5425,"Chauk - Karjat - Murbad Rd, Sugave, Maharashtra 410101, India",0,38.55,IgnitionOn,1,,,,
b3ca9aa9-9cf7-4646-afe4-857ae7b5c24c-2,EDC_BS6_PERIODIC,2025-11-25 22:17:32,2025-11-25 22:17:49,19.057608,73.395168,26065,1661,FixOK,A,OaG5CU0303,G133fg5425,"Chauk - Karjat - Murbad Rd, Sugave, Maharashtra 410101, India",15299.875,38.77,IgnitionOn,1,77.861,30.2,48,-83
b3ca9aa9-9cf7-4646-afe4-857ae7b5c24c-1,EDC_BS6_PERIODIC,2025-11-25 22:17:38,2025-11-25 22:17:49,19.0581904,73.3952,26066,1661,FixOK,A,OaG5CU0303,G133fg5425,"Chauk - Karjat - Murbad Rd, Sugave, Maharashtra 410101, India",15299.875,38.49,IgnitionOn,1,74.803,353.76,44,-83
2a8f51ff-25d6-4839-864b-fbcf99491568-10,EDC_BS6_PERIODIC,2025-11-25 22:17:44,2025-11-25 22:22:44,19.0589024,73.3952384,26067,1661,FixOK,A,OaG5CU0303,G133fg5425,"Murbad Rd, Maharashtra 410101, India",15300,46.39,IgnitionOn,1,71.221,5.48,43,-83
2a8f51ff-25d6-4839-864b-fbcf99491568-9,EDC_BS6_PERIODIC,2025-11-25 22:17:50,2025-11-25 22:22:44,19.0597136,73.3952896,26068,1661,FixOK,A,OaG5CU0303,G133fg5425,"Murbad Rd, Maharashtra 410101, India",15300,54.97,IgnitionOn,1,67.859,2.06,47,-83
2a8f51ff-25d6-4839-864b-fbcf99491568-8,BRAKE_PRESSED,2025-11-25 22:17:53,2025-11-25 22:22:44,19.0601248,73.3952768,37645,1661,FixOK,,OaG5CU0303,G133fg5425,"Murbad Rd, Maharashtra 410101, India",0,54.96,IgnitionOn,1,,,,
fcfafab9-a29d-4d0e-98fe-644063356212-10,EDC_BS6_PERIODIC,2025-11-25 22:17:56,2025-11-25 22:18:47,19.0605264,73.3953536,26069,1661,FixOK,A,OaG5CU0303,G133fg5425,"Murbad Rd, Maharashtra 410201, India",15300.125,54.66,IgnitionOn,1,66.263,1.73,45,-83
fcfafab9-a29d-4d0e-98fe-644063356212-9,BRAKE_PRESSED,2025-11-25 22:17:59,2025-11-25 22:18:47,19.06092,73.3954688,37646,1661,FixOK,,OaG5CU0303,G133fg5425,"Murbad Rd, Maharashtra 410201, India",0,52.66,IgnitionOn,1,,,,
fcfafab9-a29d-4d0e-98fe-644063356212-8,EDC_BS6_PERIODIC,2025-11-25 22:18:02,2025-11-25 22:18:47,19.06132,73.395552,26070,1661,FixOK,A,OaG5CU0303,G133fg5425,"Murbad Rd, Maharashtra 410201, India",15300.25,54.9,IgnitionOn,1,65.607,16.98,43,-83
fcfafab9-a29d-4d0e-98fe-644063356212-7,EDC_BS6_PERIODIC,2025-11-25 22:18:08,2025-11-25 22:18:47,19.0619216,73.3957824,26071,1661,FixOK,A,OaG5CU0303,G133fg5425,"Murbad Rd, Maharashtra 410201, India",15300.375,52.19,IgnitionOn,1,65.578,28.85,43,-83
fcfafab9-a29d-4d0e-98fe-644063356212-6,BRAKE_PRESSED,2025-11-25 22:18:09,2025-11-25 22:18:47,19.0620288,73.3958464,37647,1661,FixOK,,OaG5CU0303,G133fg5425,"Murbad Rd, Maharashtra 410201, India",0,44.57,IgnitionOn,1,,,,
fcfafab9-a29d-4d0e-98fe-644063356212-5,EDC_BS6_PERIODIC,2025-11-25 22:18:14,2025-11-25 22:18:47,19.062536,73.3961088,26072,1661,FixOK,A,OaG5CU0303,G133fg5425,"Murbad Rd, Maharashtra 410201, India",15300.375,45.14,IgnitionOn,1,64.87,19.71,45,-91
fcfafab9-a29d-4d0e-98fe-644063356212-4,EDC_BS6_PERIODIC,2025-11-25 22:18:20,2025-11-25 22:18:47,19.0631808,73.3962752,26073,1661,FixOK,A,OaG5CU0303,G133fg5425,"Murbad Rd, Maharashtra 410201, India",15300.5,44.75,IgnitionOn,1,64.962,12.86,48,-91
fcfafab9-a29d-4d0e-98fe-644063356212-3,EDC_BS6_PERIODIC,2025-11-25 22:18:26,2025-11-25 22:18:47,19.0638336,73.39648,26074,1661,FixOK,A,OaG5CU0303,G133fg5425,"Murbad Rd, Maharashtra 410201, India",15300.625,45.63,IgnitionOn,1,65.407,17.51,49,-91
b3226a70-6faf-4b0a-8b90-d40073683ffa,HEARTBEAT_MESSAGE,2025-11-25 22:18:29,2025-11-25 22:18:29,0,0,,,,,OaG5CU0303,G133fg5425,,,,,1,,,,
fcfafab9-a29d-4d0e-98fe-644063356212-2,EDC_BS6_PERIODIC,2025-11-25 22:18:32,2025-11-25 22:18:47,19.0645152,73.3966848,26075,1661,FixOK,A,OaG5CU0303,G133fg5425,"Murbad Rd, Maharashtra 410201, India",15300.625,47.36,IgnitionOn,1,66.067,14.89,47,-91
fcfafab9-a29d-4d0e-98fe-644063356212-1,EDC_BS6_PERIODIC,2025-11-25 22:18:38,2025-11-25 22:18:47,19.0652352,73.3968256,26076,1661,FixOK,A,OaG5CU0303,G133fg5425,"Murbad Rd, Maharashtra 410201, India",15300.75,49.42,IgnitionOn,1,65.706,0.28,50,-91
a868b1aa-6183-44e5-a225-fc069182db5d-10,EDC_BS6_PERIODIC,2025-11-25 22:18:44,2025-11-25 22:19:52,19.0660128,73.3968128,26077,1661,FixOK,A,OaG5CU0303,G133fg5425,"Murbad Rd, Maharashtra 410101, India",15300.875,51.95,IgnitionOn,1,64.619,357.25,46,-91
a868b1aa-6183-44e5-a225-fc069182db5d-9,EDC_BS6_PERIODIC,2025-11-25 22:18:50,2025-11-25 22:19:52,19.0668448,73.3967488,26078,1661,FixOK,A,OaG5CU0303,G133fg5425,"Murbad Rd, Maharashtra 410101, India",15300.875,55.11,IgnitionOn,1,61.986,355.6,46,-91
a868b1aa-6183-44e5-a225-fc069182db5d-8,EDC_BS6_PERIODIC,2025-11-25 22:18:56,2025-11-25 22:19:52,19.0677312,73.39664,26079,1661,FixOK,A,OaG5CU0303,G133fg5425,"Murbad Rd, Maharashtra 410101, India",15301,60.23,IgnitionOn,1,60.201,355.02,45,-91
a868b1aa-6183-44e5-a225-fc069182db5d-7,EDC_BS6_PERIODIC,2025-11-25 22:19:02,2025-11-25 22:19:52,19.0686752,73.3964928,26080,1661,FixOK,A,OaG5CU0303,G133fg5425,"Murbad Rd, Maharashtra 410101, India",15301.125,63.41,IgnitionOn,1,57.686,349.54,46,-91
a868b1aa-6183-44e5-a225-fc069182db5d-6,EDC_BS6_PERIODIC,2025-11-25 22:19:08,2025-11-25 22:19:52,19.0702896,73.3964224,26081,1661,FixOK,A,OaG5CU0303,G133fg5425,"Murbad Rd, Maharashtra 410101, India",15301.25,64.58,IgnitionOn,1,55.083,357.44,50,-91
a868b1aa-6183-44e5-a225-fc069182db5d-5,EDC_BS6_PERIODIC,2025-11-25 22:19:14,2025-11-25 22:19:52,19.0712192,73.3963392,26082,1661,FixOK,A,OaG5CU0303,G133fg5425,"Murbad Rd, Maharashtra 410101, India",15301.375,63.9,IgnitionOn,1,55.062,352.26,51,-91
a868b1aa-6183-44e5-a225-fc069182db5d-4,EDC_BS6_PERIODIC,2025-11-25 22:19:20,2025-11-25 22:19:52,19.072096,73.3961728,26083,1661,FixOK,A,OaG5CU0303,G133fg5425,"Murbad Rd, Maharashtra 410101, India",15301.5,61.3,IgnitionOn,1,55.042,349.79,50,-91
a868b1aa-6183-44e5-a225-fc069182db5d-3,EDC_BS6_PERIODIC,2025-11-25 22:19:26,2025-11-25 22:19:52,19.072928,73.396032,26084,1661,FixOK,A,OaG5CU0303,G133fg5425,"Murbad Rd, Maharashtra 410101, India",15301.625,58.23,IgnitionOn,1,55.81,351.17,50,-91
a868b1aa-6183-44e5-a225-fc069182db5d-2,EDC_BS6_PERIODIC,2025-11-25 22:19:32,2025-11-25 22:19:52,19.073696,73.395872,26085,1661,FixOK,A,OaG5CU0303,G133fg5425,"Murbad Rd, Maharashtra 410101, India",15301.625,55.34,IgnitionOn,1,56.478,349.26,52,-91
a868b1aa-6183-44e5-a225-fc069182db5d-1,EDC_BS6_PERIODIC,2025-11-25 22:19:38,2025-11-25 22:19:52,19.0744384,73.3958272,26086,1661,FixOK,A,OaG5CU0303,G133fg5425,"Murbad Rd, Maharashtra 410101, India",15301.75,49.97,IgnitionOn,1,55.264,354.01,51,-91
2a8f51ff-25d6-4839-864b-fbcf99491568-7,EDC_BS6_PERIODIC,2025-11-25 22:19:44,2025-11-25 22:22:44,19.0751504,73.3956416,26087,1661,FixOK,A,OaG5CU0303,G133fg5425,"Murbad Rd, Maharashtra 410101, India",15301.875,49.89,IgnitionOn,1,55.075,325.64,52,-91
2a8f51ff-25d6-4839-864b-fbcf99491568-6,EDC_BS6_PERIODIC,2025-11-25 22:19:50,2025-11-25 22:22:44,19.075656,73.3953856,26088,1661,FixOK,A,OaG5CU0303,G133fg5425,"Murbad Rd, Maharashtra 410101, India",15301.875,48.81,IgnitionOn,1,55.766,349.42,51,-91
116c03ad-b868-46c5-8a61-ce4dca5d075c-10,EDC_BS6_PERIODIC,2025-11-25 22:19:56,2025-11-25 22:20:48,19.0763056,73.3953216,26089,1661,FixOK,A,OaG5CU0303,G133fg5425,"Murbad Rd, Maharashtra 410101, India",15302,43.29,IgnitionOn,1,56.08,355.75,50,-91
116c03ad-b868-46c5-8a61-ce4dca5d075c-9,EDC_BS6_PERIODIC,2025-11-25 22:20:02,2025-11-25 22:20:48,19.077016,73.3952128,26090,1661,FixOK,A,OaG5CU0303,G133fg5425,"Murbad Rd, Maharashtra 410101, India",15302.125,45.45,IgnitionOn,1,54.895,353.83,46,-91
116c03ad-b868-46c5-8a61-ce4dca5d075c-8,EDC_BS6_PERIODIC,2025-11-25 22:20:08,2025-11-25 22:20:48,19.0777888,73.3949504,26091,1661,FixOK,A,OaG5CU0303,G133fg5425,"Murbad Rd, Maharashtra 410101, India",15302.125,51.3,IgnitionOn,1,52.403,343.36,47,-91
116c03ad-b868-46c5-8a61-ce4dca5d075c-7,EDC_BS6_PERIODIC,2025-11-25 22:20:14,2025-11-25 22:20:48,19.078608,73.3947008,26092,1661,FixOK,A,OaG5CU0303,G133fg5425,"Murbad Rd, Maharashtra 410101, India",15302.25,56.73,IgnitionOn,1,50.805,350.75,48,-91
116c03ad-b868-46c5-8a61-ce4dca5d075c-6,EDC_BS6_PERIODIC,2025-11-25 22:20:20,2025-11-25 22:20:48,19.0794528,73.3945728,26093,1661,FixOK,A,OaG5CU0303,G133fg5425,"Murbad Rd, Maharashtra 410101, India",15302.375,57.67,IgnitionOn,1,50.458,353.17,48,-91
116c03ad-b868-46c5-8a61-ce4dca5d075c-5,EDC_BS6_PERIODIC,2025-11-25 22:20:26,2025-11-25 22:20:48,19.080256,73.394464,26094,1661,FixOK,A,OaG5CU0303,G133fg5425,"Murbad Rd, Maharashtra 410101, India",15302.5,55.45,IgnitionOn,1,50.346,352.36,48,-91
116c03ad-b868-46c5-8a61-ce4dca5d075c-4,EDC_BS6_PERIODIC,2025-11-25 22:20:32,2025-11-25 22:20:48,19.0810112,73.3943296,26095,1661,FixOK,A,OaG5CU0303,G133fg5425,"Murbad Rd, Maharashtra 410101, India",15302.5,52.65,IgnitionOn,1,50.342,350.64,49,-91
116c03ad-b868-46c5-8a61-ce4dca5d075c-3,BRAKE_PRESSED,2025-11-25 22:20:34,2025-11-25 22:20:48,19.081256,73.394272,37648,1661,FixOK,,OaG5CU0303,G133fg5425,"Murbad Rd, Maharashtra 410101, India",0,45.25,IgnitionOn,1,,,,
116c03ad-b868-46c5-8a61-ce4dca5d075c-2,EDC_BS6_PERIODIC,2025-11-25 22:20:38,2025-11-25 22:20:48,19.081696,73.3940864,26096,1661,FixOK,A,OaG5CU0303,G133fg5425,"Murbad Rd, Maharashtra 410101, India",15302.625,50.62,IgnitionOn,1,49.331,344.33,49,-91
116c03ad-b868-46c5-8a61-ce4dca5d075c-1,EDC_BS6_PERIODIC,2025-11-25 22:20:44,2025-11-25 22:20:48,19.0822368,73.393792,26097,1661,FixOK,A,OaG5CU0303,G133fg5425,"Murbad Rd, Maharashtra 410101, India",15302.75,43.99,IgnitionOn,1,48.63,324.05,50,-91
2a8f51ff-25d6-4839-864b-fbcf99491568-5,BRAKE_PRESSED,2025-11-25 22:20:46,2025-11-25 22:22:44,19.082392,73.393632,37649,1661,FixOK,,OaG5CU0303,G133fg5425,"Murbad Rd, Maharashtra 410101, India",0,37.51,IgnitionOn,1,,,,
2a8f51ff-25d6-4839-864b-fbcf99491568-4,EDC_BS6_PERIODIC,2025-11-25 22:20:50,2025-11-25 22:22:44,19.0826656,73.3933568,26098,1661,FixOK,A,OaG5CU0303,G133fg5425,"Murbad Rd, Maharashtra 410101, India",15302.75,42.44,IgnitionOn,1,47.573,320.02,51,-91
2a8f51ff-25d6-4839-864b-fbcf99491568-3,BRAKE_PRESSED,2025-11-25 22:20:55,2025-11-25 22:22:44,19.0830912,73.3932672,37650,1661,FixOK,,OaG5CU0303,G133fg5425,"Murbad Rd, Maharashtra 410101, India",0,31.86,IgnitionOn,1,,,,
2a8f51ff-25d6-4839-864b-fbcf99491568-2,EDC_BS6_PERIODIC,2025-11-25 22:20:56,2025-11-25 22:22:44,19.083176,73.3932416,26099,1661,FixOK,A,OaG5CU0303,G133fg5425,"Murbad Rd, Maharashtra 410101, India",15302.875,33.98,IgnitionOn,1,47.355,353,50,-91
2a8f51ff-25d6-4839-864b-fbcf99491568-1,EDC_BS6_PERIODIC,2025-11-25 22:21:02,2025-11-25 22:22:44,19.083568,73.3929024,26100,1661,FixOK,A,OaG5CU0303,G133fg5425,"Murbad Rd, Maharashtra 410101, India",15302.875,33.43,IgnitionOn,1,46.678,316.92,53,-91
240342e4-3138-447f-ac55-c8f9a3e90882-10,EDC_BS6_PERIODIC,2025-11-25 22:21:08,2025-11-25 22:21:50,19.083944,73.392512,26101,1661,FixOK,A,OaG5CU0303,G133fg5425,"Murbad Rd, Maharashtra 410101, India",15303,36.06,IgnitionOn,1,47.235,316.91,52,-91
240342e4-3138-447f-ac55-c8f9a3e90882-9,EDC_BS6_PERIODIC,2025-11-25 22:21:14,2025-11-25 22:21:50,19.084152,73.392,26102,1661,FixOK,A,OaG5CU0303,G133fg5425,"Murbad Rd, Maharashtra 410101, India",15303,35.77,IgnitionOn,1,50.291,278.11,51,-91
240342e4-3138-447f-ac55-c8f9a3e90882-8,EDC_BS6_PERIODIC,2025-11-25 22:21:20,2025-11-25 22:21:50,19.0842256,73.391456,26103,1661,FixOK,A,OaG5CU0303,G133fg5425,"Murbad Rd, Maharashtra 410101, India",15303.125,34.88,IgnitionOn,1,52.256,280.55,50,-91
240342e4-3138-447f-ac55-c8f9a3e90882-7,EDC_BS6_PERIODIC,2025-11-25 22:21:26,2025-11-25 22:21:50,19.0843536,73.3909184,26104,1661,FixOK,A,OaG5CU0303,G133fg5425,"Murbad Rd, Maharashtra 410101, India",15303.125,35.3,IgnitionOn,1,54.027,286.54,51,-91
240342e4-3138-447f-ac55-c8f9a3e90882-6,EDC_BS6_PERIODIC,2025-11-25 22:21:33,2025-11-25 22:21:50,19.0846016,73.3904384,26105,1661,FixOK,A,OaG5CU0303,G133fg5425,"Murbad Rd, Maharashtra 410101, India",15303.25,35.56,IgnitionOn,1,54.337,296.04,48,-91
240342e4-3138-447f-ac55-c8f9a3e90882-5,EDC_BS6_PERIODIC,2025-11-25 22:21:38,2025-11-25 22:21:50,19.0849376,73.3900736,26106,1661,FixOK,A,OaG5CU0303,G133fg5425,"Murbad Rd, Maharashtra 410101, India",15303.25,37.3,IgnitionOn,1,53.919,314.54,45,-91
240342e4-3138-447f-ac55-c8f9a3e90882-4,CLUTCH_RIDING_START,2025-11-25 22:21:39,2025-11-25 22:21:50,19.0850112,73.3900032,37651,1661,FixOK,,OaG5CU0303,G133fg5425,"Murbad Rd, Maharashtra 410101, India",0,44.49,IgnitionOn,1,,,,
240342e4-3138-447f-ac55-c8f9a3e90882-3,CLUTCH_RIDING_END,2025-11-25 22:21:41,2025-11-25 22:21:50,19.0851616,73.3898368,37652,1661,FixOK,,OaG5CU0303,G133fg5425,"Murbad Rd, Maharashtra 410101, India",0,46.16,IgnitionOn,1,,,,
240342e4-3138-447f-ac55-c8f9a3e90882-2,BRAKE_PRESSED,2025-11-25 22:21:43,2025-11-25 22:21:50,19.08532,73.3896832,37653,1661,FixOK,,OaG5CU0303,G133fg5425,"Murbad Rd, Maharashtra 410101, India",0,44.42,IgnitionOn,1,,,,
240342e4-3138-447f-ac55-c8f9a3e90882-1,EDC_BS6_PERIODIC,2025-11-25 22:21:44,2025-11-25 22:21:50,19.0854,73.3896,26107,1661,FixOK,A,OaG5CU0303,G133fg5425,"Murbad Rd, Maharashtra 410101, India",15303.375,42.45,IgnitionOn,1,53.461,315.29,47,-91
2a8f51ff-25d6-4839-864b-fbcf99491568-18,BRAKE_PRESSED,2025-11-25 22:21:49,2025-11-25 22:22:44,19.0858048,73.3891776,37654,1661,FixOK,,OaG5CU0303,G133fg5425,"Murbad Rd, Maharashtra 410101, India",0,48.18,IgnitionOn,1,,,,
dd2b38e7-fdae-4a33-916a-b43ea851d0f8-1,EDC_BS6_PERIODIC,2025-11-25 22:21:50,2025-11-25 22:26:35,19.085888,73.3890944,26108,1661,FixOK,A,OaG5CU0303,G133fg5425,"Murbad Rd, Maharashtra 410101, India",15303.5,44.88,IgnitionOn,1,50.37,315.14,46,-91
dd2b38e7-fdae-4a33-916a-b43ea851d0f8-2,EDC_BS6_PERIODIC,2025-11-25 22:21:56,2025-11-25 22:26:35,19.0864576,73.3886592,26109,1661,FixOK,A,OaG5CU0303,G133fg5425,"Murbad Rd, Maharashtra 410101, India",15303.5,48.35,IgnitionOn,1,48.057,325.26,51,-91
945dddec-70a9-4074-b47e-cb668a836dd9-8,EDC_BS6_PERIODIC,2025-11-25 22:22:03,2025-11-25 22:25:54,19.0871856,73.3886144,26110,1661,FixOK,A,OaG5CU0303,G133fg5425,"Murbad Rd, Maharashtra 410101, India",15303.625,48.49,IgnitionOn,1,47.512,358.29,48,-91
525a16e1-9a09-4579-b8a3-adb5a8e524d0-10,EDC_BS6_PERIODIC,2025-11-25 22:22:08,2025-11-25 22:22:51,19.087904,73.388672,26111,1661,FixOK,A,OaG5CU0303,G133fg5425,"Murbad Rd, Maharashtra 410101, India",15303.75,48.84,IgnitionOn,1,47.928,3.26,49,-91
525a16e1-9a09-4579-b8a3-adb5a8e524d0-9,EDC_BS6_PERIODIC,2025-11-25 22:22:14,2025-11-25 22:22:51,19.0885984,73.3887296,26112,1661,FixOK,A,OaG5CU0303,G133fg5425,"Murbad Rd, Maharashtra 410101, India",15303.75,46.76,IgnitionOn,1,46.93,4.48,50,-91
525a16e1-9a09-4579-b8a3-adb5a8e524d0-8,BRAKE_PRESSED,2025-11-25 22:22:20,2025-11-25 22:22:51,19.08924,73.3887424,37655,1661,FixOK,,OaG5CU0303,G133fg5425,"Murbad Rd, Maharashtra 410101, India",0,35.02,IgnitionOn,1,,,,
525a16e1-9a09-4579-b8a3-adb5a8e524d0-7,EDC_BS6_PERIODIC,2025-11-25 22:22:20,2025-11-25 22:22:51,19.08924,73.3887424,26113,1661,FixOK,A,OaG5CU0303,G133fg5425,"Murbad Rd, Maharashtra 410101, India",15303.875,46.34,IgnitionOn,1,46.553,357.8,48,-91
525a16e1-9a09-4579-b8a3-adb5a8e524d0-6,EDC_BS6_PERIODIC,2025-11-25 22:22:26,2025-11-25 22:22:51,19.0897728,73.388608,26114,1661,FixOK,A,OaG5CU0303,G133fg5425,"Murbad Rd, Maharashtra 410101, India",15303.875,39.52,IgnitionOn,1,43.827,342.29,48,-91
525a16e1-9a09-4579-b8a3-adb5a8e524d0-5,BRAKE_PRESSED,2025-11-25 22:22:27,2025-11-25 22:22:51,19.08984,73.3885504,37656,1661,FixOK,,OaG5CU0303,G133fg5425,"Murbad Rd, Maharashtra 410101, India",0,32.5,IgnitionOn,1,,,,
525a16e1-9a09-4579-b8a3-adb5a8e524d0-4-1,HARSH_BREAKING_END,2025-11-25 22:22:32,2025-11-25 22:22:51,19.0900672,73.3881664,37657,1661,FixOK,,OaG5CU0303,G133fg5425,"Murbad Rd, Maharashtra 410101, India",0,9.33,IgnitionOn,1,,,,
525a16e1-9a09-4579-b8a3-adb5a8e524d0-4,HARSH_BREAKING_START,2025-11-25 22:22:32,2025-11-25 22:22:51,19.0900672,73.3881664,37657,1661,FixOK,,OaG5CU0303,G133fg5425,"Murbad Rd, Maharashtra 410101, India",0,9.33,IgnitionOn,1,,,,
525a16e1-9a09-4579-b8a3-adb5a8e524d0-3,EDC_BS6_PERIODIC,2025-11-25 22:22:33,2025-11-25 22:22:51,19.0900672,73.3881664,26115,1661,FixOK,A,OaG5CU0303,G133fg5425,"Murbad Rd, Maharashtra 410101, India",15304,36.54,IgnitionOn,1,42.541,301.17,51,-91
525a16e1-9a09-4579-b8a3-adb5a8e524d0-2,EDC_BS6_PERIODIC,2025-11-25 22:22:38,2025-11-25 22:22:51,19.0901952,73.388,26116,1661,FixOK,A,OaG5CU0303,G133fg5425,"Murbad Rd, Maharashtra 410101, India",15304,16.32,IgnitionOn,1,41.738,294.47,51,-91
525a16e1-9a09-4579-b8a3-adb5a8e524d0-1,EDC_BS6_PERIODIC,2025-11-25 22:22:44,2025-11-25 22:22:51,19.090288,73.3879808,26117,1661,FixOK,A,OaG5CU0303,G133fg5425,"Murbad Rd, Maharashtra 410101, India",15304,7.12,IgnitionOn,1,40.852,353.48,53,-91
945dddec-70a9-4074-b47e-cb668a836dd9-7,EDC_BS6_PERIODIC,2025-11-25 22:22:50,2025-11-25 22:25:54,19.090328,73.3879104,26118,1661,FixOK,A,OaG5CU0303,G133fg5425,"Murbad Rd, Maharashtra 410101, India",15304.125,3.84,IgnitionOn,1,40.592,301.23,52,-91
de43d73c-c80c-403e-9f0e-898cfc33e618-10,EDC_BS6_PERIODIC,2025-11-25 22:22:56,2025-11-25 22:23:53,19.090344,73.3878912,26119,1661,FixOK,A,OaG5CU0303,G133fg5425,"Murbad Rd, Maharashtra 410101, India",15304.125,2.78,IgnitionOn,1,40.913,301.23,50,-91
de43d73c-c80c-403e-9f0e-898cfc33e618-9,EDC_BS6_PERIODIC,2025-11-25 22:23:03,2025-11-25 22:23:53,19.0903424,73.3878784,26120,1661,FixOK,A,OaG5CU0303,G133fg5425,"Murbad Rd, Maharashtra 410101, India",15304.125,0,IgnitionOn,1,40.914,301.23,47,-91
de43d73c-c80c-403e-9f0e-898cfc33e618-8,IGNITION_OFF,2025-11-25 22:23:05,2025-11-25 22:23:53,19.0903424,73.3878784,37658,1661,FixOK,,OaG5CU0303,G133fg5425,"Murbad Rd, Maharashtra 410101, India",0,,IgnitionOn,0,,,,
de43d73c-c80c-403e-9f0e-898cfc33e618-7,EDC_BS6_PERIODIC,2025-11-25 22:23:08,2025-11-25 22:23:53,19.0903424,73.3878784,26121,1661,FixOK,A,OaG5CU0303,G133fg5425,"Murbad Rd, Maharashtra 410101, India",15304.125,0,IgnitionOn,0,40.914,301.23,47,-91
de43d73c-c80c-403e-9f0e-898cfc33e618-6,EDC_BS6_PERIODIC,2025-11-25 22:23:14,2025-11-25 22:23:53,19.0903424,73.3878784,26122,1661,FixOK,A,OaG5CU0303,G133fg5425,"Murbad Rd, Maharashtra 410101, India",15304.125,0,IgnitionOn,0,40.914,301.23,48,-91
de43d73c-c80c-403e-9f0e-898cfc33e618-5,EDC_BS6_PERIODIC,2025-11-25 22:23:20,2025-11-25 22:23:53,19.0903424,73.3878784,26123,1661,FixOK,A,OaG5CU0303,G133fg5425,"Murbad Rd, Maharashtra 410101, India",15304.125,0,IgnitionOn,0,40.914,301.23,48,-91
de43d73c-c80c-403e-9f0e-898cfc33e618-4,EDC_BS6_PERIODIC,2025-11-25 22:23:26,2025-11-25 22:23:53,19.0903424,73.3878784,26124,1661,FixOK,A,OaG5CU0303,G133fg5425,"Murbad Rd, Maharashtra 410101, India",15304.125,0,IgnitionOn,0,40.914,301.23,53,-91
de43d73c-c80c-403e-9f0e-898cfc33e618-3,EDC_BS6_PERIODIC,2025-11-25 22:23:32,2025-11-25 22:23:53,19.0903424,73.3878784,26125,1661,FixOK,A,OaG5CU0303,G133fg5425,"Murbad Rd, Maharashtra 410101, India",15304.125,0,IgnitionOn,0,40.914,301.23,49,-91
de43d73c-c80c-403e-9f0e-898cfc33e618-2,EDC_BS6_PERIODIC,2025-11-25 22:23:38,2025-11-25 22:23:53,19.0903424,73.3878784,26126,1661,FixOK,A,OaG5CU0303,G133fg5425,"Murbad Rd, Maharashtra 410101, India",15304.125,0,IgnitionOn,0,40.914,301.23,52,-91
de43d73c-c80c-403e-9f0e-898cfc33e618-1,EDC_BS6_PERIODIC,2025-11-25 22:23:44,2025-11-25 22:23:53,19.0903424,73.3878784,26127,1661,FixOK,A,OaG5CU0303,G133fg5425,"Murbad Rd, Maharashtra 410101, India",0,0,IgnitionOn,0,40.914,301.23,52,-91
f4b4794f-244b-4515-ae80-f4fa2ac44898-10,EDC_BS6_PERIODIC,2025-11-25 22:23:50,2025-11-25 22:24:53,19.0903424,73.3878784,26128,1661,FixOK,A,OaG5CU0303,G133fg5425,"Murbad Rd, Maharashtra 410101, India",0,0,IgnitionOn,0,40.914,301.23,51,-91
f4b4794f-244b-4515-ae80-f4fa2ac44898-9,EDC_BS6_PERIODIC,2025-11-25 22:23:56,2025-11-25 22:24:53,19.0903424,73.3878784,26129,1661,FixOK,A,OaG5CU0303,G133fg5425,"Murbad Rd, Maharashtra 410101, India",0,0,IgnitionOn,0,40.914,301.23,50,-91
f4b4794f-244b-4515-ae80-f4fa2ac44898-8,EDC_BS6_PERIODIC,2025-11-25 22:24:02,2025-11-25 22:24:53,19.0903424,73.3878784,26130,1661,FixOK,A,OaG5CU0303,G133fg5425,"Murbad Rd, Maharashtra 410101, India",0,0,IgnitionOn,0,40.914,301.23,50,-91
f4b4794f-244b-4515-ae80-f4fa2ac44898-7,EDC_BS6_PERIODIC,2025-11-25 22:24:08,2025-11-25 22:24:53,19.0903424,73.3878784,26131,1661,FixOK,A,OaG5CU0303,G133fg5425,"Murbad Rd, Maharashtra 410101, India",0,0,IgnitionOn,0,40.914,301.23,50,-91
f4b4794f-244b-4515-ae80-f4fa2ac44898-6,EDC_BS6_PERIODIC,2025-11-25 22:24:14,2025-11-25 22:24:53,19.0903424,73.3878784,26132,1661,FixOK,A,OaG5CU0303,G133fg5425,"Murbad Rd, Maharashtra 410101, India",0,0,IgnitionOn,0,40.914,301.23,52,-77
f4b4794f-244b-4515-ae80-f4fa2ac44898-5,EDC_BS6_PERIODIC,2025-11-25 22:24:20,2025-11-25 22:24:53,19.0903424,73.3878784,26133,1661,FixOK,A,OaG5CU0303,G133fg5425,"Murbad Rd, Maharashtra 410101, India",0,0,IgnitionOn,0,40.914,301.23,52,-77
f4b4794f-244b-4515-ae80-f4fa2ac44898-4,EDC_BS6_PERIODIC,2025-11-25 22:24:26,2025-11-25 22:24:53,19.0903424,73.3878784,26134,1661,FixOK,A,OaG5CU0303,G133fg5425,"Murbad Rd, Maharashtra 410101, India",0,0,IgnitionOn,0,40.914,301.23,52,-77
f4b4794f-244b-4515-ae80-f4fa2ac44898-3,EDC_BS6_PERIODIC,2025-11-25 22:24:32,2025-11-25 22:24:53,19.0903424,73.3878784,26135,1661,FixOK,A,OaG5CU0303,G133fg5425,"Murbad Rd, Maharashtra 410101, India",0,0,IgnitionOn,0,40.914,301.23,52,-77
f4b4794f-244b-4515-ae80-f4fa2ac44898-2,EDC_BS6_PERIODIC,2025-11-25 22:24:38,2025-11-25 22:24:53,19.0903424,73.3878784,26136,1661,FixOK,A,OaG5CU0303,G133fg5425,"Murbad Rd, Maharashtra 410101, India",0,0,IgnitionOn,0,40.914,301.23,53,-77
f4b4794f-244b-4515-ae80-f4fa2ac44898-1,EDC_BS6_PERIODIC,2025-11-25 22:24:44,2025-11-25 22:24:53,19.0903424,73.3878784,26137,1661,FixOK,A,OaG5CU0303,G133fg5425,"Murbad Rd, Maharashtra 410101, India",0,0,IgnitionOn,0,40.914,301.23,52,-77
945dddec-70a9-4074-b47e-cb668a836dd9-6,EDC_BS6_PERIODIC,2025-11-25 22:24:50,2025-11-25 22:25:54,19.0903424,73.3878784,26138,1661,FixOK,A,OaG5CU0303,G133fg5425,"Murbad Rd, Maharashtra 410101, India",0,0,IgnitionOn,0,40.914,301.23,52,-77
945dddec-70a9-4074-b47e-cb668a836dd9-5,EDC_BS6_PERIODIC,2025-11-25 22:24:56,2025-11-25 22:25:54,19.0903424,73.3878784,26139,1661,FixOK,A,OaG5CU0303,G133fg5425,"Murbad Rd, Maharashtra 410101, India",0,0,IgnitionOn,0,40.914,301.23,52,-77
945dddec-70a9-4074-b47e-cb668a836dd9-4,EDC_BS6_PERIODIC,2025-11-25 22:25:02,2025-11-25 22:25:54,19.0903424,73.3878784,26140,1661,FixOK,A,OaG5CU0303,G133fg5425,"Murbad Rd, Maharashtra 410101, India",0,0,IgnitionOn,0,40.914,301.23,53,-77
945dddec-70a9-4074-b47e-cb668a836dd9-1,DEVICE_METRICS,2025-11-25 22:25:05,2025-11-25 22:25:54,19.0903424,73.3878784,,1661,FixOK,,OaG5CU0303,G133fg5425,"Murbad Rd, Maharashtra 410101, India",0,,IgnitionOff,0,,,,
945dddec-70a9-4074-b47e-cb668a836dd9-3,GPS_MESSAGE,2025-11-25 22:25:05,2025-11-25 22:25:54,19.0903424,73.3878784,,1661,3DFix,,OaG5CU0303,G133fg5425,"Murbad Rd, Maharashtra 410101, India",0,,IgnitionOff,0,40,30,53,
945dddec-70a9-4074-b47e-cb668a836dd9-2,TRIP_END,2025-11-25 22:25:05,2025-11-25 22:25:54,19.0903424,73.3878784,,1661,FixOK,,OaG5CU0303,G133fg5425,"Murbad Rd, Maharashtra 410101, India",0,,IgnitionOff,0,,,,
e55441d6-430f-485c-af67-193baaa93d45,HEARTBEAT_MESSAGE,2025-11-25 22:25:08,2025-11-25 22:25:08,0,0,,,,,OaG5CU0303,G133fg5425,,,,,1,,,,
85c2fb02-9fec-4614-b297-46ecbeb704c9-16,TRIP_START,2025-11-25 22:55:16,2025-11-25 22:58:01,19.0903488,73.3878912,,1662,StoredFix,,OaG5CU0303,G133fg5425,,0,,IgnitionOn,1,,,,
85c2fb02-9fec-4614-b297-46ecbeb704c9-15,GPS_MESSAGE,2025-11-25 22:55:30,2025-11-25 22:58:01,19.0903488,73.3878912,,1662,NoFix,,OaG5CU0303,G133fg5425,,0,,IgnitionOn,1,0,0,0,
85c2fb02-9fec-4614-b297-46ecbeb704c9-14,VERSION_UPDATE,2025-11-25 22:55:30,2025-11-25 22:58:01,19.0903488,73.3878912,,1662,StoredFix,,OaG5CU0303,G133fg5425,,0,,IgnitionOn,1,,,,
85c2fb02-9fec-4614-b297-46ecbeb704c9-13,GPS_MESSAGE,2025-11-25 22:55:34,2025-11-25 22:58:01,19.0903488,73.3878912,,1662,3DFix,,OaG5CU0303,G133fg5425,,0,,IgnitionOn,1,43,4,37,
85c2fb02-9fec-4614-b297-46ecbeb704c9-12,IGNITION_ON,2025-11-25 22:55:34,2025-11-25 22:58:01,19.0903488,73.3878912,37659,1662,FixOK,,OaG5CU0303,G133fg5425,,0,,IgnitionOn,1,,,,
85c2fb02-9fec-4614-b297-46ecbeb704c9-10,ACU_SW_PART_NO,2025-11-25 22:55:35,2025-11-25 22:58:01,19.0903488,73.3878912,37661,1662,FixOK,,OaG5CU0303,G133fg5425,,0,,IgnitionOn,1,,,,
85c2fb02-9fec-4614-b297-46ecbeb704c9-11,ECU_SW_PART_NO,2025-11-25 22:55:35,2025-11-25 22:58:01,19.0903488,73.3878912,37660,1662,FixOK,,OaG5CU0303,G133fg5425,,0,,IgnitionOn,1,,,,
85c2fb02-9fec-4614-b297-46ecbeb704c9-9,ENGINE_CRANKING,2025-11-25 22:55:36,2025-11-25 22:58:01,19.0903488,73.3878912,37662,1662,FixOK,,OaG5CU0303,G133fg5425,,0,,IgnitionOn,1,,,,
85c2fb02-9fec-4614-b297-46ecbeb704c9-8,EDC_BS6_PERIODIC,2025-11-25 22:55:37,2025-11-25 22:58:01,19.090352,73.3878912,26141,1662,FixOK,A,OaG5CU0303,G133fg5425,,15304.125,0,IgnitionOn,1,43.535,301.23,42,-113
85c2fb02-9fec-4614-b297-46ecbeb704c9-7,EDC_BS6_PERIODIC,2025-11-25 22:55:43,2025-11-25 22:58:01,19.090352,73.3878784,26142,1662,FixOK,A,OaG5CU0303,G133fg5425,,15304.125,0,IgnitionOn,1,44.611,301.23,40,-113
85c2fb02-9fec-4614-b297-46ecbeb704c9-6,EDC_BS6_PERIODIC,2025-11-25 22:55:49,2025-11-25 22:58:01,19.0903504,73.3878912,26143,1662,FixOK,A,OaG5CU0303,G133fg5425,,15304.125,0,IgnitionOn,1,44.538,301.23,42,-113
4f08f513-c74e-4e05-ba71-5e306caad03c-10,EDC_BS6_PERIODIC,2025-11-25 22:55:55,2025-11-25 22:56:56,19.0903488,73.3878912,26144,1662,FixOK,A,OaG5CU0303,G133fg5425,,15304.125,0,IgnitionOn,1,44.248,301.23,41,-113
4f08f513-c74e-4e05-ba71-5e306caad03c-9,EDC_BS6_PERIODIC,2025-11-25 22:56:01,2025-11-25 22:56:56,19.0903456,73.3878784,26145,1662,FixOK,A,OaG5CU0303,G133fg5425,,15304.125,0,IgnitionOn,1,44.006,301.23,40,-113
4f08f513-c74e-4e05-ba71-5e306caad03c-8,EDC_BS6_PERIODIC,2025-11-25 22:56:07,2025-11-25 22:56:56,19.090344,73.3878784,26146,1662,FixOK,A,OaG5CU0303,G133fg5425,,15304.125,0,IgnitionOn,1,44.111,301.23,48,-113
4f08f513-c74e-4e05-ba71-5e306caad03c-7,EDC_BS6_PERIODIC,2025-11-25 22:56:13,2025-11-25 22:56:56,19.0903424,73.3878784,26147,1662,FixOK,A,OaG5CU0303,G133fg5425,,15304.125,0,IgnitionOn,1,43.833,301.23,47,-113
4f08f513-c74e-4e05-ba71-5e306caad03c-6,EDC_BS6_PERIODIC,2025-11-25 22:56:19,2025-11-25 22:56:56,19.0903424,73.3878784,26148,1662,FixOK,A,OaG5CU0303,G133fg5425,,15304.125,0,IgnitionOn,1,43.71,301.23,49,-113
4f08f513-c74e-4e05-ba71-5e306caad03c-5,EDC_BS6_PERIODIC,2025-11-25 22:56:25,2025-11-25 22:56:56,19.0903392,73.3878784,26149,1662,FixOK,A,OaG5CU0303,G133fg5425,,15304.125,0,IgnitionOn,1,43.678,301.23,47,-113
4f08f513-c74e-4e05-ba71-5e306caad03c-4,EDC_BS6_PERIODIC,2025-11-25 22:56:31,2025-11-25 22:56:56,19.0903392,73.3878784,26150,1662,FixOK,A,OaG5CU0303,G133fg5425,,15304.125,0,IgnitionOn,1,43.631,301.23,47,-113
4f08f513-c74e-4e05-ba71-5e306caad03c-3,EDC_BS6_PERIODIC,2025-11-25 22:56:37,2025-11-25 22:56:56,19.0903648,73.3878336,26151,1662,FixOK,A,OaG5CU0303,G133fg5425,,15304.125,3.73,IgnitionOn,1,43.541,301.23,48,-113
4f08f513-c74e-4e05-ba71-5e306caad03c-2,EDC_BS6_PERIODIC,2025-11-25 22:56:43,2025-11-25 22:56:56,19.0903712,73.3877696,26152,1662,FixOK,A,OaG5CU0303,G133fg5425,,15304.125,3.77,IgnitionOn,1,43.402,281,48,-113
4f08f513-c74e-4e05-ba71-5e306caad03c-1,EDC_BS6_PERIODIC,2025-11-25 22:56:49,2025-11-25 22:56:56,19.090456,73.3876352,26153,1662,FixOK,A,OaG5CU0303,G133fg5425,,15304.125,4.4,IgnitionOn,1,43.378,274.95,50,-113
85c2fb02-9fec-4614-b297-46ecbeb704c9-4,EXHAUST_BRAKE_ON_END,2025-11-25 22:56:51,2025-11-25 22:58:01,19.0905088,73.3875904,37664,1662,FixOK,,OaG5CU0303,G133fg5425,,0,10.92,IgnitionOn,1,,,,
85c2fb02-9fec-4614-b297-46ecbeb704c9-5,EXHAUST_BRAKE_ON_START,2025-11-25 22:56:51,2025-11-25 22:58:01,19.0905088,73.3875904,37663,1662,FixOK,,OaG5CU0303,G133fg5425,,0,12.41,IgnitionOn,1,,,,
85c2fb02-9fec-4614-b297-46ecbeb704c9-3,BRAKE_PRESSED,2025-11-25 22:56:53,2025-11-25 22:58:01,19.090552,73.387552,37665,1662,FixOK,,OaG5CU0303,G133fg5425,,0,7.1,IgnitionOn,1,,,,
c672181b-c568-40c3-823f-a5e767f9639d,HEARTBEAT_MESSAGE,2025-11-25 22:56:54,2025-11-25 22:56:54,0,0,,,,,OaG5CU0303,G133fg5425,,,,,1,,,,
85c2fb02-9fec-4614-b297-46ecbeb704c9-2,EDC_BS6_PERIODIC,2025-11-25 22:56:55,2025-11-25 22:58:01,19.090584,73.3875328,26154,1662,FixOK,A,OaG5CU0303,G133fg5425,,15304.125,13.29,IgnitionOn,1,42.679,318.77,47,-113
85c2fb02-9fec-4614-b297-46ecbeb704c9-1,EDC_BS6_PERIODIC,2025-11-25 22:57:01,2025-11-25 22:58:01,19.0906864,73.3875072,26155,1662,FixOK,A,OaG5CU0303,G133fg5425,,15304.125,7.43,IgnitionOn,1,41.791,338.98,45,-113
8cd9fc3d-1700-43eb-9ac0-1d58a6861370-13,EDC_BS6_PERIODIC,2025-11-25 22:57:07,2025-11-25 23:02:11,19.0907968,73.3874624,26156,1662,FixOK,A,OaG5CU0303,G133fg5425,"Karjat - Murbad Rd, Kalamb, Maharashtra 410101, India",15304.125,5.82,IgnitionOn,1,40.702,343.2,46,-113
8cd9fc3d-1700-43eb-9ac0-1d58a6861370-12,EDC_BS6_PERIODIC,2025-11-25 22:57:13,2025-11-25 23:02:11,19.091016,73.387392,26157,1662,FixOK,A,OaG5CU0303,G133fg5425,"Karjat - Murbad Rd, Kalamb, Maharashtra 410101, India",15304.125,12.9,IgnitionOn,1,38.561,340.42,47,-113
2ab242e9-144a-48c3-b7a2-9df8466181a8-10,EDC_BS6_PERIODIC,2025-11-25 22:57:19,2025-11-25 22:57:57,19.091432,73.3872704,26158,1662,FixOK,A,OaG5CU0303,G133fg5425,,15304.25,26.54,IgnitionOn,1,38.31,343.73,47,-113
2ab242e9-144a-48c3-b7a2-9df8466181a8-9,BRAKE_PRESSED,2025-11-25 22:57:21,2025-11-25 22:57:57,19.0915808,73.3872128,37666,1662,FixOK,,OaG5CU0303,G133fg5425,,0,21.45,IgnitionOn,1,,,,
2ab242e9-144a-48c3-b7a2-9df8466181a8-8,EDC_BS6_PERIODIC,2025-11-25 22:57:25,2025-11-25 22:57:57,19.0917904,73.3871424,26159,1662,FixOK,A,OaG5CU0303,G133fg5425,,15304.25,30.98,IgnitionOn,1,38.372,341.45,47,-113
2ab242e9-144a-48c3-b7a2-9df8466181a8-7,EDC_BS6_PERIODIC,2025-11-25 22:57:31,2025-11-25 22:57:57,19.0919056,73.387104,26160,1662,FixOK,A,OaG5CU0303,G133fg5425,,15304.25,11.8,IgnitionOn,1,38.528,349.67,48,-113
2ab242e9-144a-48c3-b7a2-9df8466181a8-6,EDC_BS6_PERIODIC,2025-11-25 22:57:37,2025-11-25 22:57:57,19.092064,73.3870592,26161,1662,FixOK,A,OaG5CU0303,G133fg5425,,15304.25,6.45,IgnitionOn,1,38.439,342.83,48,-113
2ab242e9-144a-48c3-b7a2-9df8466181a8-5,EXHAUST_BRAKE_ON_START,2025-11-25 22:57:40,2025-11-25 22:57:57,19.092192,73.387008,37667,1662,FixOK,,OaG5CU0303,G133fg5425,,0,21.08,IgnitionOn,1,,,,
2ab242e9-144a-48c3-b7a2-9df8466181a8-4,EXHAUST_BRAKE_ON_END,2025-11-25 22:57:41,2025-11-25 22:57:57,19.0922432,73.3869952,37668,1662,FixOK,,OaG5CU0303,G133fg5425,,0,17.94,IgnitionOn,1,,,,
2ab242e9-144a-48c3-b7a2-9df8466181a8-3,BRAKE_PRESSED,2025-11-25 22:57:43,2025-11-25 22:57:57,19.0923456,73.3869568,37669,1662,FixOK,,OaG5CU0303,G133fg5425,,0,11.7,IgnitionOn,1,,,,
2ab242e9-144a-48c3-b7a2-9df8466181a8-2,EDC_BS6_PERIODIC,2025-11-25 22:57:43,2025-11-25 22:57:57,19.0923456,73.3869568,26162,1662,FixOK,A,OaG5CU0303,G133fg5425,,15304.25,17.2,IgnitionOn,1,38.763,341.64,47,-113
2ab242e9-144a-48c3-b7a2-9df8466181a8-1,EDC_BS6_PERIODIC,2025-11-25 22:57:49,2025-11-25 22:57:57,19.0925104,73.3869056,26163,1662,FixOK,A,OaG5CU0303,G133fg5425,,15304.375,15.95,IgnitionOn,1,38.908,344.26,48,-69
f17c4fda-0e03-4f3b-b71d-2fec9b3da4c6-10,EDC_BS6_PERIODIC,2025-11-25 22:57:55,2025-11-25 22:58:59,19.092672,73.3868544,26164,1662,FixOK,A,OaG5CU0303,G133fg5425,"Karjat - Murbad Rd, Pohi, Maharashtra 410101, India",15304.375,8.03,IgnitionOn,1,38.923,340.7,48,-69
f17c4fda-0e03-4f3b-b71d-2fec9b3da4c6-9,EDC_BS6_PERIODIC,2025-11-25 22:58:01,2025-11-25 22:58:59,19.0929728,73.3867456,26165,1662,FixOK,A,OaG5CU0303,G133fg5425,"Karjat - Murbad Rd, Pohi, Maharashtra 410101, India",15304.375,17.52,IgnitionOn,1,38.04,340.91,48,-69
f17c4fda-0e03-4f3b-b71d-2fec9b3da4c6-8,EDC_BS6_PERIODIC,2025-11-25 22:58:07,2025-11-25 22:58:59,19.09336,73.3866112,26166,1662,FixOK,A,OaG5CU0303,G133fg5425,"Karjat - Murbad Rd, Pohi, Maharashtra 410101, India",15304.375,28.91,IgnitionOn,1,37.956,343.85,49,-69
f17c4fda-0e03-4f3b-b71d-2fec9b3da4c6-7,EDC_BS6_PERIODIC,2025-11-25 22:58:13,2025-11-25 22:58:59,19.0937744,73.3865472,26167,1662,FixOK,A,OaG5CU0303,G133fg5425,"Karjat - Murbad Rd, Pohi, Maharashtra 410101, India",15304.5,27.98,IgnitionOn,1,38.941,353.11,48,-69
f17c4fda-0e03-4f3b-b71d-2fec9b3da4c6-6,EDC_BS6_PERIODIC,2025-11-25 22:58:19,2025-11-25 22:58:59,19.0941584,73.386752,26168,1662,FixOK,A,OaG5CU0303,G133fg5425,"Karjat - Murbad Rd, Pohi, Maharashtra 410101, India",15304.5,28.79,IgnitionOn,1,38.986,27.95,49,-69
f17c4fda-0e03-4f3b-b71d-2fec9b3da4c6-5,EDC_BS6_PERIODIC,2025-11-25 22:58:25,2025-11-25 22:58:59,19.094432,73.3870848,26169,1662,FixOK,A,OaG5CU0303,G133fg5425,"Karjat - Murbad Rd, Pohi, Maharashtra 410101, India",15304.625,26.98,IgnitionOn,1,39.448,50.47,51,-69
f17c4fda-0e03-4f3b-b71d-2fec9b3da4c6-4,EDC_BS6_PERIODIC,2025-11-25 22:58:31,2025-11-25 22:58:59,19.094704,73.387488,26170,1662,FixOK,A,OaG5CU0303,G133fg5425,"Karjat - Murbad Rd, Pohi, Maharashtra 410101, India",15304.625,30.36,IgnitionOn,1,40.319,56.56,49,-69
f17c4fda-0e03-4f3b-b71d-2fec9b3da4c6-3,EDC_BS6_PERIODIC,2025-11-25 22:58:37,2025-11-25 22:58:59,19.0949792,73.3879296,26171,1662,FixOK,A,OaG5CU0303,G133fg5425,"Karjat - Murbad Rd, Pohi, Maharashtra 410101, India",15304.625,34.05,IgnitionOn,1,41.197,55.9,50,-69
f17c4fda-0e03-4f3b-b71d-2fec9b3da4c6-2,EDC_BS6_PERIODIC,2025-11-25 22:58:43,2025-11-25 22:58:59,19.0952512,73.3883264,26172,1662,FixOK,A,OaG5CU0303,G133fg5425,"Karjat - Murbad Rd, Pohi, Maharashtra 410101, India",15304.75,31.61,IgnitionOn,1,42.734,53.41,50,-69
f17c4fda-0e03-4f3b-b71d-2fec9b3da4c6-1,EDC_BS6_PERIODIC,2025-11-25 22:58:49,2025-11-25 22:58:59,19.0955376,73.3886656,26173,1662,FixOK,A,OaG5CU0303,G133fg5425,"Karjat - Murbad Rd, Pohi, Maharashtra 410101, India",15304.75,29.95,IgnitionOn,1,43.462,48.2,50,-69
8cd9fc3d-1700-43eb-9ac0-1d58a6861370-11,EDC_BS6_PERIODIC,2025-11-25 22:58:55,2025-11-25 23:02:11,19.0958272,73.3888768,26174,1662,FixOK,A,OaG5CU0303,G133fg5425,"Karjat - Murbad Rd, Kalamb, Maharashtra 410101, India",15304.875,28.13,IgnitionOn,1,44.201,38.56,52,-69
8cd9fc3d-1700-43eb-9ac0-1d58a6861370-10,EDC_BS6_PERIODIC,2025-11-25 22:59:01,2025-11-25 23:02:11,19.0962752,73.389024,26175,1662,FixOK,A,OaG5CU0303,G133fg5425,"Karjat - Murbad Rd, Kalamb, Maharashtra 410101, India",15304.875,31.17,IgnitionOn,1,44.098,13.36,50,-69
8cd9fc3d-1700-43eb-9ac0-1d58a6861370-9,EDC_BS6_PERIODIC,2025-11-25 22:59:07,2025-11-25 23:02:11,19.09676,73.389152,26176,1662,FixOK,A,OaG5CU0303,G133fg5425,"Karjat - Murbad Rd, Kalamb, Maharashtra 410101, India",15305,32.44,IgnitionOn,1,43.534,13.89,50,-69
8cd9fc3d-1700-43eb-9ac0-1d58a6861370-8,BRAKE_PRESSED,2025-11-25 22:59:11,2025-11-25 23:02:11,19.0971168,73.389248,37670,1662,FixOK,,OaG5CU0303,G133fg5425,"Karjat - Murbad Rd, Kalamb, Maharashtra 410101, India",0,33.38,IgnitionOn,1,,,,
8cd9fc3d-1700-43eb-9ac0-1d58a6861370-7,EDC_BS6_PERIODIC,2025-11-25 22:59:13,2025-11-25 23:02:11,19.0972944,73.3893056,26177,1662,FixOK,A,OaG5CU0303,G133fg5425,"Karjat - Murbad Rd, Kalamb, Maharashtra 410101, India",15305,36.9,IgnitionOn,1,42.869,14.78,51,-69
8cd9fc3d-1700-43eb-9ac0-1d58a6861370-6-1,HARSH_BREAKING_END,2025-11-25 22:59:16,2025-11-25 23:02:11,19.097512,73.3893696,37671,1662,FixOK,,OaG5CU0303,G133fg5425,"Karjat - Murbad Rd, Kalamb, Maharashtra 410101, India",0,5.46,IgnitionOn,1,,,,
8cd9fc3d-1700-43eb-9ac0-1d58a6861370-6,HARSH_BREAKING_START,2025-11-25 22:59:16,2025-11-25 23:02:11,19.097512,73.3893696,37671,1662,FixOK,,OaG5CU0303,G133fg5425,"Karjat - Murbad Rd, Kalamb, Maharashtra 410101, India",0,5.46,IgnitionOn,1,,,,
141c646f-f003-4c83-ba44-06f56421d4d9-10,EDC_BS6_PERIODIC,2025-11-25 22:59:19,2025-11-25 22:59:59,19.097608,73.3893888,26178,1662,FixOK,A,OaG5CU0303,G133fg5425,"Karjat - Murbad Rd, Pohi, Maharashtra 410101, India",15305.125,28.61,IgnitionOn,1,41.868,15.01,52,-69
141c646f-f003-4c83-ba44-06f56421d4d9-9,EDC_BS6_PERIODIC,2025-11-25 22:59:25,2025-11-25 22:59:59,19.0977152,73.3894272,26179,1662,FixOK,A,OaG5CU0303,G133fg5425,"Karjat - Murbad Rd, Pohi, Maharashtra 410101, India",15305.125,6.54,IgnitionOn,1,41.756,18.01,51,-69
141c646f-f003-4c83-ba44-06f56421d4d9-8,BRAKE_PRESSED,2025-11-25 22:59:30,2025-11-25 22:59:59,19.0979168,73.3894976,37672,1662,FixOK,,OaG5CU0303,G133fg5425,"Karjat - Murbad Rd, Pohi, Maharashtra 410101, India",0,9.8,IgnitionOn,1,,,,
141c646f-f003-4c83-ba44-06f56421d4d9-7,EDC_BS6_PERIODIC,2025-11-25 22:59:31,2025-11-25 22:59:59,19.09796,73.389504,26180,1662,FixOK,A,OaG5CU0303,G133fg5425,"Karjat - Murbad Rd, Pohi, Maharashtra 410101, India",15305.125,17.37,IgnitionOn,1,41.442,14.38,51,-69
141c646f-f003-4c83-ba44-06f56421d4d9-6,EDC_BS6_PERIODIC,2025-11-25 22:59:37,2025-11-25 22:59:59,19.098096,73.3895424,26181,1662,FixOK,A,OaG5CU0303,G133fg5425,"Karjat - Murbad Rd, Pohi, Maharashtra 410101, India",15305.125,9.5,IgnitionOn,1,41.481,13.55,52,-69
141c646f-f003-4c83-ba44-06f56421d4d9-5,EDC_BS6_PERIODIC,2025-11-25 22:59:43,2025-11-25 22:59:59,19.0983008,73.3896,26182,1662,FixOK,A,OaG5CU0303,G133fg5425,"Karjat - Murbad Rd, Pohi, Maharashtra 410101, India",15305.125,11.98,IgnitionOn,1,41.622,15.94,49,-69
141c646f-f003-4c83-ba44-06f56421d4d9-4,EXHAUST_BRAKE_ON_START,2025-11-25 22:59:47,2025-11-25 22:59:59,19.098512,73.389664,37673,1662,FixOK,,OaG5CU0303,G133fg5425,"Karjat - Murbad Rd, Pohi, Maharashtra 410101, India",0,24.48,IgnitionOn,1,,,,
141c646f-f003-4c83-ba44-06f56421d4d9-3,EXHAUST_BRAKE_ON_END,2025-11-25 22:59:48,2025-11-25 22:59:59,19.0985728,73.3896832,37674,1662,FixOK,,OaG5CU0303,G133fg5425,"Karjat - Murbad Rd, Pohi, Maharashtra 410101, India",0,18.52,IgnitionOn,1,,,,
141c646f-f003-4c83-ba44-06f56421d4d9-2,BRAKE_PRESSED,2025-11-25 22:59:49,2025-11-25 22:59:59,19.0986368,73.389696,37675,1662,FixOK,,OaG5CU0303,G133fg5425,"Karjat - Murbad Rd, Pohi, Maharashtra 410101, India",0,17.07,IgnitionOn,1,,,,
141c646f-f003-4c83-ba44-06f56421d4d9-1,EDC_BS6_PERIODIC,2025-11-25 22:59:49,2025-11-25 22:59:59,19.0986368,73.389696,26183,1662,FixOK,A,OaG5CU0303,G133fg5425,"Karjat - Murbad Rd, Pohi, Maharashtra 410101, India",15305.125,21.91,IgnitionOn,1,41.782,16.12,49,-69
8cd9fc3d-1700-43eb-9ac0-1d58a6861370-5,EDC_BS6_PERIODIC,2025-11-25 22:59:55,2025-11-25 23:02:11,19.0988784,73.38976,26184,1662,FixOK,A,OaG5CU0303,G133fg5425,"Karjat - Murbad Rd, Kalamb, Maharashtra 410101, India",15305.25,20.66,IgnitionOn,1,42.323,14.64,48,-69
8cd9fc3d-1700-43eb-9ac0-1d58a6861370-4,EDC_BS6_PERIODIC,2025-11-25 23:00:01,2025-11-25 23:02:11,19.099064,73.3898112,26185,1662,FixOK,A,OaG5CU0303,G133fg5425,"Karjat - Murbad Rd, Kalamb, Maharashtra 410101, India",15305.25,10.2,IgnitionOn,1,42.131,12.72,49,-69
4cf0bafb-0238-4b41-9863-8ca711d1e947-10,EDC_BS6_PERIODIC,2025-11-25 23:00:07,2025-11-25 23:01:00,19.0993424,73.389888,26186,1662,FixOK,A,OaG5CU0303,G133fg5425,"Karjat - Murbad Rd, Pohi, Maharashtra 410101, India",15305.25,19.72,IgnitionOn,1,41.647,13.6,47,-69
4cf0bafb-0238-4b41-9863-8ca711d1e947-9,EDC_BS6_PERIODIC,2025-11-25 23:00:13,2025-11-25 23:01:00,19.0996896,73.3900096,26187,1662,FixOK,A,OaG5CU0303,G133fg5425,"Karjat - Murbad Rd, Pohi, Maharashtra 410101, India",15305.25,22.6,IgnitionOn,1,41.478,18.87,51,-69
4cf0bafb-0238-4b41-9863-8ca711d1e947-8,EDC_BS6_PERIODIC,2025-11-25 23:00:19,2025-11-25 23:01:00,19.1000928,73.3902208,26188,1662,FixOK,A,OaG5CU0303,G133fg5425,"Karjat - Murbad Rd, Pohi, Maharashtra 410101, India",15305.375,30.01,IgnitionOn,1,41.729,26.78,51,-69
4cf0bafb-0238-4b41-9863-8ca711d1e947-7,EDC_BS6_PERIODIC,2025-11-25 23:00:25,2025-11-25 23:01:00,19.10056,73.3904896,26189,1662,FixOK,A,OaG5CU0303,G133fg5425,"Karjat - Murbad Rd, Pohi, Maharashtra 410101, India",15305.375,34.88,IgnitionOn,1,42.134,28.64,50,-69
4cf0bafb-0238-4b41-9863-8ca711d1e947-6,EDC_BS6_PERIODIC,2025-11-25 23:00:31,2025-11-25 23:01:00,19.1009952,73.3907456,26190,1662,FixOK,A,OaG5CU0303,G133fg5425,"Karjat - Murbad Rd, Pohi, Maharashtra 410101, India",15305.5,39.58,IgnitionOn,1,42.777,29.81,50,-69
4cf0bafb-0238-4b41-9863-8ca711d1e947-5,EDC_BS6_PERIODIC,2025-11-25 23:00:37,2025-11-25 23:01:00,19.1015376,73.3910656,26191,1662,FixOK,A,OaG5CU0303,G133fg5425,"Karjat - Murbad Rd, Pohi, Maharashtra 410101, India",15305.5,41.55,IgnitionOn,1,43.58,29.3,50,-69
4cf0bafb-0238-4b41-9863-8ca711d1e947-4,BRAKE_PRESSED,2025-11-25 23:00:42,2025-11-25 23:01:00,19.102,73.39136,37676,1662,FixOK,,OaG5CU0303,G133fg5425,"Karjat - Murbad Rd, Pohi, Maharashtra 410101, India",0,33.73,IgnitionOn,1,,,,
4cf0bafb-0238-4b41-9863-8ca711d1e947-3,EDC_BS6_PERIODIC,2025-11-25 23:00:43,2025-11-25 23:01:00,19.102096,73.3914176,26192,1662,FixOK,A,OaG5CU0303,G133fg5425,"Karjat - Murbad Rd, Pohi, Maharashtra 410101, India",15305.625,44.06,IgnitionOn,1,43.453,31.64,49,-69
4cf0bafb-0238-4b41-9863-8ca711d1e947-2-1,HARSH_BREAKING_END,2025-11-25 23:00:44,2025-11-25 23:01:00,19.1021888,73.3914752,37677,1662,FixOK,,OaG5CU0303,G133fg5425,"Karjat - Murbad Rd, Pohi, Maharashtra 410101, India",0,20.77,IgnitionOn,1,,,,
4cf0bafb-0238-4b41-9863-8ca711d1e947-2,HARSH_BREAKING_START,2025-11-25 23:00:44,2025-11-25 23:01:00,19.1021888,73.3914752,37677,1662,FixOK,,OaG5CU0303,G133fg5425,"Karjat - Murbad Rd, Pohi, Maharashtra 410101, India",0,20.77,IgnitionOn,1,,,,
4cf0bafb-0238-4b41-9863-8ca711d1e947-1,EDC_BS6_PERIODIC,2025-11-25 23:00:49,2025-11-25 23:01:00,19.102512,73.3916544,26193,1662,FixOK,A,OaG5CU0303,G133fg5425,"Karjat - Murbad Rd, Pohi, Maharashtra 410101, India",15305.75,33.06,IgnitionOn,1,43.131,26.98,50,-69
8cd9fc3d-1700-43eb-9ac0-1d58a6861370-3,EDC_BS6_PERIODIC,2025-11-25 23:00:55,2025-11-25 23:02:11,19.1026256,73.3917184,26194,1662,FixOK,A,OaG5CU0303,G133fg5425,"Karjat - Murbad Rd, Kalamb, Maharashtra 410101, India",15305.75,6.2,IgnitionOn,1,42.555,28.45,49,-69
8cd9fc3d-1700-43eb-9ac0-1d58a6861370-2,BRAKE_PRESSED,2025-11-25 23:00:59,2025-11-25 23:02:11,19.1027504,73.3917952,37678,1662,FixOK,,OaG5CU0303,G133fg5425,"Karjat - Murbad Rd, Kalamb, Maharashtra 410101, India",0,8.23,IgnitionOn,1,,,,
8cd9fc3d-1700-43eb-9ac0-1d58a6861370-1,EDC_BS6_PERIODIC,2025-11-25 23:01:01,2025-11-25 23:02:11,19.1028288,73.39184,26195,1662,FixOK,A,OaG5CU0303,G133fg5425,"Karjat - Murbad Rd, Kalamb, Maharashtra 410101, India",15305.75,16.8,IgnitionOn,1,42.635,22.68,49,-69
51caf014-7cd5-49f6-bea0-429928a5c948-49,EDC_BS6_PERIODIC,2025-11-25 23:01:07,2025-11-25 23:12:28,19.10296,73.3918976,26196,1662,FixOK,A,OaG5CU0303,G133fg5425,"Karjat - Murbad Rd, Maharashtra 410101, India",15305.75,7.64,IgnitionOn,1,42.987,24.2,50,-69
51caf014-7cd5-49f6-bea0-429928a5c948-48,EDC_BS6_PERIODIC,2025-11-25 23:01:13,2025-11-25 23:12:28,19.103192,73.392,26197,1662,FixOK,A,OaG5CU0303,G133fg5425,"Karjat - Murbad Rd, Maharashtra 410101, India",15305.75,18.09,IgnitionOn,1,43.314,23.84,48,-69
02cf39d7-dd09-4de9-9457-e55a10239fb2-10,EDC_BS6_PERIODIC,2025-11-25 23:01:19,2025-11-25 23:02:02,19.1035488,73.3921344,26198,1662,FixOK,A,OaG5CU0303,G133fg5425,"Karjat - Murbad Rd, Kalamb, Maharashtra 410101, India",15305.875,24.88,IgnitionOn,1,43.897,19.94,49,-69
02cf39d7-dd09-4de9-9457-e55a10239fb2-9,EDC_BS6_PERIODIC,2025-11-25 23:01:25,2025-11-25 23:02:02,19.103976,73.39232,26199,1662,FixOK,A,OaG5CU0303,G133fg5425,"Karjat - Murbad Rd, Kalamb, Maharashtra 410101, India",15305.875,30.78,IgnitionOn,1,44.352,21.7,51,-69
02cf39d7-dd09-4de9-9457-e55a10239fb2-8,BRAKE_PRESSED,2025-11-25 23:01:30,2025-11-25 23:02:02,19.104392,73.39248,37679,1662,FixOK,,OaG5CU0303,G133fg5425,"Karjat - Murbad Rd, Kalamb, Maharashtra 410101, India",0,35.27,IgnitionOn,1,,,,
02cf39d7-dd09-4de9-9457-e55a10239fb2-7,EDC_BS6_PERIODIC,2025-11-25 23:01:31,2025-11-25 23:02:02,19.1044768,73.3925184,26200,1662,FixOK,A,OaG5CU0303,G133fg5425,"Karjat - Murbad Rd, Kalamb, Maharashtra 410101, India",15305.875,36.27,IgnitionOn,1,44.439,21.72,50,-69
02cf39d7-dd09-4de9-9457-e55a10239fb2-6-1,HARSH_BREAKING_END,2025-11-25 23:01:34,2025-11-25 23:02:02,19.1049952,73.392736,37680,1662,FixOK,,OaG5CU0303,G133fg5425,"Karjat - Murbad Rd, Kalamb, Maharashtra 410101, India",0,14.44,IgnitionOn,1,,,,
02cf39d7-dd09-4de9-9457-e55a10239fb2-6,HARSH_BREAKING_START,2025-11-25 23:01:34,2025-11-25 23:02:02,19.1049952,73.392736,37680,1662,FixOK,,OaG5CU0303,G133fg5425,"Karjat - Murbad Rd, Kalamb, Maharashtra 410101, India",0,14.44,IgnitionOn,1,,,,
02cf39d7-dd09-4de9-9457-e55a10239fb2-5-1,HARSH_BREAKING_END,2025-11-25 23:01:36,2025-11-25 23:02:02,19.1050528,73.3927616,37681,1662,FixOK,,OaG5CU0303,G133fg5425,"Karjat - Murbad Rd, Kalamb, Maharashtra 410101, India",0,4.48,IgnitionOn,1,,,,
02cf39d7-dd09-4de9-9457-e55a10239fb2-5,HARSH_BREAKING_START,2025-11-25 23:01:36,2025-11-25 23:02:02,19.1050528,73.3927616,37681,1662,FixOK,,OaG5CU0303,G133fg5425,"Karjat - Murbad Rd, Kalamb, Maharashtra 410101, India",0,4.48,IgnitionOn,1,,,,
02cf39d7-dd09-4de9-9457-e55a10239fb2-4,EDC_BS6_PERIODIC,2025-11-25 23:01:37,2025-11-25 23:02:02,19.105064,73.392768,26201,1662,FixOK,A,OaG5CU0303,G133fg5425,"Karjat - Murbad Rd, Kalamb, Maharashtra 410101, India",15306,35.52,IgnitionOn,1,44.324,27.65,49,-69
02cf39d7-dd09-4de9-9457-e55a10239fb2-3,EDC_BS6_PERIODIC,2025-11-25 23:01:43,2025-11-25 23:02:02,19.105152,73.3928,26202,1662,FixOK,A,OaG5CU0303,G133fg5425,"Karjat - Murbad Rd, Kalamb, Maharashtra 410101, India",15306,4.5,IgnitionOn,1,44.212,19.68,50,-69
02cf39d7-dd09-4de9-9457-e55a10239fb2-2,EDC_BS6_PERIODIC,2025-11-25 23:01:49,2025-11-25 23:02:02,19.1052608,73.3928384,26203,1662,FixOK,A,OaG5CU0303,G133fg5425,"Karjat - Murbad Rd, Kalamb, Maharashtra 410101, India",15306,8.52,IgnitionOn,1,44.14,21.19,49,-69
02cf39d7-dd09-4de9-9457-e55a10239fb2-1,EDC_BS6_PERIODIC,2025-11-25 23:01:55,2025-11-25 23:02:02,19.1053408,73.3928896,26204,1662,FixOK,A,OaG5CU0303,G133fg5425,"Karjat - Murbad Rd, Kalamb, Maharashtra 410101, India",15306,7.16,IgnitionOn,1,44.533,24.23,50,-69
bfe96d8e-ec5f-49fa-8dd6-c6be5f7354bd-10,EDC_BS6_PERIODIC,2025-11-25 23:02:01,2025-11-25 23:03:03,19.1054256,73.392928,26205,1662,FixOK,A,OaG5CU0303,G133fg5425,"Karjat - Murbad Rd, Kalamb, Maharashtra 410101, India",15306.125,6.98,IgnitionOn,1,44.304,22.04,50,-69
bfe96d8e-ec5f-49fa-8dd6-c6be5f7354bd-9,EDC_BS6_PERIODIC,2025-11-25 23:02:07,2025-11-25 23:03:03,19.105504,73.3929664,26206,1662,FixOK,A,OaG5CU0303,G133fg5425,"Karjat - Murbad Rd, Kalamb, Maharashtra 410101, India",15306.125,5.55,IgnitionOn,1,44.092,23.13,50,-69
bfe96d8e-ec5f-49fa-8dd6-c6be5f7354bd-8,EDC_BS6_PERIODIC,2025-11-25 23:02:13,2025-11-25 23:03:03,19.1055824,73.3930304,26207,1662,FixOK,A,OaG5CU0303,G133fg5425,"Karjat - Murbad Rd, Kalamb, Maharashtra 410101, India",15306.125,7.27,IgnitionOn,1,43.861,43.72,49,-69
bfe96d8e-ec5f-49fa-8dd6-c6be5f7354bd-7,EDC_BS6_PERIODIC,2025-11-25 23:02:19,2025-11-25 23:03:03,19.1056352,73.393088,26208,1662,FixOK,A,OaG5CU0303,G133fg5425,"Karjat - Murbad Rd, Kalamb, Maharashtra 410101, India",15306.125,6.5299997,IgnitionOn,1,43.874,41.93,51,-69
bfe96d8e-ec5f-49fa-8dd6-c6be5f7354bd-6,EDC_BS6_PERIODIC,2025-11-25 23:02:25,2025-11-25 23:03:03,19.1057104,73.3931648,26209,1662,FixOK,A,OaG5CU0303,G133fg5425,"Karjat - Murbad Rd, Kalamb, Maharashtra 410101, India",15306.125,5.98,IgnitionOn,1,43.951,45.18,52,-69
bfe96d8e-ec5f-49fa-8dd6-c6be5f7354bd-5,EDC_BS6_PERIODIC,2025-11-25 23:02:31,2025-11-25 23:03:03,19.1057888,73.3932544,26210,1662,FixOK,A,OaG5CU0303,G133fg5425,"Karjat - Murbad Rd, Kalamb, Maharashtra 410101, India",15306.125,7.23,IgnitionOn,1,43.917,44.06,51,-69
bfe96d8e-ec5f-49fa-8dd6-c6be5f7354bd-4,EDC_BS6_PERIODIC,2025-11-25 23:02:37,2025-11-25 23:03:03,19.105856,73.3933376,26211,1662,FixOK,A,OaG5CU0303,G133fg5425,"Karjat - Murbad Rd, Kalamb, Maharashtra 410101, India",15306.125,7.49,IgnitionOn,1,44.305,46.4,50,-69
bfe96d8e-ec5f-49fa-8dd6-c6be5f7354bd-3,EDC_BS6_PERIODIC,2025-11-25 23:02:43,2025-11-25 23:03:03,19.105944,73.3934144,26212,1662,FixOK,A,OaG5CU0303,G133fg5425,"Karjat - Murbad Rd, Kalamb, Maharashtra 410101, India",15306.125,6.99,IgnitionOn,1,44.338,36.81,51,-69
bfe96d8e-ec5f-49fa-8dd6-c6be5f7354bd-2,EDC_BS6_PERIODIC,2025-11-25 23:02:49,2025-11-25 23:03:03,19.1060288,73.3934976,26213,1662,FixOK,A,OaG5CU0303,G133fg5425,"Karjat - Murbad Rd, Kalamb, Maharashtra 410101, India",15306.125,8.34,IgnitionOn,1,44.089,46.49,51,-69
bfe96d8e-ec5f-49fa-8dd6-c6be5f7354bd-1,EDC_BS6_PERIODIC,2025-11-25 23:02:55,2025-11-25 23:03:03,19.10612,73.3935488,26214,1662,FixOK,A,OaG5CU0303,G133fg5425,"Karjat - Murbad Rd, Kalamb, Maharashtra 410101, India",15306.125,6.9700003,IgnitionOn,1,43.864,37.43,51,-69
51caf014-7cd5-49f6-bea0-429928a5c948-47,EDC_BS6_PERIODIC,2025-11-25 23:03:01,2025-11-25 23:12:28,19.106232,73.3935424,26215,1662,FixOK,A,OaG5CU0303,G133fg5425,"Karjat - Murbad Rd, Maharashtra 410101, India",15306.25,7.18,IgnitionOn,1,44.354,2.41,49,-69
b7fb5b8c-13d4-4940-a2ad-0d7efd1eade3-10,EDC_BS6_PERIODIC,2025-11-25 23:03:07,2025-11-25 23:04:04,19.1063168,73.3934848,26216,1662,FixOK,A,OaG5CU0303,G133fg5425,"Karjat - Murbad Rd, Maharashtra 410101, India",15306.25,5.88,IgnitionOn,1,44.432,332.6,49,-69
b7fb5b8c-13d4-4940-a2ad-0d7efd1eade3-9,BRAKE_PRESSED,2025-11-25 23:03:08,2025-11-25 23:04:04,19.106336,73.393472,37682,1662,FixOK,,OaG5CU0303,G133fg5425,"Karjat - Murbad Rd, Maharashtra 410101, India",0,6.3,IgnitionOn,1,,,,
b7fb5b8c-13d4-4940-a2ad-0d7efd1eade3-8,EDC_BS6_PERIODIC,2025-11-25 23:03:13,2025-11-25 23:04:04,19.1064096,73.3934208,26217,1662,FixOK,A,OaG5CU0303,G133fg5425,"Karjat - Murbad Rd, Kalamb, Maharashtra 410101, India",15306.25,7.89,IgnitionOn,1,45.285,325.35,52,-69
b7fb5b8c-13d4-4940-a2ad-0d7efd1eade3-7,EDC_BS6_PERIODIC,2025-11-25 23:03:19,2025-11-25 23:04:04,19.1064864,73.393344,26218,1662,FixOK,A,OaG5CU0303,G133fg5425,"Karjat - Murbad Rd, Kalamb, Maharashtra 410101, India",15306.25,7.81,IgnitionOn,1,45.133,316.64,51,-69
b7fb5b8c-13d4-4940-a2ad-0d7efd1eade3-6,EDC_BS6_PERIODIC,2025-11-25 23:03:25,2025-11-25 23:04:04,19.1065568,73.3932864,26219,1662,FixOK,A,OaG5CU0303,G133fg5425,"Karjat - Murbad Rd, Kalamb, Maharashtra 410101, India",15306.25,6.11,IgnitionOn,1,44.905,328.85,52,-69
b7fb5b8c-13d4-4940-a2ad-0d7efd1eade3-5,EDC_BS6_PERIODIC,2025-11-25 23:03:31,2025-11-25 23:04:04,19.106672,73.3932288,26220,1662,FixOK,A,OaG5CU0303,G133fg5425,"Karjat - Murbad Rd, Kalamb, Maharashtra 410101, India",15306.25,5.62,IgnitionOn,1,44.682,332,52,-69
b7fb5b8c-13d4-4940-a2ad-0d7efd1eade3-4,EDC_BS6_PERIODIC,2025-11-25 23:03:37,2025-11-25 23:04:04,19.106824,73.393184,26221,1662,FixOK,A,OaG5CU0303,G133fg5425,"Karjat - Murbad Rd, Kalamb, Maharashtra 410101, India",15306.25,12.29,IgnitionOn,1,45.12,6.09,51,-69
b7fb5b8c-13d4-4940-a2ad-0d7efd1eade3-3,EDC_BS6_PERIODIC,2025-11-25 23:03:43,2025-11-25 23:04:04,19.1069312,73.3932224,26222,1662,FixOK,A,OaG5CU0303,G133fg5425,"Karjat - Murbad Rd, Kalamb, Maharashtra 410101, India",15306.25,8.45,IgnitionOn,1,45.091,19.84,50,-69
b7fb5b8c-13d4-4940-a2ad-0d7efd1eade3-2,EDC_BS6_PERIODIC,2025-11-25 23:03:49,2025-11-25 23:04:04,19.1071296,73.3932864,26223,1662,FixOK,A,OaG5CU0303,G133fg5425,"Karjat - Murbad Rd, Kalamb, Maharashtra 410101, India",15306.25,10.6,IgnitionOn,1,46.155,16.5,51,-67
b7fb5b8c-13d4-4940-a2ad-0d7efd1eade3-1,EDC_BS6_PERIODIC,2025-11-25 23:03:55,2025-11-25 23:04:04,19.107336,73.3933504,26224,1662,FixOK,A,OaG5CU0303,G133fg5425,"Karjat - Murbad Rd, Kalamb, Maharashtra 410101, India",15306.375,16.2,IgnitionOn,1,47.042,16.34,49,-67
51caf014-7cd5-49f6-bea0-429928a5c948-46,EDC_BS6_PERIODIC,2025-11-25 23:04:01,2025-11-25 23:12:28,19.107648,73.3934336,26225,1662,FixOK,A,OaG5CU0303,G133fg5425,"Karjat - Murbad Rd, Maharashtra 410101, India",15306.375,20.36,IgnitionOn,1,48.354,14.88,49,-67
51caf014-7cd5-49f6-bea0-429928a5c948-45,EDC_BS6_PERIODIC,2025-11-25 23:04:07,2025-11-25 23:12:28,19.1079648,73.3935232,26226,1662,FixOK,A,OaG5CU0303,G133fg5425,"Karjat - Murbad Rd, Maharashtra 410101, India",15306.375,22.46,IgnitionOn,1,48.773,14.77,51,-67
75437f76-6086-45c4-bef7-095d48628719-10,EDC_BS6_PERIODIC,2025-11-25 23:04:13,2025-11-25 23:05:05,19.1082624,73.3936,26227,1662,FixOK,A,OaG5CU0303,G133fg5425,"Karjat - Murbad Rd, Maharashtra 410101, India",15306.375,20.95,IgnitionOn,1,49.925,14.78,49,-67
75437f76-6086-45c4-bef7-095d48628719-9,EDC_BS6_PERIODIC,2025-11-25 23:04:19,2025-11-25 23:05:05,19.1085888,73.3936768,26228,1662,FixOK,A,OaG5CU0303,G133fg5425,"Karjat - Murbad Rd, Maharashtra 410101, India",15306.5,20.55,IgnitionOn,1,50.901,13.18,49,-67
75437f76-6086-45c4-bef7-095d48628719-8,CLUTCH_RIDING_START,2025-11-25 23:04:21,2025-11-25 23:05:05,19.10872,73.3937152,37683,1662,FixOK,,OaG5CU0303,G133fg5425,"Karjat - Murbad Rd, Maharashtra 410101, India",0,30.73,IgnitionOn,1,,,,
75437f76-6086-45c4-bef7-095d48628719-7,CLUTCH_RIDING_END,2025-11-25 23:04:23,2025-11-25 23:05:05,19.1088624,73.3937408,37684,1662,FixOK,,OaG5CU0303,G133fg5425,"Karjat - Murbad Rd, Maharashtra 410101, India",0,30.39,IgnitionOn,1,,,,
75437f76-6086-45c4-bef7-095d48628719-6,EDC_BS6_PERIODIC,2025-11-25 23:04:25,2025-11-25 23:05:05,19.1090048,73.3937792,26229,1662,FixOK,A,OaG5CU0303,G133fg5425,"Karjat - Murbad Rd, Maharashtra 410101, India",15306.5,27.84,IgnitionOn,1,51.619,11.78,51,-67
75437f76-6086-45c4-bef7-095d48628719-5,EDC_BS6_PERIODIC,2025-11-25 23:04:31,2025-11-25 23:05:05,19.1094848,73.3938816,26230,1662,FixOK,A,OaG5CU0303,G133fg5425,"Karjat - Murbad Rd, Maharashtra 410101, India",15306.5,31.06,IgnitionOn,1,51.791,12.39,49,-67
75437f76-6086-45c4-bef7-095d48628719-4,EDC_BS6_PERIODIC,2025-11-25 23:04:37,2025-11-25 23:05:05,19.1100496,73.393984,26231,1662,FixOK,A,OaG5CU0303,G133fg5425,"Karjat - Murbad Rd, Maharashtra 410101, India",15306.625,37.72,IgnitionOn,1,51.764,10.34,50,-67
75437f76-6086-45c4-bef7-095d48628719-3,EDC_BS6_PERIODIC,2025-11-25 23:04:43,2025-11-25 23:05:05,19.1106656,73.3940992,26232,1662,FixOK,A,OaG5CU0303,G133fg5425,"Karjat - Murbad Rd, Maharashtra 410101, India",15306.75,41.04,IgnitionOn,1,51.538,8.55,50,-67
75437f76-6086-45c4-bef7-095d48628719-2,EDC_BS6_PERIODIC,2025-11-25 23:04:49,2025-11-25 23:05:05,19.1112992,73.394208,26233,1662,FixOK,A,OaG5CU0303,G133fg5425,"Karjat - Murbad Rd, Maharashtra 410101, India",15306.75,43.78,IgnitionOn,1,52.037,9.72,50,-67
75437f76-6086-45c4-bef7-095d48628719-1,EDC_BS6_PERIODIC,2025-11-25 23:04:55,2025-11-25 23:05:05,19.1119264,73.394304,26234,1662,FixOK,A,OaG5CU0303,G133fg5425,"Karjat - Murbad Rd, Maharashtra 410101, India",15306.875,42.66,IgnitionOn,1,53.278,8.32,50,-67
51caf014-7cd5-49f6-bea0-429928a5c948-44,EDC_BS6_PERIODIC,2025-11-25 23:05:01,2025-11-25 23:12:28,19.1125568,73.3943936,26235,1662,FixOK,A,OaG5CU0303,G133fg5425,"Karjat - Murbad Rd, Maharashtra 410101, India",15306.875,42.13,IgnitionOn,1,54.028,7.44,49,-67
edcb1f64-28bf-46cd-8b17-51e1c2110d14-10,EDC_BS6_PERIODIC,2025-11-25 23:05:07,2025-11-25 23:06:06,19.113184,73.3945664,26236,1662,FixOK,A,OaG5CU0303,G133fg5425,"Karjat - Murbad Rd, Maharashtra 410101, India",15307,43.37,IgnitionOn,1,52.736,24.54,52,-67
edcb1f64-28bf-46cd-8b17-51e1c2110d14-9,EDC_BS6_PERIODIC,2025-11-25 23:05:13,2025-11-25 23:06:06,19.1137568,73.3949312,26237,1662,FixOK,A,OaG5CU0303,G133fg5425,"Karjat - Murbad Rd, Maharashtra 410101, India",15307.125,45.45,IgnitionOn,1,51.796,32.18,50,-67
edcb1f64-28bf-46cd-8b17-51e1c2110d14-8,EDC_BS6_PERIODIC,2025-11-25 23:05:19,2025-11-25 23:06:06,19.1142912,73.3953216,26238,1662,FixOK,A,OaG5CU0303,G133fg5425,"Karjat - Murbad Rd, Maharashtra 410101, India",15307.125,44.02,IgnitionOn,1,51.956,35.31,51,-67
edcb1f64-28bf-46cd-8b17-51e1c2110d14-7,EDC_BS6_PERIODIC,2025-11-25 23:05:25,2025-11-25 23:06:06,19.1147008,73.395776,26239,1662,FixOK,A,OaG5CU0303,G133fg5425,"Karjat - Murbad Rd, Maharashtra 410101, India",15307.25,40.81,IgnitionOn,1,52.459,46.61,53,-67
edcb1f64-28bf-46cd-8b17-51e1c2110d14-6,GPS_MESSAGE,2025-11-25 23:05:30,2025-11-25 23:06:06,19.1150096,73.39616,,1662,3DFix,,OaG5CU0303,G133fg5425,"Karjat - Murbad Rd, Maharashtra 410101, India",0,,IgnitionOn,1,52,4,53,
edcb1f64-28bf-46cd-8b17-51e1c2110d14-5,EDC_BS6_PERIODIC,2025-11-25 23:05:31,2025-11-25 23:06:06,19.115072,73.3962368,26240,1662,FixOK,A,OaG5CU0303,G133fg5425,"Karjat - Murbad Rd, Maharashtra 410101, India",15307.25,38.2,IgnitionOn,1,53.039,49.68,53,-67
edcb1f64-28bf-46cd-8b17-51e1c2110d14-4,EDC_BS6_PERIODIC,2025-11-25 23:05:37,2025-11-25 23:06:06,19.115392,73.396576,26241,1662,FixOK,A,OaG5CU0303,G133fg5425,"Karjat - Murbad Rd, Maharashtra 410101, India",15307.375,37.27,IgnitionOn,1,53.669,43.24,53,-67
edcb1f64-28bf-46cd-8b17-51e1c2110d14-3,EDC_BS6_PERIODIC,2025-11-25 23:05:43,2025-11-25 23:06:06,19.115776,73.3969408,26242,1662,FixOK,A,OaG5CU0303,G133fg5425,"Karjat - Murbad Rd, Maharashtra 410101, India",15307.375,35.27,IgnitionOn,1,54.24,43.04,51,-67
edcb1f64-28bf-46cd-8b17-51e1c2110d14-2,EDC_BS6_PERIODIC,2025-11-25 23:05:49,2025-11-25 23:06:06,19.116152,73.3973056,26243,1662,FixOK,A,OaG5CU0303,G133fg5425,"Karjat - Murbad Rd, Maharashtra 410101, India",15307.5,33.87,IgnitionOn,1,54.779,41.75,51,-67
edcb1f64-28bf-46cd-8b17-51e1c2110d14-1,EDC_BS6_PERIODIC,2025-11-25 23:05:55,2025-11-25 23:06:06,19.1165216,73.3976704,26244,1662,FixOK,A,OaG5CU0303,G133fg5425,"Karjat - Murbad Rd, Maharashtra 410101, India",15307.5,33.53,IgnitionOn,1,55.114,42.84,52,-67
51caf014-7cd5-49f6-bea0-429928a5c948-26,EDC_BS6_PERIODIC,2025-11-25 23:06:01,2025-11-25 23:12:28,19.1169136,73.3980096,26245,1662,FixOK,A,OaG5CU0303,G133fg5425,"Karjat - Murbad Rd, Maharashtra 410101, India",15307.625,33.58,IgnitionOn,1,56.638,40.27,51,-67
51caf014-7cd5-49f6-bea0-429928a5c948-25,EDC_BS6_PERIODIC,2025-11-25 23:06:07,2025-11-25 23:12:28,19.1173312,73.3983104,26246,1662,FixOK,A,OaG5CU0303,G133fg5425,"Karjat - Murbad Rd, Maharashtra 410101, India",15307.625,32.23,IgnitionOn,1,56.631,33.56,49,-67
51caf014-7cd5-49f6-bea0-429928a5c948-24,EDC_BS6_PERIODIC,2025-11-25 23:06:13,2025-11-25 23:12:28,19.117816,73.3986496,26247,1662,FixOK,A,OaG5CU0303,G133fg5425,"Karjat - Murbad Rd, Maharashtra 410101, India",15307.75,38.65,IgnitionOn,1,56.347,34.47,49,-67
51caf014-7cd5-49f6-bea0-429928a5c948-23,EDC_BS6_PERIODIC,2025-11-25 23:06:19,2025-11-25 23:12:28,19.118344,73.3990464,26248,1662,FixOK,A,OaG5CU0303,G133fg5425,"Karjat - Murbad Rd, Maharashtra 410101, India",15307.75,42.69,IgnitionOn,1,56.769,36.04,49,-67
51caf014-7cd5-49f6-bea0-429928a5c948-22,EDC_BS6_PERIODIC,2025-11-25 23:06:25,2025-11-25 23:12:28,19.118864,73.39952,26249,1662,FixOK,A,OaG5CU0303,G133fg5425,"Karjat - Murbad Rd, Maharashtra 410101, India",15307.875,45.99,IgnitionOn,1,56.548,40.83,49,-67
51caf014-7cd5-49f6-bea0-429928a5c948-21,EDC_BS6_PERIODIC,2025-11-25 23:06:31,2025-11-25 23:12:28,19.11944,73.3999616,26250,1662,FixOK,A,OaG5CU0303,G133fg5425,"Karjat - Murbad Rd, Maharashtra 410101, India",15308,47.66,IgnitionOn,1,56.724,36.7,47,-67
51caf014-7cd5-49f6-bea0-429928a5c948-20,EDC_BS6_PERIODIC,2025-11-25 23:06:37,2025-11-25 23:12:28,19.1200192,73.4003904,26251,1662,FixOK,A,OaG5CU0303,G133fg5425,"Karjat - Murbad Rd, Maharashtra 410101, India",15308,47.8,IgnitionOn,1,57.287,34.95,47,-67
51caf014-7cd5-49f6-bea0-429928a5c948-19,EDC_BS6_PERIODIC,2025-11-25 23:06:43,2025-11-25 23:12:28,19.1205728,73.4008256,26252,1662,FixOK,A,OaG5CU0303,G133fg5425,"Karjat - Murbad Rd, Maharashtra 410101, India",15308.125,45.96,IgnitionOn,1,58.74,39.7,46,-67
51caf014-7cd5-49f6-bea0-429928a5c948-18,EDC_BS6_PERIODIC,2025-11-25 23:06:49,2025-11-25 23:12:28,19.1210208,73.401344,26253,1662,FixOK,A,OaG5CU0303,G133fg5425,"Karjat - Murbad Rd, Maharashtra 410101, India",15308.125,45.15,IgnitionOn,1,60.069,50.86,45,-67
51caf014-7cd5-49f6-bea0-429928a5c948-17,EDC_BS6_PERIODIC,2025-11-25 23:06:55,2025-11-25 23:12:28,19.1212032,73.4019776,26254,1662,FixOK,A,OaG5CU0303,G133fg5425,"Karjat - Murbad Rd, Maharashtra 410101, India",15308.25,42.12,IgnitionOn,1,60.944,75.36,44,-67
51caf014-7cd5-49f6-bea0-429928a5c948-43,EDC_BS6_PERIODIC,2025-11-25 23:07:01,2025-11-25 23:12:28,19.1212464,73.402624,26255,1662,FixOK,A,OaG5CU0303,G133fg5425,"Karjat - Murbad Rd, Maharashtra 410101, India",15308.375,41.88,IgnitionOn,1,61.905,84.81,46,-67
51caf014-7cd5-49f6-bea0-429928a5c948-42,EDC_BS6_PERIODIC,2025-11-25 23:07:07,2025-11-25 23:12:28,19.1212464,73.4032128,26256,1662,FixOK,A,OaG5CU0303,G133fg5425,"Karjat - Murbad Rd, Maharashtra 410101, India",15308.375,39.22,IgnitionOn,1,63.298,84.22,46,-67
51caf014-7cd5-49f6-bea0-429928a5c948-41,EDC_BS6_PERIODIC,2025-11-25 23:07:13,2025-11-25 23:12:28,19.1213504,73.4036992,26257,1662,FixOK,A,OaG5CU0303,G133fg5425,"Karjat - Murbad Rd, Maharashtra 410101, India",15308.5,32.67,IgnitionOn,1,65.994,74.3,44,-67
51caf014-7cd5-49f6-bea0-429928a5c948-40,EDC_BS6_PERIODIC,2025-11-25 23:07:19,2025-11-25 23:12:28,19.121424,73.4040192,26258,1662,FixOK,A,OaG5CU0303,G133fg5425,"Karjat - Murbad Rd, Maharashtra 410101, India",15308.5,25.34,IgnitionOn,1,68.477,77.09,43,-67
51caf014-7cd5-49f6-bea0-429928a5c948-39,EDC_BS6_PERIODIC,2025-11-25 23:07:25,2025-11-25 23:12:28,19.1215008,73.4043264,26259,1662,FixOK,A,OaG5CU0303,G133fg5425,"Karjat - Murbad Rd, Maharashtra 410101, India",15308.5,21.16,IgnitionOn,1,70.526,74.66,46,-67
51caf014-7cd5-49f6-bea0-429928a5c948-38,EDC_BS6_PERIODIC,2025-11-25 23:07:31,2025-11-25 23:12:28,19.1215488,73.4046656,26260,1662,FixOK,A,OaG5CU0303,G133fg5425,"Karjat - Murbad Rd, Maharashtra 410101, India",15308.625,21.64,IgnitionOn,1,73.073,82.15,45,-67
51caf014-7cd5-49f6-bea0-429928a5c948-37,EDC_BS6_PERIODIC,2025-11-25 23:07:37,2025-11-25 23:12:28,19.1215936,73.4050176,26261,1662,FixOK,A,OaG5CU0303,G133fg5425,"Karjat - Murbad Rd, Maharashtra 410101, India",15308.625,23.3,IgnitionOn,1,75.059,83.81,45,-67
51caf014-7cd5-49f6-bea0-429928a5c948-36,EDC_BS6_PERIODIC,2025-11-25 23:07:43,2025-11-25 23:12:28,19.121632,73.405344,26262,1662,FixOK,A,OaG5CU0303,G133fg5425,"Karjat - Murbad Rd, Maharashtra 410101, India",15308.625,20.82,IgnitionOn,1,75.917,83.43,47,-67
51caf014-7cd5-49f6-bea0-429928a5c948-35,EDC_BS6_PERIODIC,2025-11-25 23:07:49,2025-11-25 23:12:28,19.1216672,73.405696,26263,1662,FixOK,A,OaG5CU0303,G133fg5425,"Karjat - Murbad Rd, Maharashtra 410101, India",15308.75,22.12,IgnitionOn,1,78.347,84.26,49,-67
51caf014-7cd5-49f6-bea0-429928a5c948-34,EDC_BS6_PERIODIC,2025-11-25 23:07:55,2025-11-25 23:12:28,19.1217056,73.406048,26264,1662,FixOK,A,OaG5CU0303,G133fg5425,"Karjat - Murbad Rd, Maharashtra 410101, India",15308.75,22.99,IgnitionOn,1,79.916,84.11,49,-67
51caf014-7cd5-49f6-bea0-429928a5c948-33,CLUTCH_RIDING_START,2025-11-25 23:07:57,2025-11-25 23:12:28,19.1217216,73.406176,37685,1662,FixOK,,OaG5CU0303,G133fg5425,"Karjat - Murbad Rd, Maharashtra 410101, India",0,24.8,IgnitionOn,1,,,,
51caf014-7cd5-49f6-bea0-429928a5c948-32,EDC_BS6_PERIODIC,2025-11-25 23:08:01,2025-11-25 23:12:28,19.12176,73.4064128,26265,1662,FixOK,A,OaG5CU0303,G133fg5425,"Karjat - Murbad Rd, Maharashtra 410101, India",15308.75,23.3,IgnitionOn,1,81.245,81.33,50,-67
51caf014-7cd5-49f6-bea0-429928a5c948-31,EDC_BS6_PERIODIC,2025-11-25 23:08:07,2025-11-25 23:12:28,19.12184,73.406784,26266,1662,FixOK,A,OaG5CU0303,G133fg5425,"Karjat - Murbad Rd, Maharashtra 410101, India",15308.875,24.91,IgnitionOn,1,82.973,74.62,47,-67
51caf014-7cd5-49f6-bea0-429928a5c948-30,EDC_BS6_PERIODIC,2025-11-25 23:08:13,2025-11-25 23:12:28,19.121944,73.4071552,26267,1662,FixOK,A,OaG5CU0303,G133fg5425,"Karjat - Murbad Rd, Maharashtra 410101, India",15308.875,25.23,IgnitionOn,1,84.727,71.66,50,-67
51caf014-7cd5-49f6-bea0-429928a5c948-29,EDC_BS6_PERIODIC,2025-11-25 23:08:19,2025-11-25 23:12:28,19.122056,73.4075008,26268,1662,FixOK,A,OaG5CU0303,G133fg5425,"Karjat - Murbad Rd, Maharashtra 410101, India",15308.875,23.17,IgnitionOn,1,85.696,71.59,50,-67
51caf014-7cd5-49f6-bea0-429928a5c948-28,EDC_BS6_PERIODIC,2025-11-25 23:08:25,2025-11-25 23:12:28,19.122264,73.408192,26269,1662,FixOK,A,OaG5CU0303,G133fg5425,"Karjat - Murbad Rd, Maharashtra 410101, India",15309,27.98,IgnitionOn,1,87.59,72.55,49,-67
51caf014-7cd5-49f6-bea0-429928a5c948-27,EDC_BS6_PERIODIC,2025-11-25 23:08:31,2025-11-25 23:12:28,19.122392,73.4086528,26270,1662,FixOK,A,OaG5CU0303,G133fg5425,"Karjat - Murbad Rd, Maharashtra 410101, India",15309,29.5,IgnitionOn,1,89.315,73.87,52,-67
51caf014-7cd5-49f6-bea0-429928a5c948-16,EDC_BS6_PERIODIC,2025-11-25 23:08:37,2025-11-25 23:12:28,19.1225456,73.4091584,26271,1662,FixOK,A,OaG5CU0303,G133fg5425,"Karjat - Murbad Rd, Maharashtra 410101, India",15309,32.55,IgnitionOn,1,90.666,71.33,50,-67
51caf014-7cd5-49f6-bea0-429928a5c948-15,EDC_BS6_PERIODIC,2025-11-25 23:08:43,2025-11-25 23:12:28,19.1226432,73.4096576,26272,1662,FixOK,A,OaG5CU0303,G133fg5425,"Karjat - Murbad Rd, Maharashtra 410101, India",15309.125,32.93,IgnitionOn,1,92.761,87.02,50,-67
51caf014-7cd5-49f6-bea0-429928a5c948-14,EDC_BS6_PERIODIC,2025-11-25 23:08:49,2025-11-25 23:12:28,19.1226368,73.4100864,26273,1662,FixOK,A,OaG5CU0303,G133fg5425,"Karjat - Murbad Rd, Maharashtra 410101, India",15309.125,30.94,IgnitionOn,1,95.947,91.72,49,-67
51caf014-7cd5-49f6-bea0-429928a5c948-13,CLUTCH_RIDING_END,2025-11-25 23:08:52,2025-11-25 23:12:28,19.1226272,73.410272,37686,1662,FixOK,,OaG5CU0303,G133fg5425,"Karjat - Murbad Rd, Maharashtra 410101, India",0,21.68,IgnitionOn,1,,,,
51caf014-7cd5-49f6-bea0-429928a5c948-12,EDC_BS6_PERIODIC,2025-11-25 23:08:55,2025-11-25 23:12:28,19.1226208,73.4104384,26274,1662,FixOK,A,OaG5CU0303,G133fg5425,"Karjat - Murbad Rd, Maharashtra 410101, India",15309.25,25.75,IgnitionOn,1,98.629,91.06,50,-67
51caf014-7cd5-49f6-bea0-429928a5c948-11,EDC_BS6_PERIODIC,2025-11-25 23:09:01,2025-11-25 23:12:28,19.122608,73.41072,26275,1662,FixOK,A,OaG5CU0303,G133fg5425,"Karjat - Murbad Rd, Maharashtra 410101, India",15309.25,21.92,IgnitionOn,1,99.727,91.44,49,-67
51caf014-7cd5-49f6-bea0-429928a5c948-10,EDC_BS6_PERIODIC,2025-11-25 23:09:07,2025-11-25 23:12:28,19.122608,73.4110592,26276,1662,FixOK,A,OaG5CU0303,G133fg5425,"Karjat - Murbad Rd, Maharashtra 410101, India",15309.25,20.85,IgnitionOn,1,102.88,90.95,49,-67
51caf014-7cd5-49f6-bea0-429928a5c948-9,EDC_BS6_PERIODIC,2025-11-25 23:09:13,2025-11-25 23:12:28,19.1226752,73.4113792,26277,1662,FixOK,A,OaG5CU0303,G133fg5425,"Karjat - Murbad Rd, Maharashtra 410101, India",15309.375,20.73,IgnitionOn,1,105.41,66.73,49,-67
51caf014-7cd5-49f6-bea0-429928a5c948-8,EDC_BS6_PERIODIC,2025-11-25 23:09:19,2025-11-25 23:12:28,19.122856,73.4116352,26278,1662,FixOK,A,OaG5CU0303,G133fg5425,"Karjat - Murbad Rd, Maharashtra 410101, India",15309.375,21.25,IgnitionOn,1,107.945,44.22,50,-67
51caf014-7cd5-49f6-bea0-429928a5c948-7,EDC_BS6_PERIODIC,2025-11-25 23:09:25,2025-11-25 23:12:28,19.1230256,73.411808,26279,1662,FixOK,A,OaG5CU0303,G133fg5425,"Karjat - Murbad Rd, Maharashtra 410101, India",15309.375,17.95,IgnitionOn,1,109.567,45.25,50,-67
51caf014-7cd5-49f6-bea0-429928a5c948-6,CLUTCH_RIDING_START,2025-11-25 23:09:27,2025-11-25 23:12:28,19.1230688,73.4118528,37687,1662,FixOK,,OaG5CU0303,G133fg5425,"Karjat - Murbad Rd, Maharashtra 410101, India",0,13.13,IgnitionOn,1,,,,
51caf014-7cd5-49f6-bea0-429928a5c948-5,EDC_BS6_PERIODIC,2025-11-25 23:09:31,2025-11-25 23:12:28,19.123152,73.4119616,26280,1662,FixOK,A,OaG5CU0303,G133fg5425,"Karjat - Murbad Rd, Maharashtra 410101, India",15309.375,12.54,IgnitionOn,1,111.327,48.88,50,-67
958e6ca1-13d9-44c2-935c-a1e6e6b20110-10,EDC_BS6_PERIODIC,2025-11-25 23:09:37,2025-11-25 23:11:59,19.123248,73.4121664,26281,1662,FixOK,A,OaG5CU0303,G133fg5425,"Karjat - Murbad Rd, Maharashtra 410101, India",15309.5,14.13,IgnitionOn,1,112.207,59.81,48,-67
958e6ca1-13d9-44c2-935c-a1e6e6b20110-9,EDC_BS6_PERIODIC,2025-11-25 23:09:43,2025-11-25 23:11:59,19.1232928,73.412384,26282,1662,FixOK,A,OaG5CU0303,G133fg5425,"Karjat - Murbad Rd, Maharashtra 410101, India",15309.5,15.31,IgnitionOn,1,115.361,80.77,49,-67
958e6ca1-13d9-44c2-935c-a1e6e6b20110-8,EDC_BS6_PERIODIC,2025-11-25 23:09:49,2025-11-25 23:11:59,19.1233728,73.4126016,26283,1662,FixOK,A,OaG5CU0303,G133fg5425,"Karjat - Murbad Rd, Maharashtra 410101, India",15309.5,15.19,IgnitionOn,1,118.809,55.4,50,-67
958e6ca1-13d9-44c2-935c-a1e6e6b20110-7,EDC_BS6_PERIODIC,2025-11-25 23:09:55,2025-11-25 23:11:59,19.1235552,73.4126592,26284,1662,FixOK,A,OaG5CU0303,G133fg5425,"Karjat - Murbad Rd, Maharashtra 410101, India",15309.5,14.12,IgnitionOn,1,121.406,7.09,48,-67
958e6ca1-13d9-44c2-935c-a1e6e6b20110-6,EDC_BS6_PERIODIC,2025-11-25 23:10:01,2025-11-25 23:11:59,19.1237504,73.4126016,26285,1662,FixOK,A,OaG5CU0303,G133fg5425,"Karjat - Murbad Rd, Maharashtra 410101, India",15309.5,12.91,IgnitionOn,1,123.513,344.89,50,-67
958e6ca1-13d9-44c2-935c-a1e6e6b20110-5,EDC_BS6_PERIODIC,2025-11-25 23:10:07,2025-11-25 23:11:59,19.1239072,73.412512,26286,1662,FixOK,A,OaG5CU0303,G133fg5425,"Karjat - Murbad Rd, Maharashtra 410101, India",15309.625,13.64,IgnitionOn,1,125.649,335.45,46,-67
958e6ca1-13d9-44c2-935c-a1e6e6b20110-4,EDC_BS6_PERIODIC,2025-11-25 23:10:13,2025-11-25 23:11:59,19.1240944,73.4124032,26287,1662,FixOK,A,OaG5CU0303,G133fg5425,"Karjat - Murbad Rd, Maharashtra 410101, India",15309.625,15.17,IgnitionOn,1,127.602,327.26,47,-67
958e6ca1-13d9-44c2-935c-a1e6e6b20110-3,EDC_BS6_PERIODIC,2025-11-25 23:10:19,2025-11-25 23:11:59,19.12428,73.412288,26288,1662,FixOK,A,OaG5CU0303,G133fg5425,"Karjat - Murbad Rd, Maharashtra 410101, India",15309.625,14.69,IgnitionOn,1,128.862,332.76,46,-67
958e6ca1-13d9-44c2-935c-a1e6e6b20110-2,EDC_BS6_PERIODIC,2025-11-25 23:10:26,2025-11-25 23:11:59,19.1244768,73.412192,26289,1662,FixOK,A,OaG5CU0303,G133fg5425,"Karjat - Murbad Rd, Maharashtra 410101, India",15309.625,14.69,IgnitionOn,1,131.503,337.14,47,-67
958e6ca1-13d9-44c2-935c-a1e6e6b20110-1,STOP_AND_CONTACT_SERVICE_START,2025-11-25 23:10:30,2025-11-25 23:11:59,19.1246272,73.41216,37688,1662,FixOK,,OaG5CU0303,G133fg5425,"Karjat - Murbad Rd, Maharashtra 410101, India",15309.625,16.87,IgnitionOn,1,,,,
51caf014-7cd5-49f6-bea0-429928a5c948-4,EDC_BS6_PERIODIC,2025-11-25 23:10:32,2025-11-25 23:12:28,19.1247024,73.41216,26290,1662,FixOK,A,OaG5CU0303,G133fg5425,"Karjat - Murbad Rd, Maharashtra 410101, India",15309.625,15.16,IgnitionOn,1,133.947,354.11,46,-67
51caf014-7cd5-49f6-bea0-429928a5c948-3,EDC_BS6_PERIODIC,2025-11-25 23:10:38,2025-11-25 23:12:28,19.124952,73.4121536,26291,1662,FixOK,A,OaG5CU0303,G133fg5425,"Karjat - Murbad Rd, Maharashtra 410101, India",15309.75,17.66,IgnitionOn,1,135.878,0.6,45,-67
51caf014-7cd5-49f6-bea0-429928a5c948-2,EDC_BS6_PERIODIC,2025-11-25 23:10:44,2025-11-25 23:12:28,19.1251968,73.4121536,26292,1662,FixOK,A,OaG5CU0303,G133fg5425,"Karjat - Murbad Rd, Maharashtra 410101, India",15309.75,16.43,IgnitionOn,1,137.787,359.14,46,-67
8ed1232d-9a9f-4317-b4fb-e9d598263791,HEARTBEAT_MESSAGE,2025-11-25 23:10:45,2025-11-25 23:10:45,0,0,,,,,OaG5CU0303,G133fg5425,,,,,1,,,,
51caf014-7cd5-49f6-bea0-429928a5c948-1,EDC_BS6_PERIODIC,2025-11-25 23:10:50,2025-11-25 23:12:28,19.125432,73.41216,26293,1662,FixOK,A,OaG5CU0303,G133fg5425,"Karjat - Murbad Rd, Maharashtra 410101, India",15309.75,19.07,IgnitionOn,1,138.475,2.49,48,-67
5c08fb7b-1350-4f7f-8134-3d17048cd49a-11,EDC_BS6_PERIODIC,2025-11-25 23:10:56,2025-11-25 23:18:38,19.12576,73.41216,26294,1662,FixOK,A,OaG5CU0303,G133fg5425,"Karjat - Murbad Rd, Mohghar, Maharashtra 421401, India",15309.75,23.03,IgnitionOn,1,139.174,1.08,48,-67
5c08fb7b-1350-4f7f-8134-3d17048cd49a-10,EDC_BS6_PERIODIC,2025-11-25 23:11:02,2025-11-25 23:18:38,19.1261088,73.412256,26295,1662,FixOK,A,OaG5CU0303,G133fg5425,"Karjat - Murbad Rd, Mohghar, Maharashtra 421401, India",15309.875,25.77,IgnitionOn,1,140.809,16.26,50,-67
c102ac1b-9a9e-4a69-a889-b7e500775a5e-10,EDC_BS6_PERIODIC,2025-11-25 23:11:08,2025-11-25 23:12:13,19.1262592,73.4126592,26296,1662,FixOK,A,OaG5CU0303,G133fg5425,"Karjat - Murbad Rd, Maharashtra 410101, India",15309.875,27.98,IgnitionOn,1,142.697,70.9,52,-67
c102ac1b-9a9e-4a69-a889-b7e500775a5e-9,EDC_BS6_PERIODIC,2025-11-25 23:11:14,2025-11-25 23:12:13,19.126352,73.4130688,26297,1662,FixOK,A,OaG5CU0303,G133fg5425,"Karjat - Murbad Rd, Maharashtra 410101, India",15310,26.7,IgnitionOn,1,145.173,76.01,51,-67
c102ac1b-9a9e-4a69-a889-b7e500775a5e-8,EDC_BS6_PERIODIC,2025-11-25 23:11:20,2025-11-25 23:12:13,19.1264352,73.41344,26298,1662,FixOK,A,OaG5CU0303,G133fg5425,"Karjat - Murbad Rd, Maharashtra 410101, India",15310,23.73,IgnitionOn,1,148.182,76.61,50,-67
c102ac1b-9a9e-4a69-a889-b7e500775a5e-7,EDC_BS6_PERIODIC,2025-11-25 23:11:26,2025-11-25 23:12:13,19.126504,73.41376,26299,1662,FixOK,A,OaG5CU0303,G133fg5425,"Karjat - Murbad Rd, Maharashtra 410101, India",15310,19.75,IgnitionOn,1,151.061,77.76,52,-67
c102ac1b-9a9e-4a69-a889-b7e500775a5e-6,CLUTCH_RIDING_END,2025-11-25 23:11:30,2025-11-25 23:12:13,19.1265472,73.4139392,37689,1662,FixOK,,OaG5CU0303,G133fg5425,"Karjat - Murbad Rd, Maharashtra 410101, India",0,12.23,IgnitionOn,1,,,,
c102ac1b-9a9e-4a69-a889-b7e500775a5e-5,EDC_BS6_PERIODIC,2025-11-25 23:11:33,2025-11-25 23:12:13,19.1265776,73.4140224,26300,1662,FixOK,A,OaG5CU0303,G133fg5425,"Karjat - Murbad Rd, Maharashtra 410101, India",15310,16.38,IgnitionOn,1,152.609,71.66,50,-67
c102ac1b-9a9e-4a69-a889-b7e500775a5e-4,EDC_BS6_PERIODIC,2025-11-25 23:11:38,2025-11-25 23:12:13,19.1266272,73.414144,26301,1662,FixOK,A,OaG5CU0303,G133fg5425,"Karjat - Murbad Rd, Maharashtra 410101, India",15310.125,13.33,IgnitionOn,1,155.154,65.47,49,-67
c102ac1b-9a9e-4a69-a889-b7e500775a5e-3,EDC_BS6_PERIODIC,2025-11-25 23:11:44,2025-11-25 23:12:13,19.1268128,73.4145152,26302,1662,FixOK,A,OaG5CU0303,G133fg5425,"Karjat - Murbad Rd, Maharashtra 410101, India",15310.125,14.24,IgnitionOn,1,158.196,63.16,49,-67
c102ac1b-9a9e-4a69-a889-b7e500775a5e-2,EDC_BS6_PERIODIC,2025-11-25 23:11:50,2025-11-25 23:12:13,19.1269152,73.41472,26303,1662,FixOK,A,OaG5CU0303,G133fg5425,"Karjat - Murbad Rd, Maharashtra 410101, India",15310.125,15.42,IgnitionOn,1,160.078,63.56,49,-67
c102ac1b-9a9e-4a69-a889-b7e500775a5e-1,EDC_BS6_PERIODIC,2025-11-25 23:11:56,2025-11-25 23:12:13,19.1270272,73.4149248,26304,1662,FixOK,A,OaG5CU0303,G133fg5425,"Karjat - Murbad Rd, Maharashtra 410101, India",15310.125,15.24,IgnitionOn,1,161.158,60.43,48,-67
0d1494ef-43a3-4c5f-ad7f-b9513440141a-10,EDC_BS6_PERIODIC,2025-11-25 23:12:02,2025-11-25 23:13:08,19.127184,73.4151168,26305,1662,FixOK,A,OaG5CU0303,G133fg5425,"Karjat - Murbad Rd, Maharashtra 410101, India",15310.125,14.46,IgnitionOn,1,161.912,46.63,53,-67
0d1494ef-43a3-4c5f-ad7f-b9513440141a-9,EDC_BS6_PERIODIC,2025-11-25 23:12:08,2025-11-25 23:13:08,19.1274,73.4153472,26306,1662,FixOK,A,OaG5CU0303,G133fg5425,"Karjat - Murbad Rd, Maharashtra 410101, India",15310.25,16.9,IgnitionOn,1,162.324,44.77,54,-67
0d1494ef-43a3-4c5f-ad7f-b9513440141a-8,EDC_BS6_PERIODIC,2025-11-25 23:12:14,2025-11-25 23:13:08,19.1276992,73.4156544,26307,1662,FixOK,A,OaG5CU0303,G133fg5425,"Karjat - Murbad Rd, Maharashtra 410101, India",15310.25,23.51,IgnitionOn,1,162.464,45.25,53,-67
0d1494ef-43a3-4c5f-ad7f-b9513440141a-7,EDC_BS6_PERIODIC,2025-11-25 23:12:20,2025-11-25 23:13:08,19.1280448,73.4160064,26308,1662,FixOK,A,OaG5CU0303,G133fg5425,"Karjat - Murbad Rd, Maharashtra 410101, India",15310.25,29.02,IgnitionOn,1,162.439,44.41,53,-67
0d1494ef-43a3-4c5f-ad7f-b9513440141a-6,EDC_BS6_PERIODIC,2025-11-25 23:12:26,2025-11-25 23:13:08,19.128416,73.4163904,26309,1662,FixOK,A,OaG5CU0303,G133fg5425,"Karjat - Murbad Rd, Maharashtra 410101, India",15310.375,33.59,IgnitionOn,1,163.871,44.65,52,-67
0d1494ef-43a3-4c5f-ad7f-b9513440141a-5,EDC_BS6_PERIODIC,2025-11-25 23:12:32,2025-11-25 23:13:08,19.1287712,73.4168,26310,1662,FixOK,A,OaG5CU0303,G133fg5425,"Karjat - Murbad Rd, Maharashtra 410101, India",15310.375,35.04,IgnitionOn,1,165.417,54.9,54,-67
0d1494ef-43a3-4c5f-ad7f-b9513440141a-4,EDC_BS6_PERIODIC,2025-11-25 23:12:38,2025-11-25 23:13:08,19.128976,73.4172288,26311,1662,FixOK,A,OaG5CU0303,G133fg5425,"Karjat - Murbad Rd, Maharashtra 410101, India",15310.5,35.16,IgnitionOn,1,165.921,66.83,53,-67
0d1494ef-43a3-4c5f-ad7f-b9513440141a-3,EDC_BS6_PERIODIC,2025-11-25 23:12:44,2025-11-25 23:13:08,19.129208,73.4178496,26312,1662,FixOK,A,OaG5CU0303,G133fg5425,"Karjat - Murbad Rd, Maharashtra 410101, India",15310.5,39.7,IgnitionOn,1,166.643,68.33,55,-67
0d1494ef-43a3-4c5f-ad7f-b9513440141a-2,EDC_BS6_PERIODIC,2025-11-25 23:12:50,2025-11-25 23:13:08,19.129464,73.4184896,26313,1662,FixOK,A,OaG5CU0303,G133fg5425,"Karjat - Murbad Rd, Maharashtra 410101, India",15310.625,44.88,IgnitionOn,1,167.597,67.38,54,-67
0d1494ef-43a3-4c5f-ad7f-b9513440141a-1,EDC_BS6_PERIODIC,2025-11-25 23:12:56,2025-11-25 23:13:08,19.129848,73.4190208,26314,1662,FixOK,A,OaG5CU0303,G133fg5425,"Karjat - Murbad Rd, Maharashtra 410101, India",15310.625,44.05,IgnitionOn,1,168.047,56.29,55,-67
db9de9e1-caef-4a12-9bd3-9b3e0bd2a77a-10,EDC_BS6_PERIODIC,2025-11-25 23:13:02,2025-11-25 23:14:12,19.130328,73.41952,26315,1662,FixOK,A,OaG5CU0303,G133fg5425,"Karjat - Murbad Rd, Maharashtra 410101, India",15310.75,43.23,IgnitionOn,1,167.912,43.04,52,-67
db9de9e1-caef-4a12-9bd3-9b3e0bd2a77a-9,EDC_BS6_PERIODIC,2025-11-25 23:13:08,2025-11-25 23:14:12,19.1308336,73.4200256,26316,1662,FixOK,A,OaG5CU0303,G133fg5425,"Karjat - Murbad Rd, Maharashtra 410101, India",15310.875,44.73,IgnitionOn,1,167.388,43.09,49,-67
db9de9e1-caef-4a12-9bd3-9b3e0bd2a77a-8,EDC_BS6_PERIODIC,2025-11-25 23:13:14,2025-11-25 23:14:12,19.131368,73.4205568,26317,1662,FixOK,A,OaG5CU0303,G133fg5425,"Karjat - Murbad Rd, Maharashtra 410101, India",15310.875,48.2,IgnitionOn,1,167.134,43.5,53,-67
db9de9e1-caef-4a12-9bd3-9b3e0bd2a77a-7,EDC_BS6_PERIODIC,2025-11-25 23:13:20,2025-11-25 23:14:12,19.131928,73.42112,26318,1662,FixOK,A,OaG5CU0303,G133fg5425,"Karjat - Murbad Rd, Maharashtra 410101, India",15311,50.72,IgnitionOn,1,166.529,42.91,54,-67
db9de9e1-caef-4a12-9bd3-9b3e0bd2a77a-6,EDC_BS6_PERIODIC,2025-11-25 23:13:26,2025-11-25 23:14:12,19.132504,73.4217024,26319,1662,FixOK,A,OaG5CU0303,G133fg5425,"Karjat - Murbad Rd, Maharashtra 410101, India",15311.125,52.87,IgnitionOn,1,166.322,45.29,51,-67
db9de9e1-caef-4a12-9bd3-9b3e0bd2a77a-5,EDC_BS6_PERIODIC,2025-11-25 23:13:32,2025-11-25 23:14:12,19.133104,73.4222848,26320,1662,FixOK,A,OaG5CU0303,G133fg5425,"Karjat - Murbad Rd, Maharashtra 410101, India",15311.125,53.94,IgnitionOn,1,166.778,43.5,53,-67
db9de9e1-caef-4a12-9bd3-9b3e0bd2a77a-4,EDC_BS6_PERIODIC,2025-11-25 23:13:38,2025-11-25 23:14:12,19.1337152,73.4228992,26321,1662,FixOK,A,OaG5CU0303,G133fg5425,"Karjat - Murbad Rd, Maharashtra 410101, India",15311.25,55,IgnitionOn,1,166.656,43.06,54,-67
db9de9e1-caef-4a12-9bd3-9b3e0bd2a77a-3,EDC_BS6_PERIODIC,2025-11-25 23:13:44,2025-11-25 23:14:12,19.1343264,73.423552,26322,1662,FixOK,A,OaG5CU0303,G133fg5425,"Karjat - Murbad Rd, Maharashtra 410101, India",15311.375,57.8,IgnitionOn,1,166.501,46.77,52,-67
db9de9e1-caef-4a12-9bd3-9b3e0bd2a77a-2,EDC_BS6_PERIODIC,2025-11-25 23:13:50,2025-11-25 23:14:12,19.13488,73.4242624,26323,1662,FixOK,A,OaG5CU0303,G133fg5425,"Karjat - Murbad Rd, Maharashtra 410101, India",15311.5,58.88,IgnitionOn,1,167.606,51.08,54,-67
db9de9e1-caef-4a12-9bd3-9b3e0bd2a77a-1,EDC_BS6_PERIODIC,2025-11-25 23:13:56,2025-11-25 23:14:12,19.135328,73.425024,26324,1662,FixOK,A,OaG5CU0303,G133fg5425,"Karjat - Murbad Rd, Maharashtra 410101, India",15311.625,58.09,IgnitionOn,1,169.453,57.59,55,-67
1d461f1a-fd43-4a49-bd63-ebf29dc1534e-10,EDC_BS6_PERIODIC,2025-11-25 23:14:02,2025-11-25 23:15:07,19.135752,73.42576,26325,1662,FixOK,A,OaG5CU0303,G133fg5425,"Karjat - Murbad Rd, Maharashtra 410101, India",15311.625,55.32,IgnitionOn,1,171.49,57.56,53,-67
1d461f1a-fd43-4a49-bd63-ebf29dc1534e-9,EDC_BS6_PERIODIC,2025-11-25 23:14:08,2025-11-25 23:15:07,19.136184,73.4264384,26326,1662,FixOK,A,OaG5CU0303,G133fg5425,"Karjat - Murbad Rd, Maharashtra 410101, India",15311.75,53.63,IgnitionOn,1,172.457,57.24,54,-67
1d461f1a-fd43-4a49-bd63-ebf29dc1534e-8,EDC_BS6_PERIODIC,2025-11-25 23:14:14,2025-11-25 23:15:07,19.1365408,73.427008,26327,1662,FixOK,A,OaG5CU0303,G133fg5425,"Karjat - Murbad Rd, Maharashtra 410101, India",15311.875,51.7,IgnitionOn,1,173.546,57.22,53,-67
1d461f1a-fd43-4a49-bd63-ebf29dc1534e-7,EDC_BS6_PERIODIC,2025-11-25 23:14:20,2025-11-25 23:15:07,19.1369584,73.4277056,26328,1662,FixOK,A,OaG5CU0303,G133fg5425,"Karjat - Murbad Rd, Maharashtra 410101, India",15312,52.4,IgnitionOn,1,173.876,57.04,53,-67
1d461f1a-fd43-4a49-bd63-ebf29dc1534e-6,EDC_BS6_PERIODIC,2025-11-25 23:14:26,2025-11-25 23:15:07,19.137384,73.428384,26329,1662,FixOK,A,OaG5CU0303,G133fg5425,"Karjat - Murbad Rd, Maharashtra 410101, India",15312,51.52,IgnitionOn,1,174.722,57.31,55,-67
1d461f1a-fd43-4a49-bd63-ebf29dc1534e-5,EDC_BS6_PERIODIC,2025-11-25 23:14:32,2025-11-25 23:15:07,19.1378112,73.4290432,26330,1662,FixOK,A,OaG5CU0303,G133fg5425,"Karjat - Murbad Rd, Maharashtra 410101, India",15312.125,50.76,IgnitionOn,1,176.399,55.43,54,-67
1d461f1a-fd43-4a49-bd63-ebf29dc1534e-4,EDC_BS6_PERIODIC,2025-11-25 23:14:38,2025-11-25 23:15:07,19.1382368,73.4297024,26331,1662,FixOK,A,OaG5CU0303,G133fg5425,"Karjat - Murbad Rd, Maharashtra 410101, India",15312.25,50.46,IgnitionOn,1,177.264,54.95,54,-67
1d461f1a-fd43-4a49-bd63-ebf29dc1534e-3,EDC_BS6_PERIODIC,2025-11-25 23:14:44,2025-11-25 23:15:07,19.1386896,73.4303488,26332,1662,FixOK,A,OaG5CU0303,G133fg5425,"Karjat - Murbad Rd, Maharashtra 410101, India",15312.25,51.04,IgnitionOn,1,177.492,53.7,53,-67
1d461f1a-fd43-4a49-bd63-ebf29dc1534e-2,EDC_BS6_PERIODIC,2025-11-25 23:14:50,2025-11-25 23:15:07,19.1391536,73.4310016,26333,1662,FixOK,A,OaG5CU0303,G133fg5425,"Karjat - Murbad Rd, Maharashtra 410101, India",15312.375,51.62,IgnitionOn,1,177.792,52.86,54,-67
1d461f1a-fd43-4a49-bd63-ebf29dc1534e-1,EDC_BS6_PERIODIC,2025-11-25 23:14:56,2025-11-25 23:15:07,19.1395968,73.4316096,26334,1662,FixOK,A,OaG5CU0303,G133fg5425,"Karjat - Murbad Rd, Maharashtra 410101, India",15312.5,49.89,IgnitionOn,1,178.919,53,55,-67
5c08fb7b-1350-4f7f-8134-3d17048cd49a-9,EDC_BS6_PERIODIC,2025-11-25 23:15:02,2025-11-25 23:18:38,19.140008,73.4321856,26335,1662,FixOK,A,OaG5CU0303,G133fg5425,"Karjat - Murbad Rd, Mohghar, Maharashtra 421401, India",15312.5,45.89,IgnitionOn,1,180.466,53.4,54,-67
5c08fb7b-1350-4f7f-8134-3d17048cd49a-8,EDC_BS6_PERIODIC,2025-11-25 23:15:08,2025-11-25 23:18:38,19.1404032,73.4327296,26336,1662,FixOK,A,OaG5CU0303,G133fg5425,"Karjat - Murbad Rd, Mohghar, Maharashtra 421401, India",15312.625,44.2,IgnitionOn,1,181.738,52.79,54,-67
e727a286-286a-44da-a3bb-324b4e0aac21-10,EDC_BS6_PERIODIC,2025-11-25 23:15:14,2025-11-25 23:16:16,19.1407872,73.433248,26337,1662,FixOK,A,OaG5CU0303,G133fg5425,"Karjat - Murbad Rd, Patgaon, Maharashtra 421401, India",15312.75,42.45,IgnitionOn,1,182.819,52.43,52,-67
e727a286-286a-44da-a3bb-324b4e0aac21-9,EDC_BS6_PERIODIC,2025-11-25 23:15:20,2025-11-25 23:16:16,19.141152,73.43376,26338,1662,FixOK,A,OaG5CU0303,G133fg5425,"Karjat - Murbad Rd, Patgaon, Maharashtra 421401, India",15312.75,41.07,IgnitionOn,1,183.245,52.38,53,-67
e727a286-286a-44da-a3bb-324b4e0aac21-8,EDC_BS6_PERIODIC,2025-11-25 23:15:26,2025-11-25 23:16:16,19.141504,73.43424,26339,1662,FixOK,A,OaG5CU0303,G133fg5425,"Karjat - Murbad Rd, Patgaon, Maharashtra 421401, India",15312.875,39.45,IgnitionOn,1,184.632,52.61,54,-67
e727a286-286a-44da-a3bb-324b4e0aac21-7,GPS_MESSAGE,2025-11-25 23:15:30,2025-11-25 23:16:16,19.141736,73.43456,,1662,3DFix,,OaG5CU0303,G133fg5425,"Karjat - Murbad Rd, Patgaon, Maharashtra 421401, India",0,,IgnitionOn,1,185,5,54,
e727a286-286a-44da-a3bb-324b4e0aac21-6,EDC_BS6_PERIODIC,2025-11-25 23:15:32,2025-11-25 23:16:16,19.141856,73.43472,26340,1662,FixOK,A,OaG5CU0303,G133fg5425,"Karjat - Murbad Rd, Patgaon, Maharashtra 421401, India",15312.875,36.2,IgnitionOn,1,185.47,52.86,53,-67
e727a286-286a-44da-a3bb-324b4e0aac21-5,EDC_BS6_PERIODIC,2025-11-25 23:15:38,2025-11-25 23:16:16,19.1422048,73.4352064,26341,1662,FixOK,A,OaG5CU0303,G133fg5425,"Karjat - Murbad Rd, Patgaon, Maharashtra 421401, India",15313,38.71,IgnitionOn,1,186.24,53.06,55,-67
e727a286-286a-44da-a3bb-324b4e0aac21-4,EDC_BS6_PERIODIC,2025-11-25 23:15:44,2025-11-25 23:16:16,19.1424992,73.4356096,26342,1662,FixOK,A,OaG5CU0303,G133fg5425,"Karjat - Murbad Rd, Patgaon, Maharashtra 421401, India",15313.125,38.79,IgnitionOn,1,187.328,52.45,54,-67
e727a286-286a-44da-a3bb-324b4e0aac21-3,EDC_BS6_PERIODIC,2025-11-25 23:15:50,2025-11-25 23:16:16,19.1428624,73.4361088,26343,1662,FixOK,A,OaG5CU0303,G133fg5425,"Karjat - Murbad Rd, Patgaon, Maharashtra 421401, India",15313.125,39.77,IgnitionOn,1,187.72,52.27,54,-67
e727a286-286a-44da-a3bb-324b4e0aac21-2,EDC_BS6_PERIODIC,2025-11-25 23:15:56,2025-11-25 23:16:16,19.1432352,73.4366336,26344,1662,FixOK,A,OaG5CU0303,G133fg5425,"Karjat - Murbad Rd, Patgaon, Maharashtra 421401, India",15313.25,40.8,IgnitionOn,1,187.617,52.13,53,-67
e727a286-286a-44da-a3bb-324b4e0aac21-1,CLUTCH_RIDING_START,2025-11-25 23:15:57,2025-11-25 23:16:16,19.1433024,73.4367232,37690,1662,FixOK,,OaG5CU0303,G133fg5425,"Karjat - Murbad Rd, Patgaon, Maharashtra 421401, India",0,46.39,IgnitionOn,1,,,,
5c08fb7b-1350-4f7f-8134-3d17048cd49a-7,EDC_BS6_PERIODIC,2025-11-25 23:16:02,2025-11-25 23:18:38,19.1436416,73.4371904,26345,1662,FixOK,A,OaG5CU0303,G133fg5425,"Karjat - Murbad Rd, Mohghar, Maharashtra 421401, India",15313.25,43.94,IgnitionOn,1,186.606,53.43,51,-67
5c08fb7b-1350-4f7f-8134-3d17048cd49a-6,EDC_BS6_PERIODIC,2025-11-25 23:16:08,2025-11-25 23:18:38,19.1440832,73.437792,26346,1662,FixOK,A,OaG5CU0303,G133fg5425,"Karjat - Murbad Rd, Mohghar, Maharashtra 421401, India",15313.375,48.66,IgnitionOn,1,185.615,53.09,52,-67
5c08fb7b-1350-4f7f-8134-3d17048cd49a-5,CLUTCH_RIDING_END,2025-11-25 23:16:10,2025-11-25 23:18:38,19.1442336,73.438016,37691,1662,FixOK,,OaG5CU0303,G133fg5425,"Karjat - Murbad Rd, Mohghar, Maharashtra 421401, India",0,56.41,IgnitionOn,1,,,,
5c08fb7b-1350-4f7f-8134-3d17048cd49a-4,EDC_BS6_PERIODIC,2025-11-25 23:16:14,2025-11-25 23:18:38,19.1444624,73.438528,26347,1662,FixOK,A,OaG5CU0303,G133fg5425,"Karjat - Murbad Rd, Mohghar, Maharashtra 421401, India",15313.5,52.2,IgnitionOn,1,184.022,64.33,52,-67
5c08fb7b-1350-4f7f-8134-3d17048cd49a-3,EDC_BS6_PERIODIC,2025-11-25 23:16:20,2025-11-25 23:18:38,19.1446064,73.4394368,26348,1662,FixOK,A,OaG5CU0303,G133fg5425,"Karjat - Murbad Rd, Mohghar, Maharashtra 421401, India",15313.5,58.15,IgnitionOn,1,181.697,81.4,53,-67
5c08fb7b-1350-4f7f-8134-3d17048cd49a-2,EDC_BS6_PERIODIC,2025-11-25 23:16:26,2025-11-25 23:18:38,19.1447136,73.440416,26349,1662,FixOK,A,OaG5CU0303,G133fg5425,"Karjat - Murbad Rd, Mohghar, Maharashtra 421401, India",15313.625,62.06,IgnitionOn,1,179.479,83.98,50,-67
a4bfed8b-4032-475c-be37-3df9c7fa57f0-10,BRAKE_PRESSED,2025-11-25 23:16:30,2025-11-25 23:17:07,19.1447872,73.4410816,37692,1662,FixOK,,OaG5CU0303,G133fg5425,"MH SH 79, Patgaon, Maharashtra 421401, India",0,63.02,IgnitionOn,1,,,,
a4bfed8b-4032-475c-be37-3df9c7fa57f0-9,EDC_BS6_PERIODIC,2025-11-25 23:16:32,2025-11-25 23:17:07,19.144824,73.4414144,26350,1662,FixOK,A,OaG5CU0303,G133fg5425,"MH SH 79, Patgaon, Maharashtra 421401, India",15313.75,63.45,IgnitionOn,1,179.421,82.51,53,-87
a4bfed8b-4032-475c-be37-3df9c7fa57f0-8,EDC_BS6_PERIODIC,2025-11-25 23:16:38,2025-11-25 23:17:07,19.1449408,73.4423744,26351,1662,FixOK,A,OaG5CU0303,G133fg5425,"MH SH 79, Patgaon, Maharashtra 421401, India",15313.875,61.89,IgnitionOn,1,176.201,81.58,49,-87
a4bfed8b-4032-475c-be37-3df9c7fa57f0-7,BRAKE_PRESSED,2025-11-25 23:16:42,2025-11-25 23:17:07,19.145008,73.4429376,37693,1662,FixOK,,OaG5CU0303,G133fg5425,"MH SH 79, Patgaon, Maharashtra 421401, India",0,53.49,IgnitionOn,1,,,,
a4bfed8b-4032-475c-be37-3df9c7fa57f0-6,EDC_BS6_PERIODIC,2025-11-25 23:16:44,2025-11-25 23:17:07,19.1450592,73.4432128,26352,1662,FixOK,A,OaG5CU0303,G133fg5425,"MH SH 79, Patgaon, Maharashtra 421401, India",15314,53.3,IgnitionOn,1,173.371,81.37,51,-87
a4bfed8b-4032-475c-be37-3df9c7fa57f0-5,BRAKE_PRESSED,2025-11-25 23:16:47,2025-11-25 23:17:07,19.1452016,73.4435968,37694,1662,FixOK,,OaG5CU0303,G133fg5425,"MH SH 79, Patgaon, Maharashtra 421401, India",0,52.63,IgnitionOn,1,,,,
a4bfed8b-4032-475c-be37-3df9c7fa57f0-4,EDC_BS6_PERIODIC,2025-11-25 23:16:50,2025-11-25 23:17:07,19.14544,73.443936,26353,1662,FixOK,A,OaG5CU0303,G133fg5425,"MH SH 79, Patgaon, Maharashtra 421401, India",15314.125,53.3,IgnitionOn,1,170.576,59.97,53,-87
a4bfed8b-4032-475c-be37-3df9c7fa57f0-3,BRAKE_PRESSED,2025-11-25 23:16:56,2025-11-25 23:17:07,19.1460992,73.4444032,37695,1662,FixOK,,OaG5CU0303,G133fg5425,"MH SH 79, Patgaon, Maharashtra 421401, India",0,55.08,IgnitionOn,1,,,,
a4bfed8b-4032-475c-be37-3df9c7fa57f0-2,EDC_BS6_PERIODIC,2025-11-25 23:16:56,2025-11-25 23:17:07,19.1460992,73.4444032,26354,1662,FixOK,A,OaG5CU0303,G133fg5425,"MH SH 79, Patgaon, Maharashtra 421401, India",15314.125,52.31,IgnitionOn,1,168.147,36.16,52,-87
a4bfed8b-4032-475c-be37-3df9c7fa57f0-1,BRAKE_PRESSED,2025-11-25 23:17:01,2025-11-25 23:17:07,19.1467104,73.444736,37696,1662,FixOK,,OaG5CU0303,G133fg5425,"MH SH 79, Patgaon, Maharashtra 421401, India",0,53.95,IgnitionOn,1,,,,
5c08fb7b-1350-4f7f-8134-3d17048cd49a-1,EDC_BS6_PERIODIC,2025-11-25 23:17:02,2025-11-25 23:18:38,19.1468288,73.4448064,26355,1662,FixOK,A,OaG5CU0303,G133fg5425,"Karjat - Murbad Rd, Mohghar, Maharashtra 421401, India",15314.25,55.29,IgnitionOn,1,165.942,28.65,51,-87
5dbcbe1f-9b09-4e58-89cd-635e03526cf8-12,BRAKE_PRESSED,2025-11-25 23:17:07,2025-11-25 23:26:52,19.1474096,73.4451584,37697,1662,FixOK,,OaG5CU0303,G133fg5425,"MH SH 79, Sasane, Maharashtra 421401, India",0,52.57,IgnitionOn,1,,,,
5dbcbe1f-9b09-4e58-89cd-635e03526cf8-11,EDC_BS6_PERIODIC,2025-11-25 23:17:08,2025-11-25 23:26:52,19.14752,73.4452352,26356,1662,FixOK,A,OaG5CU0303,G133fg5425,"MH SH 79, Sasane, Maharashtra 421401, India",15314.375,53.3,IgnitionOn,1,163.882,31.77,50,-87
67fb6396-4207-4003-b542-c0ae10a4d764-10,EDC_BS6_PERIODIC,2025-11-25 23:17:14,2025-11-25 23:18:08,19.1481504,73.4456896,26357,1662,FixOK,A,OaG5CU0303,G133fg5425,"Karjat - Murbad Rd, Mohghar, Maharashtra 421401, India",15314.375,54.84,IgnitionOn,1,160.33,35.36,49,-87
67fb6396-4207-4003-b542-c0ae10a4d764-9,EDC_BS6_PERIODIC,2025-11-25 23:17:20,2025-11-25 23:18:08,19.1486336,73.445792,26358,1662,FixOK,A,OaG5CU0303,G133fg5425,"Karjat - Murbad Rd, Mohghar, Maharashtra 421401, India",15314.5,33.66,IgnitionOn,1,159.057,13.38,49,-87
67fb6396-4207-4003-b542-c0ae10a4d764-8,BRAKE_PRESSED,2025-11-25 23:17:21,2025-11-25 23:18:08,19.1487104,73.4457536,37698,1662,FixOK,,OaG5CU0303,G133fg5425,"Karjat - Murbad Rd, Mohghar, Maharashtra 421401, India",0,39.62,IgnitionOn,1,,,,
67fb6396-4207-4003-b542-c0ae10a4d764-7,EDC_BS6_PERIODIC,2025-11-25 23:17:26,2025-11-25 23:18:08,19.14908,73.4454464,26359,1662,FixOK,A,OaG5CU0303,G133fg5425,"Karjat - Murbad Rd, Mohghar, Maharashtra 421401, India",15314.625,34.89,IgnitionOn,1,156.52,323.14,49,-87
67fb6396-4207-4003-b542-c0ae10a4d764-6,EDC_BS6_PERIODIC,2025-11-25 23:17:32,2025-11-25 23:18:08,19.1495232,73.4451136,26360,1662,FixOK,A,OaG5CU0303,G133fg5425,"Karjat - Murbad Rd, Mohghar, Maharashtra 421401, India",15314.625,43.38,IgnitionOn,1,153.671,322.75,47,-87
67fb6396-4207-4003-b542-c0ae10a4d764-5,EDC_BS6_PERIODIC,2025-11-25 23:17:38,2025-11-25 23:18:08,19.1500928,73.44464,26361,1662,FixOK,A,OaG5CU0303,G133fg5425,"Karjat - Murbad Rd, Mohghar, Maharashtra 421401, India",15314.75,48.21,IgnitionOn,1,151.914,320.98,44,-87
67fb6396-4207-4003-b542-c0ae10a4d764-4,EDC_BS6_PERIODIC,2025-11-25 23:17:44,2025-11-25 23:18:08,19.150672,73.4442112,26362,1662,FixOK,A,OaG5CU0303,G133fg5425,"Karjat - Murbad Rd, Mohghar, Maharashtra 421401, India",15314.75,48.86,IgnitionOn,1,150.942,326.38,43,-87
67fb6396-4207-4003-b542-c0ae10a4d764-3,EDC_BS6_PERIODIC,2025-11-25 23:17:50,2025-11-25 23:18:08,19.1512256,73.4439168,26363,1662,FixOK,A,OaG5CU0303,G133fg5425,"Karjat - Murbad Rd, Mohghar, Maharashtra 421401, India",15314.875,39.82,IgnitionOn,1,148.292,335.82,46,-87
67fb6396-4207-4003-b542-c0ae10a4d764-2,EDC_BS6_PERIODIC,2025-11-25 23:17:56,2025-11-25 23:18:08,19.1514912,73.4434624,26364,1662,FixOK,A,OaG5CU0303,G133fg5425,"Karjat - Murbad Rd, Mohghar, Maharashtra 421401, India",15315,35.06,IgnitionOn,1,141.235,309.36,44,-87
67fb6396-4207-4003-b542-c0ae10a4d764-1,EDC_BS6_PERIODIC,2025-11-25 23:18:02,2025-11-25 23:18:08,19.1518144,73.4429568,26365,1662,FixOK,A,OaG5CU0303,G133fg5425,"Karjat - Murbad Rd, Mohghar, Maharashtra 421401, India",15315,39.98,IgnitionOn,1,135.94,326.83,45,-87
5dbcbe1f-9b09-4e58-89cd-635e03526cf8-10,EDC_BS6_PERIODIC,2025-11-25 23:18:08,2025-11-25 23:26:52,19.1523856,73.4428736,26366,1662,FixOK,A,OaG5CU0303,G133fg5425,"MH SH 79, Sasane, Maharashtra 421401, India",15315.125,40.45,IgnitionOn,1,130.686,7.28,46,-87
5dbcbe1f-9b09-4e58-89cd-635e03526cf8-9,BRAKE_PRESSED,2025-11-25 23:18:09,2025-11-25 23:26:52,19.1524864,73.4429056,37699,1662,FixOK,,OaG5CU0303,G133fg5425,"MH SH 79, Sasane, Maharashtra 421401, India",0,49.72,IgnitionOn,1,,,,
5dbcbe1f-9b09-4e58-89cd-635e03526cf8-8,EDC_BS6_PERIODIC,2025-11-25 23:18:14,2025-11-25 23:26:52,19.1530272,73.4431424,26367,1662,FixOK,A,OaG5CU0303,G133fg5425,"MH SH 79, Sasane, Maharashtra 421401, India",15315.125,47.44,IgnitionOn,1,124.541,23.37,48,-87
12e29160-4066-4d63-949b-8719cd8f95ce-10,EDC_BS6_PERIODIC,2025-11-25 23:18:20,2025-11-25 23:19:09,19.1536512,73.4433664,26368,1662,FixOK,A,OaG5CU0303,G133fg5425,"Karjat - Murbad Rd, Mohghar, Maharashtra 421401, India",15315.25,42.34,IgnitionOn,1,121.011,21.18,48,-87
12e29160-4066-4d63-949b-8719cd8f95ce-9,BRAKE_PRESSED,2025-11-25 23:18:22,2025-11-25 23:19:09,19.153856,73.4433536,37700,1662,FixOK,,OaG5CU0303,G133fg5425,"Karjat - Murbad Rd, Mohghar, Maharashtra 421401, India",0,45.28,IgnitionOn,1,,,,
12e29160-4066-4d63-949b-8719cd8f95ce-8,EDC_BS6_PERIODIC,2025-11-25 23:18:26,2025-11-25 23:19:09,19.1541568,73.4432256,26369,1662,FixOK,A,OaG5CU0303,G133fg5425,"Karjat - Murbad Rd, Mohghar, Maharashtra 421401, India",15315.25,43.59,IgnitionOn,1,117.591,347.69,50,-87
12e29160-4066-4d63-949b-8719cd8f95ce-7,EDC_BS6_PERIODIC,2025-11-25 23:18:32,2025-11-25 23:19:09,19.1550912,73.4424,26370,1662,FixOK,A,OaG5CU0303,G133fg5425,"Karjat - Murbad Rd, Mohghar, Maharashtra 421401, India",15315.375,44.61,IgnitionOn,1,110.62,315.67,51,-87
12e29160-4066-4d63-949b-8719cd8f95ce-6,BRAKE_PRESSED,2025-11-25 23:18:34,2025-11-25 23:19:09,19.155288,73.442272,37701,1662,FixOK,,OaG5CU0303,G133fg5425,"Karjat - Murbad Rd, Mohghar, Maharashtra 421401, India",0,48.45,IgnitionOn,1,,,,
12e29160-4066-4d63-949b-8719cd8f95ce-5,EDC_BS6_PERIODIC,2025-11-25 23:18:38,2025-11-25 23:19:09,19.1556992,73.4420096,26371,1662,FixOK,A,OaG5CU0303,G133fg5425,"Karjat - Murbad Rd, Mohghar, Maharashtra 421401, India",15315.5,44.47,IgnitionOn,1,108.146,329.25,47,-87
12e29160-4066-4d63-949b-8719cd8f95ce-4,EDC_BS6_PERIODIC,2025-11-25 23:18:44,2025-11-25 23:19:09,19.1563392,73.4416064,26372,1662,FixOK,A,OaG5CU0303,G133fg5425,"Karjat - Murbad Rd, Mohghar, Maharashtra 421401, India",15315.5,49.55,IgnitionOn,1,106.417,329.6,46,-87
12e29160-4066-4d63-949b-8719cd8f95ce-3,EDC_BS6_PERIODIC,2025-11-25 23:18:50,2025-11-25 23:19:09,19.1569152,73.44128,26373,1662,FixOK,A,OaG5CU0303,G133fg5425,"Karjat - Murbad Rd, Mohghar, Maharashtra 421401, India",15315.625,44.79,IgnitionOn,1,105.089,332.98,45,-87
12e29160-4066-4d63-949b-8719cd8f95ce-2,EDC_BS6_PERIODIC,2025-11-25 23:18:56,2025-11-25 23:19:09,19.15748,73.441312,26374,1662,FixOK,A,OaG5CU0303,G133fg5425,"Karjat - Murbad Rd, Mohghar, Maharashtra 421401, India",15315.75,42.22,IgnitionOn,1,101.486,2.26,49,-87
12e29160-4066-4d63-949b-8719cd8f95ce-1,EDC_BS6_PERIODIC,2025-11-25 23:19:02,2025-11-25 23:19:09,19.1580672,73.441632,26375,1662,FixOK,A,OaG5CU0303,G133fg5425,"Karjat - Murbad Rd, Mohghar, Maharashtra 421401, India",15315.75,38.22,IgnitionOn,1,98.988,25.87,49,-87
b58f5812-67bd-4dca-8932-a97ce0629483-10,EDC_BS6_PERIODIC,2025-11-25 23:19:08,2025-11-25 23:20:11,19.1587776,73.4420416,26376,1662,FixOK,A,OaG5CU0303,G133fg5425,"Karjat - Murbad Rd, Mangaon, Maharashtra 421401, India",15315.875,48.73,IgnitionOn,1,95.283,28.2,47,-87
b58f5812-67bd-4dca-8932-a97ce0629483-9,EDC_BS6_PERIODIC,2025-11-25 23:19:14,2025-11-25 23:20:11,19.1595744,73.442464,26377,1662,FixOK,A,OaG5CU0303,G133fg5425,"Karjat - Murbad Rd, Mangaon, Maharashtra 421401, India",15316,57.54,IgnitionOn,1,92.861,25.54,47,-87
b58f5812-67bd-4dca-8932-a97ce0629483-8,EDC_BS6_PERIODIC,2025-11-25 23:19:20,2025-11-25 23:20:11,19.1602272,73.442816,26378,1662,FixOK,A,OaG5CU0303,G133fg5425,"Karjat - Murbad Rd, Mangaon, Maharashtra 421401, India",15316,59.98,IgnitionOn,1,92.954,27.29,48,-87
b58f5812-67bd-4dca-8932-a97ce0629483-7,EDC_BS6_PERIODIC,2025-11-25 23:19:26,2025-11-25 23:20:11,19.1609696,73.443232,26379,1662,FixOK,A,OaG5CU0303,G133fg5425,"Karjat - Murbad Rd, Mangaon, Maharashtra 421401, India",15316.125,57.38,IgnitionOn,1,94.684,27.8,50,-87
b58f5812-67bd-4dca-8932-a97ce0629483-6,EDC_BS6_PERIODIC,2025-11-25 23:19:32,2025-11-25 23:20:11,19.16164,73.4435968,26380,1662,FixOK,A,OaG5CU0303,G133fg5425,"Karjat - Murbad Rd, Mangaon, Maharashtra 421401, India",15316.25,52.9,IgnitionOn,1,95.831,27.37,49,-87
b58f5812-67bd-4dca-8932-a97ce0629483-5,EDC_BS6_PERIODIC,2025-11-25 23:19:38,2025-11-25 23:20:11,19.1622528,73.443936,26381,1662,FixOK,A,OaG5CU0303,G133fg5425,"Karjat - Murbad Rd, Mangaon, Maharashtra 421401, India",15316.375,48.07,IgnitionOn,1,96.863,29.19,49,-87
b58f5812-67bd-4dca-8932-a97ce0629483-4,EDC_BS6_PERIODIC,2025-11-25 23:19:44,2025-11-25 23:20:11,19.162808,73.4442496,26382,1662,FixOK,A,OaG5CU0303,G133fg5425,"Karjat - Murbad Rd, Mangaon, Maharashtra 421401, India",15316.375,43.93,IgnitionOn,1,98.112,28.18,51,-87
b58f5812-67bd-4dca-8932-a97ce0629483-3,EDC_BS6_PERIODIC,2025-11-25 23:19:50,2025-11-25 23:20:11,19.1633424,73.4445312,26383,1662,FixOK,A,OaG5CU0303,G133fg5425,"Karjat - Murbad Rd, Mangaon, Maharashtra 421401, India",15316.5,39.91,IgnitionOn,1,98.432,26.44,49,-87
b58f5812-67bd-4dca-8932-a97ce0629483-2,EDC_BS6_PERIODIC,2025-11-25 23:19:56,2025-11-25 23:20:11,19.1638688,73.4448256,26384,1662,FixOK,A,OaG5CU0303,G133fg5425,"Karjat - Murbad Rd, Mangaon, Maharashtra 421401, India",15316.5,40.66,IgnitionOn,1,98.942,27.62,50,-87
b58f5812-67bd-4dca-8932-a97ce0629483-1,EDC_BS6_PERIODIC,2025-11-25 23:20:02,2025-11-25 23:20:11,19.1643984,73.4451264,26385,1662,FixOK,A,OaG5CU0303,G133fg5425,"Karjat - Murbad Rd, Mangaon, Maharashtra 421401, India",15316.625,39.68,IgnitionOn,1,98.624,28.69,52,-87
5dbcbe1f-9b09-4e58-89cd-635e03526cf8-7,EDC_BS6_PERIODIC,2025-11-25 23:20:08,2025-11-25 23:26:52,19.16496,73.4454336,26386,1662,FixOK,A,OaG5CU0303,G133fg5425,"MH SH 79, Sasane, Maharashtra 421401, India",15316.625,40.52,IgnitionOn,1,97.669,29.69,51,-87
c1f84e49-5a2f-43d9-882a-23d8f7962c9e-10,EDC_BS6_PERIODIC,2025-11-25 23:20:14,2025-11-25 23:21:12,19.1655488,73.4457728,26387,1662,FixOK,A,OaG5CU0303,G133fg5425,"Karjat - Murbad Rd, Patgaon, Maharashtra 421401, India",15316.75,44.77,IgnitionOn,1,96.232,29.57,51,-87
c1f84e49-5a2f-43d9-882a-23d8f7962c9e-9,BRAKE_PRESSED,2025-11-25 23:20:18,2025-11-25 23:21:12,19.16596,73.446016,37702,1662,FixOK,,OaG5CU0303,G133fg5425,"Karjat - Murbad Rd, Patgaon, Maharashtra 421401, India",0,44.25,IgnitionOn,1,,,,
c1f84e49-5a2f-43d9-882a-23d8f7962c9e-8,EDC_BS6_PERIODIC,2025-11-25 23:20:20,2025-11-25 23:21:12,19.1661664,73.4461376,26388,1662,FixOK,A,OaG5CU0303,G133fg5425,"Karjat - Murbad Rd, Patgaon, Maharashtra 421401, India",15316.875,46.62,IgnitionOn,1,94.111,28.09,50,-87
c1f84e49-5a2f-43d9-882a-23d8f7962c9e-7,EDC_BS6_PERIODIC,2025-11-25 23:20:26,2025-11-25 23:21:12,19.1667232,73.4464384,26389,1662,FixOK,A,OaG5CU0303,G133fg5425,"Karjat - Murbad Rd, Patgaon, Maharashtra 421401, India",15316.875,43.76,IgnitionOn,1,92.221,27.04,52,-87
c1f84e49-5a2f-43d9-882a-23d8f7962c9e-6,EDC_BS6_PERIODIC,2025-11-25 23:20:32,2025-11-25 23:21:12,19.1671872,73.4466816,26390,1662,FixOK,A,OaG5CU0303,G133fg5425,"Karjat - Murbad Rd, Patgaon, Maharashtra 421401, India",15317,36.8,IgnitionOn,1,90.657,27.63,51,-87
c1f84e49-5a2f-43d9-882a-23d8f7962c9e-5,EDC_BS6_PERIODIC,2025-11-25 23:20:38,2025-11-25 23:21:12,19.1676608,73.446656,26391,1662,FixOK,A,OaG5CU0303,G133fg5425,"Karjat - Murbad Rd, Patgaon, Maharashtra 421401, India",15317,32.2,IgnitionOn,1,89.459,337.76,51,-87
c1f84e49-5a2f-43d9-882a-23d8f7962c9e-4,EDC_BS6_PERIODIC,2025-11-25 23:20:44,2025-11-25 23:21:12,19.1680736,73.446336,26392,1662,FixOK,A,OaG5CU0303,G133fg5425,"Karjat - Murbad Rd, Patgaon, Maharashtra 421401, India",15317.125,32.24,IgnitionOn,1,89.008,317.07,51,-87
c1f84e49-5a2f-43d9-882a-23d8f7962c9e-3,EDC_BS6_PERIODIC,2025-11-25 23:20:50,2025-11-25 23:21:12,19.1685152,73.4459392,26393,1662,FixOK,A,OaG5CU0303,G133fg5425,"Karjat - Murbad Rd, Patgaon, Maharashtra 421401, India",15317.125,35.88,IgnitionOn,1,88.262,319.54,51,-87
c1f84e49-5a2f-43d9-882a-23d8f7962c9e-2,EDC_BS6_PERIODIC,2025-11-25 23:20:56,2025-11-25 23:21:12,19.168976,73.4454656,26394,1662,FixOK,A,OaG5CU0303,G133fg5425,"Karjat - Murbad Rd, Patgaon, Maharashtra 421401, India",15317.25,41.84,IgnitionOn,1,87.874,313.73,53,-87
c1f84e49-5a2f-43d9-882a-23d8f7962c9e-1,EDC_BS6_PERIODIC,2025-11-25 23:21:02,2025-11-25 23:21:12,19.169352,73.4450688,26395,1662,FixOK,A,OaG5CU0303,G133fg5425,"Karjat - Murbad Rd, Patgaon, Maharashtra 421401, India",15317.25,42.72,IgnitionOn,1,89.672,315.51,50,-87
5b4ce00e-254a-4cc7-8ae5-9390d8c36d61-10,EDC_BS6_PERIODIC,2025-11-25 23:21:08,2025-11-25 23:22:13,19.1697792,73.4446592,26396,1662,FixOK,A,OaG5CU0303,G133fg5425,"Karjat - Murbad Rd, Mangaon, Maharashtra 421401, India",15317.375,39.45,IgnitionOn,1,91.958,315.92,50,-87
5b4ce00e-254a-4cc7-8ae5-9390d8c36d61-9,EDC_BS6_PERIODIC,2025-11-25 23:21:14,2025-11-25 23:22:13,19.1701664,73.444256,26397,1662,FixOK,A,OaG5CU0303,G133fg5425,"Karjat - Murbad Rd, Mangaon, Maharashtra 421401, India",15317.5,37.08,IgnitionOn,1,91.886,315.73,52,-87
5b4ce00e-254a-4cc7-8ae5-9390d8c36d61-8,EDC_BS6_PERIODIC,2025-11-25 23:21:20,2025-11-25 23:22:13,19.1705536,73.4438464,26398,1662,FixOK,A,OaG5CU0303,G133fg5425,"Karjat - Murbad Rd, Mangaon, Maharashtra 421401, India",15317.5,36.28,IgnitionOn,1,92.207,315.48,54,-87
5b4ce00e-254a-4cc7-8ae5-9390d8c36d61-7,EDC_BS6_PERIODIC,2025-11-25 23:21:26,2025-11-25 23:22:13,19.170968,73.4434432,26399,1662,FixOK,A,OaG5CU0303,G133fg5425,"Karjat - Murbad Rd, Mangaon, Maharashtra 421401, India",15317.625,37.6,IgnitionOn,1,92.577,316.95,54,-87
5b4ce00e-254a-4cc7-8ae5-9390d8c36d61-6,EDC_BS6_PERIODIC,2025-11-25 23:21:32,2025-11-25 23:22:13,19.1714,73.443008,26400,1662,FixOK,A,OaG5CU0303,G133fg5425,"Karjat - Murbad Rd, Mangaon, Maharashtra 421401, India",15317.625,38.8,IgnitionOn,1,92.843,316.32,51,-87
5b4ce00e-254a-4cc7-8ae5-9390d8c36d61-5,EDC_BS6_PERIODIC,2025-11-25 23:21:38,2025-11-25 23:22:13,19.1718848,73.4425536,26401,1662,FixOK,A,OaG5CU0303,G133fg5425,"Karjat - Murbad Rd, Mangaon, Maharashtra 421401, India",15317.75,41.39,IgnitionOn,1,91.339,317.92,53,-87
5b4ce00e-254a-4cc7-8ae5-9390d8c36d61-4,EDC_BS6_PERIODIC,2025-11-25 23:21:44,2025-11-25 23:22:13,19.172456,73.4420096,26402,1662,FixOK,A,OaG5CU0303,G133fg5425,"Karjat - Murbad Rd, Mangaon, Maharashtra 421401, India",15317.75,49.42,IgnitionOn,1,87.781,318.73,53,-87
5b4ce00e-254a-4cc7-8ae5-9390d8c36d61-3,EDC_BS6_PERIODIC,2025-11-25 23:21:50,2025-11-25 23:22:13,19.173128,73.4413952,26403,1662,FixOK,A,OaG5CU0303,G133fg5425,"Karjat - Murbad Rd, Mangaon, Maharashtra 421401, India",15317.875,59.3,IgnitionOn,1,86.148,318.45,50,-87
5b4ce00e-254a-4cc7-8ae5-9390d8c36d61-2,EDC_BS6_PERIODIC,2025-11-25 23:21:56,2025-11-25 23:22:13,19.1738048,73.4407424,26404,1662,FixOK,A,OaG5CU0303,G133fg5425,"Karjat - Murbad Rd, Mangaon, Maharashtra 421401, India",15318,60.34,IgnitionOn,1,86.97,317.76,47,-87
5b4ce00e-254a-4cc7-8ae5-9390d8c36d61-1,EDC_BS6_PERIODIC,2025-11-25 23:22:02,2025-11-25 23:22:13,19.1744832,73.4401216,26405,1662,FixOK,A,OaG5CU0303,G133fg5425,"Karjat - Murbad Rd, Mangaon, Maharashtra 421401, India",15318.125,60.16,IgnitionOn,1,87.634,319.75,49,-87
5dbcbe1f-9b09-4e58-89cd-635e03526cf8-6,EDC_BS6_PERIODIC,2025-11-25 23:22:08,2025-11-25 23:26:52,19.1751616,73.439488,26406,1662,FixOK,A,OaG5CU0303,G133fg5425,"MH SH 79, Sasane, Maharashtra 421401, India",15318.25,60.73,IgnitionOn,1,86.841,318.04,52,-87
5dbcbe1f-9b09-4e58-89cd-635e03526cf8-5,EDC_BS6_PERIODIC,2025-11-25 23:22:14,2025-11-25 23:26:52,19.1758416,73.4388352,26407,1662,FixOK,A,OaG5CU0303,G133fg5425,"MH SH 79, Sasane, Maharashtra 421401, India",15318.375,61.22,IgnitionOn,1,85.521,317.75,53,-87
b4a7beb8-6e0d-4dff-a701-008c45b92bfa-10,BRAKE_PRESSED,2025-11-25 23:22:15,2025-11-25 23:23:14,19.1759536,73.43872,37703,1662,FixOK,,OaG5CU0303,G133fg5425,"Karjat - Murbad Rd, Mhasa, Maharashtra 421401, India",0,61.8,IgnitionOn,1,,,,
b4a7beb8-6e0d-4dff-a701-008c45b92bfa-9,EDC_BS6_PERIODIC,2025-11-25 23:22:20,2025-11-25 23:23:14,19.1765248,73.4381696,26408,1662,FixOK,A,OaG5CU0303,G133fg5425,"Karjat - Murbad Rd, Mhasa, Maharashtra 421401, India",15318.375,62.76,IgnitionOn,1,82.708,316.83,52,-87
b4a7beb8-6e0d-4dff-a701-008c45b92bfa-8,EDC_BS6_PERIODIC,2025-11-25 23:22:26,2025-11-25 23:23:14,19.177216,73.4375552,26409,1662,FixOK,A,OaG5CU0303,G133fg5425,"Karjat - Murbad Rd, Mhasa, Maharashtra 421401, India",15318.5,59.77,IgnitionOn,1,81.214,318.88,52,-87
b4a7beb8-6e0d-4dff-a701-008c45b92bfa-7,EDC_BS6_PERIODIC,2025-11-25 23:22:32,2025-11-25 23:23:14,19.17804,73.4372224,26410,1662,FixOK,A,OaG5CU0303,G133fg5425,"Karjat - Murbad Rd, Mhasa, Maharashtra 421401, India",15318.625,59.92,IgnitionOn,1,80.269,334.35,53,-65
b4a7beb8-6e0d-4dff-a701-008c45b92bfa-6,EDC_BS6_PERIODIC,2025-11-25 23:22:38,2025-11-25 23:23:14,19.178768,73.437088,26411,1662,FixOK,A,OaG5CU0303,G133fg5425,"Karjat - Murbad Rd, Mhasa, Maharashtra 421401, India",15318.75,59.24,IgnitionOn,1,79.441,348.98,53,-65
b4a7beb8-6e0d-4dff-a701-008c45b92bfa-5,BRAKE_PRESSED,2025-11-25 23:22:44,2025-11-25 23:23:14,19.1796448,73.4369152,37704,1662,FixOK,,OaG5CU0303,G133fg5425,"Karjat - Murbad Rd, Mhasa, Maharashtra 421401, India",0,59.12,IgnitionOn,1,,,,
b4a7beb8-6e0d-4dff-a701-008c45b92bfa-4,EDC_BS6_PERIODIC,2025-11-25 23:22:44,2025-11-25 23:23:14,19.1796448,73.4369152,26412,1662,FixOK,A,OaG5CU0303,G133fg5425,"Karjat - Murbad Rd, Mhasa, Maharashtra 421401, India",15318.875,59.53,IgnitionOn,1,78.237,349.51,52,-65
b4a7beb8-6e0d-4dff-a701-008c45b92bfa-3,EDC_BS6_PERIODIC,2025-11-25 23:22:50,2025-11-25 23:23:14,19.1805248,73.4367616,26413,1662,FixOK,A,OaG5CU0303,G133fg5425,"Karjat - Murbad Rd, Mhasa, Maharashtra 421401, India",15319,59.55,IgnitionOn,1,76.579,350.57,52,-65
b4a7beb8-6e0d-4dff-a701-008c45b92bfa-2,EDC_BS6_PERIODIC,2025-11-25 23:22:56,2025-11-25 23:23:14,19.1814064,73.4365952,26414,1662,FixOK,A,OaG5CU0303,G133fg5425,"Karjat - Murbad Rd, Mhasa, Maharashtra 421401, India",15319,59.69,IgnitionOn,1,75.116,349.75,52,-65
b4a7beb8-6e0d-4dff-a701-008c45b92bfa-1,EDC_BS6_PERIODIC,2025-11-25 23:23:02,2025-11-25 23:23:14,19.1822912,73.4364288,26415,1662,FixOK,A,OaG5CU0303,G133fg5425,"Karjat - Murbad Rd, Mhasa, Maharashtra 421401, India",15319.125,60.2,IgnitionOn,1,74.753,349.79,52,-65
5dbcbe1f-9b09-4e58-89cd-635e03526cf8-4,EDC_BS6_PERIODIC,2025-11-25 23:23:08,2025-11-25 23:26:52,19.1831504,73.4362944,26416,1662,FixOK,A,OaG5CU0303,G133fg5425,"MH SH 79, Sasane, Maharashtra 421401, India",15319.25,58.27,IgnitionOn,1,74.384,350.61,52,-65
5dbcbe1f-9b09-4e58-89cd-635e03526cf8-3,EDC_BS6_PERIODIC,2025-11-25 23:23:14,2025-11-25 23:26:52,19.1831504,73.4362944,26417,1662,FixOK,A,OaG5CU0303,G133fg5425,"MH SH 79, Sasane, Maharashtra 421401, India",15319.375,55.59,IgnitionOn,1,74.384,350.61,52,-65
78a243d1-14ce-49d4-888d-0eb2ad9024f4-10,EDC_BS6_PERIODIC,2025-11-25 23:23:20,2025-11-25 23:24:15,19.185176,73.4358336,26418,1662,FixOK,A,OaG5CU0303,G133fg5425,"S. No. 59, Karjat - Murbad Rd, Mhasa, Maharashtra 421401, India",15319.5,50.53,IgnitionOn,1,78.866,347.8,53,-65
78a243d1-14ce-49d4-888d-0eb2ad9024f4-9,EDC_BS6_PERIODIC,2025-11-25 23:23:26,2025-11-25 23:24:15,19.1858688,73.4356992,26419,1662,FixOK,A,OaG5CU0303,G133fg5425,"S. No. 59, Karjat - Murbad Rd, Mhasa, Maharashtra 421401, India",15319.5,48.73,IgnitionOn,1,80.202,349.07,55,-65
78a243d1-14ce-49d4-888d-0eb2ad9024f4-8,EDC_BS6_PERIODIC,2025-11-25 23:23:32,2025-11-25 23:24:15,19.186568,73.435552,26420,1662,FixOK,A,OaG5CU0303,G133fg5425,"S. No. 59, Karjat - Murbad Rd, Mhasa, Maharashtra 421401, India",15319.625,47.19,IgnitionOn,1,80.402,349.47,54,-65
78a243d1-14ce-49d4-888d-0eb2ad9024f4-7,EDC_BS6_PERIODIC,2025-11-25 23:23:38,2025-11-25 23:24:15,19.187288,73.4354176,26421,1662,FixOK,A,OaG5CU0303,G133fg5425,"S. No. 59, Karjat - Murbad Rd, Mhasa, Maharashtra 421401, India",15319.75,47.94,IgnitionOn,1,80.085,349.07,55,-65
78a243d1-14ce-49d4-888d-0eb2ad9024f4-6,EDC_BS6_PERIODIC,2025-11-25 23:23:44,2025-11-25 23:24:15,19.1880192,73.435264,26422,1662,FixOK,A,OaG5CU0303,G133fg5425,"S. No. 59, Karjat - Murbad Rd, Mhasa, Maharashtra 421401, India",15319.75,49.3,IgnitionOn,1,80.272,348.92,53,-65
78a243d1-14ce-49d4-888d-0eb2ad9024f4-5,CLUTCH_RIDING_START,2025-11-25 23:23:45,2025-11-25 23:24:15,19.1881424,73.4352384,37705,1662,FixOK,,OaG5CU0303,G133fg5425,"S. No. 59, Karjat - Murbad Rd, Mhasa, Maharashtra 421401, India",0,50.27,IgnitionOn,1,,,,
78a243d1-14ce-49d4-888d-0eb2ad9024f4-4,EDC_BS6_PERIODIC,2025-11-25 23:23:50,2025-11-25 23:24:15,19.1887552,73.4351104,26423,1662,FixOK,A,OaG5CU0303,G133fg5425,"S. No. 59, Karjat - Murbad Rd, Mhasa, Maharashtra 421401, India",15319.875,49.95,IgnitionOn,1,80.721,349.76,51,-65
78a243d1-14ce-49d4-888d-0eb2ad9024f4-3,EDC_BS6_PERIODIC,2025-11-25 23:23:56,2025-11-25 23:24:15,19.189504,73.4349696,26424,1662,FixOK,A,OaG5CU0303,G133fg5425,"S. No. 59, Karjat - Murbad Rd, Mhasa, Maharashtra 421401, India",15320,50.45,IgnitionOn,1,81.599,349.69,53,-65
78a243d1-14ce-49d4-888d-0eb2ad9024f4-2,EDC_BS6_PERIODIC,2025-11-25 23:24:02,2025-11-25 23:24:15,19.190256,73.4348224,26425,1662,FixOK,A,OaG5CU0303,G133fg5425,"S. No. 59, Karjat - Murbad Rd, Mhasa, Maharashtra 421401, India",15320,50.89,IgnitionOn,1,81.914,348.95,52,-65
78a243d1-14ce-49d4-888d-0eb2ad9024f4-1,EDC_BS6_PERIODIC,2025-11-25 23:24:08,2025-11-25 23:24:15,19.1910208,73.4346624,26426,1662,FixOK,A,OaG5CU0303,G133fg5425,"S. No. 59, Karjat - Murbad Rd, Mhasa, Maharashtra 421401, India",15320.125,51.82,IgnitionOn,1,81.946,347.57,54,-65
63fa0e7f-3c2d-4cbf-b10a-b62cafb47aaa-10,EDC_BS6_PERIODIC,2025-11-25 23:24:14,2025-11-25 23:25:17,19.1916496,73.4345472,26427,1662,FixOK,A,OaG5CU0303,G133fg5425,"MH SH 79, Kanhol, Maharashtra 421401, India",15320.25,52.44,IgnitionOn,1,81.899,350.69,52,-65
63fa0e7f-3c2d-4cbf-b10a-b62cafb47aaa-9,EDC_BS6_PERIODIC,2025-11-25 23:24:20,2025-11-25 23:25:17,19.1924128,73.4344064,26428,1662,FixOK,A,OaG5CU0303,G133fg5425,"MH SH 79, Kanhol, Maharashtra 421401, India",15320.25,50.98,IgnitionOn,1,81.541,350.07,54,-65
63fa0e7f-3c2d-4cbf-b10a-b62cafb47aaa-8,EDC_BS6_PERIODIC,2025-11-25 23:24:26,2025-11-25 23:25:17,19.1931904,73.43424,26429,1662,FixOK,A,OaG5CU0303,G133fg5425,"MH SH 79, Kanhol, Maharashtra 421401, India",15320.375,52.7,IgnitionOn,1,81.386,348.83,53,-65
63fa0e7f-3c2d-4cbf-b10a-b62cafb47aaa-7,EDC_BS6_PERIODIC,2025-11-25 23:24:32,2025-11-25 23:25:17,19.1939968,73.4340864,26430,1662,FixOK,A,OaG5CU0303,G133fg5425,"MH SH 79, Kanhol, Maharashtra 421401, India",15320.5,54.41,IgnitionOn,1,81.849,349.73,54,-65
63fa0e7f-3c2d-4cbf-b10a-b62cafb47aaa-6,EDC_BS6_PERIODIC,2025-11-25 23:24:38,2025-11-25 23:25:17,19.194768,73.4339328,26431,1662,FixOK,A,OaG5CU0303,G133fg5425,"MH SH 79, Kanhol, Maharashtra 421401, India",15320.625,55.03,IgnitionOn,1,82.704,349.57,53,-65
63fa0e7f-3c2d-4cbf-b10a-b62cafb47aaa-5,EDC_BS6_PERIODIC,2025-11-25 23:24:44,2025-11-25 23:25:17,19.1954912,73.4337984,26432,1662,FixOK,A,OaG5CU0303,G133fg5425,"MH SH 79, Kanhol, Maharashtra 421401, India",15320.625,50.21,IgnitionOn,1,84.434,349.64,54,-65
63fa0e7f-3c2d-4cbf-b10a-b62cafb47aaa-4,EDC_BS6_PERIODIC,2025-11-25 23:24:50,2025-11-25 23:25:17,19.1962,73.4336512,26433,1662,FixOK,A,OaG5CU0303,G133fg5425,"MH SH 79, Kanhol, Maharashtra 421401, India",15320.75,48,IgnitionOn,1,84.671,348.61,52,-65
63fa0e7f-3c2d-4cbf-b10a-b62cafb47aaa-3,EDC_BS6_PERIODIC,2025-11-25 23:24:56,2025-11-25 23:25:17,19.1969088,73.433504,26434,1662,FixOK,A,OaG5CU0303,G133fg5425,"MH SH 79, Kanhol, Maharashtra 421401, India",15320.875,48.65,IgnitionOn,1,86.084,348.67,51,-65
63fa0e7f-3c2d-4cbf-b10a-b62cafb47aaa-2,EDC_BS6_PERIODIC,2025-11-25 23:25:02,2025-11-25 23:25:17,19.197608,73.4333696,26435,1662,FixOK,A,OaG5CU0303,G133fg5425,"MH SH 79, Kanhol, Maharashtra 421401, India",15320.875,48.01,IgnitionOn,1,86.096,348.97,52,-65
63fa0e7f-3c2d-4cbf-b10a-b62cafb47aaa-1,EDC_BS6_PERIODIC,2025-11-25 23:25:08,2025-11-25 23:25:17,19.198312,73.4332224,26436,1662,FixOK,A,OaG5CU0303,G133fg5425,"MH SH 79, Kanhol, Maharashtra 421401, India",15321,47.49,IgnitionOn,1,87.705,349.66,53,-65
5dbcbe1f-9b09-4e58-89cd-635e03526cf8-2,EDC_BS6_PERIODIC,2025-11-25 23:25:14,2025-11-25 23:26:52,19.1990208,73.433152,26437,1662,FixOK,A,OaG5CU0303,G133fg5425,"MH SH 79, Sasane, Maharashtra 421401, India",15321.125,47.55,IgnitionOn,1,87.948,358.27,55,-65
5dbcbe1f-9b09-4e58-89cd-635e03526cf8-1,EDC_BS6_PERIODIC,2025-11-25 23:25:20,2025-11-25 23:26:52,19.199736,73.4330816,26438,1662,FixOK,A,OaG5CU0303,G133fg5425,"MH SH 79, Sasane, Maharashtra 421401, India",15321.125,48.07,IgnitionOn,1,87.92,354.76,53,-65
5c8a5e70-7d7a-401a-9029-83fa42d61b3e-11,EDC_BS6_PERIODIC,2025-11-25 23:25:26,2025-11-25 23:33:09,19.200384,73.4328,26439,1662,FixOK,A,OaG5CU0303,G133fg5425,"Karjat - Murbad Rd, Maharashtra 421401, India",15321.25,48.61,IgnitionOn,1,90.535,336.57,54,-65
5c8a5e70-7d7a-401a-9029-83fa42d61b3e-10,GPS_MESSAGE,2025-11-25 23:25:30,2025-11-25 23:33:09,19.2007456,73.4325632,,1662,3DFix,,OaG5CU0303,G133fg5425,"Karjat - Murbad Rd, Maharashtra 421401, India",0,,IgnitionOn,1,92,32,54,
6f649a0f-fe38-46d9-9b35-2c30d58e1c7c-10,EDC_BS6_PERIODIC,2025-11-25 23:25:32,2025-11-25 23:26:17,19.2009088,73.4324544,26440,1662,FixOK,A,OaG5CU0303,G133fg5425,"MH SH 79, Sasane, Maharashtra 421401, India",15321.375,44.93,IgnitionOn,1,94.487,328.3,54,-65
6f649a0f-fe38-46d9-9b35-2c30d58e1c7c-9,CLUTCH_RIDING_END,2025-11-25 23:25:34,2025-11-25 23:26:17,19.201056,73.432352,37706,1662,FixOK,,OaG5CU0303,G133fg5425,"MH SH 79, Sasane, Maharashtra 421401, India",0,31.42,IgnitionOn,1,,,,
6f649a0f-fe38-46d9-9b35-2c30d58e1c7c-8,EDC_BS6_PERIODIC,2025-11-25 23:25:38,2025-11-25 23:26:17,19.2013152,73.4321856,26441,1662,FixOK,A,OaG5CU0303,G133fg5425,"MH SH 79, Sasane, Maharashtra 421401, India",15321.375,36.86,IgnitionOn,1,96.516,328.72,54,-65
6f649a0f-fe38-46d9-9b35-2c30d58e1c7c-7,DEVICE_METRICS,2025-11-25 23:25:39,2025-11-25 23:26:17,19.201376,73.4321408,,1662,FixOK,,OaG5CU0303,G133fg5425,"MH SH 79, Sasane, Maharashtra 421401, India",0,,IgnitionOn,1,,,,
ddd5061f-9ca1-4055-9a89-840aff65dad8,HEARTBEAT_MESSAGE,2025-11-25 23:25:43,2025-11-25 23:25:43,0,0,,,,,OaG5CU0303,G133fg5425,,,,,1,,,,
6f649a0f-fe38-46d9-9b35-2c30d58e1c7c-6,EDC_BS6_PERIODIC,2025-11-25 23:25:44,2025-11-25 23:26:17,19.2016656,73.4319616,26442,1662,FixOK,A,OaG5CU0303,G133fg5425,"MH SH 79, Sasane, Maharashtra 421401, India",15321.5,28.7,IgnitionOn,1,100.452,326.97,52,-65
6f649a0f-fe38-46d9-9b35-2c30d58e1c7c-5,EDC_BS6_PERIODIC,2025-11-25 23:25:50,2025-11-25 23:26:17,19.2019552,73.4317696,26443,1662,FixOK,A,OaG5CU0303,G133fg5425,"MH SH 79, Sasane, Maharashtra 421401, India",15321.5,27.66,IgnitionOn,1,101.529,329.75,52,-65
6f649a0f-fe38-46d9-9b35-2c30d58e1c7c-4,EDC_BS6_PERIODIC,2025-11-25 23:25:56,2025-11-25 23:26:17,19.20228,73.431552,26444,1662,FixOK,A,OaG5CU0303,G133fg5425,"MH SH 79, Sasane, Maharashtra 421401, India",15321.625,27.2,IgnitionOn,1,102.225,327.26,50,-65
6f649a0f-fe38-46d9-9b35-2c30d58e1c7c-3,EDC_BS6_PERIODIC,2025-11-25 23:26:02,2025-11-25 23:26:17,19.2025728,73.4313536,26445,1662,FixOK,A,OaG5CU0303,G133fg5425,"MH SH 79, Sasane, Maharashtra 421401, India",15321.625,24.98,IgnitionOn,1,102.008,327.77,48,-65
6f649a0f-fe38-46d9-9b35-2c30d58e1c7c-2,EDC_BS6_PERIODIC,2025-11-25 23:26:08,2025-11-25 23:26:17,19.202896,73.4311168,26446,1662,FixOK,A,OaG5CU0303,G133fg5425,"MH SH 79, Sasane, Maharashtra 421401, India",15321.625,23.9,IgnitionOn,1,101.684,325.82,51,-65
6f649a0f-fe38-46d9-9b35-2c30d58e1c7c-1,CLUTCH_RIDING_START,2025-11-25 23:26:09,2025-11-25 23:26:17,19.20296,73.431072,37707,1662,FixOK,,OaG5CU0303,G133fg5425,"MH SH 79, Sasane, Maharashtra 421401, India",0,33.02,IgnitionOn,1,,,,
5c8a5e70-7d7a-401a-9029-83fa42d61b3e-9,EDC_BS6_PERIODIC,2025-11-25 23:26:14,2025-11-25 23:33:09,19.203296,73.4308352,26447,1662,FixOK,A,OaG5CU0303,G133fg5425,"Karjat - Murbad Rd, Maharashtra 421401, India",15321.75,30.77,IgnitionOn,1,101.976,326.54,50,-65
0399d323-afa5-4f8a-9b30-2d88c5e49fe0-10,EDC_BS6_PERIODIC,2025-11-25 23:26:20,2025-11-25 23:27:18,19.203736,73.4305216,26448,1662,FixOK,A,OaG5CU0303,G133fg5425,"MH SH 79, Sasane, Maharashtra 421401, India",15321.75,34.74,IgnitionOn,1,102.926,325.04,51,-65
0399d323-afa5-4f8a-9b30-2d88c5e49fe0-9,EDC_BS6_PERIODIC,2025-11-25 23:26:26,2025-11-25 23:27:18,19.204208,73.4301824,26449,1662,FixOK,A,OaG5CU0303,G133fg5425,"MH SH 79, Sasane, Maharashtra 421401, India",15321.875,37.53,IgnitionOn,1,104.167,326.17,52,-65
0399d323-afa5-4f8a-9b30-2d88c5e49fe0-8,EDC_BS6_PERIODIC,2025-11-25 23:26:32,2025-11-25 23:27:18,19.2046912,73.4298368,26450,1662,FixOK,A,OaG5CU0303,G133fg5425,"MH SH 79, Sasane, Maharashtra 421401, India",15321.875,38.12,IgnitionOn,1,106.184,325.79,50,-65
0399d323-afa5-4f8a-9b30-2d88c5e49fe0-7,EDC_BS6_PERIODIC,2025-11-25 23:26:38,2025-11-25 23:27:18,19.2051808,73.4294912,26451,1662,FixOK,A,OaG5CU0303,G133fg5425,"MH SH 79, Sasane, Maharashtra 421401, India",15322,39.12,IgnitionOn,1,107.89,325.7,51,-65
0399d323-afa5-4f8a-9b30-2d88c5e49fe0-6,EDC_BS6_PERIODIC,2025-11-25 23:26:44,2025-11-25 23:27:18,19.20568,73.4291328,26452,1662,FixOK,A,OaG5CU0303,G133fg5425,"MH SH 79, Sasane, Maharashtra 421401, India",15322,40.78,IgnitionOn,1,109.121,326.63,51,-65
0399d323-afa5-4f8a-9b30-2d88c5e49fe0-5,CLUTCH_RIDING_END,2025-11-25 23:26:46,2025-11-25 23:27:18,19.205848,73.4290048,37708,1662,FixOK,,OaG5CU0303,G133fg5425,"MH SH 79, Sasane, Maharashtra 421401, India",0,41.74,IgnitionOn,1,,,,
0399d323-afa5-4f8a-9b30-2d88c5e49fe0-4,EDC_BS6_PERIODIC,2025-11-25 23:26:50,2025-11-25 23:27:18,19.206184,73.428768,26453,1662,FixOK,A,OaG5CU0303,G133fg5425,"MH SH 79, Sasane, Maharashtra 421401, India",15322.125,40.64,IgnitionOn,1,109.171,326.13,51,-65
0399d323-afa5-4f8a-9b30-2d88c5e49fe0-3,EDC_BS6_PERIODIC,2025-11-25 23:26:56,2025-11-25 23:27:18,19.20672,73.428384,26454,1662,FixOK,A,OaG5CU0303,G133fg5425,"MH SH 79, Sasane, Maharashtra 421401, India",15322.125,43.07,IgnitionOn,1,108.653,325.85,50,-65
0399d323-afa5-4f8a-9b30-2d88c5e49fe0-2,EDC_BS6_PERIODIC,2025-11-25 23:27:02,2025-11-25 23:27:18,19.207288,73.4279808,26455,1662,FixOK,A,OaG5CU0303,G133fg5425,"MH SH 79, Sasane, Maharashtra 421401, India",15322.25,45.03,IgnitionOn,1,107.366,326.67,46,-65
0399d323-afa5-4f8a-9b30-2d88c5e49fe0-1,EDC_BS6_PERIODIC,2025-11-25 23:27:08,2025-11-25 23:27:18,19.2079136,73.4275328,26456,1662,FixOK,A,OaG5CU0303,G133fg5425,"MH SH 79, Sasane, Maharashtra 421401, India",15322.375,48.98,IgnitionOn,1,105.817,325.98,50,-65
5c8a5e70-7d7a-401a-9029-83fa42d61b3e-8,EDC_BS6_PERIODIC,2025-11-25 23:27:14,2025-11-25 23:33:09,19.208592,73.4270464,26457,1662,FixOK,A,OaG5CU0303,G133fg5425,"Karjat - Murbad Rd, Maharashtra 421401, India",15322.375,53.3,IgnitionOn,1,103.33,326.29,50,-65
5c8a5e70-7d7a-401a-9029-83fa42d61b3e-7,EDC_BS6_PERIODIC,2025-11-25 23:27:20,2025-11-25 23:33:09,19.2092992,73.4265536,26458,1662,FixOK,A,OaG5CU0303,G133fg5425,"Karjat - Murbad Rd, Maharashtra 421401, India",15322.5,55.92,IgnitionOn,1,101.801,325.98,47,-65
772c5be5-9bc0-41a2-a05c-c6104f3c7b2b-10,EDC_BS6_PERIODIC,2025-11-25 23:27:26,2025-11-25 23:28:29,19.2100384,73.4260224,26459,1662,FixOK,A,OaG5CU0303,G133fg5425,"Karjat - Murbad Rd, Mohghar, Maharashtra 421401, India",15322.625,58.95,IgnitionOn,1,101.37,326.7,49,-65
772c5be5-9bc0-41a2-a05c-c6104f3c7b2b-9,EDC_BS6_PERIODIC,2025-11-25 23:27:32,2025-11-25 23:28:29,19.2107856,73.4255104,26460,1662,FixOK,A,OaG5CU0303,G133fg5425,"Karjat - Murbad Rd, Mohghar, Maharashtra 421401, India",15322.75,59.92,IgnitionOn,1,99.347,327.01,49,-65
772c5be5-9bc0-41a2-a05c-c6104f3c7b2b-8,EDC_BS6_PERIODIC,2025-11-25 23:27:38,2025-11-25 23:28:29,19.2113952,73.4250624,26461,1662,FixOK,A,OaG5CU0303,G133fg5425,"Karjat - Murbad Rd, Mohghar, Maharashtra 421401, India",15322.875,59.31,IgnitionOn,1,98.996,325.32,52,-65
772c5be5-9bc0-41a2-a05c-c6104f3c7b2b-7,EDC_BS6_PERIODIC,2025-11-25 23:27:44,2025-11-25 23:28:29,19.2121088,73.4245696,26462,1662,FixOK,A,OaG5CU0303,G133fg5425,"Karjat - Murbad Rd, Mohghar, Maharashtra 421401, India",15322.875,57.03,IgnitionOn,1,98.482,327.39,52,-65
772c5be5-9bc0-41a2-a05c-c6104f3c7b2b-6,BRAKE_PRESSED,2025-11-25 23:27:47,2025-11-25 23:28:29,19.2124768,73.42432,37709,1662,FixOK,,OaG5CU0303,G133fg5425,"Karjat - Murbad Rd, Mohghar, Maharashtra 421401, India",0,64.98,IgnitionOn,1,,,,
772c5be5-9bc0-41a2-a05c-c6104f3c7b2b-5,EDC_BS6_PERIODIC,2025-11-25 23:27:50,2025-11-25 23:28:29,19.2128704,73.4240512,26463,1662,FixOK,A,OaG5CU0303,G133fg5425,"Karjat - Murbad Rd, Mohghar, Maharashtra 421401, India",15323,58.88,IgnitionOn,1,93.459,326.73,53,-65
772c5be5-9bc0-41a2-a05c-c6104f3c7b2b-4,EDC_BS6_PERIODIC,2025-11-25 23:27:56,2025-11-25 23:28:29,19.2136832,73.4234752,26464,1662,FixOK,A,OaG5CU0303,G133fg5425,"Karjat - Murbad Rd, Mohghar, Maharashtra 421401, India",15323.125,65.06,IgnitionOn,1,89.392,325.41,49,-65
772c5be5-9bc0-41a2-a05c-c6104f3c7b2b-3,EDC_BS6_PERIODIC,2025-11-25 23:28:02,2025-11-25 23:28:29,19.214464,73.4229248,26465,1662,FixOK,A,OaG5CU0303,G133fg5425,"Karjat - Murbad Rd, Mohghar, Maharashtra 421401, India",15323.25,64.76,IgnitionOn,1,87.551,326.55,50,-65
772c5be5-9bc0-41a2-a05c-c6104f3c7b2b-2,BRAKE_PRESSED,2025-11-25 23:28:07,2025-11-25 23:28:29,19.2150432,73.4225536,37710,1662,FixOK,,OaG5CU0303,G133fg5425,"Karjat - Murbad Rd, Mohghar, Maharashtra 421401, India",0,55.41,IgnitionOn,1,,,,
772c5be5-9bc0-41a2-a05c-c6104f3c7b2b-1,EDC_BS6_PERIODIC,2025-11-25 23:28:08,2025-11-25 23:28:29,19.2151648,73.4224768,26466,1662,FixOK,A,OaG5CU0303,G133fg5425,"Karjat - Murbad Rd, Mohghar, Maharashtra 421401, India",15323.375,53.81,IgnitionOn,1,84.001,329.82,53,-65
a26fbe77-7743-41ec-86ef-16b3f20ae7af-10,EDC_BS6_PERIODIC,2025-11-25 23:28:14,2025-11-25 23:29:52,19.215888,73.4220672,26467,1662,FixOK,A,OaG5CU0303,G133fg5425,"Chauk - Karjat - Murbad Rd, Nhave, Maharashtra 421401, India",15323.5,56.05,IgnitionOn,1,83.558,333.75,51,-65
a26fbe77-7743-41ec-86ef-16b3f20ae7af-9,EDC_BS6_PERIODIC,2025-11-25 23:28:20,2025-11-25 23:29:52,19.2166,73.421696,26468,1662,FixOK,A,OaG5CU0303,G133fg5425,"Chauk - Karjat - Murbad Rd, Nhave, Maharashtra 421401, India",15323.5,53.27,IgnitionOn,1,84.703,334.16,54,-65
a26fbe77-7743-41ec-86ef-16b3f20ae7af-8,EDC_BS6_PERIODIC,2025-11-25 23:28:26,2025-11-25 23:29:52,19.2173088,73.421312,26469,1662,FixOK,A,OaG5CU0303,G133fg5425,"Chauk - Karjat - Murbad Rd, Nhave, Maharashtra 421401, India",15323.625,52.72,IgnitionOn,1,85.575,333.04,49,-65
a26fbe77-7743-41ec-86ef-16b3f20ae7af-7,EDC_BS6_PERIODIC,2025-11-25 23:28:32,2025-11-25 23:29:52,19.218016,73.420896,26470,1662,FixOK,A,OaG5CU0303,G133fg5425,"Chauk - Karjat - Murbad Rd, Nhave, Maharashtra 421401, India",15323.75,53.9,IgnitionOn,1,86.172,330.89,50,-87
a26fbe77-7743-41ec-86ef-16b3f20ae7af-6,EDC_BS6_PERIODIC,2025-11-25 23:28:38,2025-11-25 23:29:52,19.218736,73.4204672,26471,1662,FixOK,A,OaG5CU0303,G133fg5425,"Chauk - Karjat - Murbad Rd, Nhave, Maharashtra 421401, India",15323.875,55.57,IgnitionOn,1,86.381,331.07,53,-87
a26fbe77-7743-41ec-86ef-16b3f20ae7af-5,EDC_BS6_PERIODIC,2025-11-25 23:28:44,2025-11-25 23:29:52,19.2194912,73.4200192,26472,1662,FixOK,A,OaG5CU0303,G133fg5425,"Chauk - Karjat - Murbad Rd, Nhave, Maharashtra 421401, India",15323.875,58.7,IgnitionOn,1,84.99,331.76,53,-87
a26fbe77-7743-41ec-86ef-16b3f20ae7af-4,EDC_BS6_PERIODIC,2025-11-25 23:28:50,2025-11-25 23:29:52,19.220272,73.419584,26473,1662,FixOK,A,OaG5CU0303,G133fg5425,"Chauk - Karjat - Murbad Rd, Nhave, Maharashtra 421401, India",15324,58.62,IgnitionOn,1,83.496,331.8,53,-87
a26fbe77-7743-41ec-86ef-16b3f20ae7af-3,EDC_BS6_PERIODIC,2025-11-25 23:28:56,2025-11-25 23:29:52,19.22104,73.4191488,26474,1662,FixOK,A,OaG5CU0303,G133fg5425,"Chauk - Karjat - Murbad Rd, Nhave, Maharashtra 421401, India",15324.125,58.3,IgnitionOn,1,84.49,332.05,55,-87
a26fbe77-7743-41ec-86ef-16b3f20ae7af-2,EDC_BS6_PERIODIC,2025-11-25 23:29:02,2025-11-25 23:29:52,19.2217632,73.4187456,26475,1662,FixOK,A,OaG5CU0303,G133fg5425,"Chauk - Karjat - Murbad Rd, Nhave, Maharashtra 421401, India",15324.25,56.09,IgnitionOn,1,84.8,331.73,54,-87
a26fbe77-7743-41ec-86ef-16b3f20ae7af-1,EDC_BS6_PERIODIC,2025-11-25 23:29:08,2025-11-25 23:29:52,19.222464,73.4183552,26476,1662,FixOK,A,OaG5CU0303,G133fg5425,"Chauk - Karjat - Murbad Rd, Nhave, Maharashtra 421401, India",15324.25,53.12,IgnitionOn,1,85.308,331.69,54,-87
5c8a5e70-7d7a-401a-9029-83fa42d61b3e-6,EDC_BS6_PERIODIC,2025-11-25 23:29:15,2025-11-25 23:33:09,19.2231648,73.4179264,26477,1662,FixOK,A,OaG5CU0303,G133fg5425,"Karjat - Murbad Rd, Maharashtra 421401, India",15324.375,53.68,IgnitionOn,1,85.744,328.29,53,-87
c17e6996-f3ff-4ab0-82bb-5c93dcb553ec-10,EDC_BS6_PERIODIC,2025-11-25 23:29:20,2025-11-25 23:30:21,19.223848,73.41744,26478,1662,FixOK,A,OaG5CU0303,G133fg5425,"Chauk - Karjat - Murbad Rd, Nhave, Maharashtra 421401, India",15324.5,55.23,IgnitionOn,1,85.111,325.23,53,-87
c17e6996-f3ff-4ab0-82bb-5c93dcb553ec-9,EDC_BS6_PERIODIC,2025-11-25 23:29:26,2025-11-25 23:30:21,19.2244176,73.4170112,26479,1662,FixOK,A,OaG5CU0303,G133fg5425,"Chauk - Karjat - Murbad Rd, Nhave, Maharashtra 421401, India",15324.625,56.24,IgnitionOn,1,84.708,323.54,51,-87
c17e6996-f3ff-4ab0-82bb-5c93dcb553ec-8,EDC_BS6_PERIODIC,2025-11-25 23:29:32,2025-11-25 23:30:21,19.2251008,73.4165056,26480,1662,FixOK,A,OaG5CU0303,G133fg5425,"Chauk - Karjat - Murbad Rd, Nhave, Maharashtra 421401, India",15324.75,55.95,IgnitionOn,1,84.578,324.35,51,-87
c17e6996-f3ff-4ab0-82bb-5c93dcb553ec-7,EDC_BS6_PERIODIC,2025-11-25 23:29:38,2025-11-25 23:30:21,19.2257616,73.416,26481,1662,FixOK,A,OaG5CU0303,G133fg5425,"Chauk - Karjat - Murbad Rd, Nhave, Maharashtra 421401, India",15324.75,54.48,IgnitionOn,1,85.4,323.29,51,-87
c17e6996-f3ff-4ab0-82bb-5c93dcb553ec-6,EDC_BS6_PERIODIC,2025-11-25 23:29:45,2025-11-25 23:30:21,19.2263872,73.4155392,26482,1662,FixOK,A,OaG5CU0303,G133fg5425,"Chauk - Karjat - Murbad Rd, Nhave, Maharashtra 421401, India",15324.875,50.09,IgnitionOn,1,87.57,324.97,53,-87
c17e6996-f3ff-4ab0-82bb-5c93dcb553ec-5,EDC_BS6_PERIODIC,2025-11-25 23:29:50,2025-11-25 23:30:21,19.2269568,73.4151168,26483,1662,FixOK,A,OaG5CU0303,G133fg5425,"Chauk - Karjat - Murbad Rd, Nhave, Maharashtra 421401, India",15325,46.7,IgnitionOn,1,89.13,325.14,52,-87
c17e6996-f3ff-4ab0-82bb-5c93dcb553ec-4,EDC_BS6_PERIODIC,2025-11-25 23:29:56,2025-11-25 23:30:21,19.2274688,73.4147456,26484,1662,FixOK,A,OaG5CU0303,G133fg5425,"Chauk - Karjat - Murbad Rd, Nhave, Maharashtra 421401, India",15325,41.88,IgnitionOn,1,92.707,325.54,52,-87
c17e6996-f3ff-4ab0-82bb-5c93dcb553ec-3,EDC_BS6_PERIODIC,2025-11-25 23:30:02,2025-11-25 23:30:21,19.227936,73.4143872,26485,1662,FixOK,A,OaG5CU0303,G133fg5425,"Chauk - Karjat - Murbad Rd, Nhave, Maharashtra 421401, India",15325.125,38.45,IgnitionOn,1,95.122,324.27,50,-87
c17e6996-f3ff-4ab0-82bb-5c93dcb553ec-1,EDC_BS6_PERIODIC,2025-11-25 23:30:08,2025-11-25 23:30:21,19.228352,73.4140416,26486,1662,FixOK,A,OaG5CU0303,G133fg5425,"Chauk - Karjat - Murbad Rd, Nhave, Maharashtra 421401, India",15325.125,35.94,IgnitionOn,1,96.651,321.45,52,-87
c17e6996-f3ff-4ab0-82bb-5c93dcb553ec-2,EDC_BS6_PERIODIC,2025-11-25 23:30:15,2025-11-25 23:30:21,19.22876,73.4136832,26487,1662,FixOK,A,OaG5CU0303,G133fg5425,"Chauk - Karjat - Murbad Rd, Nhave, Maharashtra 421401, India",15325.25,35.58,IgnitionOn,1,98.363,319.97,50,-87
5c8a5e70-7d7a-401a-9029-83fa42d61b3e-5,EDC_BS6_PERIODIC,2025-11-25 23:30:20,2025-11-25 23:33:09,19.229088,73.413376,26488,1662,FixOK,A,OaG5CU0303,G133fg5425,"Karjat - Murbad Rd, Maharashtra 421401, India",15325.25,35.16,IgnitionOn,1,99.778,318.25,50,-87
5c8a5e70-7d7a-401a-9029-83fa42d61b3e-4,EDC_BS6_PERIODIC,2025-11-25 23:30:26,2025-11-25 23:33:09,19.229792,73.4126656,26489,1662,FixOK,A,OaG5CU0303,G133fg5425,"Karjat - Murbad Rd, Maharashtra 421401, India",15325.375,34.98,IgnitionOn,1,101.694,315.41,49,-87
5c8a5e70-7d7a-401a-9029-83fa42d61b3e-3,EDC_BS6_PERIODIC,2025-11-25 23:30:32,2025-11-25 23:33:09,19.230224,73.412224,26490,1662,FixOK,A,OaG5CU0303,G133fg5425,"Karjat - Murbad Rd, Maharashtra 421401, India",15325.375,37.02,IgnitionOn,1,101.096,314.92,47,-87
5c8a5e70-7d7a-401a-9029-83fa42d61b3e-2,CLUTCH_RIDING_START,2025-11-25 23:30:33,2025-11-25 23:33:09,19.2303008,73.4121472,37711,1662,FixOK,,OaG5CU0303,G133fg5425,"Karjat - Murbad Rd, Maharashtra 421401, India",0,45.84,IgnitionOn,1,,,,
e05b97c4-712b-4054-8e2f-b95fc331cde9-10,CLUTCH_RIDING_END,2025-11-25 23:30:35,2025-11-25 23:31:22,19.2304608,73.4119744,37712,1662,FixOK,,OaG5CU0303,G133fg5425,"Karjat - Murbad Rd, Maharashtra 421401, India",0,48.2,IgnitionOn,1,,,,
e05b97c4-712b-4054-8e2f-b95fc331cde9-9,EDC_BS6_PERIODIC,2025-11-25 23:30:38,2025-11-25 23:31:22,19.2307232,73.411712,26491,1662,FixOK,A,OaG5CU0303,G133fg5425,"Karjat - Murbad Rd, Maharashtra 421401, India",15325.5,41.73,IgnitionOn,1,99.927,315.89,49,-87
e05b97c4-712b-4054-8e2f-b95fc331cde9-8,EDC_BS6_PERIODIC,2025-11-25 23:30:45,2025-11-25 23:31:22,19.231304,73.411136,26492,1662,FixOK,A,OaG5CU0303,G133fg5425,"Karjat - Murbad Rd, Maharashtra 421401, India",15325.625,48.98,IgnitionOn,1,97.747,315.77,48,-87
e05b97c4-712b-4054-8e2f-b95fc331cde9-7,STOP_AND_CONTACT_SERVICE_END,2025-11-25 23:30:45,2025-11-25 23:31:22,19.2314048,73.4110336,37713,1662,FixOK,,OaG5CU0303,G133fg5425,"Karjat - Murbad Rd, Maharashtra 421401, India",15325.625,56.95,IgnitionOn,1,,,,
e05b97c4-712b-4054-8e2f-b95fc331cde9-6,STOP_AND_CONTACT_SERVICE_START,2025-11-25 23:30:47,2025-11-25 23:31:22,19.231608,73.410816,37714,1662,FixOK,,OaG5CU0303,G133fg5425,"Karjat - Murbad Rd, Maharashtra 421401, India",15325.625,58.82,IgnitionOn,1,,,,
e05b97c4-712b-4054-8e2f-b95fc331cde9-5,EDC_BS6_PERIODIC,2025-11-25 23:30:50,2025-11-25 23:31:22,19.231912,73.4104896,26493,1662,FixOK,A,OaG5CU0303,G133fg5425,"Karjat - Murbad Rd, Maharashtra 421401, India",15325.625,54.29,IgnitionOn,1,96.938,314.19,47,-87
e05b97c4-712b-4054-8e2f-b95fc331cde9-4,EDC_BS6_PERIODIC,2025-11-25 23:30:56,2025-11-25 23:31:22,19.232424,73.4097792,26494,1662,FixOK,A,OaG5CU0303,G133fg5425,"Karjat - Murbad Rd, Maharashtra 421401, India",15325.75,58.93,IgnitionOn,1,100.748,305.77,45,-87
e05b97c4-712b-4054-8e2f-b95fc331cde9-3,EDC_BS6_PERIODIC,2025-11-25 23:31:02,2025-11-25 23:31:22,19.2328928,73.4091264,26495,1662,FixOK,A,OaG5CU0303,G133fg5425,"Karjat - Murbad Rd, Maharashtra 421401, India",15325.875,54.89,IgnitionOn,1,102.69,306.72,48,-87
e05b97c4-712b-4054-8e2f-b95fc331cde9-2,EDC_BS6_PERIODIC,2025-11-25 23:31:08,2025-11-25 23:31:22,19.2333776,73.4085824,26496,1662,FixOK,A,OaG5CU0303,G133fg5425,"Karjat - Murbad Rd, Maharashtra 421401, India",15326,50.19,IgnitionOn,1,103.65,311.67,50,-87
e05b97c4-712b-4054-8e2f-b95fc331cde9-1,EDC_BS6_PERIODIC,2025-11-25 23:31:15,2025-11-25 23:31:22,19.2338048,73.408224,26497,1662,FixOK,A,OaG5CU0303,G133fg5425,"Karjat - Murbad Rd, Maharashtra 421401, India",15326,46.34,IgnitionOn,1,107.194,323.6,49,-87
5c8a5e70-7d7a-401a-9029-83fa42d61b3e-1,EDC_BS6_PERIODIC,2025-11-25 23:31:20,2025-11-25 23:33:09,19.2343008,73.40784,26498,1662,FixOK,A,OaG5CU0303,G133fg5425,"Karjat - Murbad Rd, Maharashtra 421401, India",15326.125,42.66,IgnitionOn,1,109.998,323.57,50,-87
ec5b597b-1f1f-4376-bf71-0626cc26fe20-11,EDC_BS6_PERIODIC,2025-11-25 23:31:26,2025-11-25 23:37:17,19.23476,73.4074816,26499,1662,FixOK,A,OaG5CU0303,G133fg5425,"Karjat - Murbad Rd, Shirgaon, Murbad, Maharashtra 421401, India",15326.125,39.84,IgnitionOn,1,111.239,322.02,49,-87
ec5b597b-1f1f-4376-bf71-0626cc26fe20-10,CLUTCH_RIDING_START,2025-11-25 23:31:27,2025-11-25 23:37:17,19.2348352,73.407424,37715,1662,FixOK,,OaG5CU0303,G133fg5425,"Karjat - Murbad Rd, Shirgaon, Murbad, Maharashtra 421401, India",0,35.92,IgnitionOn,1,,,,
2b5e4fe2-a196-4cbc-aa4c-7bac84d54f22-10,EDC_BS6_PERIODIC,2025-11-25 23:31:33,2025-11-25 23:32:24,19.235208,73.4071744,26500,1662,FixOK,A,OaG5CU0303,G133fg5425,"Chauk - Karjat - Murbad Rd, Maharashtra 421401, India",15326.25,37.41,IgnitionOn,1,111.255,327.29,49,-87
2b5e4fe2-a196-4cbc-aa4c-7bac84d54f22-9,EDC_BS6_PERIODIC,2025-11-25 23:31:38,2025-11-25 23:32:24,19.235592,73.406976,26501,1662,FixOK,A,OaG5CU0303,G133fg5425,"Chauk - Karjat - Murbad Rd, Maharashtra 421401, India",15326.25,35.09,IgnitionOn,1,111.613,332.26,51,-87
2b5e4fe2-a196-4cbc-aa4c-7bac84d54f22-8,EDC_BS6_PERIODIC,2025-11-25 23:31:44,2025-11-25 23:32:24,19.2361104,73.4067456,26502,1662,FixOK,A,OaG5CU0303,G133fg5425,"Chauk - Karjat - Murbad Rd, Maharashtra 421401, India",15326.375,36.82,IgnitionOn,1,110.793,335.3,47,-87
2b5e4fe2-a196-4cbc-aa4c-7bac84d54f22-7,EDC_BS6_PERIODIC,2025-11-25 23:31:50,2025-11-25 23:32:24,19.2367104,73.406496,26503,1662,FixOK,A,OaG5CU0303,G133fg5425,"Chauk - Karjat - Murbad Rd, Maharashtra 421401, India",15326.5,42.52,IgnitionOn,1,109.614,336.73,47,-87
2b5e4fe2-a196-4cbc-aa4c-7bac84d54f22-6,BRAKE_PRESSED,2025-11-25 23:31:55,2025-11-25 23:32:24,19.237328,73.4062208,37716,1662,FixOK,,OaG5CU0303,G133fg5425,"Chauk - Karjat - Murbad Rd, Maharashtra 421401, India",0,58,IgnitionOn,1,,,,
2b5e4fe2-a196-4cbc-aa4c-7bac84d54f22-5,EDC_BS6_PERIODIC,2025-11-25 23:31:56,2025-11-25 23:32:24,19.2374592,73.4061696,26504,1662,FixOK,A,OaG5CU0303,G133fg5425,"Chauk - Karjat - Murbad Rd, Maharashtra 421401, India",15326.5,51.65,IgnitionOn,1,105.33,337.45,42,-87
2b5e4fe2-a196-4cbc-aa4c-7bac84d54f22-4,CLUTCH_RIDING_END,2025-11-25 23:31:59,2025-11-25 23:32:24,19.2378688,73.4059904,37717,1662,FixOK,,OaG5CU0303,G133fg5425,"Chauk - Karjat - Murbad Rd, Maharashtra 421401, India",0,58.72,IgnitionOn,1,,,,
2b5e4fe2-a196-4cbc-aa4c-7bac84d54f22-3,EDC_BS6_PERIODIC,2025-11-25 23:32:02,2025-11-25 23:32:24,19.2382752,73.4058176,26505,1662,FixOK,A,OaG5CU0303,G133fg5425,"Chauk - Karjat - Murbad Rd, Maharashtra 421401, India",15326.625,57.72,IgnitionOn,1,101.279,337.82,39,-87
2b5e4fe2-a196-4cbc-aa4c-7bac84d54f22-2,EDC_BS6_PERIODIC,2025-11-25 23:32:08,2025-11-25 23:32:24,19.239128,73.4054528,26506,1662,FixOK,A,OaG5CU0303,G133fg5425,"Chauk - Karjat - Murbad Rd, Maharashtra 421401, India",15326.75,60.13,IgnitionOn,1,96.782,337.42,43,-87
2b5e4fe2-a196-4cbc-aa4c-7bac84d54f22-1,EDC_BS6_PERIODIC,2025-11-25 23:32:14,2025-11-25 23:32:24,19.239968,73.4051072,26507,1662,FixOK,A,OaG5CU0303,G133fg5425,"Chauk - Karjat - Murbad Rd, Maharashtra 421401, India",15326.875,61.65,IgnitionOn,1,91.096,338.52,44,-87
ec5b597b-1f1f-4376-bf71-0626cc26fe20-9,EDC_BS6_PERIODIC,2025-11-25 23:32:20,2025-11-25 23:37:17,19.240752,73.4047488,26508,1662,FixOK,A,OaG5CU0303,G133fg5425,"Karjat - Murbad Rd, Shirgaon, Murbad, Maharashtra 421401, India",15326.875,56.36,IgnitionOn,1,86.64,335.35,46,-87
ec5b597b-1f1f-4376-bf71-0626cc26fe20-8,EDC_BS6_PERIODIC,2025-11-25 23:32:26,2025-11-25 23:37:17,19.241504,73.4042944,26509,1662,FixOK,A,OaG5CU0303,G133fg5425,"Karjat - Murbad Rd, Shirgaon, Murbad, Maharashtra 421401, India",15327,58.52,IgnitionOn,1,86.054,326.07,50,-87
7a9d01a4-4baf-4ba1-9d1d-d50869b13420-10,BRAKE_PRESSED,2025-11-25 23:32:31,2025-11-25 23:33:25,19.242056,73.4038784,37718,1662,FixOK,,OaG5CU0303,G133fg5425,"Karjat - Murbad Rd, Maharashtra 421401, India",0,49.21,IgnitionOn,1,,,,
7a9d01a4-4baf-4ba1-9d1d-d50869b13420-9,EDC_BS6_PERIODIC,2025-11-25 23:32:32,2025-11-25 23:33:25,19.24216,73.4038016,26510,1662,FixOK,A,OaG5CU0303,G133fg5425,"Karjat - Murbad Rd, Maharashtra 421401, India",15327.125,55.62,IgnitionOn,1,88.022,322.97,47,-87
7a9d01a4-4baf-4ba1-9d1d-d50869b13420-8,BRAKE_PRESSED,2025-11-25 23:32:36,2025-11-25 23:33:25,19.2425472,73.403488,37719,1662,FixOK,,OaG5CU0303,G133fg5425,"Karjat - Murbad Rd, Maharashtra 421401, India",0,48.57,IgnitionOn,1,,,,
7a9d01a4-4baf-4ba1-9d1d-d50869b13420-7,EDC_BS6_PERIODIC,2025-11-25 23:32:38,2025-11-25 23:33:25,19.242744,73.4033344,26511,1662,FixOK,A,OaG5CU0303,G133fg5425,"Karjat - Murbad Rd, Maharashtra 421401, India",15327.25,49.17,IgnitionOn,1,87.016,323.08,48,-87
7a9d01a4-4baf-4ba1-9d1d-d50869b13420-6,EDC_BS6_PERIODIC,2025-11-25 23:32:44,2025-11-25 23:33:25,19.2433152,73.40288,26512,1662,FixOK,A,OaG5CU0303,G133fg5425,"Karjat - Murbad Rd, Maharashtra 421401, India",15327.25,47.46,IgnitionOn,1,84.747,323,48,-87
7a9d01a4-4baf-4ba1-9d1d-d50869b13420-5,EDC_BS6_PERIODIC,2025-11-25 23:32:50,2025-11-25 23:33:25,19.2439216,73.4024064,26513,1662,FixOK,A,OaG5CU0303,G133fg5425,"Karjat - Murbad Rd, Maharashtra 421401, India",15327.375,49.69,IgnitionOn,1,82.658,322.92,52,-87
7a9d01a4-4baf-4ba1-9d1d-d50869b13420-4,EDC_BS6_PERIODIC,2025-11-25 23:32:56,2025-11-25 23:33:25,19.2444448,73.4020096,26514,1662,FixOK,A,OaG5CU0303,G133fg5425,"Karjat - Murbad Rd, Maharashtra 421401, India",15327.5,51.69,IgnitionOn,1,81.939,324.26,52,-87
7a9d01a4-4baf-4ba1-9d1d-d50869b13420-3,EDC_BS6_PERIODIC,2025-11-25 23:33:02,2025-11-25 23:33:25,19.2450656,73.4015232,26515,1662,FixOK,A,OaG5CU0303,G133fg5425,"Karjat - Murbad Rd, Maharashtra 421401, India",15327.625,51.49,IgnitionOn,1,81.674,323.51,52,-87
7a9d01a4-4baf-4ba1-9d1d-d50869b13420-2,EDC_BS6_PERIODIC,2025-11-25 23:33:08,2025-11-25 23:33:25,19.2456944,73.4010368,26516,1662,FixOK,A,OaG5CU0303,G133fg5425,"Karjat - Murbad Rd, Maharashtra 421401, India",15327.625,51.92,IgnitionOn,1,81.85,323.92,51,-87
7a9d01a4-4baf-4ba1-9d1d-d50869b13420-1,EDC_BS6_PERIODIC,2025-11-25 23:33:14,2025-11-25 23:33:25,19.24628,73.400608,26517,1662,FixOK,A,OaG5CU0303,G133fg5425,"Karjat - Murbad Rd, Maharashtra 421401, India",15327.75,48.25,IgnitionOn,1,83.098,324.36,50,-87
ec5b597b-1f1f-4376-bf71-0626cc26fe20-7,EDC_BS6_PERIODIC,2025-11-25 23:33:20,2025-11-25 23:37:17,19.246776,73.400224,26518,1662,FixOK,A,OaG5CU0303,G133fg5425,"Karjat - Murbad Rd, Shirgaon, Murbad, Maharashtra 421401, India",15327.875,40.72,IgnitionOn,1,84.81,322.91,49,-87
ec5b597b-1f1f-4376-bf71-0626cc26fe20-6,EDC_BS6_PERIODIC,2025-11-25 23:33:26,2025-11-25 23:37:17,19.2472288,73.3998656,26519,1662,FixOK,A,OaG5CU0303,G133fg5425,"Karjat - Murbad Rd, Shirgaon, Murbad, Maharashtra 421401, India",15327.875,37.93,IgnitionOn,1,84.334,322.97,47,-87
ec5b597b-1f1f-4376-bf71-0626cc26fe20-5,BRAKE_PRESSED,2025-11-25 23:33:32,2025-11-25 23:37:17,19.2477152,73.3994752,37720,1662,FixOK,,OaG5CU0303,G133fg5425,"Karjat - Murbad Rd, Shirgaon, Murbad, Maharashtra 421401, India",0,43.38,IgnitionOn,1,,,,
ec5b597b-1f1f-4376-bf71-0626cc26fe20-4,EDC_BS6_PERIODIC,2025-11-25 23:33:32,2025-11-25 23:37:17,19.2477152,73.3994752,26520,1662,FixOK,A,OaG5CU0303,G133fg5425,"Karjat - Murbad Rd, Shirgaon, Murbad, Maharashtra 421401, India",15328,40.24,IgnitionOn,1,82.12,322.35,48,-87
96919ca6-dcea-49d1-a75f-769a667de6d5-10,EDC_BS6_PERIODIC,2025-11-25 23:33:38,2025-11-25 23:34:26,19.24824,73.3990528,26521,1662,FixOK,A,OaG5CU0303,G133fg5425,"MH SH 79, Vehare, Maharashtra 421401, India",15328,44.2,IgnitionOn,1,80.079,325.05,49,-87
96919ca6-dcea-49d1-a75f-769a667de6d5-9,BRAKE_PRESSED,2025-11-25 23:33:40,2025-11-25 23:34:26,19.2484064,73.3989248,37721,1662,FixOK,,OaG5CU0303,G133fg5425,"MH SH 79, Vehare, Maharashtra 421401, India",0,41.37,IgnitionOn,1,,,,
96919ca6-dcea-49d1-a75f-769a667de6d5-8,EDC_BS6_PERIODIC,2025-11-25 23:33:44,2025-11-25 23:34:26,19.2487424,73.3986624,26522,1662,FixOK,A,OaG5CU0303,G133fg5425,"MH SH 79, Vehare, Maharashtra 421401, India",15328.125,40.88,IgnitionOn,1,77.918,322.89,49,-87
96919ca6-dcea-49d1-a75f-769a667de6d5-6,EDC_BS6_PERIODIC,2025-11-25 23:33:50,2025-11-25 23:34:26,19.249128,73.3983424,26523,1662,FixOK,A,OaG5CU0303,G133fg5425,"MH SH 79, Vehare, Maharashtra 421401, India",15328.125,33.77,IgnitionOn,1,79.128,318.51,51,-87
96919ca6-dcea-49d1-a75f-769a667de6d5-7-1,HARSH_BREAKING_END,2025-11-25 23:33:50,2025-11-25 23:34:26,19.249128,73.3983424,37722,1662,FixOK,,OaG5CU0303,G133fg5425,"MH SH 79, Vehare, Maharashtra 421401, India",0,8,IgnitionOn,1,,,,
96919ca6-dcea-49d1-a75f-769a667de6d5-7,HARSH_BREAKING_START,2025-11-25 23:33:50,2025-11-25 23:34:26,19.249128,73.3983424,37722,1662,FixOK,,OaG5CU0303,G133fg5425,"MH SH 79, Vehare, Maharashtra 421401, India",0,8,IgnitionOn,1,,,,
96919ca6-dcea-49d1-a75f-769a667de6d5-5,EDC_BS6_PERIODIC,2025-11-25 23:33:56,2025-11-25 23:34:26,19.2492672,73.3982592,26524,1662,FixOK,A,OaG5CU0303,G133fg5425,"MH SH 79, Vehare, Maharashtra 421401, India",15328.25,8.59,IgnitionOn,1,79.792,339.82,52,-87
96919ca6-dcea-49d1-a75f-769a667de6d5-4,EDC_BS6_PERIODIC,2025-11-25 23:34:02,2025-11-25 23:34:26,19.249384,73.398176,26525,1662,FixOK,A,OaG5CU0303,G133fg5425,"MH SH 79, Vehare, Maharashtra 421401, India",15328.25,9.5,IgnitionOn,1,80.079,324.73,49,-87
96919ca6-dcea-49d1-a75f-769a667de6d5-3,EDC_BS6_PERIODIC,2025-11-25 23:34:08,2025-11-25 23:34:26,19.249504,73.3980864,26526,1662,FixOK,A,OaG5CU0303,G133fg5425,"MH SH 79, Vehare, Maharashtra 421401, India",15328.25,9.34,IgnitionOn,1,79.694,322.82,51,-87
96919ca6-dcea-49d1-a75f-769a667de6d5-2,BRAKE_PRESSED,2025-11-25 23:34:14,2025-11-25 23:34:26,19.249672,73.3979648,37723,1662,FixOK,,OaG5CU0303,G133fg5425,"MH SH 79, Vehare, Maharashtra 421401, India",0,12.07,IgnitionOn,1,,,,
96919ca6-dcea-49d1-a75f-769a667de6d5-1,EDC_BS6_PERIODIC,2025-11-25 23:34:14,2025-11-25 23:34:26,19.249672,73.3979648,26527,1662,FixOK,A,OaG5CU0303,G133fg5425,"MH SH 79, Vehare, Maharashtra 421401, India",15328.25,14.6,IgnitionOn,1,79.509,323.51,53,-87
ec5b597b-1f1f-4376-bf71-0626cc26fe20-3,EDC_BS6_PERIODIC,2025-11-25 23:34:20,2025-11-25 23:37:17,19.249832,73.3978496,26528,1662,FixOK,A,OaG5CU0303,G133fg5425,"Karjat - Murbad Rd, Shirgaon, Murbad, Maharashtra 421401, India",15328.25,12.04,IgnitionOn,1,79.939,325.7,53,-87
ec5b597b-1f1f-4376-bf71-0626cc26fe20-2,EDC_BS6_PERIODIC,2025-11-25 23:34:26,2025-11-25 23:37:17,19.2499808,73.3977344,26529,1662,FixOK,A,OaG5CU0303,G133fg5425,"Karjat - Murbad Rd, Shirgaon, Murbad, Maharashtra 421401, India",15328.25,11.41,IgnitionOn,1,80.168,324.16,53,-87
ec5b597b-1f1f-4376-bf71-0626cc26fe20-1,EDC_BS6_PERIODIC,2025-11-25 23:34:32,2025-11-25 23:37:17,19.2501632,73.3975936,26530,1662,FixOK,A,OaG5CU0303,G133fg5425,"Karjat - Murbad Rd, Shirgaon, Murbad, Maharashtra 421401, India",15328.375,14.83,IgnitionOn,1,79.563,326.82,52,-87
c49e77c2-835b-4734-9521-fc7836d7d900-10,EDC_BS6_PERIODIC,2025-11-25 23:34:38,2025-11-25 23:35:27,19.2503008,73.3974912,26531,1662,FixOK,A,OaG5CU0303,G133fg5425,"MH SH 79, Vehare, Maharashtra 421401, India",15328.375,14.52,IgnitionOn,1,79.419,322.11,52,-69
c49e77c2-835b-4734-9521-fc7836d7d900-9,EDC_BS6_PERIODIC,2025-11-25 23:34:44,2025-11-25 23:35:27,19.2504672,73.3973504,26532,1662,FixOK,A,OaG5CU0303,G133fg5425,"MH SH 79, Vehare, Maharashtra 421401, India",15328.375,13.84,IgnitionOn,1,79.539,323.91,52,-69
c49e77c2-835b-4734-9521-fc7836d7d900-7,EXHAUST_BRAKE_ON_END,2025-11-25 23:34:48,2025-11-25 23:35:27,19.250576,73.3972544,37725,1662,FixOK,,OaG5CU0303,G133fg5425,"MH SH 79, Vehare, Maharashtra 421401, India",0,20.19,IgnitionOn,1,,,,
c49e77c2-835b-4734-9521-fc7836d7d900-8,EXHAUST_BRAKE_ON_START,2025-11-25 23:34:48,2025-11-25 23:35:27,19.2505472,73.39728,37724,1662,FixOK,,OaG5CU0303,G133fg5425,"MH SH 79, Vehare, Maharashtra 421401, India",0,20.75,IgnitionOn,1,,,,
c49e77c2-835b-4734-9521-fc7836d7d900-6,EDC_BS6_PERIODIC,2025-11-25 23:34:50,2025-11-25 23:35:27,19.2506384,73.3972096,26533,1662,FixOK,A,OaG5CU0303,G133fg5425,"MH SH 79, Vehare, Maharashtra 421401, India",15328.375,14.24,IgnitionOn,1,79.055,325.33,51,-69
c49e77c2-835b-4734-9521-fc7836d7d900-5,EDC_BS6_PERIODIC,2025-11-25 23:34:56,2025-11-25 23:35:27,19.250896,73.3970048,26534,1662,FixOK,A,OaG5CU0303,G133fg5425,"MH SH 79, Vehare, Maharashtra 421401, India",15328.375,21.85,IgnitionOn,1,78.331,323.83,52,-69
c49e77c2-835b-4734-9521-fc7836d7d900-4,EDC_BS6_PERIODIC,2025-11-25 23:35:02,2025-11-25 23:35:27,19.2512336,73.3967424,26535,1662,FixOK,A,OaG5CU0303,G133fg5425,"MH SH 79, Vehare, Maharashtra 421401, India",15328.5,29.17,IgnitionOn,1,78.847,323.36,51,-69
c49e77c2-835b-4734-9521-fc7836d7d900-3,EDC_BS6_PERIODIC,2025-11-25 23:35:08,2025-11-25 23:35:27,19.2516128,73.396448,26536,1662,FixOK,A,OaG5CU0303,G133fg5425,"MH SH 79, Vehare, Maharashtra 421401, India",15328.5,32.09,IgnitionOn,1,79.188,322.79,48,-69
c49e77c2-835b-4734-9521-fc7836d7d900-2,EDC_BS6_PERIODIC,2025-11-25 23:35:14,2025-11-25 23:35:27,19.2520448,73.3961216,26537,1662,FixOK,A,OaG5CU0303,G133fg5425,"MH SH 79, Vehare, Maharashtra 421401, India",15328.625,36.03,IgnitionOn,1,78.849,324.7,48,-69
c49e77c2-835b-4734-9521-fc7836d7d900-1,EDC_BS6_PERIODIC,2025-11-25 23:35:20,2025-11-25 23:35:27,19.2524896,73.3957824,26538,1662,FixOK,A,OaG5CU0303,G133fg5425,"MH SH 79, Vehare, Maharashtra 421401, India",15328.625,36.24,IgnitionOn,1,78.891,323.72,50,-69
225fc7e5-3e29-44b0-bd0e-e41ba498d395-12,EDC_BS6_PERIODIC,2025-11-25 23:35:26,2025-11-25 23:41:26,19.2529408,73.3954432,26539,1662,FixOK,A,OaG5CU0303,G133fg5425,"Main road murbad, Additional MIDC, Murbad, Maharashtra 421401, India",15328.75,36.7,IgnitionOn,1,78.323,324.25,52,-69
225fc7e5-3e29-44b0-bd0e-e41ba498d395-11,BRAKE_PRESSED,2025-11-25 23:35:29,2025-11-25 23:41:26,19.253184,73.3952576,37726,1662,FixOK,,OaG5CU0303,G133fg5425,"Main road murbad, Additional MIDC, Murbad, Maharashtra 421401, India",0,43.55,IgnitionOn,1,,,,
19f0961b-aaa1-45ac-bf9b-ce8101f332e9-10,GPS_MESSAGE,2025-11-25 23:35:30,2025-11-25 23:36:28,19.2532672,73.3951936,,1662,3DFix,,OaG5CU0303,G133fg5425,"MH SH 79, Vehare, Maharashtra 421401, India",0,,IgnitionOn,1,76,32,52,
19f0961b-aaa1-45ac-bf9b-ce8101f332e9-9,EDC_BS6_PERIODIC,2025-11-25 23:35:32,2025-11-25 23:36:28,19.2534416,73.3950592,26540,1662,FixOK,A,OaG5CU0303,G133fg5425,"MH SH 79, Vehare, Maharashtra 421401, India",15328.75,41.43,IgnitionOn,1,75.853,324.51,52,-69
19f0961b-aaa1-45ac-bf9b-ce8101f332e9-8,EDC_BS6_PERIODIC,2025-11-25 23:35:38,2025-11-25 23:36:28,19.253976,73.394656,26541,1662,FixOK,A,OaG5CU0303,G133fg5425,"MH SH 79, Vehare, Maharashtra 421401, India",15328.875,44.13,IgnitionOn,1,74.027,323.89,53,-69
19f0961b-aaa1-45ac-bf9b-ce8101f332e9-7,EDC_BS6_PERIODIC,2025-11-25 23:35:44,2025-11-25 23:36:28,19.2545056,73.3942464,26542,1662,FixOK,A,OaG5CU0303,G133fg5425,"MH SH 79, Vehare, Maharashtra 421401, India",15329,43.3,IgnitionOn,1,72.654,323.73,52,-69
19f0961b-aaa1-45ac-bf9b-ce8101f332e9-6,EDC_BS6_PERIODIC,2025-11-25 23:35:50,2025-11-25 23:36:28,19.2550096,73.393856,26543,1662,FixOK,A,OaG5CU0303,G133fg5425,"MH SH 79, Vehare, Maharashtra 421401, India",15329,31.43,IgnitionOn,1,71.523,322.97,51,-69
19f0961b-aaa1-45ac-bf9b-ce8101f332e9-5,EDC_BS6_PERIODIC,2025-11-25 23:35:56,2025-11-25 23:36:28,19.2551904,73.393728,26544,1662,FixOK,A,OaG5CU0303,G133fg5425,"MH SH 79, Vehare, Maharashtra 421401, India",15329,8.34,IgnitionOn,1,71.082,325.26,51,-69
19f0961b-aaa1-45ac-bf9b-ce8101f332e9-4,EDC_BS6_PERIODIC,2025-11-25 23:36:02,2025-11-25 23:36:28,19.255488,73.3934976,26545,1662,FixOK,A,OaG5CU0303,G133fg5425,"MH SH 79, Vehare, Maharashtra 421401, India",15329,20.58,IgnitionOn,1,71.092,324.38,52,-69
19f0961b-aaa1-45ac-bf9b-ce8101f332e9-3,EDC_BS6_PERIODIC,2025-11-25 23:36:08,2025-11-25 23:36:28,19.2558752,73.3932032,26546,1662,FixOK,A,OaG5CU0303,G133fg5425,"MH SH 79, Vehare, Maharashtra 421401, India",15329.125,27.38,IgnitionOn,1,70.165,323.57,53,-69
19f0961b-aaa1-45ac-bf9b-ce8101f332e9-2,EDC_BS6_PERIODIC,2025-11-25 23:36:14,2025-11-25 23:36:28,19.2563168,73.392864,26547,1662,FixOK,A,OaG5CU0303,G133fg5425,"MH SH 79, Vehare, Maharashtra 421401, India",15329.125,34.83,IgnitionOn,1,69.458,324.75,50,-69
19f0961b-aaa1-45ac-bf9b-ce8101f332e9-1,EDC_BS6_PERIODIC,2025-11-25 23:36:20,2025-11-25 23:36:28,19.256808,73.3924992,26548,1662,FixOK,A,OaG5CU0303,G133fg5425,"MH SH 79, Vehare, Maharashtra 421401, India",15329.25,38.62,IgnitionOn,1,69.736,324.6,50,-69
225fc7e5-3e29-44b0-bd0e-e41ba498d395-10,EDC_BS6_PERIODIC,2025-11-25 23:36:26,2025-11-25 23:41:26,19.2572064,73.3921856,26549,1662,FixOK,A,OaG5CU0303,G133fg5425,"Main road murbad, Additional MIDC, Murbad, Maharashtra 421401, India",15329.25,40.31,IgnitionOn,1,69.851,323.91,49,-69
225fc7e5-3e29-44b0-bd0e-e41ba498d395-9,BRAKE_PRESSED,2025-11-25 23:36:31,2025-11-25 23:41:26,19.257608,73.3918976,37727,1662,FixOK,,OaG5CU0303,G133fg5425,"Main road murbad, Additional MIDC, Murbad, Maharashtra 421401, India",0,38.55,IgnitionOn,1,,,,
225fc7e5-3e29-44b0-bd0e-e41ba498d395-8,EDC_BS6_PERIODIC,2025-11-25 23:36:32,2025-11-25 23:41:26,19.2576864,73.3918336,26550,1662,FixOK,A,OaG5CU0303,G133fg5425,"Main road murbad, Additional MIDC, Murbad, Maharashtra 421401, India",15329.375,38.83,IgnitionOn,1,69.92,324.85,51,-69
2db81a15-e764-4f63-ae70-ed5c0f3e6b20-9,EDC_BS6_PERIODIC,2025-11-25 23:36:38,2025-11-25 23:37:29,19.2580832,73.3915392,26551,1662,FixOK,A,OaG5CU0303,G133fg5425,"Karjat - Murbad Rd, Shirgaon, Murbad, Maharashtra 421401, India",15329.375,38.62,IgnitionOn,1,69.875,324.57,52,-69
2db81a15-e764-4f63-ae70-ed5c0f3e6b20-10-1,HARSH_BREAKING_END,2025-11-25 23:36:38,2025-11-25 23:37:29,19.2580832,73.3915392,37728,1662,FixOK,,OaG5CU0303,G133fg5425,"Karjat - Murbad Rd, Shirgaon, Murbad, Maharashtra 421401, India",0,13.87,IgnitionOn,1,,,,
2db81a15-e764-4f63-ae70-ed5c0f3e6b20-10,HARSH_BREAKING_START,2025-11-25 23:36:38,2025-11-25 23:37:29,19.2580832,73.3915392,37728,1662,FixOK,,OaG5CU0303,G133fg5425,"Karjat - Murbad Rd, Shirgaon, Murbad, Maharashtra 421401, India",0,13.87,IgnitionOn,1,,,,
2db81a15-e764-4f63-ae70-ed5c0f3e6b20-8,EDC_BS6_PERIODIC,2025-11-25 23:36:44,2025-11-25 23:37:29,19.258248,73.3914112,26552,1662,FixOK,A,OaG5CU0303,G133fg5425,"Karjat - Murbad Rd, Shirgaon, Murbad, Maharashtra 421401, India",15329.5,16.36,IgnitionOn,1,68.553,314.16,52,-69
2db81a15-e764-4f63-ae70-ed5c0f3e6b20-7,EDC_BS6_PERIODIC,2025-11-25 23:36:50,2025-11-25 23:37:29,19.2583024,73.391168,26553,1662,FixOK,A,OaG5CU0303,G133fg5425,"Karjat - Murbad Rd, Shirgaon, Murbad, Maharashtra 421401, India",15329.5,13.94,IgnitionOn,1,68.455,277.35,49,-69
2db81a15-e764-4f63-ae70-ed5c0f3e6b20-6,EDC_BS6_PERIODIC,2025-11-25 23:36:56,2025-11-25 23:37:29,19.2583328,73.3908608,26554,1662,FixOK,A,OaG5CU0303,G133fg5425,"Karjat - Murbad Rd, Shirgaon, Murbad, Maharashtra 421401, India",15329.5,16.69,IgnitionOn,1,69.012,276.42,49,-69
2db81a15-e764-4f63-ae70-ed5c0f3e6b20-5,EDC_BS6_PERIODIC,2025-11-25 23:37:02,2025-11-25 23:37:29,19.2583552,73.3905856,26555,1662,FixOK,A,OaG5CU0303,G133fg5425,"Karjat - Murbad Rd, Shirgaon, Murbad, Maharashtra 421401, India",15329.625,18.56,IgnitionOn,1,70.079,277.91,49,-69
2db81a15-e764-4f63-ae70-ed5c0f3e6b20-4,EDC_BS6_PERIODIC,2025-11-25 23:37:08,2025-11-25 23:37:29,19.2583904,73.3902208,26556,1662,FixOK,A,OaG5CU0303,G133fg5425,"Karjat - Murbad Rd, Shirgaon, Murbad, Maharashtra 421401, India",15329.625,20.77,IgnitionOn,1,72.003,276.33,49,-69
2db81a15-e764-4f63-ae70-ed5c0f3e6b20-3,EDC_BS6_PERIODIC,2025-11-25 23:37:14,2025-11-25 23:37:29,19.2584352,73.3898496,26557,1662,FixOK,A,OaG5CU0303,G133fg5425,"Karjat - Murbad Rd, Shirgaon, Murbad, Maharashtra 421401, India",15329.625,24.17,IgnitionOn,1,73.708,276.98,48,-69
2db81a15-e764-4f63-ae70-ed5c0f3e6b20-2,BRAKE_PRESSED,2025-11-25 23:37:19,2025-11-25 23:37:29,19.258464,73.3895168,37729,1662,FixOK,,OaG5CU0303,G133fg5425,"Karjat - Murbad Rd, Shirgaon, Murbad, Maharashtra 421401, India",0,13.28,IgnitionOn,1,,,,
2db81a15-e764-4f63-ae70-ed5c0f3e6b20-1,EDC_BS6_PERIODIC,2025-11-25 23:37:20,2025-11-25 23:37:29,19.2584672,73.389472,26558,1662,FixOK,A,OaG5CU0303,G133fg5425,"Karjat - Murbad Rd, Shirgaon, Murbad, Maharashtra 421401, India",15329.625,25.51,IgnitionOn,1,75.991,274.85,49,-69
225fc7e5-3e29-44b0-bd0e-e41ba498d395-7,EDC_BS6_PERIODIC,2025-11-25 23:37:26,2025-11-25 23:41:26,19.2584768,73.3892864,26559,1662,FixOK,A,OaG5CU0303,G133fg5425,"Main road murbad, Additional MIDC, Murbad, Maharashtra 421401, India",15329.75,13.09,IgnitionOn,1,77.655,271.6,46,-69
225fc7e5-3e29-44b0-bd0e-e41ba498d395-6,BRAKE_PRESSED,2025-11-25 23:37:29,2025-11-25 23:41:26,19.2584992,73.389216,37730,1662,FixOK,,OaG5CU0303,G133fg5425,"Main road murbad, Additional MIDC, Murbad, Maharashtra 421401, India",0,7.38,IgnitionOn,1,,,,
225fc7e5-3e29-44b0-bd0e-e41ba498d395-5,EDC_BS6_PERIODIC,2025-11-25 23:37:32,2025-11-25 23:41:26,19.2585408,73.3891904,26560,1662,FixOK,A,OaG5CU0303,G133fg5425,"Main road murbad, Additional MIDC, Murbad, Maharashtra 421401, India",15329.75,11.73,IgnitionOn,1,79.422,293.04,44,-69
225fc7e5-3e29-44b0-bd0e-e41ba498d395-4,EDC_BS6_PERIODIC,2025-11-25 23:37:38,2025-11-25 23:41:26,19.2587504,73.3891968,26561,1662,FixOK,A,OaG5CU0303,G133fg5425,"Main road murbad, Additional MIDC, Murbad, Maharashtra 421401, India",15329.75,9.04,IgnitionOn,1,78.384,346.16,47,-69
225fc7e5-3e29-44b0-bd0e-e41ba498d395-3,BRAKE_PRESSED,2025-11-25 23:37:44,2025-11-25 23:41:26,19.2591056,73.389152,37731,1662,FixOK,,OaG5CU0303,G133fg5425,"Main road murbad, Additional MIDC, Murbad, Maharashtra 421401, India",0,16.32,IgnitionOn,1,,,,
8f48e3d4-e267-4f6a-9dbc-b96d69173597-10,EDC_BS6_PERIODIC,2025-11-25 23:37:44,2025-11-25 23:38:30,19.2591056,73.389152,26562,1662,FixOK,A,OaG5CU0303,G133fg5425,"Karjat - Murbad Rd, Shirgaon, Murbad, Maharashtra 421401, India",15329.75,19.2,IgnitionOn,1,75.974,0.38,48,-69
8f48e3d4-e267-4f6a-9dbc-b96d69173597-9,EDC_BS6_PERIODIC,2025-11-25 23:37:50,2025-11-25 23:38:30,19.2593504,73.3891712,26563,1662,FixOK,A,OaG5CU0303,G133fg5425,"Karjat - Murbad Rd, Shirgaon, Murbad, Maharashtra 421401, India",15329.875,21.74,IgnitionOn,1,74.425,7.55,50,-69
8f48e3d4-e267-4f6a-9dbc-b96d69173597-8,EDC_BS6_PERIODIC,2025-11-25 23:37:56,2025-11-25 23:38:30,19.259616,73.3891456,26564,1662,FixOK,A,OaG5CU0303,G133fg5425,"Karjat - Murbad Rd, Shirgaon, Murbad, Maharashtra 421401, India",15329.875,16.09,IgnitionOn,1,73.789,356.51,51,-69
8f48e3d4-e267-4f6a-9dbc-b96d69173597-7,BRAKE_PRESSED,2025-11-25 23:38:00,2025-11-25 23:38:30,19.2598336,73.38912,37732,1662,FixOK,,OaG5CU0303,G133fg5425,"Karjat - Murbad Rd, Shirgaon, Murbad, Maharashtra 421401, India",0,16.1,IgnitionOn,1,,,,
8f48e3d4-e267-4f6a-9dbc-b96d69173597-6,EDC_BS6_PERIODIC,2025-11-25 23:38:02,2025-11-25 23:38:30,19.2599264,73.3890944,26565,1662,FixOK,A,OaG5CU0303,G133fg5425,"Karjat - Murbad Rd, Shirgaon, Murbad, Maharashtra 421401, India",15329.875,20.95,IgnitionOn,1,73.047,353.01,52,-69
8f48e3d4-e267-4f6a-9dbc-b96d69173597-5,EDC_BS6_PERIODIC,2025-11-25 23:38:08,2025-11-25 23:38:30,19.2600656,73.3890816,26566,1662,FixOK,A,OaG5CU0303,G133fg5425,"Karjat - Murbad Rd, Shirgaon, Murbad, Maharashtra 421401, India",15329.875,11.63,IgnitionOn,1,73.072,359.85,50,-69
8f48e3d4-e267-4f6a-9dbc-b96d69173597-4,EDC_BS6_PERIODIC,2025-11-25 23:38:14,2025-11-25 23:38:30,19.2603808,73.3890496,26567,1662,FixOK,A,OaG5CU0303,G133fg5425,"Karjat - Murbad Rd, Shirgaon, Murbad, Maharashtra 421401, India",15329.875,19.57,IgnitionOn,1,71.653,353.67,51,-69
8f48e3d4-e267-4f6a-9dbc-b96d69173597-3,BRAKE_PRESSED,2025-11-25 23:38:16,2025-11-25 23:38:30,19.260512,73.3890432,37733,1662,FixOK,,OaG5CU0303,G133fg5425,"Karjat - Murbad Rd, Shirgaon, Murbad, Maharashtra 421401, India",0,12.82,IgnitionOn,1,,,,
8f48e3d4-e267-4f6a-9dbc-b96d69173597-2-1,HARSH_BREAKING_END,2025-11-25 23:38:18,2025-11-25 23:38:30,19.2606272,73.3890304,37734,1662,FixOK,,OaG5CU0303,G133fg5425,"Karjat - Murbad Rd, Shirgaon, Murbad, Maharashtra 421401, India",0,8.81,IgnitionOn,1,,,,
8f48e3d4-e267-4f6a-9dbc-b96d69173597-2,HARSH_BREAKING_START,2025-11-25 23:38:18,2025-11-25 23:38:30,19.2606272,73.3890304,37734,1662,FixOK,,OaG5CU0303,G133fg5425,"Karjat - Murbad Rd, Shirgaon, Murbad, Maharashtra 421401, India",0,8.81,IgnitionOn,1,,,,
8f48e3d4-e267-4f6a-9dbc-b96d69173597-1,EDC_BS6_PERIODIC,2025-11-25 23:38:20,2025-11-25 23:38:30,19.2606848,73.3890304,26568,1662,FixOK,A,OaG5CU0303,G133fg5425,"Karjat - Murbad Rd, Shirgaon, Murbad, Maharashtra 421401, India",15330,25.89,IgnitionOn,1,71.48,358.73,52,-69
225fc7e5-3e29-44b0-bd0e-e41ba498d395-2,EDC_BS6_PERIODIC,2025-11-25 23:38:26,2025-11-25 23:41:26,19.260888,73.3890816,26569,1662,FixOK,A,OaG5CU0303,G133fg5425,"Main road murbad, Additional MIDC, Murbad, Maharashtra 421401, India",15330,10.26,IgnitionOn,1,71.346,15.68,50,-69
225fc7e5-3e29-44b0-bd0e-e41ba498d395-1,EDC_BS6_PERIODIC,2025-11-25 23:38:32,2025-11-25 23:41:26,19.261272,73.3891776,26570,1662,FixOK,A,OaG5CU0303,G133fg5425,"Main road murbad, Additional MIDC, Murbad, Maharashtra 421401, India",15330,22.73,IgnitionOn,1,70.652,12.3,50,-69
90b1dd72-760f-44de-a858-1455f41145e0-10,EDC_BS6_PERIODIC,2025-11-25 23:38:38,2025-11-25 23:39:31,19.261648,73.3893888,26571,1662,FixOK,A,OaG5CU0303,G133fg5425,"69WX+WW7, Karjat - Murbad Rd, Murbad, Maharashtra 421401, India",15330.125,28.8,IgnitionOn,1,68.888,32.31,51,-69
90b1dd72-760f-44de-a858-1455f41145e0-9,EDC_BS6_PERIODIC,2025-11-25 23:38:44,2025-11-25 23:39:31,19.262096,73.389664,26572,1662,FixOK,A,OaG5CU0303,G133fg5425,"69WX+WW7, Karjat - Murbad Rd, Murbad, Maharashtra 421401, India",15330.125,32.55,IgnitionOn,1,67.735,29.79,51,-69
90b1dd72-760f-44de-a858-1455f41145e0-8,BRAKE_PRESSED,2025-11-25 23:38:45,2025-11-25 23:39:31,19.2621856,73.389696,37735,1662,FixOK,,OaG5CU0303,G133fg5425,"69WX+WW7, Karjat - Murbad Rd, Murbad, Maharashtra 421401, India",0,29.32,IgnitionOn,1,,,,
90b1dd72-760f-44de-a858-1455f41145e0-7-1,HARSH_BREAKING_END,2025-11-25 23:38:48,2025-11-25 23:39:31,19.2624384,73.3897664,37736,1662,FixOK,,OaG5CU0303,G133fg5425,"69WX+WW7, Karjat - Murbad Rd, Murbad, Maharashtra 421401, India",0,9.08,IgnitionOn,1,,,,
90b1dd72-760f-44de-a858-1455f41145e0-7,HARSH_BREAKING_START,2025-11-25 23:38:48,2025-11-25 23:39:31,19.2624384,73.3897664,37736,1662,FixOK,,OaG5CU0303,G133fg5425,"69WX+WW7, Karjat - Murbad Rd, Murbad, Maharashtra 421401, India",0,9.08,IgnitionOn,1,,,,
90b1dd72-760f-44de-a858-1455f41145e0-6,EDC_BS6_PERIODIC,2025-11-25 23:38:50,2025-11-25 23:39:31,19.262536,73.389792,26573,1662,FixOK,A,OaG5CU0303,G133fg5425,"69WX+WW7, Karjat - Murbad Rd, Murbad, Maharashtra 421401, India",15330.25,38.72,IgnitionOn,1,65.283,13.1,53,-69
90b1dd72-760f-44de-a858-1455f41145e0-5,EDC_BS6_PERIODIC,2025-11-25 23:38:56,2025-11-25 23:39:31,19.26268,73.3898176,26574,1662,FixOK,A,OaG5CU0303,G133fg5425,"69WX+WW7, Karjat - Murbad Rd, Murbad, Maharashtra 421401, India",15330.25,8.53,IgnitionOn,1,65.309,8.77,52,-69
90b1dd72-760f-44de-a858-1455f41145e0-4,EDC_BS6_PERIODIC,2025-11-25 23:39:02,2025-11-25 23:39:31,19.2628576,73.3898304,26575,1662,FixOK,A,OaG5CU0303,G133fg5425,"69WX+WW7, Karjat - Murbad Rd, Murbad, Maharashtra 421401, India",15330.25,12.2,IgnitionOn,1,65.192,4,51,-69
90b1dd72-760f-44de-a858-1455f41145e0-3,EDC_BS6_PERIODIC,2025-11-25 23:39:08,2025-11-25 23:39:31,19.2631328,73.389888,26576,1662,FixOK,A,OaG5CU0303,G133fg5425,"69WX+WW7, Karjat - Murbad Rd, Murbad, Maharashtra 421401, India",15330.25,17.16,IgnitionOn,1,64.703,13.23,52,-69
90b1dd72-760f-44de-a858-1455f41145e0-2,EDC_BS6_PERIODIC,2025-11-25 23:39:14,2025-11-25 23:39:31,19.2634976,73.3899776,26577,1662,FixOK,A,OaG5CU0303,G133fg5425,"69WX+WW7, Karjat - Murbad Rd, Murbad, Maharashtra 421401, India",15330.375,24.04,IgnitionOn,1,65.186,12.4,51,-69
90b1dd72-760f-44de-a858-1455f41145e0-1,EDC_BS6_PERIODIC,2025-11-25 23:39:20,2025-11-25 23:39:31,19.2639008,73.3899776,26578,1662,FixOK,A,OaG5CU0303,G133fg5425,"69WX+WW7, Karjat - Murbad Rd, Murbad, Maharashtra 421401, India",15330.375,27.33,IgnitionOn,1,65.793,356.35,50,-69
e8dce132-d8ae-4fe8-90b5-19e2ec49876f-11,EDC_BS6_PERIODIC,2025-11-25 23:39:26,2025-11-25 23:44:34,19.264328,73.3899008,26579,1662,FixOK,A,OaG5CU0303,G133fg5425,"79GV+2VV, Kudavali, Maharashtra 421401, India",15330.375,28.05,IgnitionOn,1,66.426,350.57,51,-69
690d84cd-ac03-4da3-9bdd-8252eb5f7ae9-10,EDC_BS6_PERIODIC,2025-11-25 23:39:32,2025-11-25 23:40:34,19.2647968,73.389824,26580,1662,FixOK,A,OaG5CU0303,G133fg5425,"Karjat - Murbad Rd, Murbad, Maharashtra 421401, India",15330.5,31.2,IgnitionOn,1,66.07,350.73,51,-69
690d84cd-ac03-4da3-9bdd-8252eb5f7ae9-9,EDC_BS6_PERIODIC,2025-11-25 23:39:38,2025-11-25 23:40:34,19.2652928,73.3898368,26581,1662,FixOK,A,OaG5CU0303,G133fg5425,"Karjat - Murbad Rd, Murbad, Maharashtra 421401, India",15330.5,34.5,IgnitionOn,1,67.473,9.38,51,-69
690d84cd-ac03-4da3-9bdd-8252eb5f7ae9-8,BRAKE_PRESSED,2025-11-25 23:39:41,2025-11-25 23:40:34,19.26544,73.3898752,37737,1662,FixOK,,OaG5CU0303,G133fg5425,"Karjat - Murbad Rd, Murbad, Maharashtra 421401, India",0,14.31,IgnitionOn,1,,,,
690d84cd-ac03-4da3-9bdd-8252eb5f7ae9-7,EDC_BS6_PERIODIC,2025-11-25 23:39:44,2025-11-25 23:40:34,19.2656064,73.3899392,26582,1662,FixOK,A,OaG5CU0303,G133fg5425,"Karjat - Murbad Rd, Murbad, Maharashtra 421401, India",15330.625,28.56,IgnitionOn,1,68.841,20.64,51,-69
690d84cd-ac03-4da3-9bdd-8252eb5f7ae9-6,EDC_BS6_PERIODIC,2025-11-25 23:39:50,2025-11-25 23:40:34,19.2657632,73.3900096,26583,1662,FixOK,A,OaG5CU0303,G133fg5425,"Karjat - Murbad Rd, Murbad, Maharashtra 421401, India",15330.625,10.73,IgnitionOn,1,69.555,23.63,54,-69
690d84cd-ac03-4da3-9bdd-8252eb5f7ae9-5,EDC_BS6_PERIODIC,2025-11-25 23:39:56,2025-11-25 23:40:34,19.2659552,73.3901504,26584,1662,FixOK,A,OaG5CU0303,G133fg5425,"Karjat - Murbad Rd, Murbad, Maharashtra 421401, India",15330.625,15.77,IgnitionOn,1,70.25,40.45,54,-69
690d84cd-ac03-4da3-9bdd-8252eb5f7ae9-4,EDC_BS6_PERIODIC,2025-11-25 23:40:02,2025-11-25 23:40:34,19.2662016,73.3904064,26585,1662,FixOK,A,OaG5CU0303,G133fg5425,"Karjat - Murbad Rd, Murbad, Maharashtra 421401, India",15330.625,23.88,IgnitionOn,1,70.359,41.02,53,-69
690d84cd-ac03-4da3-9bdd-8252eb5f7ae9-3,EDC_BS6_PERIODIC,2025-11-25 23:40:08,2025-11-25 23:40:34,19.26644,73.3907136,26586,1662,FixOK,A,OaG5CU0303,G133fg5425,"Karjat - Murbad Rd, Murbad, Maharashtra 421401, India",15330.75,25.25,IgnitionOn,1,70.575,47.56,54,-69
690d84cd-ac03-4da3-9bdd-8252eb5f7ae9-2,EDC_BS6_PERIODIC,2025-11-25 23:40:14,2025-11-25 23:40:34,19.2667744,73.3910016,26587,1662,FixOK,A,OaG5CU0303,G133fg5425,"Karjat - Murbad Rd, Murbad, Maharashtra 421401, India",15330.75,28.56,IgnitionOn,1,70.725,31.55,54,-69
690d84cd-ac03-4da3-9bdd-8252eb5f7ae9-1,EDC_BS6_PERIODIC,2025-11-25 23:40:20,2025-11-25 23:40:34,19.2672416,73.3911296,26588,1662,FixOK,A,OaG5CU0303,G133fg5425,"Karjat - Murbad Rd, Murbad, Maharashtra 421401, India",15330.75,31.63,IgnitionOn,1,71.216,11.55,52,-69
e8dce132-d8ae-4fe8-90b5-19e2ec49876f-10,EDC_BS6_PERIODIC,2025-11-25 23:40:26,2025-11-25 23:44:34,19.267768,73.391296,26589,1662,FixOK,A,OaG5CU0303,G133fg5425,"79GV+2VV, Kudavali, Maharashtra 421401, India",15330.875,36.14,IgnitionOn,1,71.455,17.81,51,-69
e8dce132-d8ae-4fe8-90b5-19e2ec49876f-9,EDC_BS6_PERIODIC,2025-11-25 23:40:32,2025-11-25 23:44:34,19.2683056,73.39152,26590,1662,FixOK,A,OaG5CU0303,G133fg5425,"79GV+2VV, Kudavali, Maharashtra 421401, India",15330.875,38.94,IgnitionOn,1,72.374,20.9,50,-69
e8dce132-d8ae-4fe8-90b5-19e2ec49876f-8,EDC_BS6_PERIODIC,2025-11-25 23:40:38,2025-11-25 23:44:34,19.2688192,73.3918208,26591,1662,FixOK,A,OaG5CU0303,G133fg5425,"79GV+2VV, Kudavali, Maharashtra 421401, India",15331,38.73,IgnitionOn,1,72.748,34.11,51,-55
4332b5bf-f4a7-4d51-bc86-721878b6b735-10,BRAKE_PRESSED,2025-11-25 23:40:41,2025-11-25 23:41:33,19.2690752,73.3920128,37738,1662,FixOK,,OaG5CU0303,G133fg5425,"Main road murbad, Additional MIDC, Murbad, Maharashtra 421401, India",0,34.71,IgnitionOn,1,,,,
4332b5bf-f4a7-4d51-bc86-721878b6b735-9,EDC_BS6_PERIODIC,2025-11-25 23:40:44,2025-11-25 23:41:33,19.2693152,73.3922048,26592,1662,FixOK,A,OaG5CU0303,G133fg5425,"Main road murbad, Additional MIDC, Murbad, Maharashtra 421401, India",15331.125,40.9,IgnitionOn,1,72.078,38.61,52,-55
5f57cdb6-a340-4e54-b93d-e5263b4a45b3,HEARTBEAT_MESSAGE,2025-11-25 23:40:45,2025-11-25 23:40:45,0,0,,,,,OaG5CU0303,G133fg5425,,,,,1,,,,
4332b5bf-f4a7-4d51-bc86-721878b6b735-8-1,HARSH_BREAKING_END,2025-11-25 23:40:46,2025-11-25 23:41:33,19.269448,73.39232,37739,1662,FixOK,,OaG5CU0303,G133fg5425,"Main road murbad, Additional MIDC, Murbad, Maharashtra 421401, India",0,9.24,IgnitionOn,1,,,,
4332b5bf-f4a7-4d51-bc86-721878b6b735-8,HARSH_BREAKING_START,2025-11-25 23:40:46,2025-11-25 23:41:33,19.269448,73.39232,37739,1662,FixOK,,OaG5CU0303,G133fg5425,"Main road murbad, Additional MIDC, Murbad, Maharashtra 421401, India",0,9.24,IgnitionOn,1,,,,
4332b5bf-f4a7-4d51-bc86-721878b6b735-7,EDC_BS6_PERIODIC,2025-11-25 23:40:50,2025-11-25 23:41:33,19.269592,73.3924224,26593,1662,FixOK,A,OaG5CU0303,G133fg5425,"Main road murbad, Additional MIDC, Murbad, Maharashtra 421401, India",15331.125,25.26,IgnitionOn,1,72.296,32.24,52,-55
4332b5bf-f4a7-4d51-bc86-721878b6b735-6,EDC_BS6_PERIODIC,2025-11-25 23:40:56,2025-11-25 23:41:33,19.2697456,73.3924416,26594,1662,FixOK,A,OaG5CU0303,G133fg5425,"Main road murbad, Additional MIDC, Murbad, Maharashtra 421401, India",15331.125,11.45,IgnitionOn,1,72.975,4.84,52,-55
4332b5bf-f4a7-4d51-bc86-721878b6b735-5,EDC_BS6_PERIODIC,2025-11-25 23:41:02,2025-11-25 23:41:33,19.2699664,73.3924992,26595,1662,FixOK,A,OaG5CU0303,G133fg5425,"Main road murbad, Additional MIDC, Murbad, Maharashtra 421401, India",15331.125,15.15,IgnitionOn,1,74.175,9.07,52,-55
4332b5bf-f4a7-4d51-bc86-721878b6b735-4,EDC_BS6_PERIODIC,2025-11-25 23:41:08,2025-11-25 23:41:33,19.270232,73.3926528,26596,1662,FixOK,A,OaG5CU0303,G133fg5425,"Main road murbad, Additional MIDC, Murbad, Maharashtra 421401, India",15331.25,21.08,IgnitionOn,1,74.908,36.16,52,-55
4332b5bf-f4a7-4d51-bc86-721878b6b735-3,EDC_BS6_PERIODIC,2025-11-25 23:41:14,2025-11-25 23:41:33,19.2705376,73.3929344,26597,1662,FixOK,A,OaG5CU0303,G133fg5425,"Main road murbad, Additional MIDC, Murbad, Maharashtra 421401, India",15331.25,27.24,IgnitionOn,1,76.273,43.2,52,-55
4332b5bf-f4a7-4d51-bc86-721878b6b735-2,EDC_BS6_PERIODIC,2025-11-25 23:41:20,2025-11-25 23:41:33,19.270792,73.3932288,26598,1662,FixOK,A,OaG5CU0303,G133fg5425,"Main road murbad, Additional MIDC, Murbad, Maharashtra 421401, India",15331.25,30.49,IgnitionOn,1,76.279,48,54,-55
4332b5bf-f4a7-4d51-bc86-721878b6b735-1,EDC_BS6_PERIODIC,2025-11-25 23:41:26,2025-11-25 23:41:33,19.271104,73.3936512,26599,1662,FixOK,A,OaG5CU0303,G133fg5425,"Main road murbad, Additional MIDC, Murbad, Maharashtra 421401, India",15331.375,34.38,IgnitionOn,1,76.569,52.45,53,-55
e8dce132-d8ae-4fe8-90b5-19e2ec49876f-7,EDC_BS6_PERIODIC,2025-11-25 23:41:33,2025-11-25 23:44:34,19.2715328,73.3939968,26600,1662,FixOK,A,OaG5CU0303,G133fg5425,"79GV+2VV, Kudavali, Maharashtra 421401, India",15331.375,36.56,IgnitionOn,1,77.248,41.9,54,-55
e8dce132-d8ae-4fe8-90b5-19e2ec49876f-6,BRAKE_PRESSED,2025-11-25 23:41:36,2025-11-25 23:44:34,19.272144,73.3942976,37740,1662,FixOK,,OaG5CU0303,G133fg5425,"79GV+2VV, Kudavali, Maharashtra 421401, India",0,28.59,IgnitionOn,1,,,,
e8dce132-d8ae-4fe8-90b5-19e2ec49876f-5,EDC_BS6_PERIODIC,2025-11-25 23:41:38,2025-11-25 23:44:34,19.2722912,73.3943424,26601,1662,FixOK,A,OaG5CU0303,G133fg5425,"79GV+2VV, Kudavali, Maharashtra 421401, India",15331.5,39.09,IgnitionOn,1,79.311,21.62,51,-55
e8dce132-d8ae-4fe8-90b5-19e2ec49876f-4-1,HARSH_BREAKING_END,2025-11-25 23:41:41,2025-11-25 23:44:34,19.2724096,73.3943744,37741,1662,FixOK,,OaG5CU0303,G133fg5425,"79GV+2VV, Kudavali, Maharashtra 421401, India",0,6.04,IgnitionOn,1,,,,
e8dce132-d8ae-4fe8-90b5-19e2ec49876f-4,HARSH_BREAKING_START,2025-11-25 23:41:41,2025-11-25 23:44:34,19.2724096,73.3943744,37741,1662,FixOK,,OaG5CU0303,G133fg5425,"79GV+2VV, Kudavali, Maharashtra 421401, India",0,6.04,IgnitionOn,1,,,,
e8dce132-d8ae-4fe8-90b5-19e2ec49876f-3,EDC_BS6_PERIODIC,2025-11-25 23:41:44,2025-11-25 23:44:34,19.272448,73.3943808,26602,1662,FixOK,A,OaG5CU0303,G133fg5425,"79GV+2VV, Kudavali, Maharashtra 421401, India",15331.5,17.9,IgnitionOn,1,78.984,10.61,53,-55
c395f95d-7ff6-4509-99b1-286edc3f7b10-10,EDC_BS6_PERIODIC,2025-11-25 23:41:50,2025-11-25 23:42:35,19.272608,73.394432,26603,1662,FixOK,A,OaG5CU0303,G133fg5425,"MH SH 79, Murbad, Maharashtra 421401, India",15331.5,6.19,IgnitionOn,1,80.273,11.93,52,-55
c395f95d-7ff6-4509-99b1-286edc3f7b10-9,EDC_BS6_PERIODIC,2025-11-25 23:41:56,2025-11-25 23:42:35,19.2729216,73.3945088,26604,1662,FixOK,A,OaG5CU0303,G133fg5425,"MH SH 79, Murbad, Maharashtra 421401, India",15331.625,18.81,IgnitionOn,1,80.126,15.55,54,-55
c395f95d-7ff6-4509-99b1-286edc3f7b10-8,EDC_BS6_PERIODIC,2025-11-25 23:42:02,2025-11-25 23:42:35,19.2733696,73.394624,26605,1662,FixOK,A,OaG5CU0303,G133fg5425,"MH SH 79, Murbad, Maharashtra 421401, India",15331.625,29.55,IgnitionOn,1,78.624,13.8,53,-55
c395f95d-7ff6-4509-99b1-286edc3f7b10-7,BRAKE_PRESSED,2025-11-25 23:42:05,2025-11-25 23:42:35,19.2736144,73.394688,37742,1662,FixOK,,OaG5CU0303,G133fg5425,"MH SH 79, Murbad, Maharashtra 421401, India",0,22.77,IgnitionOn,1,,,,
c395f95d-7ff6-4509-99b1-286edc3f7b10-6-1,HARSH_BREAKING_END,2025-11-25 23:42:07,2025-11-25 23:42:35,19.273736,73.39472,37743,1662,FixOK,,OaG5CU0303,G133fg5425,"MH SH 79, Murbad, Maharashtra 421401, India",0,12.36,IgnitionOn,1,,,,
c395f95d-7ff6-4509-99b1-286edc3f7b10-6,HARSH_BREAKING_START,2025-11-25 23:42:07,2025-11-25 23:42:35,19.273736,73.39472,37743,1662,FixOK,,OaG5CU0303,G133fg5425,"MH SH 79, Murbad, Maharashtra 421401, India",0,12.36,IgnitionOn,1,,,,
c395f95d-7ff6-4509-99b1-286edc3f7b10-5,EDC_BS6_PERIODIC,2025-11-25 23:42:08,2025-11-25 23:42:35,19.273776,73.3947392,26606,1662,FixOK,A,OaG5CU0303,G133fg5425,"MH SH 79, Murbad, Maharashtra 421401, India",15331.625,33.96,IgnitionOn,1,78.7,13.05,51,-55
c395f95d-7ff6-4509-99b1-286edc3f7b10-4,EDC_BS6_PERIODIC,2025-11-25 23:42:14,2025-11-25 23:42:35,19.2739696,73.3948224,26607,1662,FixOK,A,OaG5CU0303,G133fg5425,"MH SH 79, Murbad, Maharashtra 421401, India",15331.75,13.18,IgnitionOn,1,79.093,24.28,51,-55
c395f95d-7ff6-4509-99b1-286edc3f7b10-3,EDC_BS6_PERIODIC,2025-11-25 23:42:20,2025-11-25 23:42:35,19.2743008,73.394912,26608,1662,FixOK,A,OaG5CU0303,G133fg5425,"MH SH 79, Murbad, Maharashtra 421401, India",15331.75,20.43,IgnitionOn,1,79.001,12.64,52,-55
c395f95d-7ff6-4509-99b1-286edc3f7b10-2,EDC_BS6_PERIODIC,2025-11-25 23:42:26,2025-11-25 23:42:35,19.2746736,73.3949504,26609,1662,FixOK,A,OaG5CU0303,G133fg5425,"MH SH 79, Murbad, Maharashtra 421401, India",15331.75,25.09,IgnitionOn,1,79.69,3.33,51,-55
c395f95d-7ff6-4509-99b1-286edc3f7b10-1,BRAKE_PRESSED,2025-11-25 23:42:27,2025-11-25 23:42:35,19.274728,73.3949568,37744,1662,FixOK,,OaG5CU0303,G133fg5425,"MH SH 79, Murbad, Maharashtra 421401, India",0,15.14,IgnitionOn,1,,,,
e8dce132-d8ae-4fe8-90b5-19e2ec49876f-2,EDC_BS6_PERIODIC,2025-11-25 23:42:32,2025-11-25 23:44:34,19.2748976,73.3949696,26610,1662,FixOK,A,OaG5CU0303,G133fg5425,"79GV+2VV, Kudavali, Maharashtra 421401, India",15331.875,19.47,IgnitionOn,1,79.427,355.98,51,-55
e8dce132-d8ae-4fe8-90b5-19e2ec49876f-1,EDC_BS6_PERIODIC,2025-11-25 23:42:38,2025-11-25 23:44:34,19.2750592,73.394976,26611,1662,FixOK,A,OaG5CU0303,G133fg5425,"79GV+2VV, Kudavali, Maharashtra 421401, India",15331.875,12.01,IgnitionOn,1,79.925,5.73,52,-55
87db333d-75b2-4fc3-8009-1c49425d4552-10,EDC_BS6_PERIODIC,2025-11-25 23:42:44,2025-11-25 23:43:36,19.2752672,73.3950016,26612,1662,FixOK,A,OaG5CU0303,G133fg5425,"795R+FH3, Additional MIDC, Shirgaon, Murbad, Maharashtra 421401, India",15331.875,11.77,IgnitionOn,1,81.361,5.09,52,-55
87db333d-75b2-4fc3-8009-1c49425d4552-9,EDC_BS6_PERIODIC,2025-11-25 23:42:50,2025-11-25 23:43:36,19.2755712,73.39504,26613,1662,FixOK,A,OaG5CU0303,G133fg5425,"795R+FH3, Additional MIDC, Shirgaon, Murbad, Maharashtra 421401, India",15331.875,18.59,IgnitionOn,1,81.925,3.49,51,-55
87db333d-75b2-4fc3-8009-1c49425d4552-8,EDC_BS6_PERIODIC,2025-11-25 23:42:56,2025-11-25 23:43:36,19.2759712,73.3950592,26614,1662,FixOK,A,OaG5CU0303,G133fg5425,"795R+FH3, Additional MIDC, Shirgaon, Murbad, Maharashtra 421401, India",15331.875,25.11,IgnitionOn,1,82.963,358.22,50,-55
87db333d-75b2-4fc3-8009-1c49425d4552-7,EDC_BS6_PERIODIC,2025-11-25 23:43:02,2025-11-25 23:43:36,19.2763344,73.3950208,26615,1662,FixOK,A,OaG5CU0303,G133fg5425,"795R+FH3, Additional MIDC, Shirgaon, Murbad, Maharashtra 421401, India",15332,29.12,IgnitionOn,1,84.491,354.64,51,-55
87db333d-75b2-4fc3-8009-1c49425d4552-6,BRAKE_PRESSED,2025-11-25 23:43:05,2025-11-25 23:43:36,19.2765536,73.394976,37745,1662,FixOK,,OaG5CU0303,G133fg5425,"795R+FH3, Additional MIDC, Shirgaon, Murbad, Maharashtra 421401, India",0,19.08,IgnitionOn,1,,,,
87db333d-75b2-4fc3-8009-1c49425d4552-5,EDC_BS6_PERIODIC,2025-11-25 23:43:08,2025-11-25 23:43:36,19.2767232,73.3949312,26616,1662,FixOK,A,OaG5CU0303,G133fg5425,"795R+FH3, Additional MIDC, Shirgaon, Murbad, Maharashtra 421401, India",15332,30.11,IgnitionOn,1,85.181,343.98,52,-55
87db333d-75b2-4fc3-8009-1c49425d4552-4,EDC_BS6_PERIODIC,2025-11-25 23:43:14,2025-11-25 23:43:36,19.2769472,73.394848,26617,1662,FixOK,A,OaG5CU0303,G133fg5425,"795R+FH3, Additional MIDC, Shirgaon, Murbad, Maharashtra 421401, India",15332.125,15.6,IgnitionOn,1,85.274,341.04,52,-55
87db333d-75b2-4fc3-8009-1c49425d4552-3,BRAKE_PRESSED,2025-11-25 23:43:15,2025-11-25 23:43:36,19.2769888,73.3948416,37746,1662,FixOK,,OaG5CU0303,G133fg5425,"795R+FH3, Additional MIDC, Shirgaon, Murbad, Maharashtra 421401, India",0,7.91,IgnitionOn,1,,,,
87db333d-75b2-4fc3-8009-1c49425d4552-2,EDC_BS6_PERIODIC,2025-11-25 23:43:20,2025-11-25 23:43:36,19.277104,73.3948032,26618,1662,FixOK,A,OaG5CU0303,G133fg5425,"795R+FH3, Additional MIDC, Shirgaon, Murbad, Maharashtra 421401, India",15332.125,11.27,IgnitionOn,1,86.115,351.55,53,-55
87db333d-75b2-4fc3-8009-1c49425d4552-1,EDC_BS6_PERIODIC,2025-11-25 23:43:26,2025-11-25 23:43:36,19.2772816,73.3947648,26619,1662,FixOK,A,OaG5CU0303,G133fg5425,"795R+FH3, Additional MIDC, Shirgaon, Murbad, Maharashtra 421401, India",15332.125,10.34,IgnitionOn,1,86.561,350.63,53,-55
427b419c-ab7e-47ee-b876-274066da0d30-48,EDC_BS6_PERIODIC,2025-11-25 23:43:32,2025-11-25 23:56:07,19.277576,73.3947456,26620,1662,FixOK,A,OaG5CU0303,G133fg5425,"MH SH 79, Pimpalgaon, Maharashtra 421401, India",15332.125,18.89,IgnitionOn,1,86.966,356.95,52,-55
427b419c-ab7e-47ee-b876-274066da0d30-47,EDC_BS6_PERIODIC,2025-11-25 23:43:38,2025-11-25 23:56:07,19.2779616,73.3947008,26621,1662,FixOK,A,OaG5CU0303,G133fg5425,"MH SH 79, Pimpalgaon, Maharashtra 421401, India",15332.125,25.3,IgnitionOn,1,87.848,355.19,53,-55
1a2652cf-1afa-4af9-8ce8-89d56c174a1f-10,EDC_BS6_PERIODIC,2025-11-25 23:43:44,2025-11-25 23:44:37,19.278392,73.394624,26622,1662,FixOK,A,OaG5CU0303,G133fg5425,"79GV+2VV, Kudavali, Maharashtra 421401, India",15332.25,29.48,IgnitionOn,1,88.914,346.82,51,-55
1a2652cf-1afa-4af9-8ce8-89d56c174a1f-9,EDC_BS6_PERIODIC,2025-11-25 23:43:50,2025-11-25 23:44:37,19.27884,73.3946112,26623,1662,FixOK,A,OaG5CU0303,G133fg5425,"79GV+2VV, Kudavali, Maharashtra 421401, India",15332.25,29.45,IgnitionOn,1,90.742,6.75,49,-55
1a2652cf-1afa-4af9-8ce8-89d56c174a1f-8,EDC_BS6_PERIODIC,2025-11-25 23:43:56,2025-11-25 23:44:37,19.279304,73.3947776,26624,1662,FixOK,A,OaG5CU0303,G133fg5425,"79GV+2VV, Kudavali, Maharashtra 421401, India",15332.375,32.84,IgnitionOn,1,91.81,25.11,51,-55
1a2652cf-1afa-4af9-8ce8-89d56c174a1f-7,EDC_BS6_PERIODIC,2025-11-25 23:44:02,2025-11-25 23:44:37,19.279792,73.3950144,26625,1662,FixOK,A,OaG5CU0303,G133fg5425,"79GV+2VV, Kudavali, Maharashtra 421401, India",15332.375,36.05,IgnitionOn,1,93.258,25.56,49,-55
1a2652cf-1afa-4af9-8ce8-89d56c174a1f-6,EDC_BS6_PERIODIC,2025-11-25 23:44:08,2025-11-25 23:44:37,19.2803344,73.395264,26626,1662,FixOK,A,OaG5CU0303,G133fg5425,"79GV+2VV, Kudavali, Maharashtra 421401, India",15332.5,39.4,IgnitionOn,1,93.861,24.04,52,-55
1a2652cf-1afa-4af9-8ce8-89d56c174a1f-5,BRAKE_PRESSED,2025-11-25 23:44:09,2025-11-25 23:44:37,19.2804288,73.395296,37747,1662,FixOK,,OaG5CU0303,G133fg5425,"79GV+2VV, Kudavali, Maharashtra 421401, India",0,29.5,IgnitionOn,1,,,,
1a2652cf-1afa-4af9-8ce8-89d56c174a1f-4-1,HARSH_BREAKING_END,2025-11-25 23:44:13,2025-11-25 23:44:37,19.2807232,73.3954176,37748,1662,FixOK,,OaG5CU0303,G133fg5425,"79GV+2VV, Kudavali, Maharashtra 421401, India",0,5.11,IgnitionOn,1,,,,
1a2652cf-1afa-4af9-8ce8-89d56c174a1f-4,HARSH_BREAKING_START,2025-11-25 23:44:13,2025-11-25 23:44:37,19.2807232,73.3954176,37748,1662,FixOK,,OaG5CU0303,G133fg5425,"79GV+2VV, Kudavali, Maharashtra 421401, India",0,5.11,IgnitionOn,1,,,,
1a2652cf-1afa-4af9-8ce8-89d56c174a1f-3,EDC_BS6_PERIODIC,2025-11-25 23:44:14,2025-11-25 23:44:37,19.28076,73.3954304,26627,1662,FixOK,A,OaG5CU0303,G133fg5425,"79GV+2VV, Kudavali, Maharashtra 421401, India",15332.5,35.31,IgnitionOn,1,94.383,19.95,51,-55
1a2652cf-1afa-4af9-8ce8-89d56c174a1f-2,EDC_BS6_PERIODIC,2025-11-25 23:44:20,2025-11-25 23:44:37,19.280856,73.3954816,26628,1662,FixOK,A,OaG5CU0303,G133fg5425,"79GV+2VV, Kudavali, Maharashtra 421401, India",15332.5,6.44,IgnitionOn,1,94.326,25.12,53,-55
1a2652cf-1afa-4af9-8ce8-89d56c174a1f-1,EDC_BS6_PERIODIC,2025-11-25 23:44:26,2025-11-25 23:44:37,19.2810256,73.3955712,26629,1662,FixOK,A,OaG5CU0303,G133fg5425,"79GV+2VV, Kudavali, Maharashtra 421401, India",15332.625,13.2,IgnitionOn,1,95.456,32.13,54,-55
427b419c-ab7e-47ee-b876-274066da0d30-46,EDC_BS6_PERIODIC,2025-11-25 23:44:32,2025-11-25 23:56:07,19.2809728,73.3957824,26630,1662,FixOK,A,OaG5CU0303,G133fg5425,"MH SH 79, Pimpalgaon, Maharashtra 421401, India",15332.625,13.68,IgnitionOn,1,95.007,125.55,53,-55
427b419c-ab7e-47ee-b876-274066da0d30-45,EDC_BS6_PERIODIC,2025-11-25 23:44:38,2025-11-25 23:56:07,19.2810496,73.395872,26631,1662,FixOK,A,OaG5CU0303,G133fg5425,"MH SH 79, Pimpalgaon, Maharashtra 421401, India",15332.625,8.33,IgnitionOn,1,95.283,37.08,53,-55
375b0b22-30f8-4f09-9eaf-030690c570e3-10,EDC_BS6_PERIODIC,2025-11-25 23:44:44,2025-11-25 23:45:39,19.281168,73.3959296,26632,1662,FixOK,A,OaG5CU0303,G133fg5425,"MH SH 79, Murbad, Maharashtra 421401, India",15332.625,9.3,IgnitionOn,1,95.941,30.17,48,-55
375b0b22-30f8-4f09-9eaf-030690c570e3-9,EDC_BS6_PERIODIC,2025-11-25 23:44:50,2025-11-25 23:45:39,19.2813824,73.396032,26633,1662,FixOK,A,OaG5CU0303,G133fg5425,"MH SH 79, Murbad, Maharashtra 421401, India",15332.625,14.3,IgnitionOn,1,97.525,32.81,48,-55
375b0b22-30f8-4f09-9eaf-030690c570e3-8,EDC_BS6_PERIODIC,2025-11-25 23:44:56,2025-11-25 23:45:39,19.281552,73.3961536,26634,1662,FixOK,A,OaG5CU0303,G133fg5425,"MH SH 79, Murbad, Maharashtra 421401, India",15332.625,13.1,IgnitionOn,1,98.422,28.75,48,-55
375b0b22-30f8-4f09-9eaf-030690c570e3-7,EDC_BS6_PERIODIC,2025-11-25 23:45:02,2025-11-25 23:45:39,19.281672,73.3962176,26635,1662,FixOK,A,OaG5CU0303,G133fg5425,"MH SH 79, Murbad, Maharashtra 421401, India",15332.75,8.59,IgnitionOn,1,100.002,29.62,48,-55
375b0b22-30f8-4f09-9eaf-030690c570e3-6,EDC_BS6_PERIODIC,2025-11-25 23:45:08,2025-11-25 23:45:39,19.2818208,73.3962816,26636,1662,FixOK,A,OaG5CU0303,G133fg5425,"MH SH 79, Murbad, Maharashtra 421401, India",15332.75,10.18,IgnitionOn,1,100.422,18.54,50,-55
375b0b22-30f8-4f09-9eaf-030690c570e3-5,EDC_BS6_PERIODIC,2025-11-25 23:45:14,2025-11-25 23:45:39,19.2820288,73.3964032,26637,1662,FixOK,A,OaG5CU0303,G133fg5425,"MH SH 79, Murbad, Maharashtra 421401, India",15332.75,15.86,IgnitionOn,1,101.861,29.51,49,-55
375b0b22-30f8-4f09-9eaf-030690c570e3-4,EDC_BS6_PERIODIC,2025-11-25 23:45:20,2025-11-25 23:45:39,19.2822208,73.396512,26638,1662,FixOK,A,OaG5CU0303,G133fg5425,"MH SH 79, Murbad, Maharashtra 421401, India",15332.75,16.23,IgnitionOn,1,102.369,26.04,50,-55
375b0b22-30f8-4f09-9eaf-030690c570e3-3,EDC_BS6_PERIODIC,2025-11-25 23:45:26,2025-11-25 23:45:39,19.282392,73.3966144,26639,1662,FixOK,A,OaG5CU0303,G133fg5425,"MH SH 79, Murbad, Maharashtra 421401, India",15332.75,13.43,IgnitionOn,1,102.089,30.93,49,-55
375b0b22-30f8-4f09-9eaf-030690c570e3-2,GPS_MESSAGE,2025-11-25 23:45:30,2025-11-25 23:45:39,19.2824992,73.3966784,,1662,3DFix,,OaG5CU0303,G133fg5425,"MH SH 79, Murbad, Maharashtra 421401, India",0,,IgnitionOn,1,102,2,51,
375b0b22-30f8-4f09-9eaf-030690c570e3-1,EDC_BS6_PERIODIC,2025-11-25 23:45:32,2025-11-25 23:45:39,19.2825568,73.396704,26640,1662,FixOK,A,OaG5CU0303,G133fg5425,"MH SH 79, Murbad, Maharashtra 421401, India",15332.75,12.82,IgnitionOn,1,102.355,25.63,49,-55
427b419c-ab7e-47ee-b876-274066da0d30-44,EDC_BS6_PERIODIC,2025-11-25 23:45:38,2025-11-25 23:56:07,19.2826704,73.396768,26641,1662,FixOK,A,OaG5CU0303,G133fg5425,"MH SH 79, Pimpalgaon, Maharashtra 421401, India",15332.875,9.33,IgnitionOn,1,103.57,31.28,51,-55
ebcba69b-246f-4fb0-a912-517cd7272e3e-10,EDC_BS6_PERIODIC,2025-11-25 23:45:44,2025-11-25 23:46:40,19.282776,73.3968512,26642,1662,FixOK,A,OaG5CU0303,G133fg5425,"MH SH 79, Murbad, Maharashtra 421401, India",15332.875,7.79,IgnitionOn,1,103.88,23.88,49,-55
ebcba69b-246f-4fb0-a912-517cd7272e3e-9,EDC_BS6_PERIODIC,2025-11-25 23:45:50,2025-11-25 23:46:40,19.282992,73.3969792,26643,1662,FixOK,A,OaG5CU0303,G133fg5425,"MH SH 79, Murbad, Maharashtra 421401, India",15332.875,15.76,IgnitionOn,1,103.963,25.37,50,-55
ebcba69b-246f-4fb0-a912-517cd7272e3e-8,EDC_BS6_PERIODIC,2025-11-25 23:45:56,2025-11-25 23:46:40,19.283224,73.3970944,26644,1662,FixOK,A,OaG5CU0303,G133fg5425,"MH SH 79, Murbad, Maharashtra 421401, India",15332.875,15.29,IgnitionOn,1,104.18,23.3,46,-55
ebcba69b-246f-4fb0-a912-517cd7272e3e-7,EDC_BS6_PERIODIC,2025-11-25 23:46:02,2025-11-25 23:46:40,19.283536,73.3971904,26645,1662,FixOK,A,OaG5CU0303,G133fg5425,"MH SH 79, Murbad, Maharashtra 421401, India",15332.875,22.7,IgnitionOn,1,104.864,16.62,47,-55
ebcba69b-246f-4fb0-a912-517cd7272e3e-6,EDC_BS6_PERIODIC,2025-11-25 23:46:08,2025-11-25 23:46:40,19.283808,73.397248,26646,1662,FixOK,A,OaG5CU0303,G133fg5425,"MH SH 79, Murbad, Maharashtra 421401, India",15333,18.02,IgnitionOn,1,105.489,9,48,-55
ebcba69b-246f-4fb0-a912-517cd7272e3e-5,EDC_BS6_PERIODIC,2025-11-25 23:46:14,2025-11-25 23:46:40,19.2840352,73.3972736,26647,1662,FixOK,A,OaG5CU0303,G133fg5425,"MH SH 79, Murbad, Maharashtra 421401, India",15333,14.48,IgnitionOn,1,105.859,7.73,47,-55
ebcba69b-246f-4fb0-a912-517cd7272e3e-4,BRAKE_PRESSED,2025-11-25 23:46:20,2025-11-25 23:46:40,19.284272,73.3972864,37749,1662,FixOK,,OaG5CU0303,G133fg5425,"MH SH 79, Murbad, Maharashtra 421401, India",0,10.93,IgnitionOn,1,,,,
ebcba69b-246f-4fb0-a912-517cd7272e3e-3,EDC_BS6_PERIODIC,2025-11-25 23:46:20,2025-11-25 23:46:40,19.284272,73.3972864,26648,1662,FixOK,A,OaG5CU0303,G133fg5425,"MH SH 79, Murbad, Maharashtra 421401, India",15333,18.92,IgnitionOn,1,106.924,355.42,47,-55
ebcba69b-246f-4fb0-a912-517cd7272e3e-2,EDC_BS6_PERIODIC,2025-11-25 23:46:26,2025-11-25 23:46:40,19.2844784,73.3972608,26649,1662,FixOK,A,OaG5CU0303,G133fg5425,"MH SH 79, Murbad, Maharashtra 421401, India",15333,10.82,IgnitionOn,1,106.195,356.23,45,-55
ebcba69b-246f-4fb0-a912-517cd7272e3e-1,EDC_BS6_PERIODIC,2025-11-25 23:46:32,2025-11-25 23:46:40,19.284664,73.3972416,26650,1662,FixOK,A,OaG5CU0303,G133fg5425,"MH SH 79, Murbad, Maharashtra 421401, India",15333.125,14.69,IgnitionOn,1,105.819,353.52,45,-55
427b419c-ab7e-47ee-b876-274066da0d30-43,EDC_BS6_PERIODIC,2025-11-25 23:46:38,2025-11-25 23:56:07,19.2849616,73.3971776,26651,1662,FixOK,A,OaG5CU0303,G133fg5425,"MH SH 79, Pimpalgaon, Maharashtra 421401, India",15333.125,22.3,IgnitionOn,1,105.569,344.04,47,-73
427b419c-ab7e-47ee-b876-274066da0d30-42,EDC_BS6_PERIODIC,2025-11-25 23:46:44,2025-11-25 23:56:07,19.2852448,73.397216,26652,1662,FixOK,A,OaG5CU0303,G133fg5425,"MH SH 79, Pimpalgaon, Maharashtra 421401, India",15333.125,19.34,IgnitionOn,1,105.62,3,49,-73
427b419c-ab7e-47ee-b876-274066da0d30-41,EDC_BS6_PERIODIC,2025-11-25 23:46:50,2025-11-25 23:56:07,19.2854272,73.3973504,26653,1662,FixOK,A,OaG5CU0303,G133fg5425,"MH SH 79, Pimpalgaon, Maharashtra 421401, India",15333.125,13.34,IgnitionOn,1,106.115,46.79,50,-73
427b419c-ab7e-47ee-b876-274066da0d30-40,EDC_BS6_PERIODIC,2025-11-25 23:46:56,2025-11-25 23:56:07,19.2855552,73.3975296,26654,1662,FixOK,A,OaG5CU0303,G133fg5425,"MH SH 79, Pimpalgaon, Maharashtra 421401, India",15333.25,15.3,IgnitionOn,1,105.329,56.86,51,-73
427b419c-ab7e-47ee-b876-274066da0d30-39,EXHAUST_BRAKE_ON_START,2025-11-25 23:46:56,2025-11-25 23:56:07,19.2855552,73.3975296,37750,1662,FixOK,,OaG5CU0303,G133fg5425,"MH SH 79, Pimpalgaon, Maharashtra 421401, India",0,22.68,IgnitionOn,1,,,,
427b419c-ab7e-47ee-b876-274066da0d30-38,EXHAUST_BRAKE_ON_END,2025-11-25 23:46:58,2025-11-25 23:56:07,19.2856,73.3976064,37751,1662,FixOK,,OaG5CU0303,G133fg5425,"MH SH 79, Pimpalgaon, Maharashtra 421401, India",0,19.34,IgnitionOn,1,,,,
427b419c-ab7e-47ee-b876-274066da0d30-37,BRAKE_PRESSED,2025-11-25 23:46:59,2025-11-25 23:56:07,19.285624,73.3976448,37752,1662,FixOK,,OaG5CU0303,G133fg5425,"MH SH 79, Pimpalgaon, Maharashtra 421401, India",0,19.3,IgnitionOn,1,,,,
427b419c-ab7e-47ee-b876-274066da0d30-36,EDC_BS6_PERIODIC,2025-11-25 23:47:02,2025-11-25 23:56:07,19.2856992,73.3977984,26655,1662,FixOK,A,OaG5CU0303,G133fg5425,"MH SH 79, Pimpalgaon, Maharashtra 421401, India",15333.25,21.73,IgnitionOn,1,103.47,62.2,50,-73
427b419c-ab7e-47ee-b876-274066da0d30-18,EXHAUST_BRAKE_ON_START,2025-11-25 23:47:02,2025-11-25 23:56:07,19.2856992,73.3977984,37753,1662,FixOK,,OaG5CU0303,G133fg5425,"MH SH 79, Pimpalgaon, Maharashtra 421401, India",0,21.59,IgnitionOn,1,,,,
427b419c-ab7e-47ee-b876-274066da0d30-17,EXHAUST_BRAKE_ON_END,2025-11-25 23:47:04,2025-11-25 23:56:07,19.2857472,73.397888,37754,1662,FixOK,,OaG5CU0303,G133fg5425,"MH SH 79, Pimpalgaon, Maharashtra 421401, India",0,20.53,IgnitionOn,1,,,,
427b419c-ab7e-47ee-b876-274066da0d30-16,BRAKE_PRESSED,2025-11-25 23:47:05,2025-11-25 23:56:07,19.2857696,73.3979392,37755,1662,FixOK,,OaG5CU0303,G133fg5425,"MH SH 79, Pimpalgaon, Maharashtra 421401, India",0,20.45,IgnitionOn,1,,,,
427b419c-ab7e-47ee-b876-274066da0d30-14,EXHAUST_BRAKE_ON_END,2025-11-25 23:47:06,2025-11-25 23:56:07,19.285792,73.397984,37757,1662,FixOK,,OaG5CU0303,G133fg5425,"MH SH 79, Pimpalgaon, Maharashtra 421401, India",0,17.88,IgnitionOn,1,,,,
427b419c-ab7e-47ee-b876-274066da0d30-15,EXHAUST_BRAKE_ON_START,2025-11-25 23:47:06,2025-11-25 23:56:07,19.2857696,73.3979392,37756,1662,FixOK,,OaG5CU0303,G133fg5425,"MH SH 79, Pimpalgaon, Maharashtra 421401, India",0,20.33,IgnitionOn,1,,,,
427b419c-ab7e-47ee-b876-274066da0d30-13,EDC_BS6_PERIODIC,2025-11-25 23:47:08,2025-11-25 23:56:07,19.2858368,73.3980736,26656,1662,FixOK,A,OaG5CU0303,G133fg5425,"MH SH 79, Pimpalgaon, Maharashtra 421401, India",15333.25,20.6,IgnitionOn,1,102.044,62.58,51,-73
427b419c-ab7e-47ee-b876-274066da0d30-12,EDC_BS6_PERIODIC,2025-11-25 23:47:14,2025-11-25 23:56:07,19.2859552,73.3982976,26657,1662,FixOK,A,OaG5CU0303,G133fg5425,"MH SH 79, Pimpalgaon, Maharashtra 421401, India",15333.25,14.34,IgnitionOn,1,100.152,60.47,52,-73
427b419c-ab7e-47ee-b876-274066da0d30-11,EDC_BS6_PERIODIC,2025-11-25 23:47:20,2025-11-25 23:56:07,19.2860928,73.39856,26658,1662,FixOK,A,OaG5CU0303,G133fg5425,"MH SH 79, Pimpalgaon, Maharashtra 421401, India",15333.375,20.48,IgnitionOn,1,99.21,61.34,52,-73
427b419c-ab7e-47ee-b876-274066da0d30-10,EDC_BS6_PERIODIC,2025-11-25 23:47:26,2025-11-25 23:56:07,19.2862064,73.398816,26659,1662,FixOK,A,OaG5CU0303,G133fg5425,"MH SH 79, Pimpalgaon, Maharashtra 421401, India",15333.375,16.67,IgnitionOn,1,99.318,75.79,53,-73
427b419c-ab7e-47ee-b876-274066da0d30-9,EDC_BS6_PERIODIC,2025-11-25 23:47:32,2025-11-25 23:56:07,19.2862848,73.399104,26660,1662,FixOK,A,OaG5CU0303,G133fg5425,"MH SH 79, Pimpalgaon, Maharashtra 421401, India",15333.375,19.41,IgnitionOn,1,100.537,78.95,52,-73
427b419c-ab7e-47ee-b876-274066da0d30-35,EDC_BS6_PERIODIC,2025-11-25 23:47:38,2025-11-25 23:56:07,19.2863664,73.3993984,26661,1662,FixOK,A,OaG5CU0303,G133fg5425,"MH SH 79, Pimpalgaon, Maharashtra 421401, India",15333.375,18.55,IgnitionOn,1,100.695,72.58,53,-73
427b419c-ab7e-47ee-b876-274066da0d30-34,BRAKE_PRESSED,2025-11-25 23:47:41,2025-11-25 23:56:07,19.2864448,73.3995392,37758,1662,FixOK,,OaG5CU0303,G133fg5425,"MH SH 79, Pimpalgaon, Maharashtra 421401, India",0,19.59,IgnitionOn,1,,,,
427b419c-ab7e-47ee-b876-274066da0d30-33,EDC_BS6_PERIODIC,2025-11-25 23:47:44,2025-11-25 23:56:07,19.286536,73.3996672,26662,1662,FixOK,A,OaG5CU0303,G133fg5425,"MH SH 79, Pimpalgaon, Maharashtra 421401, India",15333.5,20.73,IgnitionOn,1,100.263,58.52,52,-73
427b419c-ab7e-47ee-b876-274066da0d30-32,EDC_BS6_PERIODIC,2025-11-25 23:47:50,2025-11-25 23:56:07,19.2867072,73.3998848,26663,1662,FixOK,A,OaG5CU0303,G133fg5425,"MH SH 79, Pimpalgaon, Maharashtra 421401, India",15333.5,16.83,IgnitionOn,1,98.029,60.72,51,-73
427b419c-ab7e-47ee-b876-274066da0d30-31,EDC_BS6_PERIODIC,2025-11-25 23:47:56,2025-11-25 23:56:07,19.2867264,73.400192,26664,1662,FixOK,A,OaG5CU0303,G133fg5425,"MH SH 79, Pimpalgaon, Maharashtra 421401, India",15333.5,12.4,IgnitionOn,1,95.064,60.72,52,-73
427b419c-ab7e-47ee-b876-274066da0d30-30,EDC_BS6_PERIODIC,2025-11-25 23:48:02,2025-11-25 23:56:07,19.2866112,73.4003584,26665,1662,FixOK,A,OaG5CU0303,G133fg5425,"MH SH 79, Pimpalgaon, Maharashtra 421401, India",15333.5,13.83,IgnitionOn,1,92.28,142.14,53,-73
427b419c-ab7e-47ee-b876-274066da0d30-29,BRAKE_PRESSED,2025-11-25 23:48:06,2025-11-25 23:56:07,19.2864768,73.4004544,37759,1662,FixOK,,OaG5CU0303,G133fg5425,"MH SH 79, Pimpalgaon, Maharashtra 421401, India",0,17.69,IgnitionOn,1,,,,
427b419c-ab7e-47ee-b876-274066da0d30-28,EDC_BS6_PERIODIC,2025-11-25 23:48:08,2025-11-25 23:56:07,19.2864128,73.400512,26666,1662,FixOK,A,OaG5CU0303,G133fg5425,"MH SH 79, Pimpalgaon, Maharashtra 421401, India",15333.5,16.52,IgnitionOn,1,90.732,141.13,53,-73
427b419c-ab7e-47ee-b876-274066da0d30-27,EDC_BS6_PERIODIC,2025-11-25 23:48:14,2025-11-25 23:56:07,19.2862256,73.400672,26667,1662,FixOK,A,OaG5CU0303,G133fg5425,"MH SH 79, Pimpalgaon, Maharashtra 421401, India",15333.625,14.73,IgnitionOn,1,89.741,140.33,51,-73
427b419c-ab7e-47ee-b876-274066da0d30-26,EDC_BS6_PERIODIC,2025-11-25 23:48:20,2025-11-25 23:56:07,19.2860144,73.4008704,26668,1662,FixOK,A,OaG5CU0303,G133fg5425,"MH SH 79, Pimpalgaon, Maharashtra 421401, India",15333.625,20.46,IgnitionOn,1,89.712,137.02,51,-73
427b419c-ab7e-47ee-b876-274066da0d30-25,EDC_BS6_PERIODIC,2025-11-25 23:48:26,2025-11-25 23:56:07,19.2858864,73.4010368,26669,1662,FixOK,A,OaG5CU0303,G133fg5425,"MH SH 79, Pimpalgaon, Maharashtra 421401, India",15333.625,15.11,IgnitionOn,1,88.845,131.52,50,-73
427b419c-ab7e-47ee-b876-274066da0d30-24,EDC_BS6_PERIODIC,2025-11-25 23:48:32,2025-11-25 23:56:07,19.285848,73.4012672,26670,1662,FixOK,A,OaG5CU0303,G133fg5425,"MH SH 79, Pimpalgaon, Maharashtra 421401, India",15333.625,13.61,IgnitionOn,1,89.605,71.61,51,-73
427b419c-ab7e-47ee-b876-274066da0d30-23,EDC_BS6_PERIODIC,2025-11-25 23:48:38,2025-11-25 23:56:07,19.286056,73.4013376,26671,1662,FixOK,A,OaG5CU0303,G133fg5425,"MH SH 79, Pimpalgaon, Maharashtra 421401, India",15333.75,17.95,IgnitionOn,1,89.055,345.17,50,-73
427b419c-ab7e-47ee-b876-274066da0d30-22,EDC_BS6_PERIODIC,2025-11-25 23:48:44,2025-11-25 23:56:07,19.2862368,73.401216,26672,1662,FixOK,A,OaG5CU0303,G133fg5425,"MH SH 79, Pimpalgaon, Maharashtra 421401, India",15333.75,14.18,IgnitionOn,1,89.027,342.48,47,-73
427b419c-ab7e-47ee-b876-274066da0d30-21,EDC_BS6_PERIODIC,2025-11-25 23:48:50,2025-11-25 23:56:07,19.2864352,73.4011136,26673,1662,FixOK,A,OaG5CU0303,G133fg5425,"MH SH 79, Pimpalgaon, Maharashtra 421401, India",15333.75,15.1,IgnitionOn,1,91.938,335.91,48,-73
427b419c-ab7e-47ee-b876-274066da0d30-20,EDC_BS6_PERIODIC,2025-11-25 23:48:56,2025-11-25 23:56:07,19.2865936,73.401056,26674,1662,FixOK,A,OaG5CU0303,G133fg5425,"MH SH 79, Pimpalgaon, Maharashtra 421401, India",15333.75,9.59,IgnitionOn,1,95.1,344.47,49,-73
427b419c-ab7e-47ee-b876-274066da0d30-19,EDC_BS6_PERIODIC,2025-11-25 23:49:02,2025-11-25 23:56:07,19.2868016,73.401024,26675,1662,FixOK,A,OaG5CU0303,G133fg5425,"MH SH 79, Pimpalgaon, Maharashtra 421401, India",15333.75,13.6,IgnitionOn,1,98.004,355.67,48,-73
427b419c-ab7e-47ee-b876-274066da0d30-8,EDC_BS6_PERIODIC,2025-11-25 23:49:08,2025-11-25 23:56:07,19.2870112,73.4009984,26676,1662,FixOK,A,OaG5CU0303,G133fg5425,"MH SH 79, Pimpalgaon, Maharashtra 421401, India",15333.875,14.66,IgnitionOn,1,100.28,350.14,49,-73
427b419c-ab7e-47ee-b876-274066da0d30-7,EDC_BS6_PERIODIC,2025-11-25 23:49:14,2025-11-25 23:56:07,19.2872128,73.400992,26677,1662,FixOK,A,OaG5CU0303,G133fg5425,"MH SH 79, Pimpalgaon, Maharashtra 421401, India",15333.875,13.98,IgnitionOn,1,102.665,3.29,49,-73
427b419c-ab7e-47ee-b876-274066da0d30-6,EDC_BS6_PERIODIC,2025-11-25 23:49:20,2025-11-25 23:56:07,19.2874368,73.4010304,26678,1662,FixOK,A,OaG5CU0303,G133fg5425,"MH SH 79, Pimpalgaon, Maharashtra 421401, India",15333.875,13.98,IgnitionOn,1,103.674,8.96,49,-73
427b419c-ab7e-47ee-b876-274066da0d30-5,EDC_BS6_PERIODIC,2025-11-25 23:49:26,2025-11-25 23:56:07,19.287648,73.4011008,26679,1662,FixOK,A,OaG5CU0303,G133fg5425,"MH SH 79, Pimpalgaon, Maharashtra 421401, India",15333.875,15.54,IgnitionOn,1,104.082,16.15,49,-73
427b419c-ab7e-47ee-b876-274066da0d30-4,EDC_BS6_PERIODIC,2025-11-25 23:49:32,2025-11-25 23:56:07,19.2878704,73.4011648,26680,1662,FixOK,A,OaG5CU0303,G133fg5425,"MH SH 79, Pimpalgaon, Maharashtra 421401, India",15333.875,14.48,IgnitionOn,1,105.23,13.42,49,-73
427b419c-ab7e-47ee-b876-274066da0d30-3,EDC_BS6_PERIODIC,2025-11-25 23:49:38,2025-11-25 23:56:07,19.2880832,73.4012032,26681,1662,FixOK,A,OaG5CU0303,G133fg5425,"MH SH 79, Pimpalgaon, Maharashtra 421401, India",15334,13.42,IgnitionOn,1,105.45,8.47,52,-73
427b419c-ab7e-47ee-b876-274066da0d30-2,EDC_BS6_PERIODIC,2025-11-25 23:49:44,2025-11-25 23:56:07,19.288296,73.4012288,26682,1662,FixOK,A,OaG5CU0303,G133fg5425,"MH SH 79, Pimpalgaon, Maharashtra 421401, India",15334,16.64,IgnitionOn,1,105.301,7.75,51,-73
427b419c-ab7e-47ee-b876-274066da0d30-1,EDC_BS6_PERIODIC,2025-11-25 23:49:50,2025-11-25 23:56:07,19.288624,73.4012736,26683,1662,FixOK,A,OaG5CU0303,G133fg5425,"MH SH 79, Pimpalgaon, Maharashtra 421401, India",15334,22.57,IgnitionOn,1,105.112,2.92,51,-73
6d5a3f70-77a0-432d-8d69-96e4e3652aa1-50,BRAKE_PRESSED,2025-11-25 23:49:54,2025-11-25 23:55:56,19.288872,73.4012928,37760,1662,FixOK,,OaG5CU0303,G133fg5425,"MH SH 79, Pimpalgaon, Maharashtra 421401, India",0,23,IgnitionOn,1,,,,
6d5a3f70-77a0-432d-8d69-96e4e3652aa1-49,EDC_BS6_PERIODIC,2025-11-25 23:49:56,2025-11-25 23:55:56,19.288992,73.4013056,26684,1662,FixOK,A,OaG5CU0303,G133fg5425,"MH SH 79, Pimpalgaon, Maharashtra 421401, India",15334,26.72,IgnitionOn,1,104.855,3.63,50,-73
6d5a3f70-77a0-432d-8d69-96e4e3652aa1-48,EDC_BS6_PERIODIC,2025-11-25 23:50:02,2025-11-25 23:55:56,19.289304,73.4013184,26685,1662,FixOK,A,OaG5CU0303,G133fg5425,"MH SH 79, Pimpalgaon, Maharashtra 421401, India",15334.125,20.66,IgnitionOn,1,105.459,0.63,48,-73
6d5a3f70-77a0-432d-8d69-96e4e3652aa1-47,EDC_BS6_PERIODIC,2025-11-25 23:50:08,2025-11-25 23:55:56,19.289592,73.4013376,26686,1662,FixOK,A,OaG5CU0303,G133fg5425,"MH SH 79, Pimpalgaon, Maharashtra 421401, India",15334.125,18.99,IgnitionOn,1,105.749,3.95,48,-73
6d5a3f70-77a0-432d-8d69-96e4e3652aa1-46,EDC_BS6_PERIODIC,2025-11-25 23:50:14,2025-11-25 23:55:56,19.2899488,73.4013504,26687,1662,FixOK,A,OaG5CU0303,G133fg5425,"MH SH 79, Pimpalgaon, Maharashtra 421401, India",15334.125,23.47,IgnitionOn,1,107.155,4.63,48,-73
6d5a3f70-77a0-432d-8d69-96e4e3652aa1-45,EXHAUST_BRAKE_ON_START,2025-11-25 23:50:16,2025-11-25 23:55:56,19.2900128,73.4013568,37761,1662,FixOK,,OaG5CU0303,G133fg5425,"MH SH 79, Pimpalgaon, Maharashtra 421401, India",0,25.48,IgnitionOn,1,,,,
6d5a3f70-77a0-432d-8d69-96e4e3652aa1-44,EXHAUST_BRAKE_ON_END,2025-11-25 23:50:17,2025-11-25 23:55:56,19.2901456,73.4013696,37762,1662,FixOK,,OaG5CU0303,G133fg5425,"MH SH 79, Pimpalgaon, Maharashtra 421401, India",0,20.93,IgnitionOn,1,,,,
6d5a3f70-77a0-432d-8d69-96e4e3652aa1-43,BRAKE_PRESSED,2025-11-25 23:50:18,2025-11-25 23:55:56,19.290216,73.401376,37763,1662,FixOK,,OaG5CU0303,G133fg5425,"MH SH 79, Pimpalgaon, Maharashtra 421401, India",0,20.59,IgnitionOn,1,,,,
6d5a3f70-77a0-432d-8d69-96e4e3652aa1-42,EDC_BS6_PERIODIC,2025-11-25 23:50:20,2025-11-25 23:55:56,19.2903328,73.401376,26688,1662,FixOK,A,OaG5CU0303,G133fg5425,"MH SH 79, Pimpalgaon, Maharashtra 421401, India",15334.25,26.95,IgnitionOn,1,108.027,3.99,48,-73
6d5a3f70-77a0-432d-8d69-96e4e3652aa1-41,EDC_BS6_PERIODIC,2025-11-25 23:50:26,2025-11-25 23:55:56,19.2906048,73.4014336,26689,1662,FixOK,A,OaG5CU0303,G133fg5425,"MH SH 79, Pimpalgaon, Maharashtra 421401, India",15334.25,17.63,IgnitionOn,1,109.155,9.51,51,-73
6d5a3f70-77a0-432d-8d69-96e4e3652aa1-40,EDC_BS6_PERIODIC,2025-11-25 23:50:32,2025-11-25 23:55:56,19.2908672,73.401568,26690,1662,FixOK,A,OaG5CU0303,G133fg5425,"MH SH 79, Pimpalgaon, Maharashtra 421401, India",15334.25,18.9,IgnitionOn,1,109.544,32.9,49,-73
ef78226f-7acc-4cba-ba52-b414874fbe81-10,EDC_BS6_PERIODIC,2025-11-25 23:50:38,2025-11-25 23:51:31,19.291192,73.4017856,26691,1662,FixOK,A,OaG5CU0303,G133fg5425,"MH SH 79, Murbad, Maharashtra 421401, India",15334.375,25.66,IgnitionOn,1,108.885,33.31,48,-73
ef78226f-7acc-4cba-ba52-b414874fbe81-9,EDC_BS6_PERIODIC,2025-11-25 23:50:44,2025-11-25 23:51:31,19.2915536,73.4020416,26692,1662,FixOK,A,OaG5CU0303,G133fg5425,"MH SH 79, Murbad, Maharashtra 421401, India",15334.375,29.18,IgnitionOn,1,109.466,35.4,50,-73
ef78226f-7acc-4cba-ba52-b414874fbe81-8,BRAKE_PRESSED,2025-11-25 23:50:49,2025-11-25 23:51:31,19.2918656,73.4022912,37764,1662,FixOK,,OaG5CU0303,G133fg5425,"MH SH 79, Murbad, Maharashtra 421401, India",0,24.58,IgnitionOn,1,,,,
ef78226f-7acc-4cba-ba52-b414874fbe81-7,EDC_BS6_PERIODIC,2025-11-25 23:50:50,2025-11-25 23:51:31,19.2919328,73.402336,26693,1662,FixOK,A,OaG5CU0303,G133fg5425,"MH SH 79, Murbad, Maharashtra 421401, India",15334.375,30.98,IgnitionOn,1,110.144,38.88,50,-73
ef78226f-7acc-4cba-ba52-b414874fbe81-6,EDC_BS6_PERIODIC,2025-11-25 23:50:56,2025-11-25 23:51:31,19.2922368,73.4025664,26694,1662,FixOK,A,OaG5CU0303,G133fg5425,"MH SH 79, Murbad, Maharashtra 421401, India",15334.5,24.77,IgnitionOn,1,109.836,39.24,49,-73
ef78226f-7acc-4cba-ba52-b414874fbe81-5,BRAKE_PRESSED,2025-11-25 23:50:59,2025-11-25 23:51:31,19.292392,73.4026944,37765,1662,FixOK,,OaG5CU0303,G133fg5425,"MH SH 79, Murbad, Maharashtra 421401, India",0,16.41,IgnitionOn,1,,,,
ef78226f-7acc-4cba-ba52-b414874fbe81-4,EDC_BS6_PERIODIC,2025-11-25 23:51:02,2025-11-25 23:51:31,19.29252,73.4027904,26695,1662,FixOK,A,OaG5CU0303,G133fg5425,"MH SH 79, Murbad, Maharashtra 421401, India",15334.5,25.39,IgnitionOn,1,109.843,33.79,51,-73
ef78226f-7acc-4cba-ba52-b414874fbe81-3,STOP_AND_CONTACT_SERVICE_END,2025-11-25 23:51:05,2025-11-25 23:51:31,19.292616,73.402848,37766,1662,FixOK,,OaG5CU0303,G133fg5425,"MH SH 79, Murbad, Maharashtra 421401, India",15334.5,21,IgnitionOn,1,,,,
ef78226f-7acc-4cba-ba52-b414874fbe81-2,STOP_AND_CONTACT_SERVICE_START,2025-11-25 23:51:08,2025-11-25 23:51:31,19.292696,73.4028928,37767,1662,FixOK,,OaG5CU0303,G133fg5425,"MH SH 79, Murbad, Maharashtra 421401, India",15334.5,19.07,IgnitionOn,1,,,,
ef78226f-7acc-4cba-ba52-b414874fbe81-1,EDC_BS6_PERIODIC,2025-11-25 23:51:09,2025-11-25 23:51:31,19.292696,73.4028928,26696,1662,FixOK,A,OaG5CU0303,G133fg5425,"MH SH 79, Murbad, Maharashtra 421401, India",15334.5,15.71,IgnitionOn,1,110.384,28.51,49,-73
6d5a3f70-77a0-432d-8d69-96e4e3652aa1-38,BRAKE_PRESSED,2025-11-25 23:51:15,2025-11-25 23:55:56,19.292984,73.403072,37768,1662,FixOK,,OaG5CU0303,G133fg5425,"MH SH 79, Pimpalgaon, Maharashtra 421401, India",0,10.52,IgnitionOn,1,,,,
6d5a3f70-77a0-432d-8d69-96e4e3652aa1-39,EDC_BS6_PERIODIC,2025-11-25 23:51:15,2025-11-25 23:55:56,19.292944,73.4030592,26697,1662,FixOK,A,OaG5CU0303,G133fg5425,"MH SH 79, Pimpalgaon, Maharashtra 421401, India",15334.5,21.11,IgnitionOn,1,109.348,33.41,49,-73
6d5a3f70-77a0-432d-8d69-96e4e3652aa1-37,EDC_BS6_PERIODIC,2025-11-25 23:51:21,2025-11-25 23:55:56,19.293152,73.403168,26698,1662,FixOK,A,OaG5CU0303,G133fg5425,"MH SH 79, Pimpalgaon, Maharashtra 421401, India",15334.625,18.35,IgnitionOn,1,109.193,27.25,51,-73
6d5a3f70-77a0-432d-8d69-96e4e3652aa1-36,EDC_BS6_PERIODIC,2025-11-25 23:51:27,2025-11-25 23:55:56,19.29328,73.403232,26699,1662,FixOK,A,OaG5CU0303,G133fg5425,"MH SH 79, Pimpalgaon, Maharashtra 421401, India",15334.625,11.62,IgnitionOn,1,109.91,24.13,51,-73
6d5a3f70-77a0-432d-8d69-96e4e3652aa1-35,EDC_BS6_PERIODIC,2025-11-25 23:51:33,2025-11-25 23:55:56,19.293472,73.403328,26700,1662,FixOK,A,OaG5CU0303,G133fg5425,"MH SH 79, Pimpalgaon, Maharashtra 421401, India",15334.625,15.09,IgnitionOn,1,110.467,25.05,50,-73
6d5a3f70-77a0-432d-8d69-96e4e3652aa1-34,EDC_BS6_PERIODIC,2025-11-25 23:51:38,2025-11-25 23:55:56,19.293768,73.403488,26701,1662,FixOK,A,OaG5CU0303,G133fg5425,"MH SH 79, Pimpalgaon, Maharashtra 421401, India",15334.625,13.95,IgnitionOn,1,111.041,25.93,51,-73
6d5a3f70-77a0-432d-8d69-96e4e3652aa1-33,EDC_BS6_PERIODIC,2025-11-25 23:51:44,2025-11-25 23:55:56,19.293944,73.403584,26702,1662,FixOK,A,OaG5CU0303,G133fg5425,"MH SH 79, Pimpalgaon, Maharashtra 421401, India",15334.75,13.83,IgnitionOn,1,110.532,27.84,51,-73
6d5a3f70-77a0-432d-8d69-96e4e3652aa1-32,EDC_BS6_PERIODIC,2025-11-25 23:51:50,2025-11-25 23:55:56,19.294128,73.4036544,26703,1662,FixOK,A,OaG5CU0303,G133fg5425,"MH SH 79, Pimpalgaon, Maharashtra 421401, India",15334.75,13.75,IgnitionOn,1,109.776,25.45,51,-73
6d5a3f70-77a0-432d-8d69-96e4e3652aa1-31,EDC_BS6_PERIODIC,2025-11-25 23:51:56,2025-11-25 23:55:56,19.2942784,73.4037248,26704,1662,FixOK,A,OaG5CU0303,G133fg5425,"MH SH 79, Pimpalgaon, Maharashtra 421401, India",15334.75,11.33,IgnitionOn,1,109.873,22.59,53,-73
6d5a3f70-77a0-432d-8d69-96e4e3652aa1-30,EDC_BS6_PERIODIC,2025-11-25 23:52:02,2025-11-25 23:55:56,19.29444,73.403776,26705,1662,FixOK,A,OaG5CU0303,G133fg5425,"MH SH 79, Pimpalgaon, Maharashtra 421401, India",15334.75,11.61,IgnitionOn,1,109.164,13.27,50,-73
6d5a3f70-77a0-432d-8d69-96e4e3652aa1-24,BRAKE_PRESSED,2025-11-25 23:52:05,2025-11-25 23:55:56,19.2945248,73.403776,37769,1662,FixOK,,OaG5CU0303,G133fg5425,"MH SH 79, Pimpalgaon, Maharashtra 421401, India",0,7.6,IgnitionOn,1,,,,
6d5a3f70-77a0-432d-8d69-96e4e3652aa1-23,EDC_BS6_PERIODIC,2025-11-25 23:52:08,2025-11-25 23:55:56,19.2945792,73.4037504,26706,1662,FixOK,A,OaG5CU0303,G133fg5425,"MH SH 79, Pimpalgaon, Maharashtra 421401, India",15334.75,10.74,IgnitionOn,1,108.757,351.27,51,-73
6d5a3f70-77a0-432d-8d69-96e4e3652aa1-22,EDC_BS6_PERIODIC,2025-11-25 23:52:14,2025-11-25 23:55:56,19.2946592,73.4036352,26707,1662,FixOK,A,OaG5CU0303,G133fg5425,"MH SH 79, Pimpalgaon, Maharashtra 421401, India",15334.75,8.21,IgnitionOn,1,108.16,306.57,51,-73
6d5a3f70-77a0-432d-8d69-96e4e3652aa1-21,BRAKE_PRESSED,2025-11-25 23:52:19,2025-11-25 23:55:56,19.29472,73.40352,37770,1662,FixOK,,OaG5CU0303,G133fg5425,"MH SH 79, Pimpalgaon, Maharashtra 421401, India",0,9.67,IgnitionOn,1,,,,
6d5a3f70-77a0-432d-8d69-96e4e3652aa1-20,EDC_BS6_PERIODIC,2025-11-25 23:52:20,2025-11-25 23:55:56,19.2947344,73.4034944,26708,1662,FixOK,A,OaG5CU0303,G133fg5425,"MH SH 79, Pimpalgaon, Maharashtra 421401, India",15334.875,9.81,IgnitionOn,1,107.757,301.88,50,-73
6d5a3f70-77a0-432d-8d69-96e4e3652aa1-19,EDC_BS6_PERIODIC,2025-11-25 23:52:26,2025-11-25 23:55:56,19.2948144,73.4033856,26709,1662,FixOK,A,OaG5CU0303,G133fg5425,"MH SH 79, Pimpalgaon, Maharashtra 421401, India",15334.875,9.66,IgnitionOn,1,106.908,305.48,50,-73
6d5a3f70-77a0-432d-8d69-96e4e3652aa1-18,EDC_BS6_PERIODIC,2025-11-25 23:52:32,2025-11-25 23:55:56,19.294888,73.4032576,26710,1662,FixOK,A,OaG5CU0303,G133fg5425,"MH SH 79, Pimpalgaon, Maharashtra 421401, India",15334.875,10.06,IgnitionOn,1,106.268,301.64,50,-73
6d5a3f70-77a0-432d-8d69-96e4e3652aa1-17,BRAKE_PRESSED,2025-11-25 23:52:34,2025-11-25 23:55:56,19.2949152,73.4032128,37771,1662,FixOK,,OaG5CU0303,G133fg5425,"MH SH 79, Pimpalgaon, Maharashtra 421401, India",0,7.85,IgnitionOn,1,,,,
6d5a3f70-77a0-432d-8d69-96e4e3652aa1-16,EDC_BS6_PERIODIC,2025-11-25 23:52:38,2025-11-25 23:55:56,19.2949632,73.4031424,26711,1662,FixOK,A,OaG5CU0303,G133fg5425,"MH SH 79, Pimpalgaon, Maharashtra 421401, India",15334.875,9.28,IgnitionOn,1,106.58,306.45,50,-73
6d5a3f70-77a0-432d-8d69-96e4e3652aa1-15,EDC_BS6_PERIODIC,2025-11-25 23:52:44,2025-11-25 23:55:56,19.295032,73.4030208,26712,1662,FixOK,A,OaG5CU0303,G133fg5425,"MH SH 79, Pimpalgaon, Maharashtra 421401, India",15334.875,8.09,IgnitionOn,1,106.758,298,50,-73
6d5a3f70-77a0-432d-8d69-96e4e3652aa1-29,EDC_BS6_PERIODIC,2025-11-25 23:52:50,2025-11-25 23:55:56,19.2951072,73.402912,26713,1662,FixOK,A,OaG5CU0303,G133fg5425,"MH SH 79, Pimpalgaon, Maharashtra 421401, India",15334.875,8.38,IgnitionOn,1,107.497,304,48,-73
6d5a3f70-77a0-432d-8d69-96e4e3652aa1-28,EDC_BS6_PERIODIC,2025-11-25 23:52:56,2025-11-25 23:55:56,19.29524,73.4027136,26714,1662,FixOK,A,OaG5CU0303,G133fg5425,"MH SH 79, Pimpalgaon, Maharashtra 421401, India",15334.875,11.3,IgnitionOn,1,107.594,305.97,50,-73
6d5a3f70-77a0-432d-8d69-96e4e3652aa1-27,EDC_BS6_PERIODIC,2025-11-25 23:53:02,2025-11-25 23:55:56,19.2954688,73.4023744,26715,1662,FixOK,A,OaG5CU0303,G133fg5425,"MH SH 79, Pimpalgaon, Maharashtra 421401, India",15334.875,22.58,IgnitionOn,1,107.664,306.83,50,-73
6d5a3f70-77a0-432d-8d69-96e4e3652aa1-26,EDC_BS6_PERIODIC,2025-11-25 23:53:08,2025-11-25 23:55:56,19.2957088,73.402016,26716,1662,FixOK,A,OaG5CU0303,G133fg5425,"MH SH 79, Pimpalgaon, Maharashtra 421401, India",15335,30.69,IgnitionOn,1,107.486,306.11,50,-73
6d5a3f70-77a0-432d-8d69-96e4e3652aa1-25,EDC_BS6_PERIODIC,2025-11-25 23:53:14,2025-11-25 23:55:56,19.2960464,73.4015104,26717,1662,FixOK,A,OaG5CU0303,G133fg5425,"MH SH 79, Pimpalgaon, Maharashtra 421401, India",15335,37.98,IgnitionOn,1,108.077,304.92,51,-73
6d5a3f70-77a0-432d-8d69-96e4e3652aa1-14,EDC_BS6_PERIODIC,2025-11-25 23:53:20,2025-11-25 23:55:56,19.2964192,73.4009472,26718,1662,FixOK,A,OaG5CU0303,G133fg5425,"MH SH 79, Pimpalgaon, Maharashtra 421401, India",15335.125,42.71,IgnitionOn,1,107.969,305.08,51,-73
6d5a3f70-77a0-432d-8d69-96e4e3652aa1-13,EDC_BS6_PERIODIC,2025-11-25 23:53:26,2025-11-25 23:55:56,19.296832,73.4003328,26719,1662,FixOK,A,OaG5CU0303,G133fg5425,"MH SH 79, Pimpalgaon, Maharashtra 421401, India",15335.25,46.91,IgnitionOn,1,106.667,305.82,50,-73
6d5a3f70-77a0-432d-8d69-96e4e3652aa1-12,EDC_BS6_PERIODIC,2025-11-25 23:53:32,2025-11-25 23:55:56,19.297272,73.3996672,26720,1662,FixOK,A,OaG5CU0303,G133fg5425,"MH SH 79, Pimpalgaon, Maharashtra 421401, India",15335.25,50.62,IgnitionOn,1,105.942,304.67,49,-73
6d5a3f70-77a0-432d-8d69-96e4e3652aa1-11,EDC_BS6_PERIODIC,2025-11-25 23:53:38,2025-11-25 23:55:56,19.2977568,73.398944,26721,1662,FixOK,A,OaG5CU0303,G133fg5425,"MH SH 79, Pimpalgaon, Maharashtra 421401, India",15335.375,54.35,IgnitionOn,1,105.233,304.79,46,-73
6d5a3f70-77a0-432d-8d69-96e4e3652aa1-10,EDC_BS6_PERIODIC,2025-11-25 23:53:44,2025-11-25 23:55:56,19.298296,73.398176,26722,1662,FixOK,A,OaG5CU0303,G133fg5425,"MH SH 79, Pimpalgaon, Maharashtra 421401, India",15335.5,59.71,IgnitionOn,1,104.184,305.22,50,-73
6d5a3f70-77a0-432d-8d69-96e4e3652aa1-9,BRAKE_PRESSED,2025-11-25 23:53:50,2025-11-25 23:55:56,19.2989456,73.3974784,37772,1662,FixOK,,OaG5CU0303,G133fg5425,"MH SH 79, Pimpalgaon, Maharashtra 421401, India",0,51.16,IgnitionOn,1,,,,
6d5a3f70-77a0-432d-8d69-96e4e3652aa1-8,EDC_BS6_PERIODIC,2025-11-25 23:53:50,2025-11-25 23:55:56,19.2989456,73.3974784,26723,1662,FixOK,A,OaG5CU0303,G133fg5425,"MH SH 79, Pimpalgaon, Maharashtra 421401, India",15335.625,61.83,IgnitionOn,1,102.851,319.1,49,-73
6d5a3f70-77a0-432d-8d69-96e4e3652aa1-7,EDC_BS6_PERIODIC,2025-11-25 23:53:56,2025-11-25 23:55:56,19.2995616,73.39696,26724,1662,FixOK,A,OaG5CU0303,G133fg5425,"MH SH 79, Pimpalgaon, Maharashtra 421401, India",15335.75,54.62,IgnitionOn,1,102.275,320.2,50,-73
6d5a3f70-77a0-432d-8d69-96e4e3652aa1-6,EDC_BS6_PERIODIC,2025-11-25 23:54:02,2025-11-25 23:55:56,19.3000304,73.396416,26725,1662,FixOK,A,OaG5CU0303,G133fg5425,"MH SH 79, Pimpalgaon, Maharashtra 421401, India",15335.75,46.94,IgnitionOn,1,94.102,307.2,46,-73
6d5a3f70-77a0-432d-8d69-96e4e3652aa1-5,EDC_BS6_PERIODIC,2025-11-25 23:54:08,2025-11-25 23:55:56,19.300496,73.3958272,26726,1662,FixOK,A,OaG5CU0303,G133fg5425,"MH SH 79, Pimpalgaon, Maharashtra 421401, India",15335.875,49.7,IgnitionOn,1,89.29,310.79,47,-73
6d5a3f70-77a0-432d-8d69-96e4e3652aa1-4,EDC_BS6_PERIODIC,2025-11-25 23:54:14,2025-11-25 23:55:56,19.3007712,73.3952256,26727,1662,FixOK,A,OaG5CU0303,G133fg5425,"MH SH 79, Pimpalgaon, Maharashtra 421401, India",15336,41.68,IgnitionOn,1,84.563,301.08,46,-73
6d5a3f70-77a0-432d-8d69-96e4e3652aa1-3,EDC_BS6_PERIODIC,2025-11-25 23:54:20,2025-11-25 23:55:56,19.3010048,73.394592,26728,1662,FixOK,A,OaG5CU0303,G133fg5425,"MH SH 79, Pimpalgaon, Maharashtra 421401, India",15336,43.37,IgnitionOn,1,81.513,297.8,46,-73
6d5a3f70-77a0-432d-8d69-96e4e3652aa1-2,EDC_BS6_PERIODIC,2025-11-25 23:54:26,2025-11-25 23:55:56,19.3013056,73.3940736,26729,1662,FixOK,A,OaG5CU0303,G133fg5425,"MH SH 79, Pimpalgaon, Maharashtra 421401, India",15336.125,37.56,IgnitionOn,1,79.914,304.39,44,-73
6d5a3f70-77a0-432d-8d69-96e4e3652aa1-1,EDC_BS6_PERIODIC,2025-11-25 23:54:32,2025-11-25 23:55:56,19.301736,73.393536,26730,1662,FixOK,A,OaG5CU0303,G133fg5425,"MH SH 79, Pimpalgaon, Maharashtra 421401, India",15336.125,43.75,IgnitionOn,1,78.928,310.41,46,-73
35420d78-ad4c-4a9b-861b-fdb7470e331f-11,EDC_BS6_PERIODIC,2025-11-25 23:54:38,2025-11-26 00:00:15,19.302232,73.3929728,26731,1662,FixOK,A,OaG5CU0303,G133fg5425,"MH SH 79, Pimpalgaon, Maharashtra 421401, India",15336.25,48.2,IgnitionOn,1,78.92,312.95,48,-73
35420d78-ad4c-4a9b-861b-fdb7470e331f-10,EDC_BS6_PERIODIC,2025-11-25 23:54:44,2025-11-26 00:00:15,19.302712,73.3923968,26732,1662,FixOK,A,OaG5CU0303,G133fg5425,"MH SH 79, Pimpalgaon, Maharashtra 421401, India",15336.375,49.7,IgnitionOn,1,79.885,311.64,47,-73
2598cd6a-bf24-4204-ba92-3a6120dde9f9-10,EDC_BS6_PERIODIC,2025-11-25 23:54:50,2025-11-25 23:55:47,19.3030784,73.39184,26733,1662,FixOK,A,OaG5CU0303,G133fg5425,"MH SH 79, Pimpalgaon, Maharashtra 421401, India",15336.375,46.66,IgnitionOn,1,81.961,294.01,48,-73
2598cd6a-bf24-4204-ba92-3a6120dde9f9-9,EDC_BS6_PERIODIC,2025-11-25 23:54:56,2025-11-25 23:55:47,19.3032144,73.391392,26734,1662,FixOK,A,OaG5CU0303,G133fg5425,"MH SH 79, Pimpalgaon, Maharashtra 421401, India",15336.5,37.24,IgnitionOn,1,84.333,286.07,49,-73
2598cd6a-bf24-4204-ba92-3a6120dde9f9-8,EDC_BS6_PERIODIC,2025-11-25 23:55:02,2025-11-25 23:55:47,19.303392,73.3909824,26735,1662,FixOK,A,OaG5CU0303,G133fg5425,"MH SH 79, Pimpalgaon, Maharashtra 421401, India",15336.5,28.63,IgnitionOn,1,86.008,296.29,46,-73
2598cd6a-bf24-4204-ba92-3a6120dde9f9-7,BRAKE_PRESSED,2025-11-25 23:55:06,2025-11-25 23:55:47,19.3035936,73.390816,37773,1662,FixOK,,OaG5CU0303,G133fg5425,"MH SH 79, Pimpalgaon, Maharashtra 421401, India",0,9.16,IgnitionOn,1,,,,
2598cd6a-bf24-4204-ba92-3a6120dde9f9-5,EDC_BS6_PERIODIC,2025-11-25 23:55:08,2025-11-25 23:55:47,19.3036512,73.390784,26736,1662,FixOK,A,OaG5CU0303,G133fg5425,"MH SH 79, Pimpalgaon, Maharashtra 421401, India",15336.625,26.59,IgnitionOn,1,88.361,328.94,46,-73
2598cd6a-bf24-4204-ba92-3a6120dde9f9-6-1,HARSH_BREAKING_END,2025-11-25 23:55:08,2025-11-25 23:55:47,19.3036512,73.390784,37774,1662,FixOK,,OaG5CU0303,G133fg5425,"MH SH 79, Pimpalgaon, Maharashtra 421401, India",0,5.68,IgnitionOn,1,,,,
2598cd6a-bf24-4204-ba92-3a6120dde9f9-6,HARSH_BREAKING_START,2025-11-25 23:55:08,2025-11-25 23:55:47,19.3036512,73.390784,37774,1662,FixOK,,OaG5CU0303,G133fg5425,"MH SH 79, Pimpalgaon, Maharashtra 421401, India",0,5.68,IgnitionOn,1,,,,
2598cd6a-bf24-4204-ba92-3a6120dde9f9-4,EDC_BS6_PERIODIC,2025-11-25 23:55:14,2025-11-25 23:55:47,19.3038112,73.3907136,26737,1662,FixOK,A,OaG5CU0303,G133fg5425,"MH SH 79, Pimpalgaon, Maharashtra 421401, India",15336.625,5.71,IgnitionOn,1,90.14,337.75,47,-73
2598cd6a-bf24-4204-ba92-3a6120dde9f9-3,EDC_BS6_PERIODIC,2025-11-25 23:55:20,2025-11-25 23:55:47,19.3039296,73.3906816,26738,1662,FixOK,A,OaG5CU0303,G133fg5425,"MH SH 79, Pimpalgaon, Maharashtra 421401, India",15336.625,8.91,IgnitionOn,1,92.388,343.92,50,-73
2598cd6a-bf24-4204-ba92-3a6120dde9f9-2,EDC_BS6_PERIODIC,2025-11-25 23:55:27,2025-11-25 23:55:47,19.304032,73.3906688,26739,1662,FixOK,A,OaG5CU0303,G133fg5425,"MH SH 79, Pimpalgaon, Maharashtra 421401, India",15336.625,5.58,IgnitionOn,1,93.711,345.72,50,-73
2598cd6a-bf24-4204-ba92-3a6120dde9f9-1,GPS_MESSAGE,2025-11-25 23:55:30,2025-11-25 23:55:47,19.3041296,73.3906624,,1662,3DFix,,OaG5CU0303,G133fg5425,"MH SH 79, Pimpalgaon, Maharashtra 421401, India",0,,IgnitionOn,1,95,35,51,
35420d78-ad4c-4a9b-861b-fdb7470e331f-9,EDC_BS6_PERIODIC,2025-11-25 23:55:33,2025-11-26 00:00:15,19.3041952,73.3906624,26740,1662,FixOK,A,OaG5CU0303,G133fg5425,"MH SH 79, Pimpalgaon, Maharashtra 421401, India",15336.625,6.16,IgnitionOn,1,95.927,345.72,51,-73
35420d78-ad4c-4a9b-861b-fdb7470e331f-8,EDC_BS6_PERIODIC,2025-11-25 23:55:39,2025-11-26 00:00:15,19.30436,73.390656,26741,1662,FixOK,A,OaG5CU0303,G133fg5425,"MH SH 79, Pimpalgaon, Maharashtra 421401, India",15336.625,10.01,IgnitionOn,1,96.088,356.2,51,-73
35420d78-ad4c-4a9b-861b-fdb7470e331f-6,DEVICE_METRICS,2025-11-25 23:55:45,2025-11-26 00:00:15,19.3045312,73.3906432,,1662,FixOK,,OaG5CU0303,G133fg5425,"MH SH 79, Pimpalgaon, Maharashtra 421401, India",0,,IgnitionOn,1,,,,
35420d78-ad4c-4a9b-861b-fdb7470e331f-7,EDC_BS6_PERIODIC,2025-11-25 23:55:45,2025-11-26 00:00:15,19.3045312,73.3906432,26742,1662,FixOK,A,OaG5CU0303,G133fg5425,"MH SH 79, Pimpalgaon, Maharashtra 421401, India",15336.625,13.87,IgnitionOn,1,95.99,351.83,51,-73
2df37dc4-61e9-42f5-8c9a-d16a11590564-10,EDC_BS6_PERIODIC,2025-11-25 23:55:51,2025-11-25 23:56:40,19.3047072,73.3906176,26743,1662,FixOK,A,OaG5CU0303,G133fg5425,"MH SH 79, Pimpalgaon, Maharashtra 421401, India",15336.75,10.79,IgnitionOn,1,96.765,356.19,50,-73
1e2fad96-30b1-4ecf-8c75-e93f6e86f458,HEARTBEAT_MESSAGE,2025-11-25 23:55:51,2025-11-25 23:55:51,0,0,,,,,OaG5CU0303,G133fg5425,,,,,1,,,,
2df37dc4-61e9-42f5-8c9a-d16a11590564-9,EDC_BS6_PERIODIC,2025-11-25 23:55:57,2025-11-25 23:56:40,19.3050016,73.39056,26744,1662,FixOK,A,OaG5CU0303,G133fg5425,"MH SH 79, Pimpalgaon, Maharashtra 421401, India",15336.75,17.36,IgnitionOn,1,96.564,348.92,49,-73
2df37dc4-61e9-42f5-8c9a-d16a11590564-8,EDC_BS6_PERIODIC,2025-11-25 23:56:03,2025-11-25 23:56:40,19.3054,73.3904512,26745,1662,FixOK,A,OaG5CU0303,G133fg5425,"MH SH 79, Pimpalgaon, Maharashtra 421401, India",15336.75,26.23,IgnitionOn,1,96.619,347.48,50,-73
2df37dc4-61e9-42f5-8c9a-d16a11590564-7,EDC_BS6_PERIODIC,2025-11-25 23:56:09,2025-11-25 23:56:40,19.3058336,73.3902208,26746,1662,FixOK,A,OaG5CU0303,G133fg5425,"MH SH 79, Pimpalgaon, Maharashtra 421401, India",15336.875,31.12,IgnitionOn,1,95.47,329.32,47,-73
2df37dc4-61e9-42f5-8c9a-d16a11590564-6,BRAKE_PRESSED,2025-11-25 23:56:15,2025-11-25 23:56:40,19.3063328,73.3899008,37775,1662,FixOK,,OaG5CU0303,G133fg5425,"MH SH 79, Pimpalgaon, Maharashtra 421401, India",0,41.58,IgnitionOn,1,,,,
2df37dc4-61e9-42f5-8c9a-d16a11590564-5,EDC_BS6_PERIODIC,2025-11-25 23:56:15,2025-11-25 23:56:40,19.3063328,73.3899008,26747,1662,FixOK,A,OaG5CU0303,G133fg5425,"MH SH 79, Pimpalgaon, Maharashtra 421401, India",15336.875,37.2,IgnitionOn,1,94.348,326.79,50,-73
2df37dc4-61e9-42f5-8c9a-d16a11590564-4,EDC_BS6_PERIODIC,2025-11-25 23:56:21,2025-11-25 23:56:40,19.3068784,73.3895424,26748,1662,FixOK,A,OaG5CU0303,G133fg5425,"MH SH 79, Pimpalgaon, Maharashtra 421401, India",15337,41.68,IgnitionOn,1,92.62,327.48,46,-73
2df37dc4-61e9-42f5-8c9a-d16a11590564-3,BRAKE_PRESSED,2025-11-25 23:56:25,2025-11-25 23:56:40,19.3072928,73.389312,37776,1662,FixOK,,OaG5CU0303,G133fg5425,"MH SH 79, Pimpalgaon, Maharashtra 421401, India",0,50.73,IgnitionOn,1,,,,
2df37dc4-61e9-42f5-8c9a-d16a11590564-2,EDC_BS6_PERIODIC,2025-11-25 23:56:27,2025-11-25 23:56:40,19.3075232,73.3891968,26749,1662,FixOK,A,OaG5CU0303,G133fg5425,"MH SH 79, Pimpalgaon, Maharashtra 421401, India",15337,46.91,IgnitionOn,1,89.531,332.22,45,-73
2df37dc4-61e9-42f5-8c9a-d16a11590564-1,EDC_BS6_PERIODIC,2025-11-25 23:56:33,2025-11-25 23:56:40,19.308224,73.388928,26750,1662,FixOK,A,OaG5CU0303,G133fg5425,"MH SH 79, Pimpalgaon, Maharashtra 421401, India",15337.125,49.95,IgnitionOn,1,86.563,340.11,45,-73
35420d78-ad4c-4a9b-861b-fdb7470e331f-5,EDC_BS6_PERIODIC,2025-11-25 23:56:39,2025-11-26 00:00:15,19.3087232,73.3886656,26751,1662,FixOK,A,OaG5CU0303,G133fg5425,"MH SH 79, Pimpalgaon, Maharashtra 421401, India",15337.25,46.18,IgnitionOn,1,82.658,330.82,47,-73
35420d78-ad4c-4a9b-861b-fdb7470e331f-4,EDC_BS6_PERIODIC,2025-11-25 23:56:45,2025-11-26 00:00:15,19.3093616,73.3883456,26752,1662,FixOK,A,OaG5CU0303,G133fg5425,"MH SH 79, Pimpalgaon, Maharashtra 421401, India",15337.25,46.59,IgnitionOn,1,79.011,335.7,46,-73
35420d78-ad4c-4a9b-861b-fdb7470e331f-3,EDC_BS6_PERIODIC,2025-11-25 23:56:51,2025-11-26 00:00:15,19.3100704,73.3880192,26753,1662,FixOK,A,OaG5CU0303,G133fg5425,"MH SH 79, Pimpalgaon, Maharashtra 421401, India",15337.375,51.73,IgnitionOn,1,74.516,336.69,44,-73
74d9e518-b9c3-4b47-97f6-0c0dff2fc34b-10,EDC_BS6_PERIODIC,2025-11-25 23:56:57,2025-11-25 23:57:41,19.3108288,73.3876352,26754,1662,FixOK,A,OaG5CU0303,G133fg5425,"Nat'l Highway-548A, Pimpalgaon, Maharashtra 421401, India",15337.5,55.73,IgnitionOn,1,72.269,334.35,46,-73
74d9e518-b9c3-4b47-97f6-0c0dff2fc34b-9,EDC_BS6_PERIODIC,2025-11-25 23:57:03,2025-11-25 23:57:41,19.311624,73.3872384,26755,1662,FixOK,A,OaG5CU0303,G133fg5425,"Nat'l Highway-548A, Pimpalgaon, Maharashtra 421401, India",15337.5,58.31,IgnitionOn,1,71.244,334.7,49,-73
74d9e518-b9c3-4b47-97f6-0c0dff2fc34b-8,BRAKE_PRESSED,2025-11-25 23:57:04,2025-11-25 23:57:41,19.3117568,73.3871744,37777,1662,FixOK,,OaG5CU0303,G133fg5425,"Nat'l Highway-548A, Pimpalgaon, Maharashtra 421401, India",0,53.55,IgnitionOn,1,,,,
74d9e518-b9c3-4b47-97f6-0c0dff2fc34b-7,EDC_BS6_PERIODIC,2025-11-25 23:57:09,2025-11-25 23:57:41,19.3123856,73.3869056,26756,1662,FixOK,A,OaG5CU0303,G133fg5425,"Nat'l Highway-548A, Pimpalgaon, Maharashtra 421401, India",15337.625,56.33,IgnitionOn,1,71.115,339.41,49,-73
74d9e518-b9c3-4b47-97f6-0c0dff2fc34b-6,EDC_BS6_PERIODIC,2025-11-25 23:57:15,2025-11-25 23:57:41,19.313024,73.386688,26757,1662,FixOK,A,OaG5CU0303,G133fg5425,"Nat'l Highway-548A, Pimpalgaon, Maharashtra 421401, India",15337.75,45.4,IgnitionOn,1,68.792,342.66,51,-73
74d9e518-b9c3-4b47-97f6-0c0dff2fc34b-5,BRAKE_PRESSED,2025-11-25 23:57:21,2025-11-25 23:57:41,19.3136096,73.386432,37778,1662,FixOK,,OaG5CU0303,G133fg5425,"Nat'l Highway-548A, Pimpalgaon, Maharashtra 421401, India",0,45.44,IgnitionOn,1,,,,
74d9e518-b9c3-4b47-97f6-0c0dff2fc34b-4,EDC_BS6_PERIODIC,2025-11-25 23:57:21,2025-11-25 23:57:41,19.3136096,73.386432,26758,1662,FixOK,A,OaG5CU0303,G133fg5425,"Nat'l Highway-548A, Pimpalgaon, Maharashtra 421401, India",15337.75,42.62,IgnitionOn,1,66.016,336.88,51,-73
74d9e518-b9c3-4b47-97f6-0c0dff2fc34b-3,EDC_BS6_PERIODIC,2025-11-25 23:57:27,2025-11-25 23:57:41,19.3141088,73.3859584,26759,1662,FixOK,A,OaG5CU0303,G133fg5425,"Nat'l Highway-548A, Pimpalgaon, Maharashtra 421401, India",15337.875,45.38,IgnitionOn,1,62.965,319.32,52,-73
74d9e518-b9c3-4b47-97f6-0c0dff2fc34b-2,EDC_BS6_PERIODIC,2025-11-25 23:57:33,2025-11-25 23:57:41,19.3144224,73.3852096,26760,1662,FixOK,A,OaG5CU0303,G133fg5425,"Nat'l Highway-548A, Pimpalgaon, Maharashtra 421401, India",15338,51.34,IgnitionOn,1,59.48,294.19,52,-73
74d9e518-b9c3-4b47-97f6-0c0dff2fc34b-1,BRAKE_PRESSED,2025-11-25 23:57:34,2025-11-25 23:57:41,19.31448,73.385056,37779,1662,FixOK,,OaG5CU0303,G133fg5425,"Nat'l Highway-548A, Pimpalgaon, Maharashtra 421401, India",0,56.3,IgnitionOn,1,,,,
35420d78-ad4c-4a9b-861b-fdb7470e331f-2,EDC_BS6_PERIODIC,2025-11-25 23:57:39,2025-11-26 00:00:15,19.3149312,73.3845184,26761,1662,FixOK,A,OaG5CU0303,G133fg5425,"MH SH 79, Pimpalgaon, Maharashtra 421401, India",15338.125,56.05,IgnitionOn,1,57.339,330.14,48,-73
35420d78-ad4c-4a9b-861b-fdb7470e331f-1,EDC_BS6_PERIODIC,2025-11-25 23:57:45,2025-11-26 00:00:15,19.315704,73.3843072,26762,1662,FixOK,A,OaG5CU0303,G133fg5425,"MH SH 79, Pimpalgaon, Maharashtra 421401, India",15338.125,55.16,IgnitionOn,1,56.941,350.76,48,-73
d37258d5-20e0-4a39-b885-e7600a1ff82c-10,EDC_BS6_PERIODIC,2025-11-25 23:57:51,2025-11-25 23:58:42,19.316504,73.3841408,26763,1662,FixOK,A,OaG5CU0303,G133fg5425,"MH SH 79, Murbad, Maharashtra 421401, India",15338.25,53.98,IgnitionOn,1,53.68,349,47,-73
d37258d5-20e0-4a39-b885-e7600a1ff82c-9,BRAKE_PRESSED,2025-11-25 23:57:56,2025-11-25 23:58:42,19.317224,73.3839872,37780,1662,FixOK,,OaG5CU0303,G133fg5425,"MH SH 79, Murbad, Maharashtra 421401, India",0,57.22,IgnitionOn,1,,,,
d37258d5-20e0-4a39-b885-e7600a1ff82c-8,EDC_BS6_PERIODIC,2025-11-25 23:57:57,2025-11-25 23:58:42,19.3173744,73.3839488,26764,1662,FixOK,A,OaG5CU0303,G133fg5425,"MH SH 79, Murbad, Maharashtra 421401, India",15338.375,59.26,IgnitionOn,1,48.917,347.73,45,-73
d37258d5-20e0-4a39-b885-e7600a1ff82c-7,BRAKE_PRESSED,2025-11-25 23:58:02,2025-11-25 23:58:42,19.3180448,73.3838016,37781,1662,FixOK,,OaG5CU0303,G133fg5425,"MH SH 79, Murbad, Maharashtra 421401, India",0,43.86,IgnitionOn,1,,,,
d37258d5-20e0-4a39-b885-e7600a1ff82c-6,EDC_BS6_PERIODIC,2025-11-25 23:58:03,2025-11-25 23:58:42,19.3181568,73.383776,26765,1662,FixOK,A,OaG5CU0303,G133fg5425,"MH SH 79, Murbad, Maharashtra 421401, India",15338.5,54.21,IgnitionOn,1,47.567,346.45,44,-73
d37258d5-20e0-4a39-b885-e7600a1ff82c-5,EDC_BS6_PERIODIC,2025-11-25 23:58:09,2025-11-25 23:58:42,19.318808,73.3836224,26766,1662,FixOK,A,OaG5CU0303,G133fg5425,"MH SH 79, Murbad, Maharashtra 421401, India",15338.5,42.92,IgnitionOn,1,48.95,349.01,45,-73
d37258d5-20e0-4a39-b885-e7600a1ff82c-4,EDC_BS6_PERIODIC,2025-11-25 23:58:15,2025-11-25 23:58:42,19.3194784,73.3834816,26767,1662,FixOK,A,OaG5CU0303,G133fg5425,"MH SH 79, Murbad, Maharashtra 421401, India",15338.625,45.04,IgnitionOn,1,48.801,349.23,45,-73
d37258d5-20e0-4a39-b885-e7600a1ff82c-3,EDC_BS6_PERIODIC,2025-11-25 23:58:21,2025-11-25 23:58:42,19.320032,73.3834368,26768,1662,FixOK,A,OaG5CU0303,G133fg5425,"MH SH 79, Murbad, Maharashtra 421401, India",15338.75,46.14,IgnitionOn,1,48.546,356.64,52,-73
d37258d5-20e0-4a39-b885-e7600a1ff82c-2,EDC_BS6_PERIODIC,2025-11-25 23:58:27,2025-11-25 23:58:42,19.3206416,73.3835584,26769,1662,FixOK,A,OaG5CU0303,G133fg5425,"MH SH 79, Murbad, Maharashtra 421401, India",15338.75,42.05,IgnitionOn,1,50.361,10.27,48,-73
d37258d5-20e0-4a39-b885-e7600a1ff82c-1,EDC_BS6_PERIODIC,2025-11-25 23:58:33,2025-11-25 23:58:42,19.3211344,73.3837952,26770,1662,FixOK,A,OaG5CU0303,G133fg5425,"MH SH 79, Murbad, Maharashtra 421401, India",15338.875,35.02,IgnitionOn,1,53.824,21.7,49,-73
f052467a-abfa-408e-8ab4-a4bb6137261a-12,CLUTCH_RIDING_START,2025-11-25 23:58:36,2025-11-26 00:07:28,19.3213504,73.3839104,37782,1662,FixOK,,OaG5CU0303,G133fg5425,"994C+9W Thile, Maharashtra, India",0,30.2,IgnitionOn,1,,,,
f052467a-abfa-408e-8ab4-a4bb6137261a-11,EDC_BS6_PERIODIC,2025-11-25 23:58:39,2025-11-26 00:07:28,19.321552,73.384032,26771,1662,FixOK,A,OaG5CU0303,G133fg5425,"994C+9W Thile, Maharashtra, India",15338.875,31.49,IgnitionOn,1,57.48,29.7,51,-73
e389688d-369f-4327-8722-2d48c064730e-10,CLUTCH_RIDING_END,2025-11-25 23:58:43,2025-11-25 23:59:43,19.3218112,73.3841856,37783,1662,FixOK,,OaG5CU0303,G133fg5425,"MH SH 79, Pimpalgaon, Maharashtra 421401, India",0,28.61,IgnitionOn,1,,,,
e389688d-369f-4327-8722-2d48c064730e-9,EDC_BS6_PERIODIC,2025-11-25 23:58:45,2025-11-25 23:59:43,19.3219376,73.384256,26772,1662,FixOK,A,OaG5CU0303,G133fg5425,"MH SH 79, Pimpalgaon, Maharashtra 421401, India",15339,28.15,IgnitionOn,1,60.603,26.84,52,-73
e389688d-369f-4327-8722-2d48c064730e-8,EDC_BS6_PERIODIC,2025-11-25 23:58:51,2025-11-25 23:59:43,19.3223328,73.3844416,26773,1662,FixOK,A,OaG5CU0303,G133fg5425,"MH SH 79, Pimpalgaon, Maharashtra 421401, India",15339,28.8,IgnitionOn,1,63.676,23.62,52,-73
e389688d-369f-4327-8722-2d48c064730e-7,EDC_BS6_PERIODIC,2025-11-25 23:58:57,2025-11-25 23:59:43,19.3227168,73.3846144,26774,1662,FixOK,A,OaG5CU0303,G133fg5425,"MH SH 79, Pimpalgaon, Maharashtra 421401, India",15339,28.04,IgnitionOn,1,65.418,24.21,53,-73
e389688d-369f-4327-8722-2d48c064730e-6,EDC_BS6_PERIODIC,2025-11-25 23:59:03,2025-11-25 23:59:43,19.323088,73.3847808,26775,1662,FixOK,A,OaG5CU0303,G133fg5425,"MH SH 79, Pimpalgaon, Maharashtra 421401, India",15339.125,26.88,IgnitionOn,1,68.002,22.54,52,-73
e389688d-369f-4327-8722-2d48c064730e-5,EDC_BS6_PERIODIC,2025-11-25 23:59:09,2025-11-25 23:59:43,19.3234528,73.3849536,26776,1662,FixOK,A,OaG5CU0303,G133fg5425,"MH SH 79, Pimpalgaon, Maharashtra 421401, India",15339.125,26.85,IgnitionOn,1,69.504,22.32,53,-73
e389688d-369f-4327-8722-2d48c064730e-4,EDC_BS6_PERIODIC,2025-11-25 23:59:15,2025-11-25 23:59:43,19.3238208,73.38512,26777,1662,FixOK,A,OaG5CU0303,G133fg5425,"MH SH 79, Pimpalgaon, Maharashtra 421401, India",15339.125,26.72,IgnitionOn,1,71.466,24.26,53,-73
e389688d-369f-4327-8722-2d48c064730e-3,EDC_BS6_PERIODIC,2025-11-25 23:59:21,2025-11-25 23:59:43,19.3241824,73.3852864,26778,1662,FixOK,A,OaG5CU0303,G133fg5425,"MH SH 79, Pimpalgaon, Maharashtra 421401, India",15339.25,24.58,IgnitionOn,1,72.818,23.18,53,-73
e389688d-369f-4327-8722-2d48c064730e-2,EDC_BS6_PERIODIC,2025-11-25 23:59:27,2025-11-25 23:59:43,19.3245344,73.3854464,26779,1662,FixOK,A,OaG5CU0303,G133fg5425,"MH SH 79, Pimpalgaon, Maharashtra 421401, India",15339.25,26.02,IgnitionOn,1,74.105,23.34,53,-73
e389688d-369f-4327-8722-2d48c064730e-1,EDC_BS6_PERIODIC,2025-11-25 23:59:33,2025-11-25 23:59:43,19.3248864,73.3856128,26780,1662,FixOK,A,OaG5CU0303,G133fg5425,"MH SH 79, Pimpalgaon, Maharashtra 421401, India",15339.375,25.88,IgnitionOn,1,74.882,24.13,53,-73
e8379548-2e66-4687-91e4-28c1ef094740-10,EDC_BS6_PERIODIC,2025-11-25 23:59:39,2025-11-26 00:00:44,19.3252352,73.3857856,26781,1662,FixOK,A,OaG5CU0303,G133fg5425,"89CM+4F, Kalgaon, Maharashtra 421601, India",15339.375,25.7,IgnitionOn,1,76.385,25.36,52,-73
e8379548-2e66-4687-91e4-28c1ef094740-9,EDC_BS6_PERIODIC,2025-11-25 23:59:45,2025-11-26 00:00:44,19.3255808,73.3859456,26782,1662,FixOK,A,OaG5CU0303,G133fg5425,"89CM+4F, Kalgaon, Maharashtra 421601, India",15339.375,25.64,IgnitionOn,1,77.707,23.7,53,-73
e8379548-2e66-4687-91e4-28c1ef094740-8,EDC_BS6_PERIODIC,2025-11-25 23:59:51,2025-11-26 00:00:44,19.325928,73.386112,26783,1662,FixOK,A,OaG5CU0303,G133fg5425,"89CM+4F, Kalgaon, Maharashtra 421601, India",15339.5,25.41,IgnitionOn,1,79.632,21.29,53,-73
e8379548-2e66-4687-91e4-28c1ef094740-7,EDC_BS6_PERIODIC,2025-11-25 23:59:57,2025-11-26 00:00:44,19.3262304,73.386208,26784,1662,FixOK,A,OaG5CU0303,G133fg5425,"89CM+4F, Kalgaon, Maharashtra 421601, India",15339.5,25.57,IgnitionOn,1,81.01,17.04,51,-73
